Starting MetaGPT incremental repair mode.
2026-07-25 17:14:50.001 | INFO     | metagpt.const:get_metagpt_root:25 - PROJECT_ROOT set from environment variable to /home/aludy/scires/Cloud_Spec_Exp/external/baselines/MetaGPT
2026-07-25 17:14:50.002 | INFO     | metagpt.const:get_metagpt_package_root:15 - Package root set to /home/aludy/scires/Cloud_Spec_Exp/external/baselines/MetaGPT
/home/aludy/miniconda3/envs/metagpt/lib/python3.10/site-packages/pydantic/main.py:214: UserWarning: A custom validator is returning a value other than `self`.
Returning anything other than `self` from a top level model validator isn't supported when validating via `__init__`.
See the `model_validator` docs (https://docs.pydantic.dev/latest/concepts/validators/#model-validators) for more details.
  warnings.warn(
2026-07-25 17:14:52.626 | INFO     | metagpt.team:invest:96 - Investment: $3.0.
2026-07-25 17:15:10.628 | INFO     | metagpt.roles.di.role_zero:_act:292 - Commands: 
[{'command_name': 'Plan.append_task', 'args': {'task_id': '1', 'dependent_task_ids': [], 'instruction': "Fix OCI runtime bug 'each youki exec adds more proc mounts to the filesystem' (youki-3431).\n\nWritable target repository (only location for source changes):\n/home/aludy/scires/Cloud_Spec_Exp/external/worktrees/oci-metagpt-agentless-mini-rerun/metagpt/youki-3431\n\nRequired first command:\ncd /home/aludy/scires/Cloud_Spec_Exp/external/worktrees/oci-metagpt-agentless-mini-rerun/metagpt/youki-3431 && git rev-parse HEAD && git status --short\n\nReproduction bundle (read-only):\n/home/aludy/scires/Cloud_Spec_Exp/external/oci-differential-dataset/cases/youki-3431\n\nRootfs tar:\n/home/aludy/scires/Cloud_Spec_Exp/external/oci-differential-dataset/alpine-base.tar.gz\n\nBuild command:\ncargo build --release\n\nCandidate runtime path after build:\ntarget/release/youki\n\nBug details:\n- The number of proc mounts should remain stable across repeated exec calls. Growth indicates the bug.\n- Check the repro.sh script and buggy_config.json in the reproduction bundle.\n- The buggy version is youki 0.5.7 (commit 0.5.7-bd54457ba9de1629f21fe678687f433aec63e7c7).\n- Inspect the source code, find where proc mounts are added during exec, ensure they are not duplicated on each exec call.\n- After fixing, build with 'cargo build --release' and test with the reproduction case.\n- Collect git diff of changes made.\n\nDo not edit the dataset, generated worktree metadata, or oracle scripts. Use absolute paths.", 'assignee': 'Alex'}}, {'command_name': 'TeamLeader.publish_message', 'args': {'content': "Fix OCI runtime bug 'each youki exec adds more proc mounts to the filesystem' (youki-3431).\n\nWritable target repository (only location for source changes):\n/home/aludy/scires/Cloud_Spec_Exp/external/worktrees/oci-metagpt-agentless-mini-rerun/metagpt/youki-3431\n\nRequired first command:\ncd /home/aludy/scires/Cloud_Spec_Exp/external/worktrees/oci-metagpt-agentless-mini-rerun/metagpt/youki-3431 && git rev-parse HEAD && git status --short\n\nReproduction bundle (read-only):\n/home/aludy/scires/Cloud_Spec_Exp/external/oci-differential-dataset/cases/youki-3431\n\nRootfs tar:\n/home/aludy/scires/Cloud_Spec_Exp/external/oci-differential-dataset/alpine-base.tar.gz\n\nBuild command:\ncargo build --release\n\nCandidate runtime path after build:\ntarget/release/youki\n\nBug details:\n- The number of proc mounts should remain stable across repeated exec calls. Growth indicates the bug.\n- Check the repro.sh script and buggy_config.json in the reproduction bundle.\n- The buggy version is youki 0.5.7 (commit 0.5.7-bd54457ba9de1629f21fe678687f433aec63e7c7).\n- Inspect the source code, find where proc mounts are added during exec, ensure they are not duplicated on each exec call.\n- After fixing, build with 'cargo build --release' and test with the reproduction case.\n- Collect git diff of changes made.\n\nDo not edit the dataset, generated worktree metadata, or oracle scripts. Use absolute paths.", 'send_to': 'Alex'}}, {'command_name': 'RoleZero.reply_to_human', 'args': {'content': 'I have assigned the bug fix task to Alex (Engineer). He will inspect the youki source code in the writable target repository, identify the root cause of the proc mount accumulation issue, implement a fix, build the runtime with `cargo build --release`, and validate using the reproduction case provided. All necessary paths and instructions have been shared with him.'}}, {'command_name': 'end'}]
2026-07-25 17:15:10.629 | INFO     | metagpt.roles.di.role_zero:_act:294 - Commands outputs: 
Command Plan.append_task executed

Command TeamLeader.publish_message executed

Command RoleZero.reply_to_human executed: SUCCESS, human has received your reply. Refrain from resending duplicate messages.  If you no longer need to take action, use the command ‘end’ to stop.

Command end executed:
2026-07-25 17:15:10.632 | INFO     | metagpt.tools.libs.terminal:_check_state:65 - The terminal is at:
2026-07-25 17:15:16.211 | INFO     | metagpt.roles.di.role_zero:_act:292 - Commands: 
[{'command_name': 'Terminal.run_command', 'args': {'cmd': 'cd /home/aludy/scires/Cloud_Spec_Exp/external/worktrees/oci-metagpt-agentless-mini-rerun/metagpt/youki-3431 && git rev-parse HEAD && git status --short'}}, {'command_name': 'Terminal.run_command', 'args': {'cmd': 'ls -la /home/aludy/scires/Cloud_Spec_Exp/external/oci-differential-dataset/cases/youki-3431/'}}, {'command_name': 'Browser.goto', 'args': {'url': 'https://github.com/youki-dev/youki/issues/3431'}}]
2026-07-25 17:15:16.537 | ERROR    | metagpt.roles.di.role_zero:_run_commands:407 - BrowserType.launch: Target page, context or browser has been closed
Browser logs:

<launching> /home/aludy/.cache/ms-playwright/chromium_headless_shell-1228/chrome-headless-shell-linux64/chrome-headless-shell --disable-field-trial-config --disable-background-networking --disable-background-timer-throttling --disable-backgrounding-occluded-windows --disable-back-forward-cache --disable-breakpad --disable-client-side-phishing-detection --disable-component-extensions-with-background-pages --disable-component-update --no-default-browser-check --disable-default-apps --disable-dev-shm-usage --disable-edgeupdater --disable-extensions --disable-features=AvoidUnnecessaryBeforeUnloadCheckSync,BoundaryEventDispatchTracksNodeRemoval,DestroyProfileOnBrowserClose,DialMediaRouteProvider,GlobalMediaControls,HttpsUpgrades,LensOverlay,MediaRouter,PaintHolding,ThirdPartyStoragePartitioning,Translate,AutoDeElevate,RenderDocument,OptimizationHints,msForceBrowserSignIn,msEdgeUpdateLaunchServicesPreferredVersion --enable-features=CDPScreenshotNewSurface --allow-pre-commit-input --disable-hang-monitor --disable-ipc-flooding-protection --disable-popup-blocking --disable-prompt-on-repost --disable-renderer-backgrounding --force-color-profile=srgb --metrics-recording-only --no-first-run --password-store=basic --use-mock-keychain --no-service-autorun --export-tagged-pdf --disable-search-engine-choice-screen --unsafely-disable-devtools-self-xss-warnings --edge-skip-compat-layer-relaunch --disable-infobars --disable-search-engine-choice-screen --disable-sync --enable-unsafe-swiftshader --headless --hide-scrollbars --mute-audio --blink-settings=primaryHoverType=2,availableHoverTypes=2,primaryPointerType=4,availablePointerTypes=4 --no-sandbox --proxy-server=http://127.0.0.1:7890 --proxy-bypass-list=192.168.*;172.31.*;172.30.*;172.2*;172.19.*;172.18.*;172.17.*;172.16.*;10.*;127.*;*.local;localhost;*360buyimg.com;100ime-iat-api.xfyun.cn;*jd.com;*zhimg.com;*zhihu.com --user-data-dir=/tmp/playwright_chromiumdev_profile-oMQ1f9 --remote-debugging-pipe --no-startup-window
<launched> pid=240744
[pid=240744][err] /home/aludy/.cache/ms-playwright/chromium_headless_shell-1228/chrome-headless-shell-linux64/chrome-headless-shell: error while loading shared libraries: libnspr4.so: cannot open shared object file: No such file or directory
Call log:
  - <launching> /home/aludy/.cache/ms-playwright/chromium_headless_shell-1228/chrome-headless-shell-linux64/chrome-headless-shell --disable-field-trial-config --disable-background-networking --disable-background-timer-throttling --disable-backgrounding-occluded-windows --disable-back-forward-cache --disable-breakpad --disable-client-side-phishing-detection --disable-component-extensions-with-background-pages --disable-component-update --no-default-browser-check --disable-default-apps --disable-dev-shm-usage --disable-edgeupdater --disable-extensions --disable-features=AvoidUnnecessaryBeforeUnloadCheckSync,BoundaryEventDispatchTracksNodeRemoval,DestroyProfileOnBrowserClose,DialMediaRouteProvider,GlobalMediaControls,HttpsUpgrades,LensOverlay,MediaRouter,PaintHolding,ThirdPartyStoragePartitioning,Translate,AutoDeElevate,RenderDocument,OptimizationHints,msForceBrowserSignIn,msEdgeUpdateLaunchServicesPreferredVersion --enable-features=CDPScreenshotNewSurface --allow-pre-commit-input --disable-hang-monitor --disable-ipc-flooding-protection --disable-popup-blocking --disable-prompt-on-repost --disable-renderer-backgrounding --force-color-profile=srgb --metrics-recording-only --no-first-run --password-store=basic --use-mock-keychain --no-service-autorun --export-tagged-pdf --disable-search-engine-choice-screen --unsafely-disable-devtools-self-xss-warnings --edge-skip-compat-layer-relaunch --disable-infobars --disable-search-engine-choice-screen --disable-sync --enable-unsafe-swiftshader --headless --hide-scrollbars --mute-audio --blink-settings=primaryHoverType=2,availableHoverTypes=2,primaryPointerType=4,availablePointerTypes=4 --no-sandbox --proxy-server=http://127.0.0.1:7890 --proxy-bypass-list=192.168.*;172.31.*;172.30.*;172.2*;172.19.*;172.18.*;172.17.*;172.16.*;10.*;127.*;*.local;localhost;*360buyimg.com;100ime-iat-api.xfyun.cn;*jd.com;*zhimg.com;*zhihu.com --user-data-dir=/tmp/playwright_chromiumdev_profile-oMQ1f9 --remote-debugging-pipe --no-startup-window
  - <launched> pid=240744
  - [pid=240744][err] /home/aludy/.cache/ms-playwright/chromium_headless_shell-1228/chrome-headless-shell-linux64/chrome-headless-shell: error while loading shared libraries: libnspr4.so: cannot open shared object file: No such file or directory
  - [pid=240744] <gracefully close start>
  - [pid=240744] <kill>
  - [pid=240744] <will force kill>
  - [pid=240744] exception while trying to kill process: Error: kill ESRCH
  - [pid=240744] <process did exit: exitCode=127, signal=null>
  - [pid=240744] starting temporary directories cleanup
  - [pid=240744] finished temporary directories cleanup
  - [pid=240744] <gracefully close end>
Traceback (most recent call last):
  File "/home/aludy/scires/Cloud_Spec_Exp/external/baselines/MetaGPT/metagpt/roles/di/role_zero.py", line 399, in _run_commands
    tool_output = await tool_obj(**cmd["args"])
  File "/home/aludy/scires/Cloud_Spec_Exp/external/baselines/MetaGPT/metagpt/tools/libs/browser.py", line 129, in goto
    await self.start()
  File "/home/aludy/scires/Cloud_Spec_Exp/external/baselines/MetaGPT/metagpt/tools/libs/browser.py", line 86, in start
    browser = self.browser_instance = await playwright.chromium.launch(headless=self.headless, proxy=self.proxy)
  File "/home/aludy/miniconda3/envs/metagpt/lib/python3.10/site-packages/playwright/async_api/_generated.py", line 16546, in launch
    await self._impl_obj.launch(
  File "/home/aludy/miniconda3/envs/metagpt/lib/python3.10/site-packages/playwright/_impl/_browser_type.py", line 97, in launch
    await self._channel.send(
  File "/home/aludy/miniconda3/envs/metagpt/lib/python3.10/site-packages/playwright/_impl/_connection.py", line 69, in send
    return await self._connection.wrap_api_call(
  File "/home/aludy/miniconda3/envs/metagpt/lib/python3.10/site-packages/playwright/_impl/_connection.py", line 563, in wrap_api_call
    raise rewrite_error(error, f"{parsed_st['apiName']}: {error}") from None
playwright._impl._errors.TargetClosedError: BrowserType.launch: Target page, context or browser has been closed
Browser logs:

<launching> /home/aludy/.cache/ms-playwright/chromium_headless_shell-1228/chrome-headless-shell-linux64/chrome-headless-shell --disable-field-trial-config --disable-background-networking --disable-background-timer-throttling --disable-backgrounding-occluded-windows --disable-back-forward-cache --disable-breakpad --disable-client-side-phishing-detection --disable-component-extensions-with-background-pages --disable-component-update --no-default-browser-check --disable-default-apps --disable-dev-shm-usage --disable-edgeupdater --disable-extensions --disable-features=AvoidUnnecessaryBeforeUnloadCheckSync,BoundaryEventDispatchTracksNodeRemoval,DestroyProfileOnBrowserClose,DialMediaRouteProvider,GlobalMediaControls,HttpsUpgrades,LensOverlay,MediaRouter,PaintHolding,ThirdPartyStoragePartitioning,Translate,AutoDeElevate,RenderDocument,OptimizationHints,msForceBrowserSignIn,msEdgeUpdateLaunchServicesPreferredVersion --enable-features=CDPScreenshotNewSurface --allow-pre-commit-input --disable-hang-monitor --disable-ipc-flooding-protection --disable-popup-blocking --disable-prompt-on-repost --disable-renderer-backgrounding --force-color-profile=srgb --metrics-recording-only --no-first-run --password-store=basic --use-mock-keychain --no-service-autorun --export-tagged-pdf --disable-search-engine-choice-screen --unsafely-disable-devtools-self-xss-warnings --edge-skip-compat-layer-relaunch --disable-infobars --disable-search-engine-choice-screen --disable-sync --enable-unsafe-swiftshader --headless --hide-scrollbars --mute-audio --blink-settings=primaryHoverType=2,availableHoverTypes=2,primaryPointerType=4,availablePointerTypes=4 --no-sandbox --proxy-server=http://127.0.0.1:7890 --proxy-bypass-list=192.168.*;172.31.*;172.30.*;172.2*;172.19.*;172.18.*;172.17.*;172.16.*;10.*;127.*;*.local;localhost;*360buyimg.com;100ime-iat-api.xfyun.cn;*jd.com;*zhimg.com;*zhihu.com --user-data-dir=/tmp/playwright_chromiumdev_profile-oMQ1f9 --remote-debugging-pipe --no-startup-window
<launched> pid=240744
[pid=240744][err] /home/aludy/.cache/ms-playwright/chromium_headless_shell-1228/chrome-headless-shell-linux64/chrome-headless-shell: error while loading shared libraries: libnspr4.so: cannot open shared object file: No such file or directory
Call log:
  - <launching> /home/aludy/.cache/ms-playwright/chromium_headless_shell-1228/chrome-headless-shell-linux64/chrome-headless-shell --disable-field-trial-config --disable-background-networking --disable-background-timer-throttling --disable-backgrounding-occluded-windows --disable-back-forward-cache --disable-breakpad --disable-client-side-phishing-detection --disable-component-extensions-with-background-pages --disable-component-update --no-default-browser-check --disable-default-apps --disable-dev-shm-usage --disable-edgeupdater --disable-extensions --disable-features=AvoidUnnecessaryBeforeUnloadCheckSync,BoundaryEventDispatchTracksNodeRemoval,DestroyProfileOnBrowserClose,DialMediaRouteProvider,GlobalMediaControls,HttpsUpgrades,LensOverlay,MediaRouter,PaintHolding,ThirdPartyStoragePartitioning,Translate,AutoDeElevate,RenderDocument,OptimizationHints,msForceBrowserSignIn,msEdgeUpdateLaunchServicesPreferredVersion --enable-features=CDPScreenshotNewSurface --allow-pre-commit-input --disable-hang-monitor --disable-ipc-flooding-protection --disable-popup-blocking --disable-prompt-on-repost --disable-renderer-backgrounding --force-color-profile=srgb --metrics-recording-only --no-first-run --password-store=basic --use-mock-keychain --no-service-autorun --export-tagged-pdf --disable-search-engine-choice-screen --unsafely-disable-devtools-self-xss-warnings --edge-skip-compat-layer-relaunch --disable-infobars --disable-search-engine-choice-screen --disable-sync --enable-unsafe-swiftshader --headless --hide-scrollbars --mute-audio --blink-settings=primaryHoverType=2,availableHoverTypes=2,primaryPointerType=4,availablePointerTypes=4 --no-sandbox --proxy-server=http://127.0.0.1:7890 --proxy-bypass-list=192.168.*;172.31.*;172.30.*;172.2*;172.19.*;172.18.*;172.17.*;172.16.*;10.*;127.*;*.local;localhost;*360buyimg.com;100ime-iat-api.xfyun.cn;*jd.com;*zhimg.com;*zhihu.com --user-data-dir=/tmp/playwright_chromiumdev_profile-oMQ1f9 --remote-debugging-pipe --no-startup-window
  - <launched> pid=240744
  - [pid=240744][err] /home/aludy/.cache/ms-playwright/chromium_headless_shell-1228/chrome-headless-shell-linux64/chrome-headless-shell: error while loading shared libraries: libnspr4.so: cannot open shared object file: No such file or directory
  - [pid=240744] <gracefully close start>
  - [pid=240744] <kill>
  - [pid=240744] <will force kill>
  - [pid=240744] exception while trying to kill process: Error: kill ESRCH
  - [pid=240744] <process did exit: exitCode=127, signal=null>
  - [pid=240744] starting temporary directories cleanup
  - [pid=240744] finished temporary directories cleanup
  - [pid=240744] <gracefully close end>


Traceback (most recent call last):

  File "/home/aludy/scires/Cloud_Spec_Exp/baselines/metagpt/launch.py", line 307, in <module>
    raise SystemExit(main())
                     └ <function main at 0x72e718ab2ef0>

  File "/home/aludy/scires/Cloud_Spec_Exp/baselines/metagpt/launch.py", line 277, in main
    result = generate_repo(**supported)
             │               └ {'idea': 'Fix OCI runtime bug case youki-3431.\n\nTarget runtime: youki\nTitle: [Bug]: each youki exec adds more proc mounts ...
             └ <function generate_repo at 0x72e6600e5cf0>

  File "/home/aludy/scires/Cloud_Spec_Exp/external/baselines/MetaGPT/metagpt/software_company.py", line 72, in generate_repo
    asyncio.run(company.run(n_round=n_round, idea=idea))
    │       │   │       │           │             └ 'Fix OCI runtime bug case youki-3431.\n\nTarget runtime: youki\nTitle: [Bug]: each youki exec adds more proc mounts to the fi...
    │       │   │       │           └ 10
    │       │   │       └ <function serialize_decorator.<locals>.wrapper at 0x72e65606c1f0>
    │       │   └ Team(env=MGXEnv(), investment=3.0, idea='Fix OCI runtime bug case youki-3431.\n\nTarget runtime: youki\nTitle: [Bug]: each yo...
    │       └ <function run at 0x72e7166a9750>
    └ <module 'asyncio' from '/home/aludy/miniconda3/envs/metagpt/lib/python3.10/asyncio/__init__.py'>

  File "/home/aludy/miniconda3/envs/metagpt/lib/python3.10/asyncio/runners.py", line 44, in run
    return loop.run_until_complete(main)
           │    │                  └ <coroutine object serialize_decorator.<locals>.wrapper at 0x72e655d8b610>
           │    └ <function BaseEventLoop.run_until_complete at 0x72e7166ab130>
           └ <_UnixSelectorEventLoop running=True closed=False debug=False>
  File "/home/aludy/miniconda3/envs/metagpt/lib/python3.10/asyncio/base_events.py", line 636, in run_until_complete
    self.run_forever()
    │    └ <function BaseEventLoop.run_forever at 0x72e7166ab0a0>
    └ <_UnixSelectorEventLoop running=True closed=False debug=False>
  File "/home/aludy/miniconda3/envs/metagpt/lib/python3.10/asyncio/base_events.py", line 603, in run_forever
    self._run_once()
    │    └ <function BaseEventLoop._run_once at 0x72e7166acc10>
    └ <_UnixSelectorEventLoop running=True closed=False debug=False>
  File "/home/aludy/miniconda3/envs/metagpt/lib/python3.10/asyncio/base_events.py", line 1909, in _run_once
    handle._run()
    │      └ <function Handle._run at 0x72e71665c280>
    └ <Handle Task.task_wakeup(<Future finished result=None>)>
  File "/home/aludy/miniconda3/envs/metagpt/lib/python3.10/asyncio/events.py", line 80, in _run
    self._context.run(self._callback, *self._args)
    │    │            │    │           │    └ <member '_args' of 'Handle' objects>
    │    │            │    │           └ <Handle Task.task_wakeup(<Future finished result=None>)>
    │    │            │    └ <member '_callback' of 'Handle' objects>
    │    │            └ <Handle Task.task_wakeup(<Future finished result=None>)>
    │    └ <member '_context' of 'Handle' objects>
    └ <Handle Task.task_wakeup(<Future finished result=None>)>

  File "/home/aludy/scires/Cloud_Spec_Exp/external/baselines/MetaGPT/metagpt/utils/common.py", line 692, in wrapper
    return await func(self, *args, **kwargs)
                 │    │      │       └ {}
                 │    │      └ ()
                 │    └ Engineer2(private_context=Context(kwargs=AttrDict(), config=Config(extra_fields=None, project_path='/home/aludy/scires/Cloud_...
                 └ <function Role.run at 0x72e656d265f0>

  File "/home/aludy/scires/Cloud_Spec_Exp/external/baselines/MetaGPT/metagpt/roles/role.py", line 548, in run
    rsp = await self.react()
                │    └ <function Role.react at 0x72e656d264d0>
                └ Engineer2(private_context=Context(kwargs=AttrDict(), config=Config(extra_fields=None, project_path='/home/aludy/scires/Cloud_...

  File "/home/aludy/scires/Cloud_Spec_Exp/external/baselines/MetaGPT/metagpt/roles/role.py", line 515, in react
    rsp = await self._react()
                │    └ <function RoleZero._react at 0x72e6569f5f30>
                └ Engineer2(private_context=Context(kwargs=AttrDict(), config=Config(extra_fields=None, project_path='/home/aludy/scires/Cloud_...

  File "/home/aludy/scires/Cloud_Spec_Exp/external/baselines/MetaGPT/metagpt/roles/di/role_zero.py", line 324, in _react
    rsp = await self._act()
                │    └ <function RoleZero._act at 0x72e6569f5ea0>
                └ Engineer2(private_context=Context(kwargs=AttrDict(), config=Config(extra_fields=None, project_path='/home/aludy/scires/Cloud_...

  File "/home/aludy/scires/Cloud_Spec_Exp/external/baselines/MetaGPT/metagpt/roles/di/role_zero.py", line 293, in _act
    outputs = await self._run_commands(commands)
                    │    │             └ [{'command_name': 'Terminal.run_command', 'args': {'cmd': 'cd /home/aludy/scires/Cloud_Spec_Exp/external/worktrees/oci-metagp...
                    │    └ <function RoleZero._run_commands at 0x72e6569f60e0>
                    └ Engineer2(private_context=Context(kwargs=AttrDict(), config=Config(extra_fields=None, project_path='/home/aludy/scires/Cloud_...

> File "/home/aludy/scires/Cloud_Spec_Exp/external/baselines/MetaGPT/metagpt/roles/di/role_zero.py", line 399, in _run_commands
    tool_output = await tool_obj(**cmd["args"])
                        │          └ {'command_name': 'Browser.goto', 'args': {'url': 'https://github.com/youki-dev/youki/issues/3431'}}
                        └ <bound method Browser.goto of Browser(playwright=<playwright._impl._playwright.Playwright object at 0x72e655375e40>, browser_...

  File "/home/aludy/scires/Cloud_Spec_Exp/external/baselines/MetaGPT/metagpt/tools/libs/browser.py", line 129, in goto
    await self.start()
          │    └ <function Browser.start at 0x72e6617092d0>
          └ Browser(playwright=<playwright._impl._playwright.Playwright object at 0x72e655375e40>, browser_instance=None, browser_ctx=Non...

  File "/home/aludy/scires/Cloud_Spec_Exp/external/baselines/MetaGPT/metagpt/tools/libs/browser.py", line 86, in start
    browser = self.browser_instance = await playwright.chromium.launch(headless=self.headless, proxy=self.proxy)
              │    │                        │          │                        │    │               │    └ {'server': 'http://127.0.0.1:7890', 'bypass': '192.168.*,172.31.*,172.30.*,172.2*,172.19.*,172.18.*,172.17.*,172.16.*,10.*,12...
              │    │                        │          │                        │    │               └ Browser(playwright=<playwright._impl._playwright.Playwright object at 0x72e655375e40>, browser_instance=None, browser_ctx=Non...
              │    │                        │          │                        │    └ True
              │    │                        │          │                        └ Browser(playwright=<playwright._impl._playwright.Playwright object at 0x72e655375e40>, browser_instance=None, browser_ctx=Non...
              │    │                        │          └ <property object at 0x72e6616f4a40>
              │    │                        └ <playwright._impl._playwright.Playwright object at 0x72e655375e40>
              │    └ None
              └ Browser(playwright=<playwright._impl._playwright.Playwright object at 0x72e655375e40>, browser_instance=None, browser_ctx=Non...

  File "/home/aludy/miniconda3/envs/metagpt/lib/python3.10/site-packages/playwright/async_api/_generated.py", line 16546, in launch
    await self._impl_obj.launch(
          │    │         └ <function BrowserType.launch at 0x72e6616b1cf0>
          │    └ <BrowserType name=chromium executable_path=/home/aludy/.cache/ms-playwright/chromium-1228/chrome-linux64/chrome>
          └ <BrowserType name=chromium executable_path=/home/aludy/.cache/ms-playwright/chromium-1228/chrome-linux64/chrome>
  File "/home/aludy/miniconda3/envs/metagpt/lib/python3.10/site-packages/playwright/_impl/_browser_type.py", line 97, in launch
    await self._channel.send(
          │    │        └ <function Channel.send at 0x72e6617d9240>
          │    └ <playwright._impl._connection.Channel object at 0x72e6553a6dd0>
          └ <BrowserType name=chromium executable_path=/home/aludy/.cache/ms-playwright/chromium-1228/chrome-linux64/chrome>
  File "/home/aludy/miniconda3/envs/metagpt/lib/python3.10/site-packages/playwright/_impl/_connection.py", line 69, in send
    return await self._connection.wrap_api_call(
                 │    │           └ <function Connection.wrap_api_call at 0x72e6617db010>
                 │    └ <playwright._impl._connection.Connection object at 0x72e655377cd0>
                 └ <playwright._impl._connection.Channel object at 0x72e6553a6dd0>
  File "/home/aludy/miniconda3/envs/metagpt/lib/python3.10/site-packages/playwright/_impl/_connection.py", line 563, in wrap_api_call
    raise rewrite_error(error, f"{parsed_st['apiName']}: {error}") from None
          └ <function rewrite_error at 0x72e66198b9a0>

playwright._impl._errors.TargetClosedError: BrowserType.launch: Target page, context or browser has been closed
Browser logs:

<launching> /home/aludy/.cache/ms-playwright/chromium_headless_shell-1228/chrome-headless-shell-linux64/chrome-headless-shell --disable-field-trial-config --disable-background-networking --disable-background-timer-throttling --disable-backgrounding-occluded-windows --disable-back-forward-cache --disable-breakpad --disable-client-side-phishing-detection --disable-component-extensions-with-background-pages --disable-component-update --no-default-browser-check --disable-default-apps --disable-dev-shm-usage --disable-edgeupdater --disable-extensions --disable-features=AvoidUnnecessaryBeforeUnloadCheckSync,BoundaryEventDispatchTracksNodeRemoval,DestroyProfileOnBrowserClose,DialMediaRouteProvider,GlobalMediaControls,HttpsUpgrades,LensOverlay,MediaRouter,PaintHolding,ThirdPartyStoragePartitioning,Translate,AutoDeElevate,RenderDocument,OptimizationHints,msForceBrowserSignIn,msEdgeUpdateLaunchServicesPreferredVersion --enable-features=CDPScreenshotNewSurface --allow-pre-commit-input --disable-hang-monitor --disable-ipc-flooding-protection --disable-popup-blocking --disable-prompt-on-repost --disable-renderer-backgrounding --force-color-profile=srgb --metrics-recording-only --no-first-run --password-store=basic --use-mock-keychain --no-service-autorun --export-tagged-pdf --disable-search-engine-choice-screen --unsafely-disable-devtools-self-xss-warnings --edge-skip-compat-layer-relaunch --disable-infobars --disable-search-engine-choice-screen --disable-sync --enable-unsafe-swiftshader --headless --hide-scrollbars --mute-audio --blink-settings=primaryHoverType=2,availableHoverTypes=2,primaryPointerType=4,availablePointerTypes=4 --no-sandbox --proxy-server=http://127.0.0.1:7890 --proxy-bypass-list=192.168.*;172.31.*;172.30.*;172.2*;172.19.*;172.18.*;172.17.*;172.16.*;10.*;127.*;*.local;localhost;*360buyimg.com;100ime-iat-api.xfyun.cn;*jd.com;*zhimg.com;*zhihu.com --user-data-dir=/tmp/playwright_chromiumdev_profile-oMQ1f9 --remote-debugging-pipe --no-startup-window
<launched> pid=240744
[pid=240744][err] /home/aludy/.cache/ms-playwright/chromium_headless_shell-1228/chrome-headless-shell-linux64/chrome-headless-shell: error while loading shared libraries: libnspr4.so: cannot open shared object file: No such file or directory
Call log:
  - <launching> /home/aludy/.cache/ms-playwright/chromium_headless_shell-1228/chrome-headless-shell-linux64/chrome-headless-shell --disable-field-trial-config --disable-background-networking --disable-background-timer-throttling --disable-backgrounding-occluded-windows --disable-back-forward-cache --disable-breakpad --disable-client-side-phishing-detection --disable-component-extensions-with-background-pages --disable-component-update --no-default-browser-check --disable-default-apps --disable-dev-shm-usage --disable-edgeupdater --disable-extensions --disable-features=AvoidUnnecessaryBeforeUnloadCheckSync,BoundaryEventDispatchTracksNodeRemoval,DestroyProfileOnBrowserClose,DialMediaRouteProvider,GlobalMediaControls,HttpsUpgrades,LensOverlay,MediaRouter,PaintHolding,ThirdPartyStoragePartitioning,Translate,AutoDeElevate,RenderDocument,OptimizationHints,msForceBrowserSignIn,msEdgeUpdateLaunchServicesPreferredVersion --enable-features=CDPScreenshotNewSurface --allow-pre-commit-input --disable-hang-monitor --disable-ipc-flooding-protection --disable-popup-blocking --disable-prompt-on-repost --disable-renderer-backgrounding --force-color-profile=srgb --metrics-recording-only --no-first-run --password-store=basic --use-mock-keychain --no-service-autorun --export-tagged-pdf --disable-search-engine-choice-screen --unsafely-disable-devtools-self-xss-warnings --edge-skip-compat-layer-relaunch --disable-infobars --disable-search-engine-choice-screen --disable-sync --enable-unsafe-swiftshader --headless --hide-scrollbars --mute-audio --blink-settings=primaryHoverType=2,availableHoverTypes=2,primaryPointerType=4,availablePointerTypes=4 --no-sandbox --proxy-server=http://127.0.0.1:7890 --proxy-bypass-list=192.168.*;172.31.*;172.30.*;172.2*;172.19.*;172.18.*;172.17.*;172.16.*;10.*;127.*;*.local;localhost;*360buyimg.com;100ime-iat-api.xfyun.cn;*jd.com;*zhimg.com;*zhihu.com --user-data-dir=/tmp/playwright_chromiumdev_profile-oMQ1f9 --remote-debugging-pipe --no-startup-window
  - <launched> pid=240744
  - [pid=240744][err] /home/aludy/.cache/ms-playwright/chromium_headless_shell-1228/chrome-headless-shell-linux64/chrome-headless-shell: error while loading shared libraries: libnspr4.so: cannot open shared object file: No such file or directory
  - [pid=240744] <gracefully close start>
  - [pid=240744] <kill>
  - [pid=240744] <will force kill>
  - [pid=240744] exception while trying to kill process: Error: kill ESRCH
  - [pid=240744] <process did exit: exitCode=127, signal=null>
  - [pid=240744] starting temporary directories cleanup
  - [pid=240744] finished temporary directories cleanup
  - [pid=240744] <gracefully close end>

2026-07-25 17:15:16.587 | INFO     | metagpt.roles.di.role_zero:_act:294 - Commands outputs: 
Command Terminal.run_command executed:
[command]: cd /home/aludy/scires/Cloud_Spec_Exp/external/worktrees/oci-metagpt-agentless-mini-rerun/metagpt/youki-3431 && git rev-parse HEAD && git status --short 
[command output] : 9e53e120134707901d3236cf56b244c1a3bef613


Command Terminal.run_command executed:
[command]: ls -la /home/aludy/scires/Cloud_Spec_Exp/external/oci-differential-dataset/cases/youki-3431/ 
[command output] : total 28
drwxrwxr-x  2 aludy aludy 4096 Jul 24 21:22 .
drwxrwxr-x 33 aludy aludy 4096 Jun 26 22:07 ..
-rw-r--r--  1 aludy aludy 2221 Jul 24 21:22 README.md
-rw-rw-r--  1 aludy aludy 3025 Jun 26 22:07 base_config.json
-rw-rw-r--  1 aludy aludy 3948 Jun 26 22:07 buggy_config.json
-rw-rw-r--  1 aludy aludy  813 Jun 26 22:07 expected_diff.txt
-rw-rw-r--  1 aludy aludy  848 Jun 26 22:07 repro.sh


Command Browser.goto executed: Traceback (most recent call last):
  File "/home/aludy/scires/Cloud_Spec_Exp/external/baselines/MetaGPT/metagpt/roles/di/role_zero.py", line 399, in _run_commands
    tool_output = await tool_obj(**cmd["args"])
  File "/home/aludy/scires/Cloud_Spec_Exp/external/baselines/MetaGPT/metagpt/tools/libs/browser.py", line 129, in goto
    await self.start()
  File "/home/aludy/scires/Cloud_Spec_Exp/external/baselines/MetaGPT/metagpt/tools/libs/browser.py", line 86, in start
    browser = self.browser_instance = await playwright.chromium.launch(headless=self.headless, proxy=self.proxy)
  File "/home/aludy/miniconda3/envs/metagpt/lib/python3.10/site-packages/playwright/async_api/_generated.py", line 16546, in launch
    await self._impl_obj.launch(
  File "/home/aludy/miniconda3/envs/metagpt/lib/python3.10/site-packages/playwright/_impl/_browser_type.py", line 97, in launch
    await self._channel.send(
  File "/home/aludy/miniconda3/envs/metagpt/lib/python3.10/site-packages/playwright/_impl/_connection.py", line 69, in send
    return await self._connection.wrap_api_call(
  File "/home/aludy/miniconda3/envs/metagpt/lib/python3.10/site-packages/playwright/_impl/_connection.py", line 563, in wrap_api_call
    raise rewrite_error(error, f"{parsed_st['apiName']}: {error}") from None
playwright._impl._errors.TargetClosedError: BrowserType.launch: Target page, context or browser has been closed
Browser logs:

<launching> /home/aludy/.cache/ms-playwright/chromium_headless_shell-1228/chrome-headless-shell-linux64/chrome-headless-shell --disable-field-trial-config --disable-background-networking --disable-background-timer-throttling --disable-backgrounding-occluded-windows --disable-back-forward-cache --disable-breakpad --disable-client-side-phishing-detection --disable-component-extensions-with-background-pages --disable-component-update --no-default-browser-check --disable-default-apps --disable-dev-shm-usage --disable-edgeupdater --disable-extensions --disable-features=AvoidUnnecessaryBeforeUnloadCheckSync,BoundaryEventDispatchTracksNodeRemoval,DestroyProfileOnBrowserClose,DialMediaRouteProvider,GlobalMediaControls,HttpsUpgrades,LensOverlay,MediaRouter,PaintHolding,ThirdPartyStoragePartitioning,Translate,AutoDeElevate,RenderDocument,OptimizationHints,msForceBrowserSignIn,msEdgeUpdateLaunchServicesPreferredVersion --enable-features=CDPScreenshotNewSurface --allow-pre-commit-input --disable-hang-monitor --disable-ipc-flooding-protection --disable-popup-blocking --disable-prompt-on-repost --disable-renderer-backgrounding --force-color-profile=srgb --metrics-recording-only --no-first-run --password-store=basic --use-mock-keychain --no-service-autorun --export-tagged-pdf --disable-search-engine-choice-screen --unsafely-disable-devtools-self-xss-warnings --edge-skip-compat-layer-relaunch --disable-infobars --disable-search-engine-choice-screen --disable-sync --enable-unsafe-swiftshader --headless --hide-scrollbars --mute-audio --blink-settings=primaryHoverType=2,availableHoverTypes=2,primaryPointerType=4,availablePointerTypes=4 --no-sandbox --proxy-server=http://127.0.0.1:7890 --proxy-bypass-list=192.168.*;172.31.*;172.30.*;172.2*;172.19.*;172.18.*;172.17.*;172.16.*;10.*;127.*;*.local;localhost;*360buyimg.com;100ime-iat-api.xfyun.cn;*jd.com;*zhimg.com;*zhihu.com --user-data-dir=/tmp/playwright_chromiumdev_profile-oMQ1f9 --remote-debugging-pipe --no-startup-window
<launched> pid=240744
[pid=240744][err] /home/aludy/.cache/ms-playwright/chromium_headless_shell-1228/chrome-headless-shell-linux64/chrome-headless-shell: error while loading shared libraries: libnspr4.so: cannot open shared object file: No such file or directory
Call log:
  - <launching> /home/aludy/.cache/ms-playwright/chromium_headless_shell-1228/chrome-headless-shell-linux64/chrome-headless-shell --disable-field-trial-config --disable-background-networking --disable-background-timer-throttling --disable-backgrounding-occluded-windows --disable-back-forward-cache --disable-breakpad --disable-client-side-phishing-detection --disable-component-extensions-with-background-pages --disable-component-update --no-default-browser-check --disable-default-apps --disable-dev-shm-usage --disable-edgeupdater --disable-extensions --disable-features=AvoidUnnecessaryBeforeUnloadCheckSync,BoundaryEventDispatchTracksNodeRemoval,DestroyProfileOnBrowserClose,DialMediaRouteProvider,GlobalMediaControls,HttpsUpgrades,LensOverlay,MediaRouter,PaintHolding,ThirdPartyStoragePartitioning,Translate,AutoDeElevate,RenderDocument,OptimizationHints,msForceBrowserSignIn,msEdgeUpdateLaunchServicesPreferredVersion --enable-features=CDPScreenshotNewSurface --allow-pre-commit-input --disable-hang-monitor --disable-ipc-flooding-protection --disable-popup-blocking --disable-prompt-on-repost --disable-renderer-backgrounding --force-color-profile=srgb --metrics-recording-only --no-first-run --password-store=basic --use-mock-keychain --no-service-autorun --export-tagged-pdf --disable-search-engine-choice-screen --unsafely-disable-devtools-self-xss-warnings --edge-skip-compat-layer-relaunch --disable-infobars --disable-search-engine-choice-screen --disable-sync --enable-unsafe-swiftshader --headless --hide-scrollbars --mute-audio --blink-settings=primaryHoverType=2,availableHoverTypes=2,primaryPointerType=4,availablePointerTypes=4 --no-sandbox --proxy-server=http://127.0.0.1:7890 --proxy-bypass-list=192.168.*;172.31.*;172.30.*;172.2*;172.19.*;172.18.*;172.17.*;172.16.*;10.*;127.*;*.local;localhost;*360buyimg.com;100ime-iat-api.xfyun.cn;*jd.com;*zhimg.com;*zhihu.com --user-data-dir=/tmp/playwright_chromiumdev_profile-oMQ1f9 --remote-debugging-pipe --no-startup-window
  - <launched> pid=240744
  - [pid=240744][err] /home/aludy/.cache/ms-playwright/chromium_headless_shell-1228/chrome-headless-shell-linux64/chrome-headless-shell: error while loading shared libraries: libnspr4.so: cannot open shared object file: No such file or directory
  - [pid=240744] <gracefully close start>
  - [pid=240744] <kill>
  - [pid=240744] <will force kill>
  - [pid=240744] exception while trying to kill process: Error: kill ESRCH
  - [pid=240744] <process did exit: exitCode=127, signal=null>
  - [pid=240744] starting temporary directories cleanup
  - [pid=240744] finished temporary directories cleanup
  - [pid=240744] <gracefully close end>


2026-07-25 17:15:19.219 | INFO     | metagpt.roles.di.role_zero:_act:292 - Commands: 
[{'command_name': 'Editor.read', 'args': {'path': '/home/aludy/scires/Cloud_Spec_Exp/external/oci-differential-dataset/cases/youki-3431/repro.sh'}}, {'command_name': 'Editor.read', 'args': {'path': '/home/aludy/scires/Cloud_Spec_Exp/external/oci-differential-dataset/cases/youki-3431/buggy_config.json'}}, {'command_name': 'Editor.read', 'args': {'path': '/home/aludy/scires/Cloud_Spec_Exp/external/oci-differential-dataset/cases/youki-3431/expected_diff.txt'}}]
2026-07-25 17:15:19.541 | INFO     | metagpt.roles.di.role_zero:_act:294 - Commands outputs: 
Command Editor.read executed: file_path='/home/aludy/scires/Cloud_Spec_Exp/external/oci-differential-dataset/cases/youki-3431/repro.sh' block_content='001|#!/usr/bin/env bash\n002|set -euo pipefail\n003|\n004|case_dir="$(cd "$(dirname "${BASH_SOURCE[0]}")" && pwd)"\n005|config_file="${CONFIG:-$case_dir/buggy_config.json}"\n006|runtime="${RUNTIME:-runc}"\n007|rootfs_tar="${ROOTFS_TAR:-$case_dir/../../alpine-base.tar.gz}"\n008|bundle="${BUNDLE:-$(mktemp -d)}"\n009|container_id="${CONTAINER_ID:-youki-3431-$RANDOM}"\n010|\n011|cleanup() {\n012|  sudo -n "$runtime" delete -f "$container_id" >/dev/null 2>&1 || true\n013|  sudo -n rm -rf "$bundle" >/dev/null 2>&1 || true\n014|}\n015|trap cleanup EXIT\n016|\n017|mkdir -p "$bundle/rootfs"\n018|if [[ ! -f "$rootfs_tar" ]]; then\n019|  echo "missing rootfs tar: $rootfs_tar" >&2\n020|  echo "set ROOTFS_TAR=/path/to/alpine-base.tar.gz or place alpine-base.tar.gz at the repository root" >&2\n021|  exit 2\n022|fi\n023|\n024|sudo -n tar -xzf "$rootfs_tar" -C "$bundle/rootfs"\n025|cp "$config_file" "$bundle/config.json"\n026|\n027|sudo -n "$runtime" run -b "$bundle" "$container_id"\n'

Command Editor.read executed: file_path='/home/aludy/scires/Cloud_Spec_Exp/external/oci-differential-dataset/cases/youki-3431/buggy_config.json' block_content='001|{\n002|    "ociVersion": "1.3.0",\n003|    "process": {\n004|        "terminal": false,\n005|        "user": {\n006|            "uid": 0,\n007|            "gid": 0\n008|        },\n009|        "args": ["sleep", "100"],\n010|        "env": [\n011|            "PATH=/usr/local/sbin:/usr/local/bin:/usr/sbin:/usr/bin:/sbin:/bin",\n012|            "TERM=xterm"\n013|        ],\n014|        "cwd": "/",\n015|        "capabilities": {\n016|            "bounding": [\n017|                "CAP_AUDIT_WRITE",\n018|                "CAP_KILL",\n019|                "CAP_NET_BIND_SERVICE"\n020|            ],\n021|            "effective": [\n022|                "CAP_AUDIT_WRITE",\n023|                "CAP_KILL",\n024|                "CAP_NET_BIND_SERVICE"\n025|            ],\n026|            "permitted": [\n027|                "CAP_AUDIT_WRITE",\n028|                "CAP_KILL",\n029|                "CAP_NET_BIND_SERVICE"\n030|            ]\n031|        },\n032|        "rlimits": [\n033|            {\n034|                "type": "RLIMIT_NOFILE",\n035|                "hard": 1024,\n036|                "soft": 1024\n037|            }\n038|        ],\n039|        "noNewPrivileges": true\n040|    },\n041|    "root": {\n042|        "path": "rootfs",\n043|        "readonly": true\n044|    },\n045|    "hostname": "runc",\n046|    "mounts": [\n047|        {\n048|            "destination": "/proc",\n049|            "type": "proc",\n050|            "source": "proc"\n051|        },\n052|        {\n053|            "destination": "/dev",\n054|            "type": "tmpfs",\n055|            "source": "tmpfs",\n056|            "options": [\n057|                "nosuid",\n058|                "strictatime",\n059|                "mode=755",\n060|                "size=65536k"\n061|            ]\n062|        },\n063|        {\n064|            "destination": "/dev/pts",\n065|            "type": "devpts",\n066|            "source": "devpts",\n067|            "options": [\n068|                "nosuid",\n069|                "noexec",\n070|                "newinstance",\n071|                "ptmxmode=0666",\n072|                "mode=0620",\n073|                "gid=5"\n074|            ]\n075|        },\n076|        {\n077|            "destination": "/dev/shm",\n078|            "type": "tmpfs",\n079|            "source": "shm",\n080|            "options": [\n081|                "nosuid",\n082|                "noexec",\n083|                "nodev",\n084|                "mode=1777",\n085|                "size=65536k"\n086|            ]\n087|        },\n088|        {\n089|            "destination": "/dev/mqueue",\n090|            "type": "mqueue",\n091|            "source": "mqueue",\n092|            "options": [\n093|                "nosuid",\n094|                "noexec",\n095|                "nodev"\n096|            ]\n097|        },\n098|        {\n099|            "destination": "/sys",\n100|            "type": "sysfs",\n101|            "source": "sysfs",\n102|            "options": [\n103|                "nosuid",\n104|                "noexec",\n105|                "nodev",\n106|                "ro"\n107|            ]\n108|        },\n109|        {\n110|            "destination": "/sys/fs/cgroup",\n111|            "type": "cgroup",\n112|            "source": "cgroup",\n113|            "options": [\n114|                "nosuid",\n115|                "noexec",\n116|                "nodev",\n117|                "relatime",\n118|                "ro"\n119|            ]\n120|        }\n121|    ],\n122|    "linux": {\n123|        "resources": {\n124|            "devices": [\n125|                {\n126|                    "allow": false,\n127|                    "access": "rwm"\n128|                }\n129|            ]\n130|        },\n131|        "namespaces": [\n132|            {\n133|                "type": "pid"\n134|            },\n135|            {\n136|                "type": "network"\n137|            },\n138|            {\n139|                "type": "ipc"\n140|            },\n141|            {\n142|                "type": "uts"\n143|            },\n144|            {\n145|                "type": "mount"\n146|            }\n147|        ],\n148|        "maskedPaths": [\n149|            "/proc/acpi",\n150|            "/proc/asound",\n151|            "/proc/kcore",\n152|            "/proc/keys",\n153|            "/proc/latency_stats",\n154|            "/proc/timer_list",\n155|            "/proc/timer_stats",\n156|            "/proc/sched_debug",\n157|            "/sys/firmware",\n158|            "/proc/scsi"\n159|        ],\n160|        "readonlyPaths": [\n161|            "/proc/bus",\n162|            "/proc/fs",\n163|            "/proc/irq",\n164|            "/proc/sys",\n165|            "/proc/sysrq-trigger"\n166|        ]\n167|    }\n168|}'

Command Editor.read executed: file_path='/home/aludy/scires/Cloud_Spec_Exp/external/oci-differential-dataset/cases/youki-3431/expected_diff.txt' block_content='001|Issue ID: youki-3431\n002|Upstream URL: https://github.com/youki-dev/youki/issues/3431\n003|Category: Filesystem & Mounts\n004|\n005|Payload under test:\n006|process args: ["sleep", "100"]; linux.resources.devices: [{"allow": false, "access": "rwm"}]\n007|\n008|Expected differential behavior:\n009|The number of proc mounts should remain stable across repeated exec calls. Growth indicates the bug.\n010|\n011|Validation procedure:\n012|1. Run this case with a known-good or reference runtime.\n013|2. Run the same `buggy_config.json` with the runtime version suspected to contain the historical issue.\n014|3. Compare exit status, stdout, stderr, and documented side effects.\n015|4. Treat missing host features, missing cgroup controllers, missing seccomp support, missing runtime binaries, or insufficient privileges as environment failures rather than successful reproductions.\n'
2026-07-25 17:15:22.194 | INFO     | metagpt.roles.di.role_zero:_act:292 - Commands: 
[{'command_name': 'Terminal.run_command', 'args': {'cmd': 'cd /home/aludy/scires/Cloud_Spec_Exp/external/worktrees/oci-metagpt-agentless-mini-rerun/metagpt/youki-3431 && ls -la'}}, {'command_name': 'Terminal.run_command', 'args': {'cmd': "cd /home/aludy/scires/Cloud_Spec_Exp/external/worktrees/oci-metagpt-agentless-mini-rerun/metagpt/youki-3431 && find src -type f -name '*.rs' | head -50"}}]
2026-07-25 17:15:22.200 | INFO     | metagpt.roles.di.role_zero:_act:294 - Commands outputs: 
Command Terminal.run_command executed:
[command]: cd /home/aludy/scires/Cloud_Spec_Exp/external/worktrees/oci-metagpt-agentless-mini-rerun/metagpt/youki-3431 && ls -la 
[command output] : total 560
drwxr-xr-x 13 aludy aludy   4096 Jul 25 17:14 .
drwxr-xr-x 33 aludy aludy   4096 Jul 25 17:14 ..
drwxr-xr-x  2 aludy aludy   4096 Jul 25 17:14 .cargo
-rw-r--r--  1 aludy aludy    211 Jul 25 17:14 .codecov.yml
drwxr-xr-x  2 aludy aludy   4096 Jul 25 17:14 .devcontainer
-rw-r--r--  1 aludy aludy     93 Jul 25 17:14 .git
-rw-r--r--  1 aludy aludy    231 Jul 25 17:14 .git-blame-ignore-revs
drwxr-xr-x  4 aludy aludy   4096 Jul 25 17:14 .github
-rw-r--r--  1 aludy aludy    207 Jul 25 17:14 .gitignore
-rw-r--r--  1 aludy aludy    420 Jul 25 17:14 .gitmodules
-rw-r--r--  1 aludy aludy    149 Jul 25 17:14 .tagpr
-rw-r--r--  1 aludy aludy    663 Jul 25 17:14 .typos.toml
-rw-r--r--  1 aludy aludy 235749 Jul 25 17:14 CHANGELOG.md
-rw-r--r--  1 aludy aludy     76 Jul 25 17:14 CODE-OF-CONDUCT.md
-rw-r--r--  1 aludy aludy 183429 Jul 25 17:14 Cargo.lock
-rw-r--r--  1 aludy aludy    165 Jul 25 17:14 Cargo.toml
-rw-r--r--  1 aludy aludy    380 Jul 25 17:14 Cross.toml
-rw-r--r--  1 aludy aludy  11344 Jul 25 17:14 LICENSE
-rw-r--r--  1 aludy aludy   1787 Jul 25 17:14 MigrationGuide.md
-rw-r--r--  1 aludy aludy  10965 Jul 25 17:14 README.md
-rw-r--r--  1 aludy aludy    233 Jul 25 17:14 SECURITY.md
-rw-r--r--  1 aludy aludy   7001 Jul 25 17:14 Vagrantfile
drwxr-xr-x  6 aludy aludy   4096 Jul 25 17:14 crates
drwxr-xr-x  2 aludy aludy   4096 Jul 25 17:14 cross
drwxr-xr-x  4 aludy aludy   4096 Jul 25 17:14 docs
drwxr-xr-x  4 aludy aludy   4096 Jul 25 17:14 experiment
drwxr-xr-x  2 aludy aludy   4096 Jul 25 17:14 hack
-rw-r--r--  1 aludy aludy   6091 Jul 25 17:14 justfile
-rw-r--r--  1 aludy aludy     47 Jul 25 17:14 rust-toolchain.toml
-rw-r--r--  1 aludy aludy    359 Jul 25 17:14 rustfmt.toml
drwxr-xr-x  2 aludy aludy   4096 Jul 25 17:14 scripts
drwxr-xr-x  8 aludy aludy   4096 Jul 25 17:14 tests
drwxr-xr-x  3 aludy aludy   4096 Jul 25 17:14 tools


Command Terminal.run_command executed:
[command]: cd /home/aludy/scires/Cloud_Spec_Exp/external/worktrees/oci-metagpt-agentless-mini-rerun/metagpt/youki-3431 && find src -type f -name '*.rs' | head -50 
[command output] : find: ‘src’: No such file or directory

2026-07-25 17:15:25.054 | INFO     | metagpt.roles.di.role_zero:_act:292 - Commands: 
[{'command_name': 'Terminal.run_command', 'args': {'cmd': "cd /home/aludy/scires/Cloud_Spec_Exp/external/worktrees/oci-metagpt-agentless-mini-rerun/metagpt/youki-3431 && find crates -type f -name '*.rs' | head -80"}}, {'command_name': 'Terminal.run_command', 'args': {'cmd': 'cd /home/aludy/scires/Cloud_Spec_Exp/external/worktrees/oci-metagpt-agentless-mini-rerun/metagpt/youki-3431 && ls -la crates/'}}]
2026-07-25 17:15:25.060 | INFO     | metagpt.roles.di.role_zero:_act:294 - Commands outputs: 
Command Terminal.run_command executed:
[command]: cd /home/aludy/scires/Cloud_Spec_Exp/external/worktrees/oci-metagpt-agentless-mini-rerun/metagpt/youki-3431 && find crates -type f -name '*.rs' | head -80 
[command output] : crates/libcontainer/tests/as_sibling.rs
crates/libcontainer/src/capabilities.rs
crates/libcontainer/src/notify_socket.rs
crates/libcontainer/src/error.rs
crates/libcontainer/src/tty.rs
crates/libcontainer/src/lib.rs
crates/libcontainer/src/hooks.rs
crates/libcontainer/src/user_ns.rs
crates/libcontainer/src/signal.rs
crates/libcontainer/src/rootfs/mount.rs
crates/libcontainer/src/rootfs/mod.rs
crates/libcontainer/src/rootfs/utils.rs
crates/libcontainer/src/rootfs/symlink.rs
crates/libcontainer/src/rootfs/device.rs
crates/libcontainer/src/rootfs/rootfs.rs
crates/libcontainer/src/test_utils.rs
crates/libcontainer/src/process/fork.rs
crates/libcontainer/src/process/seccomp_listener.rs
crates/libcontainer/src/process/container_main_process.rs
crates/libcontainer/src/process/container_intermediate_process.rs
crates/libcontainer/src/process/mod.rs
crates/libcontainer/src/process/channel.rs
crates/libcontainer/src/process/args.rs
crates/libcontainer/src/process/message.rs
crates/libcontainer/src/process/intel_rdt.rs
crates/libcontainer/src/process/memory_policy.rs
crates/libcontainer/src/process/init/error.rs
crates/libcontainer/src/process/init/context.rs
crates/libcontainer/src/process/init/mod.rs
crates/libcontainer/src/process/init/process.rs
crates/libcontainer/src/process/cpu_affinity.rs
crates/libcontainer/src/channel.rs
crates/libcontainer/src/apparmor.rs
crates/libcontainer/src/syscall/test.rs
crates/libcontainer/src/syscall/mod.rs
crates/libcontainer/src/syscall/syscall.rs
crates/libcontainer/src/syscall/linux.rs
crates/libcontainer/src/seccomp/mod.rs
crates/libcontainer/src/workload/mod.rs
crates/libcontainer/src/workload/default.rs
crates/libcontainer/src/utils.rs
crates/libcontainer/src/namespaces.rs
crates/libcontainer/src/container/init_builder.rs
crates/libcontainer/src/container/builder.rs
crates/libcontainer/src/container/container_delete.rs
crates/libcontainer/src/container/state.rs
crates/libcontainer/src/container/mod.rs
crates/libcontainer/src/container/container_start.rs
crates/libcontainer/src/container/container_resume.rs
crates/libcontainer/src/container/container_events.rs
crates/libcontainer/src/container/tenant_builder.rs
crates/libcontainer/src/container/container_pause.rs
crates/libcontainer/src/container/container.rs
crates/libcontainer/src/container/container_kill.rs
crates/libcontainer/src/container/container_checkpoint.rs
crates/libcontainer/src/container/builder_impl.rs
crates/libcontainer/src/network/cidr.rs
crates/libcontainer/src/network/link.rs
crates/libcontainer/src/network/wrapper.rs
crates/libcontainer/src/network/client.rs
crates/libcontainer/src/network/mod.rs
crates/libcontainer/src/network/address.rs
crates/libcontainer/src/network/network_device.rs
crates/libcontainer/src/network/traits.rs
crates/libcontainer/src/network/fake.rs
crates/libcontainer/src/config.rs
crates/libcgroups/examples/bpf.rs
crates/libcgroups/examples/systemd_io.rs
crates/libcgroups/src/lib.rs
crates/libcgroups/src/test.rs
crates/libcgroups/src/test_manager.rs
crates/libcgroups/src/systemd/memory.rs
crates/libcgroups/src/systemd/manager.rs
crates/libcgroups/src/systemd/cpuset.rs
crates/libcgroups/src/systemd/controller_type.rs
crates/libcgroups/src/systemd/mod.rs
crates/libcgroups/src/systemd/io.rs
crates/libcgroups/src/systemd/unified.rs
crates/libcgroups/src/systemd/pids.rs
crates/libcgroups/src/systemd/controller.rs


Command Terminal.run_command executed:
[command]: cd /home/aludy/scires/Cloud_Spec_Exp/external/worktrees/oci-metagpt-agentless-mini-rerun/metagpt/youki-3431 && ls -la crates/ 
[command output] : total 28
drwxr-xr-x  6 aludy aludy 4096 Jul 25 17:14 .
drwxr-xr-x 13 aludy aludy 4096 Jul 25 17:14 ..
-rw-r--r--  1 aludy aludy    5 Jul 25 17:14 .gitignore
drwxr-xr-x  4 aludy aludy 4096 Jul 25 17:14 libcgroups
drwxr-xr-x  4 aludy aludy 4096 Jul 25 17:14 libcontainer
drwxr-xr-x  3 aludy aludy 4096 Jul 25 17:14 liboci-cli
drwxr-xr-x  3 aludy aludy 4096 Jul 25 17:14 youki

2026-07-25 17:15:28.251 | INFO     | metagpt.roles.di.role_zero:_act:292 - Commands: 
[{'command_name': 'Editor.read', 'args': {'path': '/home/aludy/scires/Cloud_Spec_Exp/external/worktrees/oci-metagpt-agentless-mini-rerun/metagpt/youki-3431/crates/libcontainer/src/rootfs/mount.rs'}}, {'command_name': 'Editor.open_file', 'args': {'path': '/home/aludy/scires/Cloud_Spec_Exp/external/worktrees/oci-metagpt-agentless-mini-rerun/metagpt/youki-3431/crates/libcontainer/src/rootfs/rootfs.rs'}}]
2026-07-25 17:15:28.252 | INFO     | metagpt.roles.di.role_zero:_act:294 - Commands outputs: 
Command Editor.read executed: file_path='/home/aludy/scires/Cloud_Spec_Exp/external/worktrees/oci-metagpt-agentless-mini-rerun/metagpt/youki-3431/crates/libcontainer/src/rootfs/mount.rs' block_content='The file is too large to read. Use `Editor.similarity_search` to read the file instead.'

Command Editor.open_file executed: [File: /home/aludy/scires/Cloud_Spec_Exp/external/worktrees/oci-metagpt-agentless-mini-rerun/metagpt/youki-3431/crates/libcontainer/src/rootfs/rootfs.rs (152 lines total)]
(this is the beginning of the file)
001|use std::collections::HashSet;
002|use std::path::Path;
003|
004|use nix::mount::MsFlags;
005|use oci_spec::runtime::{Linux, Spec};
006|
007|use super::device::Device;
008|use super::mount::{Mount, MountOptions};
009|use super::symlink::Symlink;
010|use super::utils::default_devices;
011|use super::{Result, RootfsError};
012|use crate::error::MissingSpecError;
013|use crate::syscall::Syscall;
014|use crate::syscall::syscall::create_syscall;
015|
016|/// Holds information about rootfs
017|pub struct RootFS {
018|    syscall: Box<dyn Syscall>,
019|}
020|
021|impl Default for RootFS {
022|    fn default() -> Self {
023|        Self::new()
024|    }
025|}
026|
027|impl RootFS {
028|    pub fn new() -> RootFS {
029|        RootFS {
030|            syscall: create_syscall(),
031|        }
032|    }
033|
034|    pub fn mount_to_rootfs(
035|        &self,
036|        linux: &Linux,
037|        spec: &Spec,
038|        rootfs: &Path,
039|        cgroup_ns: bool,
040|    ) -> Result<()> {
041|        let mut flags = MsFlags::MS_REC;
042|        match linux.rootfs_propagation().as_deref() {
043|            Some("shared") => flags |= MsFlags::MS_SHARED,
044|            Some("private") => flags |= MsFlags::MS_PRIVATE,
045|            Some("slave" | "unbindable") | None => flags |= MsFlags::MS_SLAVE,
046|            Some(unknown) => {
047|                return Err(RootfsError::UnknownRootfsPropagation(unknown.to_string()));
048|            }
049|        }
050|
051|        self.syscall
052|            .mount(None, Path::new("/"), None, flags, None)
053|            .map_err(|err| {
054|                tracing::error!(
055|                    ?err,
056|                    ?flags,
057|                    "failed to change the mount propagation type of the root"
058|                );
059|
060|                err
061|            })?;
062|
063|        let mounter = Mount::new();
064|
065|        mounter.make_parent_mount_private(rootfs)?;
066|
067|        tracing::debug!("mount root fs {:?}", rootfs);
068|        self.syscall
069|            .mount(
070|                Some(rootfs),
071|                rootfs,
072|                None,
073|                MsFlags::MS_BIND | MsFlags::MS_REC,
074|                None,
075|            )
076|            .map_err(|err| {
077|                tracing::error!(?rootfs, ?err, "failed to bind mount rootfs");
078|                err
079|            })?;
080|
081|        let global_options = MountOptions {
082|            root: rootfs,
083|            label: linux.mount_label().as_deref(),
084|            cgroup_ns,
085|        };
086|
087|        if let Some(mounts) = spec.mounts() {
088|            for mount in mounts {
089|                mounter.setup_mount(mount, &global_options)?;
090|            }
091|        }
092|        Ok(())
093|    }
094|
095|    pub fn prepare_rootfs(
096|        &self,
097|        spec: &Spec,
098|        rootfs: &Path,
099|        bind_devices: bool,
100|        cgroup_ns: bool,
101|    ) -> Result<()> {
102|        tracing::debug!(?rootfs, "prepare rootfs");
103|        let linux = spec.linux().as_ref().ok_or(MissingSpecError::Linux)?;
104|
105|        self.mount_to_rootfs(linux, spec, rootfs, cgroup_ns)?;
106|
107|        let symlinker = Symlink::new();
108|        symlinker.setup_kcore_symlink(rootfs)?;
109|        symlinker.setup_default_symlinks(rootfs)?;
110|
111|        let devicer = Device::new();
112|        if let Some(added_devices) = linux.devices() {
113|            let mut path_set = HashSet::new();
114|            let devices = default_devices();
115|            added_devices.iter().for_each(|d| {
116|                path_set.insert(d.path());
117|            });
118|            let default = devices.iter().filter(|d| !path_set.contains(d.path()));
119|            devicer.create_devices(rootfs, added_devices.iter().chain(default), bind_devices)
120|        } else {
121|            devicer.create_devices(rootfs, &default_devices(), bind_devices)
122|        }?;
123|
124|        symlinker.setup_ptmx(rootfs)?;
125|        Ok(())
126|    }
127|
128|    /// Change propagation type of rootfs as specified in spec.
129|    pub fn adjust_root_mount_propagation(&self, linux: &Linux) -> Result<()> {
130|        let rootfs_propagation = linux.rootfs_propagation().as_deref();
131|        let flags = match rootfs_propagation {
132|            Some("shared") => Some(MsFlags::MS_SHARED),
133|            Some("unbindable") => Some(MsFlags::MS_UNBINDABLE),
134|            _ => None,
135|        };
136|
137|        if let Some(flags) = flags {
138|            self.syscall
139|                .mount(None, Path::new("/"), None, flags, None)
140|                .map_err(|err| {
141|                    tracing::error!(
142|                        ?err,
143|                        ?flags,
144|                        "failed to adjust the mount propagation type of the root"
145|                    );
146|                    err
147|                })?;
148|        }
149|
150|        Ok(())
151|    }
152|}
(this is the end of the file)
2026-07-25 17:15:31.941 | INFO     | metagpt.roles.di.role_zero:_act:292 - Commands: 
[{'command_name': 'Editor.similarity_search', 'args': {'query': 'proc mount proc exec', 'path': '/home/aludy/scires/Cloud_Spec_Exp/external/worktrees/oci-metagpt-agentless-mini-rerun/metagpt/youki-3431/crates/libcontainer/src/rootfs/mount.rs'}}, {'command_name': 'Editor.open_file', 'args': {'path': '/home/aludy/scires/Cloud_Spec_Exp/external/worktrees/oci-metagpt-agentless-mini-rerun/metagpt/youki-3431/crates/libcontainer/src/container/container.rs'}}]
2026-07-25 17:15:31.961 | ERROR    | metagpt.roles.di.role_zero:_run_commands:407 - To use the similarity search, you need to install the RAG module.Traceback (most recent call last):
  File "/home/aludy/scires/Cloud_Spec_Exp/external/baselines/MetaGPT/metagpt/tools/libs/editor.py", line 1128, in similarity_search
    from metagpt.tools.libs.index_repo import IndexRepo
  File "/home/aludy/scires/Cloud_Spec_Exp/external/baselines/MetaGPT/metagpt/tools/libs/index_repo.py", line 10, in <module>
    from llama_index.core.base.embeddings.base import BaseEmbedding
ModuleNotFoundError: No module named 'llama_index'

During handling of the above exception, another exception occurred:

Traceback (most recent call last):
  File "/home/aludy/scires/Cloud_Spec_Exp/external/baselines/MetaGPT/metagpt/roles/di/role_zero.py", line 399, in _run_commands
    tool_output = await tool_obj(**cmd["args"])
  File "/home/aludy/scires/Cloud_Spec_Exp/external/baselines/MetaGPT/metagpt/tools/libs/editor.py", line 1132, in similarity_search
    raise ImportError("To use the similarity search, you need to install the RAG module.")
ImportError: To use the similarity search, you need to install the RAG module.

Traceback (most recent call last):

  File "/home/aludy/scires/Cloud_Spec_Exp/external/baselines/MetaGPT/metagpt/tools/libs/editor.py", line 1128, in similarity_search
    from metagpt.tools.libs.index_repo import IndexRepo

  File "/home/aludy/scires/Cloud_Spec_Exp/external/baselines/MetaGPT/metagpt/tools/libs/index_repo.py", line 10, in <module>
    from llama_index.core.base.embeddings.base import BaseEmbedding

ModuleNotFoundError: No module named 'llama_index'


During handling of the above exception, another exception occurred:


Traceback (most recent call last):

  File "/home/aludy/scires/Cloud_Spec_Exp/baselines/metagpt/launch.py", line 307, in <module>
    raise SystemExit(main())
                     └ <function main at 0x72e718ab2ef0>

  File "/home/aludy/scires/Cloud_Spec_Exp/baselines/metagpt/launch.py", line 277, in main
    result = generate_repo(**supported)
             │               └ {'idea': 'Fix OCI runtime bug case youki-3431.\n\nTarget runtime: youki\nTitle: [Bug]: each youki exec adds more proc mounts ...
             └ <function generate_repo at 0x72e6600e5cf0>

  File "/home/aludy/scires/Cloud_Spec_Exp/external/baselines/MetaGPT/metagpt/software_company.py", line 72, in generate_repo
    asyncio.run(company.run(n_round=n_round, idea=idea))
    │       │   │       │           │             └ 'Fix OCI runtime bug case youki-3431.\n\nTarget runtime: youki\nTitle: [Bug]: each youki exec adds more proc mounts to the fi...
    │       │   │       │           └ 10
    │       │   │       └ <function serialize_decorator.<locals>.wrapper at 0x72e65606c1f0>
    │       │   └ Team(env=MGXEnv(), investment=3.0, idea='Fix OCI runtime bug case youki-3431.\n\nTarget runtime: youki\nTitle: [Bug]: each yo...
    │       └ <function run at 0x72e7166a9750>
    └ <module 'asyncio' from '/home/aludy/miniconda3/envs/metagpt/lib/python3.10/asyncio/__init__.py'>

  File "/home/aludy/miniconda3/envs/metagpt/lib/python3.10/asyncio/runners.py", line 44, in run
    return loop.run_until_complete(main)
           │    │                  └ <coroutine object serialize_decorator.<locals>.wrapper at 0x72e655d8b610>
           │    └ <function BaseEventLoop.run_until_complete at 0x72e7166ab130>
           └ <_UnixSelectorEventLoop running=True closed=False debug=False>
  File "/home/aludy/miniconda3/envs/metagpt/lib/python3.10/asyncio/base_events.py", line 636, in run_until_complete
    self.run_forever()
    │    └ <function BaseEventLoop.run_forever at 0x72e7166ab0a0>
    └ <_UnixSelectorEventLoop running=True closed=False debug=False>
  File "/home/aludy/miniconda3/envs/metagpt/lib/python3.10/asyncio/base_events.py", line 603, in run_forever
    self._run_once()
    │    └ <function BaseEventLoop._run_once at 0x72e7166acc10>
    └ <_UnixSelectorEventLoop running=True closed=False debug=False>
  File "/home/aludy/miniconda3/envs/metagpt/lib/python3.10/asyncio/base_events.py", line 1909, in _run_once
    handle._run()
    │      └ <function Handle._run at 0x72e71665c280>
    └ <Handle Task.task_wakeup(<Task finishe...> result=None>)>
  File "/home/aludy/miniconda3/envs/metagpt/lib/python3.10/asyncio/events.py", line 80, in _run
    self._context.run(self._callback, *self._args)
    │    │            │    │           │    └ <member '_args' of 'Handle' objects>
    │    │            │    │           └ <Handle Task.task_wakeup(<Task finishe...> result=None>)>
    │    │            │    └ <member '_callback' of 'Handle' objects>
    │    │            └ <Handle Task.task_wakeup(<Task finishe...> result=None>)>
    │    └ <member '_context' of 'Handle' objects>
    └ <Handle Task.task_wakeup(<Task finishe...> result=None>)>

  File "/home/aludy/scires/Cloud_Spec_Exp/external/baselines/MetaGPT/metagpt/utils/common.py", line 692, in wrapper
    return await func(self, *args, **kwargs)
                 │    │      │       └ {}
                 │    │      └ ()
                 │    └ Engineer2(private_context=Context(kwargs=AttrDict(), config=Config(extra_fields=None, project_path='/home/aludy/scires/Cloud_...
                 └ <function Role.run at 0x72e656d265f0>

  File "/home/aludy/scires/Cloud_Spec_Exp/external/baselines/MetaGPT/metagpt/roles/role.py", line 548, in run
    rsp = await self.react()
                │    └ <function Role.react at 0x72e656d264d0>
                └ Engineer2(private_context=Context(kwargs=AttrDict(), config=Config(extra_fields=None, project_path='/home/aludy/scires/Cloud_...

  File "/home/aludy/scires/Cloud_Spec_Exp/external/baselines/MetaGPT/metagpt/roles/role.py", line 515, in react
    rsp = await self._react()
                │    └ <function RoleZero._react at 0x72e6569f5f30>
                └ Engineer2(private_context=Context(kwargs=AttrDict(), config=Config(extra_fields=None, project_path='/home/aludy/scires/Cloud_...

  File "/home/aludy/scires/Cloud_Spec_Exp/external/baselines/MetaGPT/metagpt/roles/di/role_zero.py", line 324, in _react
    rsp = await self._act()
                │    └ <function RoleZero._act at 0x72e6569f5ea0>
                └ Engineer2(private_context=Context(kwargs=AttrDict(), config=Config(extra_fields=None, project_path='/home/aludy/scires/Cloud_...

  File "/home/aludy/scires/Cloud_Spec_Exp/external/baselines/MetaGPT/metagpt/roles/di/role_zero.py", line 293, in _act
    outputs = await self._run_commands(commands)
                    │    │             └ [{'command_name': 'Editor.similarity_search', 'args': {'query': 'proc mount proc exec', 'path': '/home/aludy/scires/Cloud_Spe...
                    │    └ <function RoleZero._run_commands at 0x72e6569f60e0>
                    └ Engineer2(private_context=Context(kwargs=AttrDict(), config=Config(extra_fields=None, project_path='/home/aludy/scires/Cloud_...

> File "/home/aludy/scires/Cloud_Spec_Exp/external/baselines/MetaGPT/metagpt/roles/di/role_zero.py", line 399, in _run_commands
    tool_output = await tool_obj(**cmd["args"])
                        │          └ {'command_name': 'Editor.similarity_search', 'args': {'query': 'proc mount proc exec', 'path': '/home/aludy/scires/Cloud_Spec...
                        └ <function Editor.similarity_search at 0x72e6613f9630>

  File "/home/aludy/scires/Cloud_Spec_Exp/external/baselines/MetaGPT/metagpt/tools/libs/editor.py", line 1132, in similarity_search
    raise ImportError("To use the similarity search, you need to install the RAG module.")

ImportError: To use the similarity search, you need to install the RAG module.
2026-07-25 17:15:32.009 | INFO     | metagpt.roles.di.role_zero:_act:294 - Commands outputs: 
Command Editor.similarity_search executed: Traceback (most recent call last):
  File "/home/aludy/scires/Cloud_Spec_Exp/external/baselines/MetaGPT/metagpt/tools/libs/editor.py", line 1128, in similarity_search
    from metagpt.tools.libs.index_repo import IndexRepo
  File "/home/aludy/scires/Cloud_Spec_Exp/external/baselines/MetaGPT/metagpt/tools/libs/index_repo.py", line 10, in <module>
    from llama_index.core.base.embeddings.base import BaseEmbedding
ModuleNotFoundError: No module named 'llama_index'

During handling of the above exception, another exception occurred:

Traceback (most recent call last):
  File "/home/aludy/scires/Cloud_Spec_Exp/external/baselines/MetaGPT/metagpt/roles/di/role_zero.py", line 399, in _run_commands
    tool_output = await tool_obj(**cmd["args"])
  File "/home/aludy/scires/Cloud_Spec_Exp/external/baselines/MetaGPT/metagpt/tools/libs/editor.py", line 1132, in similarity_search
    raise ImportError("To use the similarity search, you need to install the RAG module.")
ImportError: To use the similarity search, you need to install the RAG module.

2026-07-25 17:15:35.704 | INFO     | metagpt.roles.di.role_zero:_act:292 - Commands: 
[{'command_name': 'Terminal.run_command', 'args': {'cmd': "cd /home/aludy/scires/Cloud_Spec_Exp/external/worktrees/oci-metagpt-agentless-mini-rerun/metagpt/youki-3431 && find crates -type f -name '*.rs' | xargs grep -li 'exec\\|proc' 2>/dev/null | head -30"}}, {'command_name': 'Editor.open_file', 'args': {'path': '/home/aludy/scires/Cloud_Spec_Exp/external/worktrees/oci-metagpt-agentless-mini-rerun/metagpt/youki-3431/crates/libcontainer/src/rootfs/mount.rs', 'context_lines': 50}}]
2026-07-25 17:15:35.712 | INFO     | metagpt.roles.di.role_zero:_act:294 - Commands outputs: 
Command Terminal.run_command executed:
[command]: cd /home/aludy/scires/Cloud_Spec_Exp/external/worktrees/oci-metagpt-agentless-mini-rerun/metagpt/youki-3431 && find crates -type f -name '*.rs' | xargs grep -li 'exec\|proc' 2>/dev/null | head -30 
[command output] : crates/libcontainer/tests/as_sibling.rs
crates/libcontainer/src/capabilities.rs
crates/libcontainer/src/notify_socket.rs
crates/libcontainer/src/error.rs
crates/libcontainer/src/tty.rs
crates/libcontainer/src/lib.rs
crates/libcontainer/src/hooks.rs
crates/libcontainer/src/user_ns.rs
crates/libcontainer/src/rootfs/mount.rs
crates/libcontainer/src/rootfs/utils.rs
crates/libcontainer/src/rootfs/symlink.rs
crates/libcontainer/src/rootfs/device.rs
crates/libcontainer/src/test_utils.rs
crates/libcontainer/src/process/fork.rs
crates/libcontainer/src/process/seccomp_listener.rs
crates/libcontainer/src/process/container_main_process.rs
crates/libcontainer/src/process/container_intermediate_process.rs
crates/libcontainer/src/process/mod.rs
crates/libcontainer/src/process/channel.rs
crates/libcontainer/src/process/args.rs
crates/libcontainer/src/process/message.rs
crates/libcontainer/src/process/intel_rdt.rs
crates/libcontainer/src/process/memory_policy.rs
crates/libcontainer/src/process/init/error.rs
crates/libcontainer/src/process/init/context.rs
crates/libcontainer/src/process/init/mod.rs
crates/libcontainer/src/process/init/process.rs
crates/libcontainer/src/process/cpu_affinity.rs
crates/libcontainer/src/channel.rs
crates/libcontainer/src/apparmor.rs


Command Editor.open_file executed: [File: /home/aludy/scires/Cloud_Spec_Exp/external/worktrees/oci-metagpt-agentless-mini-rerun/metagpt/youki-3431/crates/libcontainer/src/rootfs/mount.rs (1729 lines total)]
(this is the beginning of the file)
001|use std::fs::{Permissions, canonicalize};
002|use std::io::{BufRead, BufReader, ErrorKind};
003|use std::os::fd::{AsFd, OwnedFd};
004|use std::os::unix::fs::{MetadataExt, PermissionsExt};
005|use std::path::{Path, PathBuf};
006|use std::time::Duration;
007|#[cfg(feature = "v1")]
008|use std::{borrow::Cow, collections::HashMap};
009|use std::{fs, mem};
010|
011|use libcgroups::common::CgroupSetup::{Hybrid, Legacy, Unified};
012|#[cfg(feature = "v1")]
013|use libcgroups::common::DEFAULT_CGROUP_ROOT;
014|use nix::NixPath;
015|use nix::errno::Errno;
016|use nix::mount::MsFlags;
017|use nix::sys::statfs::{PROC_SUPER_MAGIC, statfs};
018|use oci_spec::runtime::{Mount as SpecMount, MountBuilder as SpecMountBuilder};
019|use pathrs::Root;
020|use pathrs::flags::OpenFlags;
021|use pathrs::procfs::{ProcfsBase, ProcfsHandle};
022|#[cfg(feature = "v1")]
023|use procfs::process::Process;
024|use procfs::process::{MountInfo, MountOptFields};
025|use procfs::{FromRead, ProcessCGroups};
026|
027|#[cfg(feature = "v1")]
028|use super::symlink::Symlink;
029|use super::symlink::SymlinkError;
030|use super::utils::{MountOptionConfig, parse_mount};
031|use crate::syscall::syscall::create_syscall;
032|use crate::syscall::{Syscall, SyscallError, linux};
033|use crate::utils::{PathBufExt, retry};
034|
035|const MAX_EBUSY_MOUNT_ATTEMPTS: u32 = 3;
036|// runc has a retry interval of 100ms. We are following this.
037|// https://github.com/opencontainers/runc/blob/v1.3.0/libcontainer/rootfs_linux.go#L1235
038|#[cfg(not(test))]
039|const MOUNT_RETRY_DELAY_MS: u64 = 100;
040|// In tests, there is no need to delay, so set it to 0ms.
041|#[cfg(test)]
042|const MOUNT_RETRY_DELAY_MS: u64 = 0;
043|
044|#[derive(Debug, thiserror::Error)]
045|pub enum MountError {
046|    #[error("no source in mount spec")]
047|    NoSource,
048|    #[error("io error")]
049|    Io(#[from] std::io::Error),
050|    #[error("syscall")]
(1679 more lines below)
2026-07-25 17:15:39.725 | INFO     | metagpt.roles.di.role_zero:_act:292 - Commands: 
[{'command_name': 'Terminal.run_command', 'args': {'cmd': "cd /home/aludy/scires/Cloud_Spec_Exp/external/worktrees/oci-metagpt-agentless-mini-rerun/metagpt/youki-3431 && grep -rn 'exec' crates/ --include='*.rs' | grep -i 'mount\\|proc' | head -30"}}, {'command_name': 'Terminal.run_command', 'args': {'cmd': "cd /home/aludy/scires/Cloud_Spec_Exp/external/worktrees/oci-metagpt-agentless-mini-rerun/metagpt/youki-3431 && grep -rn 'proc' crates/libcontainer/src/process/ --include='*.rs' | head -30"}}]
2026-07-25 17:15:39.733 | INFO     | metagpt.roles.di.role_zero:_act:294 - Commands outputs: 
Command Terminal.run_command executed:
[command]: cd /home/aludy/scires/Cloud_Spec_Exp/external/worktrees/oci-metagpt-agentless-mini-rerun/metagpt/youki-3431 && grep -rn 'exec' crates/ --include='*.rs' | grep -i 'mount\|proc' | head -30 
[command output] : crates/libcontainer/src/tty.rs:280:/// * `mount` - Whether to mount PTY slave on /dev/console (true for init, false for exec)
crates/libcontainer/src/rootfs/mount.rs:252:                ["noexec", "nosuid", "nodev", "mode=755"]
crates/libcontainer/src/rootfs/mount.rs:373:                ["noexec", "nosuid", "nodev"]
crates/libcontainer/src/rootfs/mount.rs:1046:                    "noexec".to_string(),
crates/libcontainer/src/rootfs/utils.rs:100:                    MountRecursive::Noexec(is_clear, flag) => (is_clear, flag),
crates/libcontainer/src/rootfs/utils.rs:144:                    MountOption::Noexec(is_clear, flag) => Some((is_clear, flag)),
crates/libcontainer/src/process/fork.rs:53:// Clone a child process and execute the callback.
crates/libcontainer/src/process/fork.rs:119:            // Inside the cloned process, we execute the callback and exit with
crates/libcontainer/src/process/fork.rs:162:    // calls exec into the container payload, exec will reset the stack.  Note,
crates/libcontainer/src/process/fork.rs:210:    // better control.  The child stack will be cleaned when exec is called or
crates/libcontainer/src/process/container_intermediate_process.rs:29:    #[error("exec notify failed")]
crates/libcontainer/src/process/container_intermediate_process.rs:59:        if let Some(exec_cpu_affinity) = spec
crates/libcontainer/src/process/container_intermediate_process.rs:62:            .and_then(|p| p.exec_cpu_affinity().as_ref())
crates/libcontainer/src/process/container_intermediate_process.rs:64:            if let Some(initial) = exec_cpu_affinity.initial() {
crates/libcontainer/src/process/container_intermediate_process.rs:89:        if let Some(exec_cpu_affinity) = spec
crates/libcontainer/src/process/container_intermediate_process.rs:92:            .and_then(|p| p.exec_cpu_affinity().as_ref())
crates/libcontainer/src/process/container_intermediate_process.rs:94:            if let Some(cpu_affinity_final) = exec_cpu_affinity.cpu_affinity_final() {
crates/libcontainer/src/process/container_intermediate_process.rs:154:                    if let Err(err) = main_sender.exec_failed(e.to_string()) {
crates/libcontainer/src/process/container_intermediate_process.rs:157:                    if let ContainerType::TenantContainer { exec_notify_fd } = args.container_type {
crates/libcontainer/src/process/container_intermediate_process.rs:159:                        let exec_notify_fd =
crates/libcontainer/src/process/container_intermediate_process.rs:160:                            unsafe { std::os::fd::OwnedFd::from_raw_fd(exec_notify_fd) };
crates/libcontainer/src/process/container_intermediate_process.rs:161:                        if let Err(err) = write(&exec_notify_fd, buf.as_bytes()) {
crates/libcontainer/src/process/container_intermediate_process.rs:162:                            tracing::error!(?err, "failed to write to exec notify fd");
crates/libcontainer/src/process/container_intermediate_process.rs:165:                        // After sending the error through the exec_notify_fd,
crates/libcontainer/src/process/container_intermediate_process.rs:167:                        drop(exec_notify_fd);
crates/libcontainer/src/process/container_intermediate_process.rs:188:    // Close the exec_notify_fd in this process
crates/libcontainer/src/process/container_intermediate_process.rs:189:    if let ContainerType::TenantContainer { exec_notify_fd } = args.container_type {
crates/libcontainer/src/process/container_intermediate_process.rs:190:        close(exec_notify_fd).map_err(|err| {
crates/libcontainer/src/process/container_intermediate_process.rs:191:            tracing::error!("failed to close exec notify fd: {}", err);
crates/libcontainer/src/process/channel.rs:27:    #[error("exec process failed with error {0}")]


Command Terminal.run_command executed:
[command]: cd /home/aludy/scires/Cloud_Spec_Exp/external/worktrees/oci-metagpt-agentless-mini-rerun/metagpt/youki-3431 && grep -rn 'proc' crates/libcontainer/src/process/ --include='*.rs' | head -30 
[command output] : crates/libcontainer/src/process/fork.rs:10:    #[error("failed to clone process")]
crates/libcontainer/src/process/fork.rs:33:/// can then in the new process to re-box the heap memory back to a closure
crates/libcontainer/src/process/fork.rs:37:// Clone a sibling process that shares the same parent as the calling
crates/libcontainer/src/process/fork.rs:38:// process. This is used to launch the container init process so the parent
crates/libcontainer/src/process/fork.rs:39:// process of the calling process can receive ownership of the process. If we
crates/libcontainer/src/process/fork.rs:40:// clone a child process as the init process, the calling process (likely the
crates/libcontainer/src/process/fork.rs:41:// youki main process) will exit and the init process will be re-parented to the
crates/libcontainer/src/process/fork.rs:42:// process 1 (system init process), which is not the right behavior of what we
crates/libcontainer/src/process/fork.rs:53:// Clone a child process and execute the callback.
crates/libcontainer/src/process/fork.rs:112:    // not like people calling kernel syscall to directly create processes. Libc
crates/libcontainer/src/process/fork.rs:119:            // Inside the cloned process, we execute the callback and exit with
crates/libcontainer/src/process/fork.rs:121:            std::process::exit(cb());
crates/libcontainer/src/process/fork.rs:154:    // child process instead of taken cared for us like fork call. We use mmap
crates/libcontainer/src/process/fork.rs:156:    // process needs, we allocate through mmap to the system default limit,
crates/libcontainer/src/process/fork.rs:161:    // to support the container init process set up code in Youki. When Youki
crates/libcontainer/src/process/fork.rs:211:    // the child process terminates. The nix wrapper also does not treat the
crates/libcontainer/src/process/fork.rs:213:    // right ownership to the new child process.
crates/libcontainer/src/process/fork.rs:226:    // is duplicated in the cloned process. Therefore, we can safely re-box the
crates/libcontainer/src/process/fork.rs:230:    // cloned process, not the parent process.
crates/libcontainer/src/process/fork.rs:276:        // The `container_clone_sibling` will create a sibling process (share
crates/libcontainer/src/process/fork.rs:277:        // the same parent) of the calling process. In Unix, a process can only
crates/libcontainer/src/process/fork.rs:278:        // wait on the immediate children process and can't wait on the sibling
crates/libcontainer/src/process/fork.rs:279:        // process. Therefore, to test the logic, we will have to fork a process
crates/libcontainer/src/process/fork.rs:280:        // first and then let the forked process call `container_clone_sibling`.
crates/libcontainer/src/process/fork.rs:281:        // Then the testing process (the process where test is called), who are
crates/libcontainer/src/process/fork.rs:282:        // the parent to this forked process and the sibling process cloned by
crates/libcontainer/src/process/fork.rs:283:        // the `container_clone_sibling`, can wait on both processes.
crates/libcontainer/src/process/fork.rs:285:        // We need to use a channel so that the forked process can pass the pid
crates/libcontainer/src/process/fork.rs:286:        // of the sibling process to the testing process.
crates/libcontainer/src/process/fork.rs:291:                let sibling_process_pid = Pid::from_raw(

2026-07-25 17:15:44.142 | INFO     | metagpt.roles.di.role_zero:_act:292 - Commands: 
[{'command_name': 'Terminal.run_command', 'args': {'cmd': "cd /home/aludy/scires/Cloud_Spec_Exp/external/worktrees/oci-metagpt-agentless-mini-rerun/metagpt/youki-3431 && grep -rn 'setup_mount\\|mount.*proc\\|mounter' crates/libcontainer/src/rootfs/mount.rs | head -40"}}, {'command_name': 'Terminal.run_command', 'args': {'cmd': "cd /home/aludy/scires/Cloud_Spec_Exp/external/worktrees/oci-metagpt-agentless-mini-rerun/metagpt/youki-3431 && grep -rn 'prepare_rootfs\\|mount_to_rootfs' crates/ --include='*.rs' | head -20"}}]
2026-07-25 17:15:44.150 | INFO     | metagpt.roles.di.role_zero:_act:294 - Commands outputs: 
Command Terminal.run_command executed:
[command]: cd /home/aludy/scires/Cloud_Spec_Exp/external/worktrees/oci-metagpt-agentless-mini-rerun/metagpt/youki-3431 && grep -rn 'setup_mount\|mount.*proc\|mounter' crates/libcontainer/src/rootfs/mount.rs | head -40 
[command output] : 76:/// Default provider that reads mountinfo from /proc via procfs.
136:    pub fn setup_mount(&self, mount: &SpecMount, options: &MountOptions) -> Result<()> {
263:        self.setup_mount(&tmpfs, options).map_err(|err| {
460:            self.setup_mount(&emulated, options).map_err(|err| {
514:                .source(host_mount.join_safely(process_cgroup).map_err(|err| {
871:    /// check_proc_mount checks to ensure that the mount destination is not over the top of /proc.
873:    /// # Example  (a valid case where `/proc` is mounted with `proc` type.)
880:    /// let mounter = Mount::new();
894:    /// assert!(mounter.check_proc_mount(rootfs.as_path(), &mount).is_ok());
896:    /// # Example (bind mount to `/proc` that should fail)
902:    /// let mounter = Mount::new();
916:    /// assert!(mounter.check_proc_mount(rootfs.as_path(), &mount).is_err());
946:        // - Ok(p) with p.is_empty(): mount target is exactly /proc.
947:        //   In this case, check if the mount source is procfs.
948:        // - Ok(p) with !p.is_empty(): mount target is under /proc.
956:                if mount.typ().as_deref() == Some("proc") {
968:                                    "bind-mount {} (source {:?}) is of type procfs but not the root (inode {}). \
981:                    "{} cannot be mounted because it is not type proc",
997:                        format!("{} is not a valid mount under /proc", dest.display()).into(),
1327:        let mounter = Mount::new();
1344:        mounter
1359:        let got = mounter
1383:        let mounter = Mount::new();
1403:        mounter
1426:        let got = mounter
1460:        let mounter = Mount::new();
1463:        mounter
1468:        let mut got = mounter
1534:        let mounter = Mount::new();
1543:        mounter
1556:        let got = mounter
1589:                mount_point: PathBuf::from("/proc"),
1593:                mount_source: Some("proc".to_string()),
1612:    fn test_check_proc_mount_proc_ok() -> Result<()> {
1614:        let mounter = Mount::new();
1622:        assert!(mounter.check_proc_mount(rootfs.path(), &mount).is_ok());
1632:        let mounter = Mount::new();
1639:        assert!(mounter.check_proc_mount(rootfs.path(), &mount).is_ok());
1649:        let mounter = Mount::new();
1656:        assert!(mounter.check_proc_mount(rootfs.path(), &mount).is_err());


Command Terminal.run_command executed:
[command]: cd /home/aludy/scires/Cloud_Spec_Exp/external/worktrees/oci-metagpt-agentless-mini-rerun/metagpt/youki-3431 && grep -rn 'prepare_rootfs\|mount_to_rootfs' crates/ --include='*.rs' | head -20 
[command output] : crates/libcontainer/src/rootfs/rootfs.rs:34:    pub fn mount_to_rootfs(
crates/libcontainer/src/rootfs/rootfs.rs:95:    pub fn prepare_rootfs(
crates/libcontainer/src/rootfs/rootfs.rs:105:        self.mount_to_rootfs(linux, spec, rootfs, cgroup_ns)?;
crates/libcontainer/src/process/init/process.rs:86:            .prepare_rootfs(

2026-07-25 17:15:48.326 | WARNING  | metagpt.utils.role_zero_utils:parse_commands:115 - Failed to parse JSON for: Let me explore the exec process and understand how proc mounts are added, and what happens during exec.

```json
[
    {
        "command_name": "Terminal.run_command",
        "args": {
            "cmd": "cd /home/aludy/scires/Cloud_Spec_Exp/external/worktrees/oci-metagpt-agentless-mini-rerun/metagpt/youki-3431 && grep -rn 'exec\|Exec' crates/libcontainer/src/process/init/ --include='*.rs' | head -20"
        }
    },
    {
        "command_name": "Terminal.run_command",
        "args": {
            "cmd": "cd /home/aludy/scires/Cloud_Spec_Exp/external/worktrees/oci-metagpt-agentless-mini-rerun/metagpt/youki-3431 && grep -rn 'exec' crates/youki/src/ --include='*.rs' | head -30"
        }
    },
    {
        "command_name": "Terminal.run_command",
        "args": {
            "cmd": "cd /home/aludy/scires/Cloud_Spec_Exp/external/worktrees/oci-metagpt-agentless-mini-rerun/metagpt/youki-3431 && grep -rn 'setup_mount\|setup_proc\|/proc' crates/libcontainer/src/rootfs/mount.rs | head -30"
        }
    }
]
```. Trying to repair...
2026-07-25 17:15:58.676 | INFO     | metagpt.roles.di.role_zero:_act:292 - Commands: 
[{'command_name': 'Terminal.run_command', 'args': {'cmd': "cd /home/aludy/scires/Cloud_Spec_Exp/external/worktrees/oci-metagpt-agentless-mini-rerun/metagpt/youki-3431 && grep -rn 'exec\\|Exec' crates/libcontainer/src/process/init/ --include='*.rs' | head -20"}}, {'command_name': 'Terminal.run_command', 'args': {'cmd': "cd /home/aludy/scires/Cloud_Spec_Exp/external/worktrees/oci-metagpt-agentless-mini-rerun/metagpt/youki-3431 && grep -rn 'exec' crates/youki/src/ --include='*.rs' | head -30"}}, {'command_name': 'Terminal.run_command', 'args': {'cmd': "cd /home/aludy/scires/Cloud_Spec_Exp/external/worktrees/oci-metagpt-agentless-mini-rerun/metagpt/youki-3431 && grep -rn 'setup_mount\\|setup_proc\\|/proc' crates/libcontainer/src/rootfs/mount.rs | head -30"}}]
2026-07-25 17:15:58.686 | INFO     | metagpt.roles.di.role_zero:_act:294 - Commands outputs: 
Command Terminal.run_command executed:
[command]: cd /home/aludy/scires/Cloud_Spec_Exp/external/worktrees/oci-metagpt-agentless-mini-rerun/metagpt/youki-3431 && grep -rn 'exec\|Exec' crates/libcontainer/src/process/init/ --include='*.rs' | head -20 
[command output] : crates/libcontainer/src/process/init/error.rs:8:use crate::workload::{ExecutorSetEnvsError, ExecutorValidationError};
crates/libcontainer/src/process/init/error.rs:48:    #[error("invalid executable: {0}")]
crates/libcontainer/src/process/init/error.rs:49:    InvalidExecutable(String),
crates/libcontainer/src/process/init/error.rs:59:    Workload(#[from] workload::ExecutorError),
crates/libcontainer/src/process/init/error.rs:61:    WorkloadValidation(#[from] ExecutorValidationError),
crates/libcontainer/src/process/init/error.rs:63:    WorkloadSetEnvs(#[from] ExecutorSetEnvsError),
crates/libcontainer/src/process/init/error.rs:66:    #[error("call exec sched_setattr error: {0}")]
crates/libcontainer/src/process/init/process.rs:145:    // Setup console AFTER reopen_dev_null (for init) or at start (for exec).
crates/libcontainer/src/process/init/process.rs:150:    // mount=true for init (mount /dev/console), false for exec (already mounted)
crates/libcontainer/src/process/init/process.rs:311:    // leak a file descriptor from before execve gets executed. The first 3 fd will
crates/libcontainer/src/process/init/process.rs:314:    // will be closed after execve into the container payload. We can't close the
crates/libcontainer/src/process/init/process.rs:339:    // as close to exec as possible.
crates/libcontainer/src/process/init/process.rs:384:    // Initialize seccomp profile right before we are ready to execute the
crates/libcontainer/src/process/init/process.rs:385:    // payload so as few syscalls will happen between here and payload exec. The
crates/libcontainer/src/process/init/process.rs:408:    args.executor.validate(ctx.spec)?;
crates/libcontainer/src/process/init/process.rs:409:    args.executor.setup_envs(ctx.envs)?;
crates/libcontainer/src/process/init/process.rs:411:    // Notify main process that the init process is ready to execute the
crates/libcontainer/src/process/init/process.rs:461:    args.executor.exec(ctx.spec).map_err(|err| {
crates/libcontainer/src/process/init/process.rs:462:        tracing::error!(?err, "failed to execute payload");
crates/libcontainer/src/process/init/process.rs:466:    // Once the executor is executed without error, it should not return. For


Command Terminal.run_command executed:
[command]: cd /home/aludy/scires/Cloud_Spec_Exp/external/worktrees/oci-metagpt-agentless-mini-rerun/metagpt/youki-3431 && grep -rn 'exec' crates/youki/src/ --include='*.rs' | head -30 
[command output] : crates/youki/src/commands/start.rs:1://! Starts execution of the container
crates/youki/src/commands/create.rs:9:use crate::workload::executor::default_executor;
crates/youki/src/commands/create.rs:12:// it has specific/different control group, namespace, using which program executing in it
crates/youki/src/commands/create.rs:18:        .with_executor(default_executor())
crates/youki/src/commands/run.rs:12:use crate::workload::executor::default_executor;
crates/youki/src/commands/run.rs:16:        .with_executor(default_executor())
crates/youki/src/commands/run.rs:44:    // execute the destruction action after the container finishes running
crates/youki/src/commands/run.rs:143:                // that the child has executed the for loop waiting to forward
crates/youki/src/commands/mod.rs:13:pub mod exec;
crates/youki/src/commands/spec_json.rs:66:                    "noexec".to_string(),
crates/youki/src/commands/exec.rs:9:use crate::workload::executor::default_executor;
crates/youki/src/commands/exec.rs:11:pub fn exec(args: Exec, root_path: PathBuf) -> Result<i32> {
crates/youki/src/commands/exec.rs:12:    // TODO: not all values from exec are used here. We need to support
crates/youki/src/commands/exec.rs:18:        .with_executor(default_executor())
crates/youki/src/commands/exec.rs:36:    // basically, if there is any error in starting exec, the build above will return error
crates/youki/src/main.rs:71:    // seal it and re-execute it. Because the final step is re-execution, this needs to be done at
crates/youki/src/main.rs:116:            CommonCmd::Exec(exec) => match commands::exec::exec(exec, root_path) {
crates/youki/src/main.rs:119:                    tracing::error!("error in executing command: {:?}", e);
crates/youki/src/main.rs:120:                    eprintln!("exec failed : {e}");
crates/youki/src/main.rs:132:                    tracing::error!("error in executing command: {:?}", e);
crates/youki/src/main.rs:151:        tracing::error!("error in executing command: {:?}", e);
crates/youki/src/main.rs:152:        eprintln!("error in executing command: {:?}", e);
crates/youki/src/workload/wasmer.rs:14:    fn exec(&self, spec: &Spec) -> Result<(), ExecutorError> {
crates/youki/src/workload/wasmer.rs:19:        tracing::debug!("executing workload with wasmer handler");
crates/youki/src/workload/wasmer.rs:102:pub fn get_executor() -> WasmerExecutor {
crates/youki/src/workload/wasmer.rs:158:    fn test_can_handle_no_execute() -> Result<()> {
crates/youki/src/workload/mod.rs:1:pub mod executor;
crates/youki/src/workload/wasmtime.rs:13:    fn exec(&self, spec: &Spec) -> Result<(), ExecutorError> {
crates/youki/src/workload/wasmtime.rs:18:        tracing::debug!("executing workload with wasmtime handler");
crates/youki/src/workload/wasmtime.rs:108:pub fn get_executor() -> WasmtimeExecutor {


Command Terminal.run_command executed:
[command]: cd /home/aludy/scires/Cloud_Spec_Exp/external/worktrees/oci-metagpt-agentless-mini-rerun/metagpt/youki-3431 && grep -rn 'setup_mount\|setup_proc\|/proc' crates/libcontainer/src/rootfs/mount.rs | head -30 
[command output] : 76:/// Default provider that reads mountinfo from /proc via procfs.
136:    pub fn setup_mount(&self, mount: &SpecMount, options: &MountOptions) -> Result<()> {
263:        self.setup_mount(&tmpfs, options).map_err(|err| {
460:            self.setup_mount(&emulated, options).map_err(|err| {
871:    /// check_proc_mount checks to ensure that the mount destination is not over the top of /proc.
873:    /// # Example  (a valid case where `/proc` is mounted with `proc` type.)
883:    /// let destination = PathBuf::from("/proc");
896:    /// # Example (bind mount to `/proc` that should fail)
905:    /// let destination = PathBuf::from("/proc");
921:            "/proc/cpuinfo",
922:            "/proc/diskstats",
923:            "/proc/meminfo",
924:            "/proc/stat",
925:            "/proc/swaps",
926:            "/proc/uptime",
927:            "/proc/loadavg",
928:            "/proc/slabinfo",
929:            "/proc/sys/kernel/ns_last_pid",
930:            "/proc/sys/crypto/fips_enabled",
945:        // If path is Ok, it means dest_path is under /proc.
946:        // - Ok(p) with p.is_empty(): mount target is exactly /proc.
948:        // - Ok(p) with !p.is_empty(): mount target is under /proc.
950:        // - Err: not under /proc, so no further checks are needed
986:                // Here dest is definitely under /proc. Do not allow those,
997:                        format!("{} is not a valid mount under /proc", dest.display()).into(),
1589:                mount_point: PathBuf::from("/proc"),
1617:            .destination(PathBuf::from("/proc"))
1634:            .destination(PathBuf::from("/proc/uptime"))
1651:            .destination(PathBuf::from("/proc/custom"))
1661:    fn setup_mount_proc_fails_if_destination_is_symlink() -> Result<()> {

2026-07-25 17:16:01.828 | INFO     | metagpt.roles.di.role_zero:_act:292 - Commands: 
[{'command_name': 'Editor.read', 'args': {'path': '/home/aludy/scires/Cloud_Spec_Exp/external/worktrees/oci-metagpt-agentless-mini-rerun/metagpt/youki-3431/crates/youki/src/commands/exec.rs'}}, {'command_name': 'Editor.read', 'args': {'path': '/home/aludy/scires/Cloud_Spec_Exp/external/worktrees/oci-metagpt-agentless-mini-rerun/metagpt/youki-3431/crates/libcontainer/src/container/tenant_builder.rs'}}]
2026-07-25 17:16:01.847 | INFO     | metagpt.roles.di.role_zero:_act:294 - Commands outputs: 
Command Editor.read executed: file_path='/home/aludy/scires/Cloud_Spec_Exp/external/worktrees/oci-metagpt-agentless-mini-rerun/metagpt/youki-3431/crates/youki/src/commands/exec.rs' block_content='001|use std::path::PathBuf;\n002|\n003|use anyhow::Result;\n004|use libcontainer::container::builder::ContainerBuilder;\n005|use libcontainer::syscall::syscall::SyscallType;\n006|use liboci_cli::Exec;\n007|use nix::sys::wait::{WaitStatus, waitpid};\n008|\n009|use crate::workload::executor::default_executor;\n010|\n011|pub fn exec(args: Exec, root_path: PathBuf) -> Result<i32> {\n012|    // TODO: not all values from exec are used here. We need to support\n013|    // the remaining ones.\n014|    let user = args.user.map(|(u, _)| u);\n015|    let group = args.user.and_then(|(_, g)| g);\n016|\n017|    let pid = ContainerBuilder::new(args.container_id.clone(), SyscallType::default())\n018|        .with_executor(default_executor())\n019|        .with_root_path(root_path)?\n020|        .with_console_socket(args.console_socket.as_ref())\n021|        .with_pid_file(args.pid_file.as_ref())?\n022|        .validate_id()?\n023|        .as_tenant()\n024|        .with_detach(args.detach)\n025|        .with_cwd(args.cwd.as_ref())\n026|        .with_env(args.env.clone().into_iter().collect())\n027|        .with_process(args.process.as_ref())\n028|        .with_no_new_privs(args.no_new_privs)\n029|        .with_container_args(args.command.clone())\n030|        .with_additional_gids(args.additional_gids)\n031|        .with_user(user)\n032|        .with_group(group)\n033|        .build()?;\n034|\n035|    // See https://github.com/youki-dev/youki/pull/1252 for a detailed explanation\n036|    // basically, if there is any error in starting exec, the build above will return error\n037|    // however, if the process does start, and detach is given, we do not wait for it\n038|    // if not detached, then we wait for it using waitpid below\n039|    if args.detach {\n040|        return Ok(0);\n041|    }\n042|\n043|    match waitpid(pid, None)? {\n044|        WaitStatus::Exited(_, status) => Ok(status),\n045|        WaitStatus::Signaled(_, sig, _) => Ok(sig as i32),\n046|        _ => Ok(0),\n047|    }\n048|}\n'

Command Editor.read executed: file_path='/home/aludy/scires/Cloud_Spec_Exp/external/worktrees/oci-metagpt-agentless-mini-rerun/metagpt/youki-3431/crates/libcontainer/src/container/tenant_builder.rs' block_content='001|use std::collections::HashMap;\n002|use std::convert::TryFrom;\n003|use std::ffi::{OsStr, OsString};\n004|use std::fs;\n005|use std::io::BufReader;\n006|use std::os::fd::{AsRawFd, OwnedFd};\n007|use std::path::{Path, PathBuf};\n008|use std::rc::Rc;\n009|use std::str::FromStr;\n010|\n011|use caps::Capability;\n012|use nix::fcntl::OFlag;\n013|use nix::unistd::{Pid, pipe2, read};\n014|use oci_spec::runtime::{\n015|    Capabilities as SpecCapabilities, Capability as SpecCapability, LinuxBuilder,\n016|    LinuxCapabilities, LinuxCapabilitiesBuilder, LinuxNamespace, LinuxNamespaceBuilder,\n017|    LinuxNamespaceType, LinuxSchedulerPolicy, Process, ProcessBuilder, Spec, UserBuilder,\n018|};\n019|use procfs::process::Namespace;\n020|\n021|use super::Container;\n022|use super::builder::ContainerBuilder;\n023|use crate::capabilities::CapabilityExt;\n024|use crate::container::builder_impl::ContainerBuilderImpl;\n025|use crate::error::{ErrInvalidSpec, LibcontainerError, MissingSpecError};\n026|use crate::notify_socket::NotifySocket;\n027|use crate::process::args::ContainerType;\n028|use crate::syscall::syscall::create_syscall;\n029|use crate::user_ns::UserNamespaceConfig;\n030|use crate::{tty, utils};\n031|\n032|const NAMESPACE_TYPES: &[&str] = &["ipc", "uts", "net", "pid", "mnt", "cgroup"];\n033|const TENANT_NOTIFY: &str = "tenant-notify-";\n034|const TENANT_TTY: &str = "tenant-tty-";\n035|\n036|fn get_path_from_spec(spec: &Spec) -> Option<String> {\n037|    let process = match spec.process() {\n038|        Some(p) => p,\n039|        None => return None,\n040|    };\n041|    let env = match process.env() {\n042|        Some(e) => e,\n043|        None => return None,\n044|    };\n045|    // as per runtime spec, env vars should follow https://pubs.opengroup.org/onlinepubs/9699919799/basedefs/V1_chap08.html#tag_08_01\n046|    // and that specifies having multiple env with same name is undefined behaviour\n047|    // so we take the last occurrence of PATH as that is somewhat intuitional of last\n048|    // specified value overriding\n049|    env.iter()\n050|        .find(|e| e.starts_with("PATH"))\n051|        .iter()\n052|        .next_back()\n053|        .map(|s| s.to_string())\n054|}\n055|\n056|/// Builder that can be used to configure the properties of a process\n057|/// that will join an existing container sandbox\n058|pub struct TenantContainerBuilder {\n059|    base: ContainerBuilder,\n060|    env: HashMap<String, String>,\n061|    cwd: Option<PathBuf>,\n062|    args: Vec<String>,\n063|    no_new_privs: Option<bool>,\n064|    capabilities: Vec<String>,\n065|    process: Option<PathBuf>,\n066|    detached: bool,\n067|    as_sibling: bool,\n068|    additional_gids: Vec<u32>,\n069|    user: Option<u32>,\n070|    group: Option<u32>,\n071|}\n072|\n073|/// This is a helper function to get capabilities for tenant container, based on\n074|/// additional capabilities provided by user and capabilities of existing container\n075|/// extracted into separate function for easier testing\n076|fn get_capabilities(\n077|    additional: &[String],\n078|    spec: &Spec,\n079|) -> Result<LinuxCapabilities, LibcontainerError> {\n080|    let mut caps: Vec<Capability> = Vec::with_capacity(additional.len());\n081|    for cap in additional {\n082|        caps.push(Capability::from_str(cap)?);\n083|    }\n084|    let caps: SpecCapabilities = caps.iter().map(|c| SpecCapability::from_cap(*c)).collect();\n085|\n086|    if let Some(spec_caps) = spec\n087|        .process()\n088|        .as_ref()\n089|        .ok_or(MissingSpecError::Process)?\n090|        .capabilities()\n091|    {\n092|        let mut capabilities_builder = LinuxCapabilitiesBuilder::default();\n093|\n094|        let bounding: SpecCapabilities = match spec_caps.bounding() {\n095|            Some(bounding) => bounding.union(&caps).copied().collect(),\n096|            None => SpecCapabilities::new().union(&caps).copied().collect(),\n097|        };\n098|        capabilities_builder = capabilities_builder.bounding(bounding);\n099|\n100|        let effective: SpecCapabilities = match spec_caps.effective() {\n101|            Some(effective) => effective.union(&caps).copied().collect(),\n102|            None => SpecCapabilities::new().union(&caps).copied().collect(),\n103|        };\n104|        capabilities_builder = capabilities_builder.effective(effective);\n105|\n106|        let permitted: SpecCapabilities = match spec_caps.permitted() {\n107|            Some(permitted) => permitted.union(&caps).copied().collect(),\n108|            None => SpecCapabilities::new().union(&caps).copied().collect(),\n109|        };\n110|        capabilities_builder = capabilities_builder.permitted(permitted);\n111|\n112|        // ambient capabilities are only useful when inherent capabilities\n113|        // are set. Hence we check and set accordingly. Inherent capabilities\n114|        // are never set from user as that can lead to vulnerability like\n115|        // https://github.com/advisories/GHSA-f3fp-gc8g-vw66\n116|        // Hence, we follow runc\'s code and set things similarly.\n117|        let caps = if let Some(inheritable) = spec_caps.inheritable() {\n118|            let ambient: SpecCapabilities = match spec_caps.ambient() {\n119|                Some(ambient) => ambient.union(&caps).copied().collect(),\n120|                None => SpecCapabilities::new().union(&caps).copied().collect(),\n121|            };\n122|            capabilities_builder = capabilities_builder.ambient(ambient);\n123|            capabilities_builder = capabilities_builder.inheritable(inheritable.clone());\n124|            capabilities_builder.build()?\n125|        } else {\n126|            let mut caps = capabilities_builder.build()?;\n127|            // oci-spec-rs sets these to some default caps, so we reset them here\n128|            caps.set_inheritable(None);\n129|            caps.set_ambient(None);\n130|            caps\n131|        };\n132|\n133|        return Ok(caps);\n134|    }\n135|\n136|    // If there are no caps in original container\'s spec,\n137|    // we simply set given caps , excluding the inherent and ambient\n138|    let mut caps = LinuxCapabilitiesBuilder::default()\n139|        .bounding(caps.clone())\n140|        .effective(caps.clone())\n141|        .permitted(caps.clone())\n142|        .build()?;\n143|    caps.set_inheritable(None);\n144|    caps.set_ambient(None);\n145|    Ok(caps)\n146|}\n147|\n148|impl TenantContainerBuilder {\n149|    /// Generates the base configuration for a process that will join\n150|    /// an existing container sandbox from which configuration methods\n151|    /// can be chained\n152|    pub(super) fn new(builder: ContainerBuilder) -> Self {\n153|        Self {\n154|            base: builder,\n155|            env: HashMap::new(),\n156|            cwd: None,\n157|            args: Vec::new(),\n158|            no_new_privs: None,\n159|            capabilities: Vec::new(),\n160|            process: None,\n161|            detached: false,\n162|            as_sibling: false,\n163|            additional_gids: vec![],\n164|            user: None,\n165|            group: None,\n166|        }\n167|    }\n168|\n169|    /// Sets environment variables for the container\n170|    pub fn with_env(mut self, env: HashMap<String, String>) -> Self {\n171|        self.env = env;\n172|        self\n173|    }\n174|\n175|    /// Sets the working directory of the container\n176|    pub fn with_cwd<P: Into<PathBuf>>(mut self, path: Option<P>) -> Self {\n177|        self.cwd = path.map(|p| p.into());\n178|        self\n179|    }\n180|\n181|    /// Sets the command the container will be started with\n182|    pub fn with_container_args(mut self, args: Vec<String>) -> Self {\n183|        self.args = args;\n184|        self\n185|    }\n186|\n187|    pub fn with_no_new_privs(mut self, no_new_privs: bool) -> Self {\n188|        self.no_new_privs = Some(no_new_privs);\n189|        self\n190|    }\n191|\n192|    pub fn with_capabilities(mut self, capabilities: Vec<String>) -> Self {\n193|        self.capabilities = capabilities;\n194|        self\n195|    }\n196|\n197|    pub fn with_process<P: Into<PathBuf>>(mut self, path: Option<P>) -> Self {\n198|        self.process = path.map(|p| p.into());\n199|        self\n200|    }\n201|\n202|    /// Sets if the init process should be run as a child or a sibling of\n203|    /// the calling process\n204|    pub fn as_sibling(mut self, as_sibling: bool) -> Self {\n205|        self.as_sibling = as_sibling;\n206|        self\n207|    }\n208|\n209|    pub fn with_detach(mut self, detached: bool) -> Self {\n210|        self.detached = detached;\n211|        self\n212|    }\n213|\n214|    pub fn with_additional_gids(mut self, gids: Vec<u32>) -> Self {\n215|        self.additional_gids = gids;\n216|        self\n217|    }\n218|\n219|    pub fn with_user(mut self, user: Option<u32>) -> Self {\n220|        self.user = user;\n221|        self\n222|    }\n223|\n224|    pub fn with_group(mut self, group: Option<u32>) -> Self {\n225|        self.group = group;\n226|        self\n227|    }\n228|\n229|    /// Joins an existing container\n230|    pub fn build(self) -> Result<Pid, LibcontainerError> {\n231|        let container_dir = self.lookup_container_dir()?;\n232|        let container = self.load_container_state(container_dir.clone())?;\n233|        let mut spec = self.load_init_spec(&container)?;\n234|        self.adapt_spec_for_tenant(&mut spec, &container)?;\n235|\n236|        tracing::debug!("{:#?}", spec);\n237|\n238|        let notify_path = Self::setup_notify_listener(&container_dir)?;\n239|        // convert path of root file system of the container to absolute path\n240|        let rootfs = fs::canonicalize(spec.root().as_ref().ok_or(MissingSpecError::Root)?.path())\n241|            .map_err(LibcontainerError::OtherIO)?;\n242|\n243|        // if socket file path is given in commandline options,\n244|        // get file descriptors of console socket\n245|        let csocketfd = self.setup_tty_socket(&container_dir)?;\n246|\n247|        let use_systemd = self.should_use_systemd(&container);\n248|        let user_ns_config = UserNamespaceConfig::new(&spec)?;\n249|\n250|        let (read_end, write_end) =\n251|            pipe2(OFlag::O_CLOEXEC).map_err(LibcontainerError::OtherSyscall)?;\n252|\n253|        let mut builder_impl = ContainerBuilderImpl {\n254|            container_type: ContainerType::TenantContainer {\n255|                exec_notify_fd: write_end.as_raw_fd(),\n256|            },\n257|            syscall: self.base.syscall,\n258|            container_id: self.base.container_id,\n259|            pid_file: self.base.pid_file,\n260|            console_socket: csocketfd,\n261|            use_systemd,\n262|            spec: Rc::new(spec),\n263|            rootfs,\n264|            user_ns_config,\n265|            notify_path: notify_path.clone(),\n266|            container: None,\n267|            preserve_fds: self.base.preserve_fds,\n268|            detached: self.detached,\n269|            executor: self.base.executor,\n270|            no_pivot: false,\n271|            stdin: self.base.stdin,\n272|            stdout: self.base.stdout,\n273|            stderr: self.base.stderr,\n274|            as_sibling: self.as_sibling,\n275|        };\n276|\n277|        let pid = builder_impl.create()?;\n278|\n279|        let mut notify_socket = NotifySocket::new(notify_path);\n280|        notify_socket.notify_container_start()?;\n281|\n282|        // Explicitly close the write end of the pipe here to notify the\n283|        // `read_end` that the init process is able to move forward. Closing one\n284|        // end of the pipe will immediately signal the other end of the pipe,\n285|        // which we use in the init thread as a form of barrier.  `drop` is used\n286|        // here because `OwnedFd` supports it, so we don\'t have to use `close`\n287|        // here with `RawFd`.\n288|        drop(write_end);\n289|\n290|        let mut err_str_buf = Vec::new();\n291|\n292|        loop {\n293|            let mut buf = [0; 3];\n294|            match read(read_end.as_raw_fd(), &mut buf).map_err(LibcontainerError::OtherSyscall)? {\n295|                0 => {\n296|                    if err_str_buf.is_empty() {\n297|                        return Ok(pid);\n298|                    } else {\n299|                        return Err(LibcontainerError::Other(\n300|                            String::from_utf8_lossy(&err_str_buf).to_string(),\n301|                        ));\n302|                    }\n303|                }\n304|                _ => {\n305|                    err_str_buf.extend(buf);\n306|                }\n307|            }\n308|        }\n309|    }\n310|\n311|    fn lookup_container_dir(&self) -> Result<PathBuf, LibcontainerError> {\n312|        let container_dir = self.base.root_path.join(&self.base.container_id);\n313|        if !container_dir.exists() {\n314|            tracing::error!(?container_dir, ?self.base.container_id, "container dir does not exist");\n315|            return Err(LibcontainerError::NoDirectory);\n316|        }\n317|\n318|        Ok(container_dir)\n319|    }\n320|\n321|    fn load_init_spec(&self, container: &Container) -> Result<Spec, LibcontainerError> {\n322|        let spec_path = container.bundle().join("config.json");\n323|\n324|        let mut spec = Spec::load(&spec_path).map_err(|err| {\n325|            tracing::error!(path = ?spec_path, ?err, "failed to load spec");\n326|            err\n327|        })?;\n328|\n329|        Self::validate_spec(&spec)?;\n330|\n331|        spec.canonicalize_rootfs(container.bundle())?;\n332|        Ok(spec)\n333|    }\n334|\n335|    fn validate_spec(spec: &Spec) -> Result<(), LibcontainerError> {\n336|        let version = spec.version();\n337|        if !version.starts_with("1.") {\n338|            tracing::error!(\n339|                "runtime spec has incompatible version \'{}\'. Only 1.X.Y is supported",\n340|                spec.version()\n341|            );\n342|            Err(ErrInvalidSpec::UnsupportedVersion)?;\n343|        }\n344|\n345|        if let Some(process) = spec.process() {\n346|            if let Some(io_priority) = process.io_priority() {\n347|                let priority = io_priority.priority();\n348|                let iop_class_res = serde_json::to_string(&io_priority.class());\n349|                match iop_class_res {\n350|                    Ok(iop_class) => {\n351|                        if !(0..=7).contains(&priority) {\n352|                            tracing::error!(\n353|                                ?priority,\n354|                                "io priority \'{}\' not between 0 and 7 (inclusive), class \'{}\' not in (IO_PRIO_CLASS_RT,IO_PRIO_CLASS_BE,IO_PRIO_CLASS_IDLE)",\n355|                                priority,\n356|                                iop_class\n357|                            );\n358|                            Err(ErrInvalidSpec::IoPriority)?;\n359|                        }\n360|                    }\n361|                    Err(e) => {\n362|                        tracing::error!(?priority, ?e, "failed to parse io priority class");\n363|                        Err(ErrInvalidSpec::IoPriority)?;\n364|                    }\n365|                }\n366|            }\n367|\n368|            if let Some(sc) = process.scheduler() {\n369|                let policy = sc.policy();\n370|                if let Some(nice) = sc.nice() {\n371|                    // https://man7.org/linux/man-pages/man2/sched_setattr.2.html#top_of_page\n372|                    if (*policy == LinuxSchedulerPolicy::SchedBatch\n373|                        || *policy == LinuxSchedulerPolicy::SchedOther)\n374|                        && (*nice < -20 || *nice > 19)\n375|                    {\n376|                        tracing::error!(\n377|                            ?nice,\n378|                            "invalid scheduler.nice: \'{}\', must be within -20 to 19",\n379|                            nice\n380|                        );\n381|                        Err(ErrInvalidSpec::Scheduler)?;\n382|                    }\n383|                }\n384|                if let Some(priority) = sc.priority() {\n385|                    if *priority != 0\n386|                        && (*policy != LinuxSchedulerPolicy::SchedFifo\n387|                            && *policy != LinuxSchedulerPolicy::SchedRr)\n388|                    {\n389|                        tracing::error!(\n390|                            ?policy,\n391|                            "scheduler.priority can only be specified for SchedFIFO or SchedRR policy"\n392|                        );\n393|                        Err(ErrInvalidSpec::Scheduler)?;\n394|                    }\n395|                }\n396|                if *policy != LinuxSchedulerPolicy::SchedDeadline {\n397|                    if let Some(runtime) = sc.runtime() {\n398|                        if *runtime != 0 {\n399|                            tracing::error!(\n400|                                ?runtime,\n401|                                "scheduler runtime can only be specified for SchedDeadline policy"\n402|                            );\n403|                            Err(ErrInvalidSpec::Scheduler)?;\n404|                        }\n405|                    }\n406|                    if let Some(deadline) = sc.deadline() {\n407|                        if *deadline != 0 {\n408|                            tracing::error!(\n409|                                ?deadline,\n410|                                "scheduler deadline can only be specified for SchedDeadline policy"\n411|                            );\n412|                            Err(ErrInvalidSpec::Scheduler)?;\n413|                        }\n414|                    }\n415|                    if let Some(period) = sc.period() {\n416|                        if *period != 0 {\n417|                            tracing::error!(\n418|                                ?period,\n419|                                "scheduler period can only be specified for SchedDeadline policy"\n420|                            );\n421|                            Err(ErrInvalidSpec::Scheduler)?;\n422|                        }\n423|                    }\n424|                }\n425|            }\n426|        }\n427|\n428|        if let Some(mounts) = spec.mounts() {\n429|            utils::validate_mount_options(mounts)?;\n430|        }\n431|\n432|        let syscall = create_syscall();\n433|        utils::validate_spec_for_new_user_ns(spec, &*syscall)?;\n434|        utils::validate_spec_for_net_devices(spec, &*syscall)\n435|            .map_err(LibcontainerError::NetDevicesError)?;\n436|\n437|        Ok(())\n438|    }\n439|\n440|    fn load_container_state(&self, container_dir: PathBuf) -> Result<Container, LibcontainerError> {\n441|        let container = Container::load(container_dir)?;\n442|        if !container.can_exec() {\n443|            tracing::error!(status = ?container.status(), "cannot exec as container");\n444|            return Err(LibcontainerError::IncorrectStatus(container.status()));\n445|        }\n446|\n447|        Ok(container)\n448|    }\n449|\n450|    fn adapt_spec_for_tenant(\n451|        &self,\n452|        spec: &mut Spec,\n453|        container: &Container,\n454|    ) -> Result<(), LibcontainerError> {\n455|        let process = if let Some(process) = &self.process {\n456|            self.get_process(process)?\n457|        } else {\n458|            let original_path_env = get_path_from_spec(spec);\n459|            let mut process_builder = ProcessBuilder::default()\n460|                .args(self.get_args()?)\n461|                .env(self.get_environment(original_path_env));\n462|            if let Some(cwd) = self.get_working_dir()? {\n463|                process_builder = process_builder.cwd(cwd);\n464|            }\n465|\n466|            if let Some(process) = spec.process() {\n467|                if let Some(cpu_affinity) = process.exec_cpu_affinity() {\n468|                    process_builder = process_builder.exec_cpu_affinity(cpu_affinity.clone());\n469|                }\n470|            }\n471|\n472|            if let Some(no_new_priv) = self.get_no_new_privileges() {\n473|                process_builder = process_builder.no_new_privileges(no_new_priv);\n474|            }\n475|\n476|            let capabilities = get_capabilities(&self.capabilities, spec)?;\n477|            process_builder = process_builder.capabilities(capabilities);\n478|\n479|            let mut user_builder = UserBuilder::default();\n480|\n481|            if !self.additional_gids.is_empty() {\n482|                user_builder = user_builder.additional_gids(self.additional_gids.clone());\n483|            }\n484|\n485|            if let Some(uid) = self.user {\n486|                user_builder = user_builder.uid(uid);\n487|            }\n488|\n489|            if let Some(gid) = self.group {\n490|                user_builder = user_builder.gid(gid);\n491|            }\n492|\n493|            process_builder = process_builder.user(user_builder.build()?);\n494|\n495|            process_builder.build()?\n496|        };\n497|\n498|        let container_pid = container.pid().ok_or(LibcontainerError::Other(\n499|            "could not retrieve container init pid".into(),\n500|        ))?;\n501|\n502|        let init_process = procfs::process::Process::new(container_pid.as_raw())?;\n503|        let ns = self.get_namespaces(init_process.namespaces()?.0)?;\n504|\n505|        // it should never be the case that linux is not present in spec\n506|        let spec_linux = spec.linux().as_ref().unwrap();\n507|        let mut linux_builder = LinuxBuilder::default().namespaces(ns);\n508|\n509|        if let Some(cgroup_path) = spec_linux.cgroups_path() {\n510|            linux_builder = linux_builder.cgroups_path(cgroup_path.clone());\n511|        }\n512|\n513|        if let Some(personality) = spec_linux.personality() {\n514|            linux_builder = linux_builder.personality(personality.clone());\n515|        }\n516|\n517|        let linux = linux_builder.build()?;\n518|        spec.set_process(Some(process)).set_linux(Some(linux));\n519|\n520|        Ok(())\n521|    }\n522|\n523|    fn get_process(&self, process: &Path) -> Result<Process, LibcontainerError> {\n524|        if !process.exists() {\n525|            tracing::error!(?process, "process.json file does not exist");\n526|            return Err(LibcontainerError::Other(\n527|                "process.json file does not exist".into(),\n528|            ));\n529|        }\n530|\n531|        let process = utils::open(process).map_err(LibcontainerError::OtherIO)?;\n532|        let reader = BufReader::new(process);\n533|        let process_spec =\n534|            serde_json::from_reader(reader).map_err(LibcontainerError::OtherSerialization)?;\n535|        Ok(process_spec)\n536|    }\n537|\n538|    fn get_working_dir(&self) -> Result<Option<PathBuf>, LibcontainerError> {\n539|        if let Some(cwd) = &self.cwd {\n540|            if cwd.is_relative() {\n541|                tracing::error!(?cwd, "current working directory must be an absolute path");\n542|                return Err(LibcontainerError::Other(\n543|                    "current working directory must be an absolute path".into(),\n544|                ));\n545|            }\n546|            return Ok(Some(cwd.into()));\n547|        }\n548|        Ok(None)\n549|    }\n550|\n551|    fn get_args(&self) -> Result<Vec<String>, LibcontainerError> {\n552|        if self.args.is_empty() {\n553|            Err(MissingSpecError::Args)?;\n554|        }\n555|\n556|        Ok(self.args.clone())\n557|    }\n558|\n559|    fn get_environment(&self, path: Option<String>) -> Vec<String> {\n560|        let mut env_exists = false;\n561|        let mut env: Vec<String> = self\n562|            .env\n563|            .iter()\n564|            .map(|(k, v)| {\n565|                if k == "PATH" {\n566|                    env_exists = true;\n567|                }\n568|                format!("{k}={v}")\n569|            })\n570|            .collect();\n571|        // It is not possible in normal flow that path is None. The original container\n572|        // creation would have failed if path was absent. However we use Option\n573|        // just as a caution, and if neither exec cmd not original spec has PATH,\n574|        // the container creation will fail later which is ok\n575|        if let Some(p) = path {\n576|            if !env_exists {\n577|                env.push(p);\n578|            }\n579|        }\n580|        env\n581|    }\n582|\n583|    fn get_no_new_privileges(&self) -> Option<bool> {\n584|        self.no_new_privs\n585|    }\n586|\n587|    fn get_namespaces(\n588|        &self,\n589|        init_namespaces: HashMap<OsString, Namespace>,\n590|    ) -> Result<Vec<LinuxNamespace>, LibcontainerError> {\n591|        let mut tenant_namespaces = Vec::with_capacity(init_namespaces.len());\n592|\n593|        for &ns_type in NAMESPACE_TYPES {\n594|            if let Some(init_ns) = init_namespaces.get(OsStr::new(ns_type)) {\n595|                let tenant_ns = LinuxNamespaceType::try_from(ns_type)?;\n596|                tenant_namespaces.push(\n597|                    LinuxNamespaceBuilder::default()\n598|                        .typ(tenant_ns)\n599|                        .path(init_ns.path.clone())\n600|                        .build()?,\n601|                )\n602|            }\n603|        }\n604|\n605|        Ok(tenant_namespaces)\n606|    }\n607|\n608|    fn should_use_systemd(&self, container: &Container) -> bool {\n609|        container.systemd()\n610|    }\n611|\n612|    fn setup_notify_listener(container_dir: &Path) -> Result<PathBuf, LibcontainerError> {\n613|        let notify_name = Self::generate_name(container_dir, TENANT_NOTIFY);\n614|        let socket_path = container_dir.join(notify_name);\n615|\n616|        Ok(socket_path)\n617|    }\n618|\n619|    fn setup_tty_socket(&self, container_dir: &Path) -> Result<Option<OwnedFd>, LibcontainerError> {\n620|        let tty_name = Self::generate_name(container_dir, TENANT_TTY);\n621|        let csocketfd = if let Some(console_socket) = &self.base.console_socket {\n622|            Some(tty::setup_console_socket(\n623|                container_dir,\n624|                console_socket,\n625|                &tty_name,\n626|            )?)\n627|        } else {\n628|            None\n629|        };\n630|\n631|        Ok(csocketfd)\n632|    }\n633|\n634|    fn generate_name(dir: &Path, prefix: &str) -> String {\n635|        loop {\n636|            let rand = fastrand::i32(..);\n637|            let name = format!("{prefix}{rand:x}.sock");\n638|            if !dir.join(&name).exists() {\n639|                return name;\n640|            }\n641|        }\n642|    }\n643|}\n644|\n645|#[cfg(test)]\n646|mod test {\n647|\n648|    use caps::Capability as Cap;\n649|    use oci_spec::runtime::{\n650|        Capabilities, Capability as SpecCap, LinuxCapabilities, ProcessBuilder, Spec, SpecBuilder,\n651|    };\n652|\n653|    use super::{LibcontainerError, get_capabilities};\n654|    use crate::capabilities::CapabilityExt;\n655|\n656|    fn get_spec(caps: LinuxCapabilities) -> Spec {\n657|        SpecBuilder::default()\n658|            .process(\n659|                ProcessBuilder::default()\n660|                    .capabilities(caps)\n661|                    .build()\n662|                    .unwrap(),\n663|            )\n664|            .build()\n665|            .unwrap()\n666|    }\n667|\n668|    fn cap_to_string(caps: &[Cap]) -> Vec<String> {\n669|        caps.iter().map(|c| c.to_string()).collect()\n670|    }\n671|\n672|    fn caps_to_spec_set(caps: &[Cap]) -> Capabilities {\n673|        caps.iter().map(|c| SpecCap::from_cap(*c)).collect()\n674|    }\n675|\n676|    fn empty_caps() -> LinuxCapabilities {\n677|        let mut t = LinuxCapabilities::default();\n678|        t.set_effective(None)\n679|            .set_bounding(None)\n680|            .set_permitted(None)\n681|            .set_inheritable(None)\n682|            .set_ambient(None);\n683|        t\n684|    }\n685|\n686|    // if there are no existing capabilities, then tenant can only\n687|    // set effective, bounding and permitted caps ; not inheritable or ambient\n688|    #[test]\n689|    fn test_capabilities_no_existing() -> Result<(), LibcontainerError> {\n690|        let spec = get_spec(empty_caps());\n691|\n692|        let extra_caps = &[Cap::CAP_SYS_ADMIN, Cap::CAP_NET_ADMIN, Cap::CAP_AUDIT_READ];\n693|\n694|        let additional = cap_to_string(extra_caps);\n695|        let caps = get_capabilities(&additional, &spec)?;\n696|\n697|        let expected_caps = empty_caps()\n698|            .set_effective(Some(caps_to_spec_set(extra_caps)))\n699|            .set_bounding(Some(caps_to_spec_set(extra_caps)))\n700|            .set_permitted(Some(caps_to_spec_set(extra_caps)))\n701|            .clone();\n702|\n703|        assert_eq!(caps, expected_caps);\n704|        Ok(())\n705|    }\n706|\n707|    // If there are existing capabilities, but not inherent, then tenant should union\n708|    // existing and provided caps only for effective, bounding and permitted,\n709|    // inherent and ambient should be explicitly None\n710|    #[test]\n711|    fn test_capabilities_with_existing() -> Result<(), LibcontainerError> {\n712|        let existing_caps = &[Cap::CAP_SYS_ADMIN, Cap::CAP_BPF, Cap::CAP_MKNOD];\n713|\n714|        let existing = LinuxCapabilities::default()\n715|            .set_effective(Some(caps_to_spec_set(existing_caps)))\n716|            .set_bounding(Some(caps_to_spec_set(existing_caps)))\n717|            .set_permitted(Some(caps_to_spec_set(existing_caps)))\n718|            .set_inheritable(None)\n719|            .set_ambient(None)\n720|            .clone();\n721|\n722|        let spec = get_spec(existing);\n723|\n724|        let extra_caps = &[Cap::CAP_SYS_ADMIN, Cap::CAP_NET_ADMIN, Cap::CAP_AUDIT_READ];\n725|\n726|        let additional = cap_to_string(extra_caps);\n727|        let caps = get_capabilities(&additional, &spec)?;\n728|\n729|        let mut combined_caps = existing_caps.to_vec();\n730|        combined_caps.extend(extra_caps);\n731|        let expected_caps = empty_caps()\n732|            .set_effective(Some(caps_to_spec_set(&combined_caps)))\n733|            .set_bounding(Some(caps_to_spec_set(&combined_caps)))\n734|            .set_permitted(Some(caps_to_spec_set(&combined_caps)))\n735|            .clone();\n736|\n737|        assert_eq!(caps, expected_caps);\n738|        Ok(())\n739|    }\n740|\n741|    // we check that if inherent capabilities are present, ambient are set correctly\n742|    #[test]\n743|    fn test_capabilities_with_existing_inherent() -> Result<(), LibcontainerError> {\n744|        let existing_caps = &[Cap::CAP_SYS_ADMIN, Cap::CAP_BPF, Cap::CAP_MKNOD];\n745|        let extra_caps = &[Cap::CAP_SYS_ADMIN, Cap::CAP_NET_ADMIN, Cap::CAP_AUDIT_READ];\n746|\n747|        let mut combined_caps = existing_caps.to_vec();\n748|        combined_caps.extend(extra_caps);\n749|\n750|        // case 1 :  when inheritable are there, but no ambient\n751|\n752|        let existing = LinuxCapabilities::default()\n753|            .set_effective(Some(caps_to_spec_set(existing_caps)))\n754|            .set_bounding(Some(caps_to_spec_set(existing_caps)))\n755|            .set_permitted(Some(caps_to_spec_set(existing_caps)))\n756|            .set_inheritable(Some(caps_to_spec_set(existing_caps)))\n757|            .set_ambient(None)\n758|            .clone();\n759|        let spec = get_spec(existing);\n760|        let additional = cap_to_string(extra_caps);\n761|        let caps = get_capabilities(&additional, &spec)?;\n762|        let expected_caps = empty_caps()\n763|            .set_effective(Some(caps_to_spec_set(&combined_caps)))\n764|            .set_bounding(Some(caps_to_spec_set(&combined_caps)))\n765|            .set_permitted(Some(caps_to_spec_set(&combined_caps)))\n766|            // inheritable must not change\n767|            .set_inheritable(Some(caps_to_spec_set(existing_caps)))\n768|            // as there were no existing ambient, only extra will be set\n769|            .set_ambient(Some(caps_to_spec_set(extra_caps)))\n770|            .clone();\n771|        assert_eq!(caps, expected_caps);\n772|\n773|        // case 2 :  when inheritable and ambient both are present\n774|\n775|        let existing = LinuxCapabilities::default()\n776|            .set_effective(Some(caps_to_spec_set(existing_caps)))\n777|            .set_bounding(Some(caps_to_spec_set(existing_caps)))\n778|            .set_permitted(Some(caps_to_spec_set(existing_caps)))\n779|            .set_inheritable(Some(caps_to_spec_set(existing_caps)))\n780|            .set_ambient(Some(caps_to_spec_set(existing_caps)))\n781|            .clone();\n782|        let spec = get_spec(existing);\n783|        let additional = cap_to_string(extra_caps);\n784|        let caps = get_capabilities(&additional, &spec)?;\n785|        let expected_caps = empty_caps()\n786|            .set_effective(Some(caps_to_spec_set(&combined_caps)))\n787|            .set_bounding(Some(caps_to_spec_set(&combined_caps)))\n788|            .set_permitted(Some(caps_to_spec_set(&combined_caps)))\n789|            // inheritable must not change\n790|            .set_inheritable(Some(caps_to_spec_set(existing_caps)))\n791|            .set_ambient(Some(caps_to_spec_set(&combined_caps)))\n792|            .clone();\n793|        assert_eq!(caps, expected_caps);\n794|\n795|        Ok(())\n796|    }\n797|}\n'
2026-07-25 17:16:07.751 | INFO     | metagpt.roles.di.role_zero:_act:292 - Commands: 
[{'command_name': 'Editor.read', 'args': {'path': '/home/aludy/scires/Cloud_Spec_Exp/external/worktrees/oci-metagpt-agentless-mini-rerun/metagpt/youki-3431/crates/libcontainer/src/container/builder_impl.rs'}}, {'command_name': 'Editor.read', 'args': {'path': '/home/aludy/scires/Cloud_Spec_Exp/external/worktrees/oci-metagpt-agentless-mini-rerun/metagpt/youki-3431/crates/libcontainer/src/process/container_intermediate_process.rs'}}]
2026-07-25 17:16:07.772 | INFO     | metagpt.roles.di.role_zero:_act:294 - Commands outputs: 
Command Editor.read executed: file_path='/home/aludy/scires/Cloud_Spec_Exp/external/worktrees/oci-metagpt-agentless-mini-rerun/metagpt/youki-3431/crates/libcontainer/src/container/builder_impl.rs' block_content='001|use std::fs;\n002|use std::io::Write;\n003|use std::os::fd::{AsRawFd, OwnedFd};\n004|use std::path::PathBuf;\n005|use std::rc::Rc;\n006|\n007|use libcgroups::common::CgroupManager;\n008|use nix::unistd::Pid;\n009|use oci_spec::runtime::Spec;\n010|\n011|use super::{Container, ContainerStatus};\n012|use crate::error::{CreateContainerError, LibcontainerError, MissingSpecError};\n013|use crate::notify_socket::NotifyListener;\n014|use crate::process::args::{ContainerArgs, ContainerType};\n015|use crate::process::intel_rdt::delete_resctrl_subdirectory;\n016|use crate::process::{self};\n017|use crate::syscall::syscall::SyscallType;\n018|use crate::user_ns::UserNamespaceConfig;\n019|use crate::utils;\n020|use crate::workload::Executor;\n021|\n022|pub(super) struct ContainerBuilderImpl {\n023|    /// Flag indicating if an init or a tenant container should be created\n024|    pub container_type: ContainerType,\n025|    /// Interface to operating system primitives\n026|    pub syscall: SyscallType,\n027|    /// Flag indicating if systemd should be used for cgroup management\n028|    pub use_systemd: bool,\n029|    /// Id of the container\n030|    pub container_id: String,\n031|    /// OCI compliant runtime spec\n032|    pub spec: Rc<Spec>,\n033|    /// Root filesystem of the container\n034|    pub rootfs: PathBuf,\n035|    /// File which will be used to communicate the pid of the\n036|    /// container process to the higher level runtime\n037|    pub pid_file: Option<PathBuf>,\n038|    /// Socket to communicate the file descriptor of the ptty\n039|    pub console_socket: Option<OwnedFd>,\n040|    /// Options for new user namespace\n041|    pub user_ns_config: Option<UserNamespaceConfig>,\n042|    /// Path to the Unix Domain Socket to communicate container start\n043|    pub notify_path: PathBuf,\n044|    /// Container state\n045|    pub container: Option<Container>,\n046|    /// File descriptos preserved/passed to the container init process.\n047|    pub preserve_fds: i32,\n048|    /// If the container is to be run in detached mode\n049|    pub detached: bool,\n050|    /// Default executes the specified execution of a generic command\n051|    pub executor: Box<dyn Executor>,\n052|    /// If do not use pivot root to jail process inside rootfs\n053|    pub no_pivot: bool,\n054|    // RawFd set to stdin of the container init process.\n055|    pub stdin: Option<OwnedFd>,\n056|    // RawFd set to stdout of the container init process.\n057|    pub stdout: Option<OwnedFd>,\n058|    // RawFd set to stderr of the container init process.\n059|    pub stderr: Option<OwnedFd>,\n060|    // Indicate if the init process should be a sibling of the main process.\n061|    pub as_sibling: bool,\n062|}\n063|\n064|impl ContainerBuilderImpl {\n065|    pub(super) fn create(&mut self) -> Result<Pid, LibcontainerError> {\n066|        match self.run_container() {\n067|            Ok(pid) => Ok(pid),\n068|            Err(outer) => {\n069|                // Only the init container should be cleaned up in the case of\n070|                // an error.\n071|                let cleanup_err = if self.is_init_container() {\n072|                    self.cleanup_container().err()\n073|                } else {\n074|                    None\n075|                };\n076|\n077|                Err(CreateContainerError::new(outer, cleanup_err).into())\n078|            }\n079|        }\n080|    }\n081|\n082|    fn is_init_container(&self) -> bool {\n083|        matches!(self.container_type, ContainerType::InitContainer)\n084|    }\n085|\n086|    fn run_container(&mut self) -> Result<Pid, LibcontainerError> {\n087|        let linux = self.spec.linux().as_ref().ok_or(MissingSpecError::Linux)?;\n088|        let cgroups_path = utils::get_cgroup_path(linux.cgroups_path(), &self.container_id);\n089|        let cgroup_config = libcgroups::common::CgroupConfig {\n090|            cgroup_path: cgroups_path,\n091|            systemd_cgroup: self.use_systemd || self.user_ns_config.is_some(),\n092|            container_name: self.container_id.to_owned(),\n093|        };\n094|        let process = self\n095|            .spec\n096|            .process()\n097|            .as_ref()\n098|            .ok_or(MissingSpecError::Process)?;\n099|\n100|        // Need to create the notify socket before we pivot root, since the unix\n101|        // domain socket used here is outside of the rootfs of container. During\n102|        // exec, need to create the socket before we enter into existing mount\n103|        // namespace. We also need to create to socket before entering into the\n104|        // user namespace in the case that the path is located in paths only\n105|        // root can access.\n106|        let notify_listener = NotifyListener::new(&self.notify_path)?;\n107|\n108|        // If Out-of-memory score adjustment is set in specification.  set the score\n109|        // value for the current process check\n110|        // https://dev.to/rrampage/surviving-the-linux-oom-killer-2ki9 for some more\n111|        // information.\n112|        //\n113|        // This has to be done before !dumpable because /proc/self/oom_score_adj\n114|        // is not writeable unless you\'re an privileged user (if !dumpable is\n115|        // set). All children inherit their parent\'s oom_score_adj value on\n116|        // fork(2) so this will always be propagated properly.\n117|        if let Some(oom_score_adj) = process.oom_score_adj() {\n118|            tracing::debug!("Set OOM score to {}", oom_score_adj);\n119|            let mut f = fs::File::create("/proc/self/oom_score_adj").map_err(|err| {\n120|                tracing::error!("failed to open /proc/self/oom_score_adj: {}", err);\n121|                LibcontainerError::OtherIO(err)\n122|            })?;\n123|            f.write_all(oom_score_adj.to_string().as_bytes())\n124|                .map_err(|err| {\n125|                    tracing::error!("failed to write to /proc/self/oom_score_adj: {}", err);\n126|                    LibcontainerError::OtherIO(err)\n127|                })?;\n128|        }\n129|\n130|        // Make the process non-dumpable, to avoid various race conditions that\n131|        // could cause processes in namespaces we\'re joining to access host\n132|        // resources (or potentially execute code).\n133|        //\n134|        // However, if the number of namespaces we are joining is 0, we are not\n135|        // going to be switching to a different security context. Thus setting\n136|        // ourselves to be non-dumpable only breaks things (like rootless\n137|        // containers), which is the recommendation from the kernel folks.\n138|        if linux.namespaces().is_some() {\n139|            prctl::set_dumpable(false).map_err(|e| {\n140|                LibcontainerError::Other(format!(\n141|                    "error in setting dumpable to false : {}",\n142|                    nix::errno::Errno::from_raw(e)\n143|                ))\n144|            })?;\n145|        }\n146|\n147|        // This container_args will be passed to the container processes,\n148|        // therefore we will have to move all the variable by value. Since self\n149|        // is a shared reference, we have to clone these variables here.\n150|        let container_args = ContainerArgs {\n151|            container_type: self.container_type,\n152|            syscall: self.syscall,\n153|            spec: Rc::clone(&self.spec),\n154|            rootfs: self.rootfs.to_owned(),\n155|            console_socket: self.console_socket.as_ref().map(|c| c.as_raw_fd()),\n156|            notify_listener,\n157|            preserve_fds: self.preserve_fds,\n158|            container: self.container.to_owned(),\n159|            user_ns_config: self.user_ns_config.to_owned(),\n160|            cgroup_config,\n161|            detached: self.detached,\n162|            executor: self.executor.clone(),\n163|            no_pivot: self.no_pivot,\n164|            stdin: self.stdin.as_ref().map(|x| x.as_raw_fd()),\n165|            stdout: self.stdout.as_ref().map(|x| x.as_raw_fd()),\n166|            stderr: self.stderr.as_ref().map(|x| x.as_raw_fd()),\n167|            as_sibling: self.as_sibling,\n168|            pid_file: self.pid_file.to_owned(),\n169|        };\n170|\n171|        let (init_pid, need_to_clean_up_intel_rdt_dir) =\n172|            process::container_main_process::container_main_process(&container_args).map_err(\n173|                |err| {\n174|                    tracing::error!("failed to run container process {}", err);\n175|                    LibcontainerError::MainProcess(err)\n176|                },\n177|            )?;\n178|\n179|        if let Some(container) = &mut self.container {\n180|            // update status and pid of the container process\n181|            container\n182|                .set_status(ContainerStatus::Created)\n183|                .set_creator(nix::unistd::geteuid().as_raw())\n184|                .set_pid(init_pid.as_raw())\n185|                .set_clean_up_intel_rdt_directory(need_to_clean_up_intel_rdt_dir)\n186|                .save()?;\n187|        }\n188|\n189|        Ok(init_pid)\n190|    }\n191|\n192|    fn cleanup_container(&self) -> Result<(), LibcontainerError> {\n193|        let linux = self.spec.linux().as_ref().ok_or(MissingSpecError::Linux)?;\n194|        let cgroups_path = utils::get_cgroup_path(linux.cgroups_path(), &self.container_id);\n195|        let cmanager =\n196|            libcgroups::common::create_cgroup_manager(libcgroups::common::CgroupConfig {\n197|                cgroup_path: cgroups_path,\n198|                systemd_cgroup: self.use_systemd || self.user_ns_config.is_some(),\n199|                container_name: self.container_id.to_string(),\n200|            })?;\n201|\n202|        let mut errors = Vec::new();\n203|\n204|        if let Err(e) = cmanager.remove() {\n205|            tracing::error!(error = ?e, "failed to remove cgroup manager");\n206|            errors.push(e.to_string());\n207|        }\n208|\n209|        if let Some(container) = &self.container {\n210|            if let Some(true) = container.clean_up_intel_rdt_subdirectory() {\n211|                if let Err(e) = delete_resctrl_subdirectory(container.id()) {\n212|                    tracing::error!(id = ?container.id(), error = ?e, "failed to delete resctrl subdirectory");\n213|                    errors.push(e.to_string());\n214|                }\n215|            }\n216|\n217|            if container.root.exists() {\n218|                if let Err(e) = fs::remove_dir_all(&container.root) {\n219|                    tracing::error!(container_root = ?container.root, error = ?e, "failed to delete container root");\n220|                    errors.push(e.to_string());\n221|                }\n222|            }\n223|        }\n224|\n225|        if !errors.is_empty() {\n226|            return Err(LibcontainerError::Other(format!(\n227|                "failed to cleanup container: {}",\n228|                errors.join(";")\n229|            )));\n230|        }\n231|\n232|        Ok(())\n233|    }\n234|}\n'

Command Editor.read executed: file_path='/home/aludy/scires/Cloud_Spec_Exp/external/worktrees/oci-metagpt-agentless-mini-rerun/metagpt/youki-3431/crates/libcontainer/src/process/container_intermediate_process.rs' block_content='001|use std::os::fd::FromRawFd;\n002|\n003|use libcgroups::common::CgroupManager;\n004|use nix::unistd::{Gid, Pid, Uid, close, getpid, write};\n005|use oci_spec::runtime::{LinuxNamespace, LinuxNamespaceType, LinuxResources};\n006|\n007|use super::args::{ContainerArgs, ContainerType};\n008|use super::channel::{IntermediateReceiver, MainSender};\n009|use super::fork::CloneCb;\n010|use super::init::process as init_process;\n011|use crate::error::MissingSpecError;\n012|use crate::namespaces::Namespaces;\n013|use crate::process::{channel, cpu_affinity, fork};\n014|\n015|#[derive(Debug, thiserror::Error)]\n016|pub enum IntermediateProcessError {\n017|    #[error(transparent)]\n018|    Channel(#[from] channel::ChannelError),\n019|    #[error(transparent)]\n020|    Namespace(#[from] crate::namespaces::NamespaceError),\n021|    #[error(transparent)]\n022|    Syscall(#[from] crate::syscall::SyscallError),\n023|    #[error("failed to launch init process")]\n024|    InitProcess(#[source] fork::CloneError),\n025|    #[error("cgroup error: {0}")]\n026|    Cgroup(String),\n027|    #[error(transparent)]\n028|    Procfs(#[from] procfs::ProcError),\n029|    #[error("exec notify failed")]\n030|    ExecNotify(#[source] nix::Error),\n031|    #[error(transparent)]\n032|    MissingSpec(#[from] crate::error::MissingSpecError),\n033|    #[error("CPU affinity error {0}")]\n034|    CpuAffinity(#[from] cpu_affinity::CPUAffinityError),\n035|    #[error("other error")]\n036|    Other(String),\n037|}\n038|\n039|type Result<T> = std::result::Result<T, IntermediateProcessError>;\n040|\n041|pub fn container_intermediate_process(\n042|    args: &ContainerArgs,\n043|    intermediate_chan: &mut (channel::IntermediateSender, channel::IntermediateReceiver),\n044|    init_chan: &mut (channel::InitSender, channel::InitReceiver),\n045|    main_sender: &mut channel::MainSender,\n046|) -> Result<()> {\n047|    let (inter_sender, inter_receiver) = intermediate_chan;\n048|    let (init_sender, init_receiver) = init_chan;\n049|    let command = args.syscall.create_syscall();\n050|    let spec = &args.spec;\n051|    let linux = spec.linux().as_ref().ok_or(MissingSpecError::Linux)?;\n052|    let namespaces = Namespaces::try_from(linux.namespaces().as_ref())?;\n053|    let cgroup_manager = libcgroups::common::create_cgroup_manager(args.cgroup_config.to_owned())\n054|        .map_err(|e| IntermediateProcessError::Cgroup(e.to_string()))?;\n055|\n056|    let current_pid = Pid::this();\n057|    // setting CPU affinity for tenant container before cgroup move\n058|    if matches!(args.container_type, ContainerType::TenantContainer { .. }) {\n059|        if let Some(exec_cpu_affinity) = spec\n060|            .process()\n061|            .as_ref()\n062|            .and_then(|p| p.exec_cpu_affinity().as_ref())\n063|        {\n064|            if let Some(initial) = exec_cpu_affinity.initial() {\n065|                cpu_affinity::set_cpuset_affinity_from_string(current_pid, initial)?;\n066|            }\n067|        }\n068|    }\n069|    let _ = cpu_affinity::log_cpu_affinity();\n070|\n071|    // this needs to be done before we create the init process, so that the init\n072|    // process will already be captured by the cgroup. It also needs to be done\n073|    // before we enter the user namespace because if a privileged user starts a\n074|    // rootless container on a cgroup v1 system we can still fulfill resource\n075|    // restrictions through the cgroup fs support (delegation through systemd is\n076|    // not supported for v1 by us). This only works if the user has not yet been\n077|    // mapped to an unprivileged user by the user namespace however.\n078|    // In addition this needs to be done before we enter the cgroup namespace as\n079|    // the cgroup of the process will form the root of the cgroup hierarchy in\n080|    // the cgroup namespace.\n081|    apply_cgroups(\n082|        &cgroup_manager,\n083|        linux.resources().as_ref(),\n084|        matches!(args.container_type, ContainerType::InitContainer),\n085|    )?;\n086|\n087|    // setting CPU affinity for tenant container after cgroup move\n088|    if matches!(args.container_type, ContainerType::TenantContainer { .. }) {\n089|        if let Some(exec_cpu_affinity) = spec\n090|            .process()\n091|            .as_ref()\n092|            .and_then(|p| p.exec_cpu_affinity().as_ref())\n093|        {\n094|            if let Some(cpu_affinity_final) = exec_cpu_affinity.cpu_affinity_final() {\n095|                cpu_affinity::set_cpuset_affinity_from_string(current_pid, cpu_affinity_final)?;\n096|            }\n097|        }\n098|    }\n099|\n100|    // if new user is specified in specification, this will be true and new\n101|    // namespace will be created, check\n102|    // https://man7.org/linux/man-pages/man7/user_namespaces.7.html for more\n103|    // information\n104|    if let Some(user_namespace) = namespaces.get(LinuxNamespaceType::User)? {\n105|        setup_userns(&namespaces, user_namespace, main_sender, inter_receiver)?;\n106|\n107|        // After UID and GID mapping is configured correctly in the Youki main\n108|        // process, We want to make sure continue as the root user inside the\n109|        // new user namespace. This is required because the process of\n110|        // configuring the container process will require root, even though the\n111|        // root in the user namespace likely is mapped to an non-privileged user\n112|        // on the parent user namespace.\n113|        command.set_id(Uid::from_raw(0), Gid::from_raw(0))?;\n114|    }\n115|\n116|    // set limits and namespaces to the process\n117|    let proc = spec.process().as_ref().ok_or(MissingSpecError::Process)?;\n118|    if let Some(rlimits) = proc.rlimits() {\n119|        for rlimit in rlimits {\n120|            command.set_rlimit(rlimit).map_err(|err| {\n121|                tracing::error!(?err, ?rlimit, "failed to set rlimit");\n122|                err\n123|            })?;\n124|        }\n125|    }\n126|\n127|    // Pid namespace requires an extra fork to enter, so we enter pid namespace now.\n128|    if let Some(pid_namespace) = namespaces.get(LinuxNamespaceType::Pid)? {\n129|        namespaces.unshare_or_setns(pid_namespace)?;\n130|    }\n131|\n132|    let cb: CloneCb = {\n133|        Box::new(|| {\n134|            if let Err(ret) = prctl::set_name("youki:[2:INIT]") {\n135|                tracing::error!(?ret, "failed to set name for child process");\n136|                return ret;\n137|            }\n138|\n139|            // We are inside the forked process here. The first thing we have to do\n140|            // is to close any unused senders, since fork will make a dup for all\n141|            // the socket.\n142|            if let Err(err) = init_sender.close() {\n143|                tracing::error!(?err, "failed to close receiver in init process");\n144|                return -1;\n145|            }\n146|            if let Err(err) = inter_sender.close() {\n147|                tracing::error!(?err, "failed to close sender in the intermediate process");\n148|                return -1;\n149|            }\n150|            match init_process::container_init_process(args, main_sender, init_receiver) {\n151|                Ok(_) => 0,\n152|                Err(e) => {\n153|                    tracing::error!("failed to initialize container process: {e}");\n154|                    if let Err(err) = main_sender.exec_failed(e.to_string()) {\n155|                        tracing::error!(?err, "failed sending error to main sender");\n156|                    }\n157|                    if let ContainerType::TenantContainer { exec_notify_fd } = args.container_type {\n158|                        let buf = format!("{e}");\n159|                        let exec_notify_fd =\n160|                            unsafe { std::os::fd::OwnedFd::from_raw_fd(exec_notify_fd) };\n161|                        if let Err(err) = write(&exec_notify_fd, buf.as_bytes()) {\n162|                            tracing::error!(?err, "failed to write to exec notify fd");\n163|                        }\n164|\n165|                        // After sending the error through the exec_notify_fd,\n166|                        // we need to explicitly close the pipe.\n167|                        drop(exec_notify_fd);\n168|                    }\n169|                    -1\n170|                }\n171|            }\n172|        })\n173|    };\n174|\n175|    // We have to record the pid of the init process. The init process will be\n176|    // inside the pid namespace, so we can\'t rely on the init process to send us\n177|    // the correct pid. We also want to clone the init process as a sibling\n178|    // process to the intermediate process. The intermediate process is only\n179|    // used as a jumping board to set the init process to the correct\n180|    // configuration. The youki main process can decide what to do with the init\n181|    // process and the intermediate process can just exit safely after the job\n182|    // is done.\n183|    let pid = fork::container_clone_sibling(cb).map_err(|err| {\n184|        tracing::error!("failed to fork init process: {}", err);\n185|        IntermediateProcessError::InitProcess(err)\n186|    })?;\n187|\n188|    // Close the exec_notify_fd in this process\n189|    if let ContainerType::TenantContainer { exec_notify_fd } = args.container_type {\n190|        close(exec_notify_fd).map_err(|err| {\n191|            tracing::error!("failed to close exec notify fd: {}", err);\n192|            IntermediateProcessError::ExecNotify(err)\n193|        })?;\n194|    }\n195|\n196|    main_sender.intermediate_ready(pid).map_err(|err| {\n197|        tracing::error!("failed to wait on intermediate process: {}", err);\n198|        err\n199|    })?;\n200|\n201|    // Close unused senders here so we don\'t have lingering socket around.\n202|    main_sender.close().map_err(|err| {\n203|        tracing::error!("failed to close unused main sender: {}", err);\n204|        err\n205|    })?;\n206|    inter_sender.close().map_err(|err| {\n207|        tracing::error!(\n208|            "failed to close sender in the intermediate process: {}",\n209|            err\n210|        );\n211|        err\n212|    })?;\n213|    init_sender.close().map_err(|err| {\n214|        tracing::error!("failed to close unused init sender: {}", err);\n215|        err\n216|    })?;\n217|\n218|    Ok(())\n219|}\n220|\n221|fn setup_userns(\n222|    namespaces: &Namespaces,\n223|    user_namespace: &LinuxNamespace,\n224|    sender: &mut MainSender,\n225|    receiver: &mut IntermediateReceiver,\n226|) -> Result<()> {\n227|    namespaces.unshare_or_setns(user_namespace)?;\n228|    if user_namespace.path().is_some() {\n229|        return Ok(());\n230|    }\n231|\n232|    tracing::debug!("creating new user namespace");\n233|    // child needs to be dumpable, otherwise the non root parent is not\n234|    // allowed to write the uid/gid maps\n235|    prctl::set_dumpable(true).map_err(|e| {\n236|        IntermediateProcessError::Other(format!(\n237|            "error in setting dumpable to true : {}",\n238|            nix::errno::Errno::from_raw(e)\n239|        ))\n240|    })?;\n241|    sender.identifier_mapping_request().map_err(|err| {\n242|        tracing::error!("failed to send id mapping request: {}", err);\n243|        err\n244|    })?;\n245|    receiver.wait_for_mapping_ack().map_err(|err| {\n246|        tracing::error!("failed to receive id mapping ack: {}", err);\n247|        err\n248|    })?;\n249|    prctl::set_dumpable(false).map_err(|e| {\n250|        IntermediateProcessError::Other(format!(\n251|            "error in setting dumplable to false : {}",\n252|            nix::errno::Errno::from_raw(e)\n253|        ))\n254|    })?;\n255|    Ok(())\n256|}\n257|\n258|fn apply_cgroups<\n259|    C: CgroupManager<Error = E> + ?Sized,\n260|    E: std::error::Error + Send + Sync + \'static,\n261|>(\n262|    cmanager: &C,\n263|    resources: Option<&LinuxResources>,\n264|    init: bool,\n265|) -> Result<()> {\n266|    let pid = getpid();\n267|    cmanager.add_task(pid).map_err(|err| {\n268|        tracing::error!(?pid, ?err, ?init, "failed to add task to cgroup");\n269|        IntermediateProcessError::Cgroup(err.to_string())\n270|    })?;\n271|\n272|    if let Some(resources) = resources {\n273|        if init {\n274|            let controller_opt = libcgroups::common::ControllerOpt {\n275|                resources,\n276|                freezer_state: None,\n277|                oom_score_adj: None,\n278|                disable_oom_killer: false,\n279|            };\n280|\n281|            cmanager.apply(&controller_opt).map_err(|err| {\n282|                tracing::error!(?pid, ?err, ?init, "failed to apply cgroup");\n283|                IntermediateProcessError::Cgroup(err.to_string())\n284|            })?;\n285|        }\n286|    }\n287|\n288|    Ok(())\n289|}\n290|\n291|#[cfg(test)]\n292|mod tests {\n293|    use anyhow::Result;\n294|    use libcgroups::test_manager::TestManager;\n295|    use nix::unistd::Pid;\n296|    use oci_spec::runtime::LinuxResources;\n297|    use procfs::process::Process;\n298|\n299|    use super::*;\n300|\n301|    #[test]\n302|    fn apply_cgroup_init() -> Result<()> {\n303|        // arrange\n304|        let cmanager = TestManager::default();\n305|        let resources = LinuxResources::default();\n306|\n307|        // act\n308|        apply_cgroups(&cmanager, Some(&resources), true)?;\n309|\n310|        // assert\n311|        assert!(cmanager.get_add_task_args().len() == 1);\n312|        assert_eq!(\n313|            cmanager.get_add_task_args()[0],\n314|            Pid::from_raw(Process::myself()?.pid())\n315|        );\n316|        assert!(cmanager.apply_called());\n317|        Ok(())\n318|    }\n319|\n320|    #[test]\n321|    fn apply_cgroup_tenant() -> Result<()> {\n322|        // arrange\n323|        let cmanager = TestManager::default();\n324|        let resources = LinuxResources::default();\n325|\n326|        // act\n327|        apply_cgroups(&cmanager, Some(&resources), false)?;\n328|\n329|        // assert\n330|        assert_eq!(\n331|            cmanager.get_add_task_args()[0],\n332|            Pid::from_raw(Process::myself()?.pid())\n333|        );\n334|        assert!(!cmanager.apply_called());\n335|        Ok(())\n336|    }\n337|\n338|    #[test]\n339|    fn apply_cgroup_no_resources() -> Result<()> {\n340|        // arrange\n341|        let cmanager = TestManager::default();\n342|\n343|        // act\n344|        apply_cgroups(&cmanager, None, true)?;\n345|        // assert\n346|        assert_eq!(\n347|            cmanager.get_add_task_args()[0],\n348|            Pid::from_raw(Process::myself()?.pid())\n349|        );\n350|        assert!(!cmanager.apply_called());\n351|        Ok(())\n352|    }\n353|}\n'
2026-07-25 17:16:11.145 | INFO     | metagpt.roles.di.role_zero:_act:292 - Commands: 
[{'command_name': 'Editor.read', 'args': {'path': '/home/aludy/scires/Cloud_Spec_Exp/external/worktrees/oci-metagpt-agentless-mini-rerun/metagpt/youki-3431/crates/libcontainer/src/process/init/process.rs'}}]
2026-07-25 17:16:11.146 | INFO     | metagpt.roles.di.role_zero:_act:294 - Commands outputs: 
Command Editor.read executed: file_path='/home/aludy/scires/Cloud_Spec_Exp/external/worktrees/oci-metagpt-agentless-mini-rerun/metagpt/youki-3431/crates/libcontainer/src/process/init/process.rs' block_content='The file is too large to read. Use `Editor.similarity_search` to read the file instead.'
2026-07-25 17:16:14.941 | INFO     | metagpt.roles.di.role_zero:_act:292 - Commands: 
[{'command_name': 'Editor.open_file', 'args': {'path': '/home/aludy/scires/Cloud_Spec_Exp/external/worktrees/oci-metagpt-agentless-mini-rerun/metagpt/youki-3431/crates/libcontainer/src/process/init/process.rs', 'line_number': 1, 'context_lines': 200}}]
2026-07-25 17:16:14.942 | INFO     | metagpt.roles.di.role_zero:_act:294 - Commands outputs: 
Command Editor.open_file executed: [File: /home/aludy/scires/Cloud_Spec_Exp/external/worktrees/oci-metagpt-agentless-mini-rerun/metagpt/youki-3431/crates/libcontainer/src/process/init/process.rs (1452 lines total)]
(this is the beginning of the file)
001|use std::collections::HashMap;
002|use std::io::{Read, Write};
003|use std::os::unix::io::AsRawFd;
004|use std::path::{Path, PathBuf};
005|use std::{env, fs, mem};
006|
007|use nc;
008|use nix::mount::{MntFlags, MsFlags};
009|use nix::sched::CloneFlags;
010|use nix::sys::stat::Mode;
011|use nix::unistd::{self, Gid, Uid, close, dup2, setsid};
012|use oci_spec::runtime::{
013|    IOPriorityClass, LinuxIOPriority, LinuxNamespaceType, LinuxNetDevice, LinuxPersonalityDomain,
014|    LinuxSchedulerFlag, LinuxSchedulerPolicy, Scheduler, Spec, User,
015|};
016|use pathrs::flags::OpenFlags;
017|use pathrs::procfs::{ProcfsBase, ProcfsHandle, ProcfsHandleBuilder};
018|
019|use super::Result;
020|use super::context::InitContext;
021|use super::error::InitProcessError;
022|use crate::config::PersonalityDomain;
023|use crate::error::MissingSpecError;
024|use crate::namespaces::Namespaces;
025|use crate::network::address::AddressClient;
026|use crate::network::link::LinkClient;
027|use crate::network::network_device::{resolve_device_name, setup_addresses_in_network_namespace};
028|use crate::network::wrapper::create_network_client;
029|use crate::process::args::{ContainerArgs, ContainerType};
030|use crate::process::{channel, memory_policy};
031|use crate::rootfs::RootFS;
032|use crate::rootfs::device::{open_device_fd, verify_dev_null};
033|#[cfg(feature = "libseccomp")]
034|use crate::seccomp;
035|use crate::syscall::{Syscall, SyscallError};
036|use crate::user_ns::UserNamespaceConfig;
037|use crate::{apparmor, capabilities, hooks, tty, utils};
038|
039|// Some variables are unused in the case where libseccomp feature is not enabled.
040|#[allow(unused_variables)]
041|pub fn container_init_process(
042|    args: &ContainerArgs,
043|    main_sender: &mut channel::MainSender,
044|    init_receiver: &mut channel::InitReceiver,
045|) -> Result<()> {
046|    let mut ctx = InitContext::try_from(args)?;
047|
048|    setsid().map_err(|err| {
049|        tracing::error!(?err, "failed to setsid to create a session");
050|        InitProcessError::NixOther(err)
051|    })?;
052|
053|    set_io_priority(ctx.syscall.as_ref(), ctx.process.io_priority())?;
054|
055|    setup_scheduler(ctx.process.scheduler())?;
056|
057|    memory_policy::setup_memory_policy(ctx.linux.memory_policy(), ctx.syscall.as_ref())?;
058|
059|    // If no console socket, set up stdio now
060|    if args.console_socket.is_none() {
061|        if let Some(stdin) = args.stdin {
062|            dup2(stdin, 0).map_err(InitProcessError::NixOther)?;
063|            close(stdin).map_err(InitProcessError::NixOther)?;
064|        }
065|        if let Some(stdout) = args.stdout {
066|            dup2(stdout, 1).map_err(InitProcessError::NixOther)?;
067|            close(stdout).map_err(InitProcessError::NixOther)?;
068|        }
069|        if let Some(stderr) = args.stderr {
070|            dup2(stderr, 2).map_err(InitProcessError::NixOther)?;
071|            close(stderr).map_err(InitProcessError::NixOther)?;
072|        }
073|    }
074|
075|    apply_rest_namespaces(&ctx.ns, ctx.spec, ctx.syscall.as_ref())?;
076|
077|    if let Some(true) = ctx.process.no_new_privileges() {
078|        let _ = prctl::set_no_new_privileges(true);
079|    }
080|
081|    if matches!(args.container_type, ContainerType::InitContainer) {
082|        let in_user_ns = utils::is_in_new_userns().map_err(InitProcessError::Io)?;
083|        let bind_service = ctx.ns.get(LinuxNamespaceType::User)?.is_some() || in_user_ns;
084|        let rootfs = RootFS::new();
085|        rootfs
086|            .prepare_rootfs(
087|                ctx.spec,
088|                ctx.rootfs,
089|                bind_service,
090|                ctx.ns.get(LinuxNamespaceType::Cgroup)?.is_some(),
091|            )
092|            .map_err(|err| {
093|                tracing::error!(?err, "failed to prepare rootfs");
094|                InitProcessError::RootFS(err)
095|            })?;
096|
097|        if let Some(hooks) = ctx.hooks {
098|            // send a request to the main process to run prestart and create_runtime hooks.
099|            // prestart and create_runtime hook needs to be called after the namespace setup, but
100|            // before pivot_root is called. This runs in the runtime(not container) namespaces.
101|            main_sender.hook_request()?;
102|            init_receiver.wait_for_hook_request_done()?;
103|
104|            // create_container hook needs to be called after the namespace setup, but
105|            // before pivot_root is called. This runs in the container namespaces.
106|            hooks::run_hooks(
107|                hooks.create_container().as_ref(),
108|                ctx.container.map(|c| &c.state),
109|                None,
110|                None,
111|            )
112|            .map_err(|err| {
113|                tracing::error!(?err, "failed to run create container hooks");
114|                InitProcessError::Hooks(err)
115|            })?;
116|        }
117|
118|        // Entering into the rootfs jail. If mount namespace is specified, then
119|        // we use pivot_root, but if we are on the host mount namespace, we will
120|        // use simple chroot. Scary things will happen if you try to pivot_root
121|        // in the host mount namespace...
122|        do_pivot_root(ctx.syscall.as_ref(), &ctx.ns, args.no_pivot, ctx.rootfs)?;
123|
124|        // As we have changed the root mount, from here on
125|        // logs are no longer visible in journalctl
126|        // so make sure that you bubble up any errors
127|        // and do not call unwrap() as any panics would not be correctly logged
128|        rootfs
129|            .adjust_root_mount_propagation(ctx.linux)
130|            .map_err(|err| {
131|                tracing::error!(?err, "failed to adjust root mount propagation");
132|                InitProcessError::RootFS(err)
133|            })?;
134|
135|        reopen_dev_null().map_err(|err| {
136|            tracing::error!(?err, "failed to reopen /dev/null");
137|            err
138|        })?;
139|
140|        if let Some(kernel_params) = ctx.linux.sysctl() {
141|            sysctl(kernel_params)?;
142|        }
143|    }
144|
145|    // Setup console AFTER reopen_dev_null (for init) or at start (for exec).
146|    // This follows runc's order:
147|    //   - standard_init_linux.go: setupConsole() is called after prepareRootfs()
148|    //     (which includes pivotRoot and reOpenDevNull)
149|    //   - setns_init_linux.go: setupConsole() is called early
150|    // mount=true for init (mount /dev/console), false for exec (already mounted)
151|    // See: https://github.com/opencontainers/runc/blob/v1.4.0/libcontainer/standard_init_linux.go
152|    // See: https://github.com/opencontainers/runc/blob/v1.4.0/libcontainer/setns_init_linux.go
153|    if let Some(csocketfd) = args.console_socket {
154|        let mount_console = matches!(args.container_type, ContainerType::InitContainer);
155|        tty::setup_console(ctx.syscall.as_ref(), csocketfd, mount_console).map_err(|err| {
156|            tracing::error!(?err, "failed to set up tty");
157|            InitProcessError::Tty(err)
158|        })?;
159|    }
160|
161|    if let Some(personality) = ctx.linux.personality() {
162|        if let Some(flags) = personality.flags() {
163|            if !flags.is_empty() {
164|                tracing::error!("personality flag has not supported at this time");
165|                return Err(InitProcessError::UnsupportedPersonalityFlag);
166|            }
167|        }
168|
169|        let domain = match personality.domain() {
170|            // https://github.com/opencontainers/runtime-spec/blob/main/config-linux.md#personality
171|            LinuxPersonalityDomain::PerLinux => PersonalityDomain::Linux,
172|            LinuxPersonalityDomain::PerLinux32 => PersonalityDomain::Linux32,
173|        };
174|
175|        ctx.syscall.personality(domain).map_err(|err| {
176|            tracing::error!(?err, "failed to set linux personality ");
177|            InitProcessError::SyscallOther(err)
178|        })?;
179|    }
180|
181|    if let Some(profile) = ctx.process.apparmor_profile() {
182|        apparmor::apply_profile(profile).map_err(|err| {
183|            tracing::error!(?err, "failed to apply apparmor profile");
184|            InitProcessError::AppArmor(err)
185|        })?;
186|    }
187|
188|    if ctx.rootfs_ro {
189|        ctx.syscall
190|            .mount(
191|                None,
192|                Path::new("/"),
193|                None,
194|                MsFlags::MS_RDONLY | MsFlags::MS_REMOUNT | MsFlags::MS_BIND,
195|                None,
196|            )
197|            .map_err(|err| {
198|                tracing::error!(?err, "failed to remount root `/` as readonly");
199|                InitProcessError::SyscallOther(err)
200|            })?;
(1252 more lines below)
2026-07-25 17:16:20.921 | INFO     | metagpt.roles.di.role_zero:_act:292 - Commands: 
[{'command_name': 'Editor.open_file', 'args': {'path': '/home/aludy/scires/Cloud_Spec_Exp/external/worktrees/oci-metagpt-agentless-mini-rerun/metagpt/youki-3431/crates/libcontainer/src/process/init/process.rs', 'line_number': 200, 'context_lines': 200}}]
2026-07-25 17:16:20.922 | INFO     | metagpt.roles.di.role_zero:_act:294 - Commands outputs: 
Command Editor.open_file executed: [File: /home/aludy/scires/Cloud_Spec_Exp/external/worktrees/oci-metagpt-agentless-mini-rerun/metagpt/youki-3431/crates/libcontainer/src/process/init/process.rs (1452 lines total)]
(99 more lines above)
100|            // before pivot_root is called. This runs in the runtime(not container) namespaces.
101|            main_sender.hook_request()?;
102|            init_receiver.wait_for_hook_request_done()?;
103|
104|            // create_container hook needs to be called after the namespace setup, but
105|            // before pivot_root is called. This runs in the container namespaces.
106|            hooks::run_hooks(
107|                hooks.create_container().as_ref(),
108|                ctx.container.map(|c| &c.state),
109|                None,
110|                None,
111|            )
112|            .map_err(|err| {
113|                tracing::error!(?err, "failed to run create container hooks");
114|                InitProcessError::Hooks(err)
115|            })?;
116|        }
117|
118|        // Entering into the rootfs jail. If mount namespace is specified, then
119|        // we use pivot_root, but if we are on the host mount namespace, we will
120|        // use simple chroot. Scary things will happen if you try to pivot_root
121|        // in the host mount namespace...
122|        do_pivot_root(ctx.syscall.as_ref(), &ctx.ns, args.no_pivot, ctx.rootfs)?;
123|
124|        // As we have changed the root mount, from here on
125|        // logs are no longer visible in journalctl
126|        // so make sure that you bubble up any errors
127|        // and do not call unwrap() as any panics would not be correctly logged
128|        rootfs
129|            .adjust_root_mount_propagation(ctx.linux)
130|            .map_err(|err| {
131|                tracing::error!(?err, "failed to adjust root mount propagation");
132|                InitProcessError::RootFS(err)
133|            })?;
134|
135|        reopen_dev_null().map_err(|err| {
136|            tracing::error!(?err, "failed to reopen /dev/null");
137|            err
138|        })?;
139|
140|        if let Some(kernel_params) = ctx.linux.sysctl() {
141|            sysctl(kernel_params)?;
142|        }
143|    }
144|
145|    // Setup console AFTER reopen_dev_null (for init) or at start (for exec).
146|    // This follows runc's order:
147|    //   - standard_init_linux.go: setupConsole() is called after prepareRootfs()
148|    //     (which includes pivotRoot and reOpenDevNull)
149|    //   - setns_init_linux.go: setupConsole() is called early
150|    // mount=true for init (mount /dev/console), false for exec (already mounted)
151|    // See: https://github.com/opencontainers/runc/blob/v1.4.0/libcontainer/standard_init_linux.go
152|    // See: https://github.com/opencontainers/runc/blob/v1.4.0/libcontainer/setns_init_linux.go
153|    if let Some(csocketfd) = args.console_socket {
154|        let mount_console = matches!(args.container_type, ContainerType::InitContainer);
155|        tty::setup_console(ctx.syscall.as_ref(), csocketfd, mount_console).map_err(|err| {
156|            tracing::error!(?err, "failed to set up tty");
157|            InitProcessError::Tty(err)
158|        })?;
159|    }
160|
161|    if let Some(personality) = ctx.linux.personality() {
162|        if let Some(flags) = personality.flags() {
163|            if !flags.is_empty() {
164|                tracing::error!("personality flag has not supported at this time");
165|                return Err(InitProcessError::UnsupportedPersonalityFlag);
166|            }
167|        }
168|
169|        let domain = match personality.domain() {
170|            // https://github.com/opencontainers/runtime-spec/blob/main/config-linux.md#personality
171|            LinuxPersonalityDomain::PerLinux => PersonalityDomain::Linux,
172|            LinuxPersonalityDomain::PerLinux32 => PersonalityDomain::Linux32,
173|        };
174|
175|        ctx.syscall.personality(domain).map_err(|err| {
176|            tracing::error!(?err, "failed to set linux personality ");
177|            InitProcessError::SyscallOther(err)
178|        })?;
179|    }
180|
181|    if let Some(profile) = ctx.process.apparmor_profile() {
182|        apparmor::apply_profile(profile).map_err(|err| {
183|            tracing::error!(?err, "failed to apply apparmor profile");
184|            InitProcessError::AppArmor(err)
185|        })?;
186|    }
187|
188|    if ctx.rootfs_ro {
189|        ctx.syscall
190|            .mount(
191|                None,
192|                Path::new("/"),
193|                None,
194|                MsFlags::MS_RDONLY | MsFlags::MS_REMOUNT | MsFlags::MS_BIND,
195|                None,
196|            )
197|            .map_err(|err| {
198|                tracing::error!(?err, "failed to remount root `/` as readonly");
199|                InitProcessError::SyscallOther(err)
200|            })?;
201|    }
202|
203|    if let Some(umask) = ctx.process.user().umask() {
204|        match Mode::from_bits(umask) {
205|            Some(mode) => {
206|                nix::sys::stat::umask(mode);
207|            }
208|            None => {
209|                return Err(InitProcessError::InvalidUmask(umask));
210|            }
211|        }
212|    }
213|
214|    if let Some(paths) = ctx.linux.readonly_paths() {
215|        // mount readonly path
216|        for path in paths {
217|            readonly_path(Path::new(path), ctx.syscall.as_ref()).map_err(|err| {
218|                tracing::error!(?err, ?path, "failed to set readonly path");
219|                err
220|            })?;
221|        }
222|    }
223|
224|    if let Some(paths) = ctx.linux.masked_paths() {
225|        // mount masked paths
226|        masked_paths(paths, ctx.linux.mount_label(), ctx.syscall.as_ref()).map_err(|err| {
227|            tracing::error!(?err, "failed to set masked paths");
228|            err
229|        })?;
230|    }
231|
232|    let cwd = format!("{}", ctx.process.cwd().display());
233|    let do_chdir = if cwd.is_empty() {
234|        false
235|    } else {
236|        // This chdir must run before setting up the user.
237|        // This may allow the user running youki to access directories
238|        // that the container user cannot access.
239|        match unistd::chdir(ctx.process.cwd()) {
240|            std::result::Result::Ok(_) => false,
241|            Err(nix::Error::EPERM) => true,
242|            Err(e) => {
243|                tracing::error!(?e, "failed to chdir");
244|                return Err(InitProcessError::NixOther(e));
245|            }
246|        }
247|    };
248|
249|    set_supplementary_gids(
250|        ctx.process.user(),
251|        &args.user_ns_config,
252|        ctx.syscall.as_ref(),
253|    )
254|    .map_err(|err| {
255|        tracing::error!(?err, "failed to set supplementary gids");
256|        err
257|    })?;
258|
259|    ctx.syscall
260|        .set_id(
261|            Uid::from_raw(ctx.process.user().uid()),
262|            Gid::from_raw(ctx.process.user().gid()),
263|        )
264|        .map_err(|err| {
265|            let uid = ctx.process.user().uid();
266|            let gid = ctx.process.user().gid();
267|            tracing::error!(?err, ?uid, ?gid, "failed to set uid and gid");
268|            InitProcessError::SyscallOther(err)
269|        })?;
270|
271|    // Take care of LISTEN_FDS used for systemd-active-socket. If the value is
272|    // not 0, then we have to preserve those fds as well, and set up the correct
273|    // environment variables.
274|    let preserve_fds: i32 = match env::var("LISTEN_FDS") {
275|        std::result::Result::Ok(listen_fds_str) => {
276|            let listen_fds = match listen_fds_str.parse::<i32>() {
277|                std::result::Result::Ok(v) => v,
278|                Err(error) => {
279|                    tracing::warn!(
280|                        "LISTEN_FDS entered is not a fd. Ignore the value. {:?}",
281|                        error
282|                    );
283|
284|                    0
285|                }
286|            };
287|
288|            // The LISTEN_FDS will have to be passed to container init process.
289|            // The LISTEN_PID will be set to PID 1. Based on the spec, if
290|            // LISTEN_FDS is 0, the variable should be unset, so we just ignore
291|            // it here, if it is 0.
292|            if listen_fds > 0 {
293|                ctx.envs
294|                    .insert("LISTEN_FDS".to_owned(), listen_fds.to_string());
295|                ctx.envs.insert("LISTEN_PID".to_owned(), 1.to_string());
296|            }
297|
298|            args.preserve_fds + listen_fds
299|        }
300|        Err(env::VarError::NotPresent) => args.preserve_fds,
(1152 more lines below)
2026-07-25 17:16:28.127 | INFO     | metagpt.utils.role_zero_utils:parse_commands:143 - exclusive command more than one in current command list. change the command list.
```json
[
    {
        "command_name": "Editor.open_file",
        "args": {
            "path": "/home/aludy/scires/Cloud_Spec_Exp/external/worktrees/oci-metagpt-agentless-mini-rerun/metagpt/youki-3431/crates/libcontainer/src/rootfs/rootfs.rs"
        }
    }
]
```
2026-07-25 17:16:28.127 | INFO     | metagpt.roles.di.role_zero:_act:292 - Commands: 
[{'command_name': 'Editor.open_file', 'args': {'path': '/home/aludy/scires/Cloud_Spec_Exp/external/worktrees/oci-metagpt-agentless-mini-rerun/metagpt/youki-3431/crates/libcontainer/src/rootfs/rootfs.rs'}}]
2026-07-25 17:16:28.127 | INFO     | metagpt.roles.di.role_zero:_act:294 - Commands outputs: 
Command Editor.open_file executed: [File: /home/aludy/scires/Cloud_Spec_Exp/external/worktrees/oci-metagpt-agentless-mini-rerun/metagpt/youki-3431/crates/libcontainer/src/rootfs/rootfs.rs (152 lines total)]
(this is the beginning of the file)
001|use std::collections::HashSet;
002|use std::path::Path;
003|
004|use nix::mount::MsFlags;
005|use oci_spec::runtime::{Linux, Spec};
006|
007|use super::device::Device;
008|use super::mount::{Mount, MountOptions};
009|use super::symlink::Symlink;
010|use super::utils::default_devices;
011|use super::{Result, RootfsError};
012|use crate::error::MissingSpecError;
013|use crate::syscall::Syscall;
014|use crate::syscall::syscall::create_syscall;
015|
016|/// Holds information about rootfs
017|pub struct RootFS {
018|    syscall: Box<dyn Syscall>,
019|}
020|
021|impl Default for RootFS {
022|    fn default() -> Self {
023|        Self::new()
024|    }
025|}
026|
027|impl RootFS {
028|    pub fn new() -> RootFS {
029|        RootFS {
030|            syscall: create_syscall(),
031|        }
032|    }
033|
034|    pub fn mount_to_rootfs(
035|        &self,
036|        linux: &Linux,
037|        spec: &Spec,
038|        rootfs: &Path,
039|        cgroup_ns: bool,
040|    ) -> Result<()> {
041|        let mut flags = MsFlags::MS_REC;
042|        match linux.rootfs_propagation().as_deref() {
043|            Some("shared") => flags |= MsFlags::MS_SHARED,
044|            Some("private") => flags |= MsFlags::MS_PRIVATE,
045|            Some("slave" | "unbindable") | None => flags |= MsFlags::MS_SLAVE,
046|            Some(unknown) => {
047|                return Err(RootfsError::UnknownRootfsPropagation(unknown.to_string()));
048|            }
049|        }
050|
051|        self.syscall
052|            .mount(None, Path::new("/"), None, flags, None)
053|            .map_err(|err| {
054|                tracing::error!(
055|                    ?err,
056|                    ?flags,
057|                    "failed to change the mount propagation type of the root"
058|                );
059|
060|                err
061|            })?;
062|
063|        let mounter = Mount::new();
064|
065|        mounter.make_parent_mount_private(rootfs)?;
066|
067|        tracing::debug!("mount root fs {:?}", rootfs);
068|        self.syscall
069|            .mount(
070|                Some(rootfs),
071|                rootfs,
072|                None,
073|                MsFlags::MS_BIND | MsFlags::MS_REC,
074|                None,
075|            )
076|            .map_err(|err| {
077|                tracing::error!(?rootfs, ?err, "failed to bind mount rootfs");
078|                err
079|            })?;
080|
081|        let global_options = MountOptions {
082|            root: rootfs,
083|            label: linux.mount_label().as_deref(),
084|            cgroup_ns,
085|        };
086|
087|        if let Some(mounts) = spec.mounts() {
088|            for mount in mounts {
089|                mounter.setup_mount(mount, &global_options)?;
090|            }
091|        }
092|        Ok(())
093|    }
094|
095|    pub fn prepare_rootfs(
096|        &self,
097|        spec: &Spec,
098|        rootfs: &Path,
099|        bind_devices: bool,
100|        cgroup_ns: bool,
101|    ) -> Result<()> {
102|        tracing::debug!(?rootfs, "prepare rootfs");
103|        let linux = spec.linux().as_ref().ok_or(MissingSpecError::Linux)?;
104|
105|        self.mount_to_rootfs(linux, spec, rootfs, cgroup_ns)?;
106|
107|        let symlinker = Symlink::new();
108|        symlinker.setup_kcore_symlink(rootfs)?;
109|        symlinker.setup_default_symlinks(rootfs)?;
110|
111|        let devicer = Device::new();
112|        if let Some(added_devices) = linux.devices() {
113|            let mut path_set = HashSet::new();
114|            let devices = default_devices();
115|            added_devices.iter().for_each(|d| {
116|                path_set.insert(d.path());
117|            });
118|            let default = devices.iter().filter(|d| !path_set.contains(d.path()));
119|            devicer.create_devices(rootfs, added_devices.iter().chain(default), bind_devices)
120|        } else {
121|            devicer.create_devices(rootfs, &default_devices(), bind_devices)
122|        }?;
123|
124|        symlinker.setup_ptmx(rootfs)?;
125|        Ok(())
126|    }
127|
128|    /// Change propagation type of rootfs as specified in spec.
129|    pub fn adjust_root_mount_propagation(&self, linux: &Linux) -> Result<()> {
130|        let rootfs_propagation = linux.rootfs_propagation().as_deref();
131|        let flags = match rootfs_propagation {
132|            Some("shared") => Some(MsFlags::MS_SHARED),
133|            Some("unbindable") => Some(MsFlags::MS_UNBINDABLE),
134|            _ => None,
135|        };
136|
137|        if let Some(flags) = flags {
138|            self.syscall
139|                .mount(None, Path::new("/"), None, flags, None)
140|                .map_err(|err| {
141|                    tracing::error!(
142|                        ?err,
143|                        ?flags,
144|                        "failed to adjust the mount propagation type of the root"
145|                    );
146|                    err
147|                })?;
148|        }
149|
150|        Ok(())
151|    }
152|}
(this is the end of the file)
2026-07-25 17:16:36.153 | INFO     | metagpt.roles.di.role_zero:_act:292 - Commands: 
[{'command_name': 'Editor.open_file', 'args': {'path': '/home/aludy/scires/Cloud_Spec_Exp/external/worktrees/oci-metagpt-agentless-mini-rerun/metagpt/youki-3431/crates/libcontainer/src/rootfs/mount.rs', 'line_number': 100, 'context_lines': 200}}]
2026-07-25 17:16:36.153 | INFO     | metagpt.roles.di.role_zero:_act:294 - Commands outputs: 
Command Editor.open_file executed: [File: /home/aludy/scires/Cloud_Spec_Exp/external/worktrees/oci-metagpt-agentless-mini-rerun/metagpt/youki-3431/crates/libcontainer/src/rootfs/mount.rs (1729 lines total)]
(this is the beginning of the file)
001|use std::fs::{Permissions, canonicalize};
002|use std::io::{BufRead, BufReader, ErrorKind};
003|use std::os::fd::{AsFd, OwnedFd};
004|use std::os::unix::fs::{MetadataExt, PermissionsExt};
005|use std::path::{Path, PathBuf};
006|use std::time::Duration;
007|#[cfg(feature = "v1")]
008|use std::{borrow::Cow, collections::HashMap};
009|use std::{fs, mem};
010|
011|use libcgroups::common::CgroupSetup::{Hybrid, Legacy, Unified};
012|#[cfg(feature = "v1")]
013|use libcgroups::common::DEFAULT_CGROUP_ROOT;
014|use nix::NixPath;
015|use nix::errno::Errno;
016|use nix::mount::MsFlags;
017|use nix::sys::statfs::{PROC_SUPER_MAGIC, statfs};
018|use oci_spec::runtime::{Mount as SpecMount, MountBuilder as SpecMountBuilder};
019|use pathrs::Root;
020|use pathrs::flags::OpenFlags;
021|use pathrs::procfs::{ProcfsBase, ProcfsHandle};
022|#[cfg(feature = "v1")]
023|use procfs::process::Process;
024|use procfs::process::{MountInfo, MountOptFields};
025|use procfs::{FromRead, ProcessCGroups};
026|
027|#[cfg(feature = "v1")]
028|use super::symlink::Symlink;
029|use super::symlink::SymlinkError;
030|use super::utils::{MountOptionConfig, parse_mount};
031|use crate::syscall::syscall::create_syscall;
032|use crate::syscall::{Syscall, SyscallError, linux};
033|use crate::utils::{PathBufExt, retry};
034|
035|const MAX_EBUSY_MOUNT_ATTEMPTS: u32 = 3;
036|// runc has a retry interval of 100ms. We are following this.
037|// https://github.com/opencontainers/runc/blob/v1.3.0/libcontainer/rootfs_linux.go#L1235
038|#[cfg(not(test))]
039|const MOUNT_RETRY_DELAY_MS: u64 = 100;
040|// In tests, there is no need to delay, so set it to 0ms.
041|#[cfg(test)]
042|const MOUNT_RETRY_DELAY_MS: u64 = 0;
043|
044|#[derive(Debug, thiserror::Error)]
045|pub enum MountError {
046|    #[error("no source in mount spec")]
047|    NoSource,
048|    #[error("io error")]
049|    Io(#[from] std::io::Error),
050|    #[error("syscall")]
051|    Syscall(#[from] crate::syscall::SyscallError),
052|    #[error("nix error")]
053|    Nix(#[from] nix::Error),
054|    #[error("failed to build oci spec")]
055|    SpecBuild(#[from] oci_spec::OciSpecError),
056|    #[error(transparent)]
057|    Other(Box<dyn std::error::Error + Send + Sync>),
058|    #[error("{0}")]
059|    Custom(String),
060|    #[error("symlink")]
061|    Symlink(#[from] SymlinkError),
062|    #[error("procfs failed")]
063|    Procfs(#[from] procfs::ProcError),
064|    #[error("unknown mount option: {0}")]
065|    UnsupportedMountOption(String),
066|    #[error(transparent)]
067|    Pathrs(#[from] pathrs::error::Error),
068|}
069|
070|type Result<T> = std::result::Result<T, MountError>;
071|
072|pub trait MountInfoProvider {
073|    fn mountinfo(&self) -> Result<Vec<MountInfo>>;
074|}
075|
076|/// Default provider that reads mountinfo from /proc via procfs.
077|pub struct ProcMountInfoProvider;
078|
079|impl ProcMountInfoProvider {
080|    pub fn new() -> Self {
081|        ProcMountInfoProvider
082|    }
083|}
084|
085|impl MountInfoProvider for ProcMountInfoProvider {
086|    fn mountinfo(&self) -> Result<Vec<MountInfo>> {
087|        let reader = BufReader::new(ProcfsHandle::new()?.open(
088|            ProcfsBase::ProcSelf,
089|            "mountinfo",
090|            OpenFlags::O_RDONLY | OpenFlags::O_CLOEXEC,
091|        )?);
092|
093|        let mount_infos: Vec<MountInfo> = reader
094|            .lines()
095|            .map(|lr| {
096|                lr.map_err(MountError::from)
097|                    .and_then(|s| MountInfo::from_line(&s).map_err(MountError::from))
098|            })
099|            .collect::<Result<_>>()?;
100|        Ok(mount_infos)
101|    }
102|}
103|
104|#[derive(Debug)]
105|pub struct MountOptions<'a> {
106|    pub root: &'a Path,
107|    pub label: Option<&'a str>,
108|    #[allow(dead_code)]
109|    pub cgroup_ns: bool,
110|}
111|
112|pub struct Mount {
113|    syscall: Box<dyn Syscall>,
114|    mountinfo_provider: Box<dyn MountInfoProvider>,
115|}
116|
117|impl Default for Mount {
118|    fn default() -> Self {
119|        Self::new()
120|    }
121|}
122|
123|impl Mount {
124|    pub fn new() -> Mount {
125|        Mount {
126|            syscall: create_syscall(),
127|            mountinfo_provider: Box::new(ProcMountInfoProvider::new()),
128|        }
129|    }
130|
131|    pub fn with_mountinfo_provider<P: MountInfoProvider + 'static>(mut self, provider: P) -> Self {
132|        self.mountinfo_provider = Box::new(provider);
133|        self
134|    }
135|
136|    pub fn setup_mount(&self, mount: &SpecMount, options: &MountOptions) -> Result<()> {
137|        tracing::debug!("mounting {:?}", mount);
138|        let mut mount_option_config = parse_mount(mount)?;
139|
140|        match mount.typ().as_deref() {
141|            Some("cgroup") => {
142|                let cgroup_setup = libcgroups::common::get_cgroup_setup().map_err(|err| {
143|                    tracing::error!("failed to determine cgroup setup: {}", err);
144|                    MountError::Other(err.into())
145|                })?;
146|                match cgroup_setup {
147|                    Legacy | Hybrid => {
148|                        #[cfg(not(feature = "v1"))]
149|                        panic!(
150|                            "libcontainer can't run in a Legacy or Hybrid cgroup setup without the v1 feature"
151|                        );
152|                        #[cfg(feature = "v1")]
153|                        self.mount_cgroup_v1(mount, options).map_err(|err| {
154|                            tracing::error!("failed to mount cgroup v1: {}", err);
155|                            err
156|                        })?
157|                    }
158|                    Unified => {
159|                        #[cfg(not(feature = "v2"))]
160|                        panic!(
161|                            "libcontainer can't run in a Unified cgroup setup without the v2 feature"
162|                        );
163|                        #[cfg(feature = "v2")]
164|                        self.mount_cgroup_v2(mount, options, &mount_option_config)
165|                            .map_err(|err| {
166|                                tracing::error!("failed to mount cgroup v2: {}", err);
167|                                err
168|                            })?
169|                    }
170|                }
171|            }
172|            // procfs and sysfs are special because we need to ensure they are actually
173|            // mounted on a specific path in a container without any funny business.
174|            // Ref: https://github.com/opencontainers/runc/security/advisories/GHSA-fh74-hm69-rqjw
175|            Some(typ @ ("proc" | "sysfs")) => {
176|                let dest_path = options
177|                    .root
178|                    .join_safely(Path::new(mount.destination()).normalize())
179|                    .map_err(|err| {
180|                        tracing::error!(
181|                            "could not join rootfs path with mount destination {:?}: {}",
182|                            mount.destination(),
183|                            err
184|                        );
185|                        MountError::Other(err.into())
186|                    })?;
187|
188|                match fs::symlink_metadata(&dest_path) {
189|                    Ok(m) if !m.is_dir() => {
190|                        return Err(MountError::Other(
191|                            format!("filesystem {} must be mounted on ordinary directory", typ)
192|                                .into(),
193|                        ));
194|                    }
195|                    Err(e) if e.kind() != ErrorKind::NotFound => {
196|                        return Err(MountError::Other(
197|                            format!("symlink_metadata failed for {}: {}", dest_path.display(), e)
198|                                .into(),
199|                        ));
200|                    }
(1529 more lines below)
2026-07-25 17:16:41.212 | INFO     | metagpt.roles.di.role_zero:_act:292 - Commands: 
[{'command_name': 'Editor.open_file', 'args': {'path': '/home/aludy/scires/Cloud_Spec_Exp/external/worktrees/oci-metagpt-agentless-mini-rerun/metagpt/youki-3431/crates/libcontainer/src/rootfs/mount.rs', 'line_number': 200, 'context_lines': 300}}]
2026-07-25 17:16:41.212 | INFO     | metagpt.roles.di.role_zero:_act:294 - Commands outputs: 
Command Editor.open_file executed: [File: /home/aludy/scires/Cloud_Spec_Exp/external/worktrees/oci-metagpt-agentless-mini-rerun/metagpt/youki-3431/crates/libcontainer/src/rootfs/mount.rs (1729 lines total)]
(49 more lines above)
050|    #[error("syscall")]
051|    Syscall(#[from] crate::syscall::SyscallError),
052|    #[error("nix error")]
053|    Nix(#[from] nix::Error),
054|    #[error("failed to build oci spec")]
055|    SpecBuild(#[from] oci_spec::OciSpecError),
056|    #[error(transparent)]
057|    Other(Box<dyn std::error::Error + Send + Sync>),
058|    #[error("{0}")]
059|    Custom(String),
060|    #[error("symlink")]
061|    Symlink(#[from] SymlinkError),
062|    #[error("procfs failed")]
063|    Procfs(#[from] procfs::ProcError),
064|    #[error("unknown mount option: {0}")]
065|    UnsupportedMountOption(String),
066|    #[error(transparent)]
067|    Pathrs(#[from] pathrs::error::Error),
068|}
069|
070|type Result<T> = std::result::Result<T, MountError>;
071|
072|pub trait MountInfoProvider {
073|    fn mountinfo(&self) -> Result<Vec<MountInfo>>;
074|}
075|
076|/// Default provider that reads mountinfo from /proc via procfs.
077|pub struct ProcMountInfoProvider;
078|
079|impl ProcMountInfoProvider {
080|    pub fn new() -> Self {
081|        ProcMountInfoProvider
082|    }
083|}
084|
085|impl MountInfoProvider for ProcMountInfoProvider {
086|    fn mountinfo(&self) -> Result<Vec<MountInfo>> {
087|        let reader = BufReader::new(ProcfsHandle::new()?.open(
088|            ProcfsBase::ProcSelf,
089|            "mountinfo",
090|            OpenFlags::O_RDONLY | OpenFlags::O_CLOEXEC,
091|        )?);
092|
093|        let mount_infos: Vec<MountInfo> = reader
094|            .lines()
095|            .map(|lr| {
096|                lr.map_err(MountError::from)
097|                    .and_then(|s| MountInfo::from_line(&s).map_err(MountError::from))
098|            })
099|            .collect::<Result<_>>()?;
100|        Ok(mount_infos)
101|    }
102|}
103|
104|#[derive(Debug)]
105|pub struct MountOptions<'a> {
106|    pub root: &'a Path,
107|    pub label: Option<&'a str>,
108|    #[allow(dead_code)]
109|    pub cgroup_ns: bool,
110|}
111|
112|pub struct Mount {
113|    syscall: Box<dyn Syscall>,
114|    mountinfo_provider: Box<dyn MountInfoProvider>,
115|}
116|
117|impl Default for Mount {
118|    fn default() -> Self {
119|        Self::new()
120|    }
121|}
122|
123|impl Mount {
124|    pub fn new() -> Mount {
125|        Mount {
126|            syscall: create_syscall(),
127|            mountinfo_provider: Box::new(ProcMountInfoProvider::new()),
128|        }
129|    }
130|
131|    pub fn with_mountinfo_provider<P: MountInfoProvider + 'static>(mut self, provider: P) -> Self {
132|        self.mountinfo_provider = Box::new(provider);
133|        self
134|    }
135|
136|    pub fn setup_mount(&self, mount: &SpecMount, options: &MountOptions) -> Result<()> {
137|        tracing::debug!("mounting {:?}", mount);
138|        let mut mount_option_config = parse_mount(mount)?;
139|
140|        match mount.typ().as_deref() {
141|            Some("cgroup") => {
142|                let cgroup_setup = libcgroups::common::get_cgroup_setup().map_err(|err| {
143|                    tracing::error!("failed to determine cgroup setup: {}", err);
144|                    MountError::Other(err.into())
145|                })?;
146|                match cgroup_setup {
147|                    Legacy | Hybrid => {
148|                        #[cfg(not(feature = "v1"))]
149|                        panic!(
150|                            "libcontainer can't run in a Legacy or Hybrid cgroup setup without the v1 feature"
151|                        );
152|                        #[cfg(feature = "v1")]
153|                        self.mount_cgroup_v1(mount, options).map_err(|err| {
154|                            tracing::error!("failed to mount cgroup v1: {}", err);
155|                            err
156|                        })?
157|                    }
158|                    Unified => {
159|                        #[cfg(not(feature = "v2"))]
160|                        panic!(
161|                            "libcontainer can't run in a Unified cgroup setup without the v2 feature"
162|                        );
163|                        #[cfg(feature = "v2")]
164|                        self.mount_cgroup_v2(mount, options, &mount_option_config)
165|                            .map_err(|err| {
166|                                tracing::error!("failed to mount cgroup v2: {}", err);
167|                                err
168|                            })?
169|                    }
170|                }
171|            }
172|            // procfs and sysfs are special because we need to ensure they are actually
173|            // mounted on a specific path in a container without any funny business.
174|            // Ref: https://github.com/opencontainers/runc/security/advisories/GHSA-fh74-hm69-rqjw
175|            Some(typ @ ("proc" | "sysfs")) => {
176|                let dest_path = options
177|                    .root
178|                    .join_safely(Path::new(mount.destination()).normalize())
179|                    .map_err(|err| {
180|                        tracing::error!(
181|                            "could not join rootfs path with mount destination {:?}: {}",
182|                            mount.destination(),
183|                            err
184|                        );
185|                        MountError::Other(err.into())
186|                    })?;
187|
188|                match fs::symlink_metadata(&dest_path) {
189|                    Ok(m) if !m.is_dir() => {
190|                        return Err(MountError::Other(
191|                            format!("filesystem {} must be mounted on ordinary directory", typ)
192|                                .into(),
193|                        ));
194|                    }
195|                    Err(e) if e.kind() != ErrorKind::NotFound => {
196|                        return Err(MountError::Other(
197|                            format!("symlink_metadata failed for {}: {}", dest_path.display(), e)
198|                                .into(),
199|                        ));
200|                    }
201|                    _ => {}
202|                }
203|
204|                self.check_proc_mount(options.root, mount)?;
205|
206|                self.mount_into_container(mount, options.root, &mount_option_config, options.label)
207|                    .map_err(|err| {
208|                        tracing::error!("failed to mount {:?}: {}", mount, err);
209|                        err
210|                    })?;
211|            }
212|            _ => {
213|                if mount.destination() == Path::new("/dev") {
214|                    mount_option_config.flags &= !MsFlags::MS_RDONLY;
215|                    self.mount_into_container(
216|                        mount,
217|                        options.root,
218|                        &mount_option_config,
219|                        options.label,
220|                    )
221|                    .map_err(|err| {
222|                        tracing::error!("failed to mount /dev: {}", err);
223|                        err
224|                    })?;
225|                } else {
226|                    self.mount_into_container(
227|                        mount,
228|                        options.root,
229|                        &mount_option_config,
230|                        options.label,
231|                    )
232|                    .map_err(|err| {
233|                        tracing::error!("failed to mount {:?}: {}", mount, err);
234|                        err
235|                    })?;
236|                }
237|            }
238|        }
239|
240|        Ok(())
241|    }
242|
243|    #[cfg(feature = "v1")]
244|    fn mount_cgroup_v1(&self, cgroup_mount: &SpecMount, options: &MountOptions) -> Result<()> {
245|        tracing::debug!("mounting cgroup v1 filesystem");
246|        // create tmpfs into which the cgroup subsystems will be mounted
247|        let tmpfs = SpecMountBuilder::default()
248|            .source("tmpfs")
249|            .typ("tmpfs")
250|            .destination(cgroup_mount.destination())
251|            .options(
252|                ["noexec", "nosuid", "nodev", "mode=755"]
253|                    .iter()
254|                    .map(|o| o.to_string())
255|                    .collect::<Vec<String>>(),
256|            )
257|            .build()
258|            .map_err(|err| {
259|                tracing::error!("failed to build tmpfs for cgroup: {}", err);
260|                err
261|            })?;
262|
263|        self.setup_mount(&tmpfs, options).map_err(|err| {
264|            tracing::error!("failed to mount tmpfs for cgroup: {}", err);
265|            err
266|        })?;
267|
268|        // get all cgroup mounts on the host system
269|        let host_mounts: Vec<PathBuf> = libcgroups::v1::util::list_subsystem_mount_points()
270|            .map_err(|err| {
271|                tracing::error!("failed to get subsystem mount points: {}", err);
272|                MountError::Other(err.into())
273|            })?
274|            .into_iter()
275|            .filter(|p| p.as_path().starts_with(DEFAULT_CGROUP_ROOT))
276|            .collect();
277|        tracing::debug!("cgroup mounts: {:?}", host_mounts);
278|
279|        // get process cgroups
280|        let ppid = std::os::unix::process::parent_id();
281|        // The non-zero ppid means that the PID Namespace is not separated.
282|        let ppid = if ppid == 0 { std::process::id() } else { ppid };
283|        let root_cgroups = Process::new(ppid as i32)?.cgroups()?.0;
284|        let process_cgroups: HashMap<String, String> =
285|            ProcessCGroups::from_read(ProcfsHandle::new()?.open(
286|                ProcfsBase::ProcSelf,
287|                "cgroup",
288|                OpenFlags::O_RDONLY | OpenFlags::O_CLOEXEC,
289|            )?)?
290|            .into_iter()
291|            .map(|c| {
292|                let hierarchy = c.hierarchy;
293|                // When youki itself is running inside a container, the cgroup path
294|                // will include the path of pid-1, which needs to be stripped before
295|                // mounting.
296|                let root_pathname = root_cgroups
297|                    .iter()
298|                    .find(|c| c.hierarchy == hierarchy)
299|                    .map(|c| c.pathname.as_ref())
300|                    .unwrap_or("");
301|                let path = c
302|                    .pathname
303|                    .strip_prefix(root_pathname)
304|                    .unwrap_or(&c.pathname);
305|                (c.controllers.join(","), path.to_owned())
306|            })
307|            .collect();
308|        tracing::debug!("Process cgroups: {:?}", process_cgroups);
309|
310|        let cgroup_root = options
311|            .root
312|            .join_safely(cgroup_mount.destination())
313|            .map_err(|err| {
314|                tracing::error!(
315|                    "could not join rootfs path with cgroup mount destination: {}",
316|                    err
317|                );
318|                MountError::Other(err.into())
319|            })?;
320|        tracing::debug!("cgroup root: {:?}", cgroup_root);
321|
322|        let symlink = Symlink::new();
323|
324|        // setup cgroup mounts for container
325|        for host_mount in &host_mounts {
326|            if let Some(subsystem_name) = host_mount.file_name().and_then(|n| n.to_str()) {
327|                if options.cgroup_ns {
328|                    self.setup_namespaced_subsystem(
329|                        cgroup_mount,
330|                        options,
331|                        subsystem_name,
332|                        subsystem_name == "systemd",
333|                    )?;
334|                } else {
335|                    self.setup_emulated_subsystem(
336|                        cgroup_mount,
337|                        options,
338|                        subsystem_name,
339|                        subsystem_name == "systemd",
340|                        host_mount,
341|                        &process_cgroups,
342|                    )?;
343|                }
344|
345|                symlink.setup_comount_symlinks(&cgroup_root, subsystem_name)?;
346|            } else {
347|                tracing::warn!("could not get subsystem name from {:?}", host_mount);
348|            }
349|        }
350|
(1379 more lines below)
2026-07-25 17:16:49.782 | INFO     | metagpt.roles.di.role_zero:_act:292 - Commands: 
[{'command_name': 'Editor.open_file', 'args': {'path': '/home/aludy/scires/Cloud_Spec_Exp/external/worktrees/oci-metagpt-agentless-mini-rerun/metagpt/youki-3431/crates/libcontainer/src/container/init_builder.rs'}}, {'command_name': 'Terminal.run_command', 'args': {'cmd': "cd /home/aludy/scires/Cloud_Spec_Exp/external/worktrees/oci-metagpt-agentless-mini-rerun/metagpt/youki-3431 && grep -rn 'proc' crates/libcontainer/src/rootfs/mount.rs | grep -i 'mount\\|setup\\|check\\|default' | head -30"}}, {'command_name': 'Terminal.run_command', 'args': {'cmd': "cd /home/aludy/scires/Cloud_Spec_Exp/external/worktrees/oci-metagpt-agentless-mini-rerun/metagpt/youki-3431 && grep -rn 'default_mounts\\|proc.*mount\\|add_mount\\|procfs' crates/libcontainer/src/ --include='*.rs' | head -30"}}]
2026-07-25 17:16:49.790 | INFO     | metagpt.roles.di.role_zero:_act:294 - Commands outputs: 
Command Editor.open_file executed: [File: /home/aludy/scires/Cloud_Spec_Exp/external/worktrees/oci-metagpt-agentless-mini-rerun/metagpt/youki-3431/crates/libcontainer/src/container/init_builder.rs (234 lines total)]
(this is the beginning of the file)
001|use std::fs;
002|use std::path::{Path, PathBuf};
003|use std::rc::Rc;
004|
005|use oci_spec::runtime::Spec;
006|use user_ns::UserNamespaceConfig;
007|
008|use super::builder::ContainerBuilder;
009|use super::builder_impl::ContainerBuilderImpl;
010|use super::{Container, ContainerStatus};
011|use crate::config::YoukiConfig;
012|use crate::error::{ErrInvalidSpec, LibcontainerError, MissingSpecError};
013|use crate::notify_socket::NOTIFY_FILE;
014|use crate::process::args::ContainerType;
015|use crate::syscall::syscall::create_syscall;
016|use crate::{apparmor, tty, user_ns, utils};
017|
018|// Builder that can be used to configure the properties of a new container
019|pub struct InitContainerBuilder {
020|    base: ContainerBuilder,
021|    bundle: PathBuf,
022|    use_systemd: bool,
023|    detached: bool,
024|    no_pivot: bool,
025|    as_sibling: bool,
026|}
027|
028|impl InitContainerBuilder {
029|    /// Generates the base configuration for a new container from which
030|    /// configuration methods can be chained
031|    pub(super) fn new(builder: ContainerBuilder, bundle: PathBuf) -> Self {
032|        Self {
033|            base: builder,
034|            bundle,
035|            use_systemd: true,
036|            detached: true,
037|            no_pivot: false,
038|            as_sibling: false,
039|        }
040|    }
041|
042|    /// Sets if systemd should be used for managing cgroups
043|    pub fn with_systemd(mut self, should_use: bool) -> Self {
044|        self.use_systemd = should_use;
045|        self
046|    }
047|
048|    /// Sets if the init process should be run as a child or a sibling of
049|    /// the calling process
050|    pub fn as_sibling(mut self, as_sibling: bool) -> Self {
051|        self.as_sibling = as_sibling;
052|        self
053|    }
054|
055|    pub fn with_detach(mut self, detached: bool) -> Self {
056|        self.detached = detached;
057|        self
058|    }
059|
060|    pub fn with_no_pivot(mut self, no_pivot: bool) -> Self {
061|        self.no_pivot = no_pivot;
062|        self
063|    }
064|
065|    /// Creates a new container
066|    pub fn build(self) -> Result<Container, LibcontainerError> {
067|        let spec = self.load_spec()?;
068|        let container_dir = self.create_container_dir()?;
069|
070|        let mut container = self.create_container_state(&container_dir)?;
071|        container
072|            .set_systemd(self.use_systemd)
073|            .set_annotations(spec.annotations().clone());
074|
075|        let notify_path = container_dir.join(NOTIFY_FILE);
076|        // convert path of root file system of the container to absolute path
077|        let rootfs = fs::canonicalize(spec.root().as_ref().ok_or(MissingSpecError::Root)?.path())
078|            .map_err(LibcontainerError::OtherIO)?;
079|
080|        // if socket file path is given in commandline options,
081|        // get file descriptors of console socket
082|        let csocketfd = if let Some(console_socket) = &self.base.console_socket {
083|            Some(tty::setup_console_socket(
084|                &container_dir,
085|                console_socket,
086|                "console-socket",
087|            )?)
088|        } else {
089|            None
090|        };
091|
092|        let user_ns_config = UserNamespaceConfig::new(&spec)?;
093|
094|        let config = YoukiConfig::from_spec(&spec, container.id())?;
095|        config.save(&container_dir).map_err(|err| {
096|            tracing::error!(?container_dir, "failed to save config: {}", err);
097|            err
098|        })?;
099|
100|        let mut builder_impl = ContainerBuilderImpl {
101|            container_type: ContainerType::InitContainer,
102|            syscall: self.base.syscall,
103|            container_id: self.base.container_id,
104|            pid_file: self.base.pid_file,
105|            console_socket: csocketfd,
106|            use_systemd: self.use_systemd,
107|            spec: Rc::new(spec),
108|            rootfs,
109|            user_ns_config,
110|            notify_path,
111|            container: Some(container.clone()),
112|            preserve_fds: self.base.preserve_fds,
113|            detached: self.detached,
114|            executor: self.base.executor,
115|            no_pivot: self.no_pivot,
116|            stdin: self.base.stdin,
117|            stdout: self.base.stdout,
118|            stderr: self.base.stderr,
119|            as_sibling: self.as_sibling,
120|        };
121|
122|        builder_impl.create()?;
123|
124|        container.refresh_state()?;
125|
126|        Ok(container)
127|    }
128|
129|    fn create_container_dir(&self) -> Result<PathBuf, LibcontainerError> {
130|        let container_dir = self.base.root_path.join(&self.base.container_id);
131|        tracing::debug!("container directory will be {:?}", container_dir);
132|
133|        if container_dir.exists() {
134|            tracing::error!(id = self.base.container_id, dir = ?container_dir, "container already exists");
135|            return Err(LibcontainerError::Exist);
136|        }
137|
138|        std::fs::create_dir_all(&container_dir).map_err(|err| {
139|            tracing::error!(
140|                ?container_dir,
141|                "failed to create container directory: {}",
142|                err
143|            );
144|            LibcontainerError::OtherIO(err)
145|        })?;
146|
147|        Ok(container_dir)
148|    }
149|
150|    fn load_spec(&self) -> Result<Spec, LibcontainerError> {
151|        let source_spec_path = self.bundle.join("config.json");
152|        let mut spec = Spec::load(source_spec_path)?;
153|        Self::validate_spec(&spec)?;
154|
155|        spec.canonicalize_rootfs(&self.bundle).map_err(|err| {
156|            tracing::error!(bundle = ?self.bundle, "failed to canonicalize rootfs: {}", err);
157|            err
158|        })?;
159|
160|        Ok(spec)
161|    }
162|
163|    fn validate_spec(spec: &Spec) -> Result<(), LibcontainerError> {
164|        let version = spec.version();
165|        if !version.starts_with("1.") {
166|            tracing::error!(
167|                "runtime spec has incompatible version '{}'. Only 1.X.Y is supported",
168|                spec.version()
169|            );
170|            Err(ErrInvalidSpec::UnsupportedVersion)?;
171|        }
172|
173|        if let Some(process) = spec.process() {
174|            if let Some(profile) = process.apparmor_profile() {
175|                let apparmor_is_enabled = apparmor::is_enabled().map_err(|err| {
176|                    tracing::error!(?err, "failed to check if apparmor is enabled");
177|                    LibcontainerError::OtherIO(err)
178|                })?;
179|                if !apparmor_is_enabled {
180|                    tracing::error!(
181|                        ?profile,
182|                        "apparmor profile exists in the spec, but apparmor is not activated on this system"
183|                    );
184|                    Err(ErrInvalidSpec::AppArmorNotEnabled)?;
185|                }
186|            }
187|
188|            if let Some(io_priority) = process.io_priority() {
189|                let priority = io_priority.priority();
190|                let iop_class_res = serde_json::to_string(&io_priority.class());
191|                match iop_class_res {
192|                    Ok(iop_class) => {
193|                        if !(0..=7).contains(&priority) {
194|                            tracing::error!(
195|                                ?priority,
196|                                "io priority '{}' not between 0 and 7 (inclusive), class '{}' not in (IO_PRIO_CLASS_RT,IO_PRIO_CLASS_BE,IO_PRIO_CLASS_IDLE)",
197|                                priority,
198|                                iop_class
199|                            );
200|                            Err(ErrInvalidSpec::IoPriority)?;
(34 more lines below)

Command Terminal.run_command executed:
[command]: cd /home/aludy/scires/Cloud_Spec_Exp/external/worktrees/oci-metagpt-agentless-mini-rerun/metagpt/youki-3431 && grep -rn 'proc' crates/libcontainer/src/rootfs/mount.rs | grep -i 'mount\|setup\|check\|default' | head -30 
[command output] : 24:use procfs::process::{MountInfo, MountOptFields};
76:/// Default provider that reads mountinfo from /proc via procfs.
204:                self.check_proc_mount(options.root, mount)?;
510:            .ok_or_else(|| MountError::Custom("failed to find unified process cgroup".into()))?;
514:                .source(host_mount.join_safely(process_cgroup).map_err(|err| {
871:    /// check_proc_mount checks to ensure that the mount destination is not over the top of /proc.
873:    /// # Example  (a valid case where `/proc` is mounted with `proc` type.)
894:    /// assert!(mounter.check_proc_mount(rootfs.as_path(), &mount).is_ok());
896:    /// # Example (bind mount to `/proc` that should fail)
916:    /// assert!(mounter.check_proc_mount(rootfs.as_path(), &mount).is_err());
918:    pub fn check_proc_mount(&self, rootfs: &Path, mount: &SpecMount) -> Result<()> {
946:        // - Ok(p) with p.is_empty(): mount target is exactly /proc.
947:        //   In this case, check if the mount source is procfs.
948:        // - Ok(p) with !p.is_empty(): mount target is under /proc.
950:        // - Err: not under /proc, so no further checks are needed
956:                if mount.typ().as_deref() == Some("proc") {
968:                                    "bind-mount {} (source {:?}) is of type procfs but not the root (inode {}). \
981:                    "{} cannot be mounted because it is not type proc",
997:                        format!("{} is not a valid mount under /proc", dest.display()).into(),
1589:                mount_point: PathBuf::from("/proc"),
1593:                mount_source: Some("proc".to_string()),
1612:    fn test_check_proc_mount_proc_ok() -> Result<()> {
1622:        assert!(mounter.check_proc_mount(rootfs.path(), &mount).is_ok());
1627:    fn test_check_proc_mount_allowed_subpath() -> Result<()> {
1639:        assert!(mounter.check_proc_mount(rootfs.path(), &mount).is_ok());
1644:    fn test_check_proc_mount_denied_subpath() -> Result<()> {
1656:        assert!(mounter.check_proc_mount(rootfs.path(), &mount).is_err());
1661:    fn setup_mount_proc_fails_if_destination_is_symlink() -> Result<()> {


Command Terminal.run_command executed:
[command]: cd /home/aludy/scires/Cloud_Spec_Exp/external/worktrees/oci-metagpt-agentless-mini-rerun/metagpt/youki-3431 && grep -rn 'default_mounts\|proc.*mount\|add_mount\|procfs' crates/libcontainer/src/ --include='*.rs' | head -30 
[command output] : crates/libcontainer/src/error.rs:56:    Procfs(#[from] procfs::ProcError),
crates/libcontainer/src/rootfs/mount.rs:21:use pathrs::procfs::{ProcfsBase, ProcfsHandle};
crates/libcontainer/src/rootfs/mount.rs:23:use procfs::process::Process;
crates/libcontainer/src/rootfs/mount.rs:24:use procfs::process::{MountInfo, MountOptFields};
crates/libcontainer/src/rootfs/mount.rs:25:use procfs::{FromRead, ProcessCGroups};
crates/libcontainer/src/rootfs/mount.rs:62:    #[error("procfs failed")]
crates/libcontainer/src/rootfs/mount.rs:63:    Procfs(#[from] procfs::ProcError),
crates/libcontainer/src/rootfs/mount.rs:76:/// Default provider that reads mountinfo from /proc via procfs.
crates/libcontainer/src/rootfs/mount.rs:172:            // procfs and sysfs are special because we need to ensure they are actually
crates/libcontainer/src/rootfs/mount.rs:204:                self.check_proc_mount(options.root, mount)?;
crates/libcontainer/src/rootfs/mount.rs:871:    /// check_proc_mount checks to ensure that the mount destination is not over the top of /proc.
crates/libcontainer/src/rootfs/mount.rs:873:    /// # Example  (a valid case where `/proc` is mounted with `proc` type.)
crates/libcontainer/src/rootfs/mount.rs:894:    /// assert!(mounter.check_proc_mount(rootfs.as_path(), &mount).is_ok());
crates/libcontainer/src/rootfs/mount.rs:916:    /// assert!(mounter.check_proc_mount(rootfs.as_path(), &mount).is_err());
crates/libcontainer/src/rootfs/mount.rs:918:    pub fn check_proc_mount(&self, rootfs: &Path, mount: &SpecMount) -> Result<()> {
crates/libcontainer/src/rootfs/mount.rs:947:        //   In this case, check if the mount source is procfs.
crates/libcontainer/src/rootfs/mount.rs:968:                                    "bind-mount {} (source {:?}) is of type procfs but not the root (inode {}). \
crates/libcontainer/src/rootfs/mount.rs:1612:    fn test_check_proc_mount_proc_ok() -> Result<()> {
crates/libcontainer/src/rootfs/mount.rs:1622:        assert!(mounter.check_proc_mount(rootfs.path(), &mount).is_ok());
crates/libcontainer/src/rootfs/mount.rs:1627:    fn test_check_proc_mount_allowed_subpath() -> Result<()> {
crates/libcontainer/src/rootfs/mount.rs:1639:        assert!(mounter.check_proc_mount(rootfs.path(), &mount).is_ok());
crates/libcontainer/src/rootfs/mount.rs:1644:    fn test_check_proc_mount_denied_subpath() -> Result<()> {
crates/libcontainer/src/rootfs/mount.rs:1656:        assert!(mounter.check_proc_mount(rootfs.path(), &mount).is_err());
crates/libcontainer/src/process/container_intermediate_process.rs:28:    Procfs(#[from] procfs::ProcError),
crates/libcontainer/src/process/container_intermediate_process.rs:297:    use procfs::process::Process;
crates/libcontainer/src/process/intel_rdt.rs:10:use pathrs::procfs::{ProcfsBase, ProcfsHandle};
crates/libcontainer/src/process/intel_rdt.rs:11:use procfs::process::MountInfo;
crates/libcontainer/src/process/intel_rdt.rs:17:    ProcError(#[from] procfs::ProcError),
crates/libcontainer/src/process/intel_rdt.rs:97:/// Finds the resctrl mount path by looking at the process mountinfo data.
crates/libcontainer/src/process/init/process.rs:17:use pathrs::procfs::{ProcfsBase, ProcfsHandle, ProcfsHandleBuilder};

2026-07-25 17:16:54.940 | INFO     | metagpt.roles.di.role_zero:_act:292 - Commands: 
[{'command_name': 'Terminal.run_command', 'args': {'cmd': "cd /home/aludy/scires/Cloud_Spec_Exp/external/worktrees/oci-metagpt-agentless-mini-rerun/metagpt/youki-3431 && grep -rn 'prepare_rootfs\\|mount_to_rootfs' crates/ --include='*.rs'"}}, {'command_name': 'Terminal.run_command', 'args': {'cmd': "cd /home/aludy/scires/Cloud_Spec_Exp/external/worktrees/oci-metagpt-agentless-mini-rerun/metagpt/youki-3431 && grep -rn 'proc\\|sysfs' crates/libcontainer/src/rootfs/ --include='*.rs' | grep -v 'test\\|//' | head -40"}}, {'command_name': 'Editor.open_file', 'args': {'path': '/home/aludy/scires/Cloud_Spec_Exp/external/worktrees/oci-metagpt-agentless-mini-rerun/metagpt/youki-3431/crates/libcontainer/src/process/container_intermediate_process.rs', 'context_lines': 200}}]
2026-07-25 17:16:54.949 | INFO     | metagpt.roles.di.role_zero:_act:294 - Commands outputs: 
Command Terminal.run_command executed:
[command]: cd /home/aludy/scires/Cloud_Spec_Exp/external/worktrees/oci-metagpt-agentless-mini-rerun/metagpt/youki-3431 && grep -rn 'prepare_rootfs\|mount_to_rootfs' crates/ --include='*.rs' 
[command output] : crates/libcontainer/src/rootfs/rootfs.rs:34:    pub fn mount_to_rootfs(
crates/libcontainer/src/rootfs/rootfs.rs:95:    pub fn prepare_rootfs(
crates/libcontainer/src/rootfs/rootfs.rs:105:        self.mount_to_rootfs(linux, spec, rootfs, cgroup_ns)?;
crates/libcontainer/src/process/init/process.rs:86:            .prepare_rootfs(


Command Terminal.run_command executed:
[command]: cd /home/aludy/scires/Cloud_Spec_Exp/external/worktrees/oci-metagpt-agentless-mini-rerun/metagpt/youki-3431 && grep -rn 'proc\|sysfs' crates/libcontainer/src/rootfs/ --include='*.rs' | grep -v 'test\|//' | head -40 
[command output] : crates/libcontainer/src/rootfs/mount.rs:21:use pathrs::procfs::{ProcfsBase, ProcfsHandle};
crates/libcontainer/src/rootfs/mount.rs:23:use procfs::process::Process;
crates/libcontainer/src/rootfs/mount.rs:24:use procfs::process::{MountInfo, MountOptFields};
crates/libcontainer/src/rootfs/mount.rs:25:use procfs::{FromRead, ProcessCGroups};
crates/libcontainer/src/rootfs/mount.rs:62:    #[error("procfs failed")]
crates/libcontainer/src/rootfs/mount.rs:63:    Procfs(#[from] procfs::ProcError),
crates/libcontainer/src/rootfs/mount.rs:175:            Some(typ @ ("proc" | "sysfs")) => {
crates/libcontainer/src/rootfs/mount.rs:204:                self.check_proc_mount(options.root, mount)?;
crates/libcontainer/src/rootfs/mount.rs:280:        let ppid = std::os::unix::process::parent_id();
crates/libcontainer/src/rootfs/mount.rs:282:        let ppid = if ppid == 0 { std::process::id() } else { ppid };
crates/libcontainer/src/rootfs/mount.rs:284:        let process_cgroups: HashMap<String, String> =
crates/libcontainer/src/rootfs/mount.rs:308:        tracing::debug!("Process cgroups: {:?}", process_cgroups);
crates/libcontainer/src/rootfs/mount.rs:341:                        &process_cgroups,
crates/libcontainer/src/rootfs/mount.rs:416:        process_cgroups: &HashMap<String, String>,
crates/libcontainer/src/rootfs/mount.rs:425:        if let Some(proc_path) = process_cgroups.get(named_hierarchy.as_ref()) {
crates/libcontainer/src/rootfs/mount.rs:429:                        .join_safely(proc_path.as_str())
crates/libcontainer/src/rootfs/mount.rs:502:            let process_cgroup = ProcessCGroups::from_read(ProcfsHandle::new()?.open(
crates/libcontainer/src/rootfs/mount.rs:510:            .ok_or_else(|| MountError::Custom("failed to find unified process cgroup".into()))?;
crates/libcontainer/src/rootfs/mount.rs:514:                .source(host_mount.join_safely(process_cgroup).map_err(|err| {
crates/libcontainer/src/rootfs/mount.rs:578:            if typ != Some("proc") && typ != Some("sysfs") {
crates/libcontainer/src/rootfs/mount.rs:918:    pub fn check_proc_mount(&self, rootfs: &Path, mount: &SpecMount) -> Result<()> {
crates/libcontainer/src/rootfs/mount.rs:921:            "/proc/cpuinfo",
crates/libcontainer/src/rootfs/mount.rs:922:            "/proc/diskstats",
crates/libcontainer/src/rootfs/mount.rs:923:            "/proc/meminfo",
crates/libcontainer/src/rootfs/mount.rs:924:            "/proc/stat",
crates/libcontainer/src/rootfs/mount.rs:925:            "/proc/swaps",
crates/libcontainer/src/rootfs/mount.rs:926:            "/proc/uptime",
crates/libcontainer/src/rootfs/mount.rs:927:            "/proc/loadavg",
crates/libcontainer/src/rootfs/mount.rs:928:            "/proc/slabinfo",
crates/libcontainer/src/rootfs/mount.rs:929:            "/proc/sys/kernel/ns_last_pid",
crates/libcontainer/src/rootfs/mount.rs:930:            "/proc/sys/crypto/fips_enabled",
crates/libcontainer/src/rootfs/mount.rs:935:        let container_proc_path = rootfs.join("proc");
crates/libcontainer/src/rootfs/mount.rs:951:        let path = dest_path.strip_prefix(&container_proc_path);
crates/libcontainer/src/rootfs/mount.rs:956:                if mount.typ().as_deref() == Some("proc") {
crates/libcontainer/src/rootfs/mount.rs:968:                                    "bind-mount {} (source {:?}) is of type procfs but not the root (inode {}). \
crates/libcontainer/src/rootfs/mount.rs:981:                    "{} cannot be mounted because it is not type proc",
crates/libcontainer/src/rootfs/mount.rs:997:                        format!("{} is not a valid mount under /proc", dest.display()).into(),
crates/libcontainer/src/rootfs/mount.rs:1399:        let mut process_cgroups = HashMap::new();
crates/libcontainer/src/rootfs/mount.rs:1400:        process_cgroups.insert("cpu".to_owned(), "container1".to_owned());
crates/libcontainer/src/rootfs/mount.rs:1410:                &process_cgroups,


Command Editor.open_file executed: [File: /home/aludy/scires/Cloud_Spec_Exp/external/worktrees/oci-metagpt-agentless-mini-rerun/metagpt/youki-3431/crates/libcontainer/src/process/container_intermediate_process.rs (353 lines total)]
(this is the beginning of the file)
001|use std::os::fd::FromRawFd;
002|
003|use libcgroups::common::CgroupManager;
004|use nix::unistd::{Gid, Pid, Uid, close, getpid, write};
005|use oci_spec::runtime::{LinuxNamespace, LinuxNamespaceType, LinuxResources};
006|
007|use super::args::{ContainerArgs, ContainerType};
008|use super::channel::{IntermediateReceiver, MainSender};
009|use super::fork::CloneCb;
010|use super::init::process as init_process;
011|use crate::error::MissingSpecError;
012|use crate::namespaces::Namespaces;
013|use crate::process::{channel, cpu_affinity, fork};
014|
015|#[derive(Debug, thiserror::Error)]
016|pub enum IntermediateProcessError {
017|    #[error(transparent)]
018|    Channel(#[from] channel::ChannelError),
019|    #[error(transparent)]
020|    Namespace(#[from] crate::namespaces::NamespaceError),
021|    #[error(transparent)]
022|    Syscall(#[from] crate::syscall::SyscallError),
023|    #[error("failed to launch init process")]
024|    InitProcess(#[source] fork::CloneError),
025|    #[error("cgroup error: {0}")]
026|    Cgroup(String),
027|    #[error(transparent)]
028|    Procfs(#[from] procfs::ProcError),
029|    #[error("exec notify failed")]
030|    ExecNotify(#[source] nix::Error),
031|    #[error(transparent)]
032|    MissingSpec(#[from] crate::error::MissingSpecError),
033|    #[error("CPU affinity error {0}")]
034|    CpuAffinity(#[from] cpu_affinity::CPUAffinityError),
035|    #[error("other error")]
036|    Other(String),
037|}
038|
039|type Result<T> = std::result::Result<T, IntermediateProcessError>;
040|
041|pub fn container_intermediate_process(
042|    args: &ContainerArgs,
043|    intermediate_chan: &mut (channel::IntermediateSender, channel::IntermediateReceiver),
044|    init_chan: &mut (channel::InitSender, channel::InitReceiver),
045|    main_sender: &mut channel::MainSender,
046|) -> Result<()> {
047|    let (inter_sender, inter_receiver) = intermediate_chan;
048|    let (init_sender, init_receiver) = init_chan;
049|    let command = args.syscall.create_syscall();
050|    let spec = &args.spec;
051|    let linux = spec.linux().as_ref().ok_or(MissingSpecError::Linux)?;
052|    let namespaces = Namespaces::try_from(linux.namespaces().as_ref())?;
053|    let cgroup_manager = libcgroups::common::create_cgroup_manager(args.cgroup_config.to_owned())
054|        .map_err(|e| IntermediateProcessError::Cgroup(e.to_string()))?;
055|
056|    let current_pid = Pid::this();
057|    // setting CPU affinity for tenant container before cgroup move
058|    if matches!(args.container_type, ContainerType::TenantContainer { .. }) {
059|        if let Some(exec_cpu_affinity) = spec
060|            .process()
061|            .as_ref()
062|            .and_then(|p| p.exec_cpu_affinity().as_ref())
063|        {
064|            if let Some(initial) = exec_cpu_affinity.initial() {
065|                cpu_affinity::set_cpuset_affinity_from_string(current_pid, initial)?;
066|            }
067|        }
068|    }
069|    let _ = cpu_affinity::log_cpu_affinity();
070|
071|    // this needs to be done before we create the init process, so that the init
072|    // process will already be captured by the cgroup. It also needs to be done
073|    // before we enter the user namespace because if a privileged user starts a
074|    // rootless container on a cgroup v1 system we can still fulfill resource
075|    // restrictions through the cgroup fs support (delegation through systemd is
076|    // not supported for v1 by us). This only works if the user has not yet been
077|    // mapped to an unprivileged user by the user namespace however.
078|    // In addition this needs to be done before we enter the cgroup namespace as
079|    // the cgroup of the process will form the root of the cgroup hierarchy in
080|    // the cgroup namespace.
081|    apply_cgroups(
082|        &cgroup_manager,
083|        linux.resources().as_ref(),
084|        matches!(args.container_type, ContainerType::InitContainer),
085|    )?;
086|
087|    // setting CPU affinity for tenant container after cgroup move
088|    if matches!(args.container_type, ContainerType::TenantContainer { .. }) {
089|        if let Some(exec_cpu_affinity) = spec
090|            .process()
091|            .as_ref()
092|            .and_then(|p| p.exec_cpu_affinity().as_ref())
093|        {
094|            if let Some(cpu_affinity_final) = exec_cpu_affinity.cpu_affinity_final() {
095|                cpu_affinity::set_cpuset_affinity_from_string(current_pid, cpu_affinity_final)?;
096|            }
097|        }
098|    }
099|
100|    // if new user is specified in specification, this will be true and new
101|    // namespace will be created, check
102|    // https://man7.org/linux/man-pages/man7/user_namespaces.7.html for more
103|    // information
104|    if let Some(user_namespace) = namespaces.get(LinuxNamespaceType::User)? {
105|        setup_userns(&namespaces, user_namespace, main_sender, inter_receiver)?;
106|
107|        // After UID and GID mapping is configured correctly in the Youki main
108|        // process, We want to make sure continue as the root user inside the
109|        // new user namespace. This is required because the process of
110|        // configuring the container process will require root, even though the
111|        // root in the user namespace likely is mapped to an non-privileged user
112|        // on the parent user namespace.
113|        command.set_id(Uid::from_raw(0), Gid::from_raw(0))?;
114|    }
115|
116|    // set limits and namespaces to the process
117|    let proc = spec.process().as_ref().ok_or(MissingSpecError::Process)?;
118|    if let Some(rlimits) = proc.rlimits() {
119|        for rlimit in rlimits {
120|            command.set_rlimit(rlimit).map_err(|err| {
121|                tracing::error!(?err, ?rlimit, "failed to set rlimit");
122|                err
123|            })?;
124|        }
125|    }
126|
127|    // Pid namespace requires an extra fork to enter, so we enter pid namespace now.
128|    if let Some(pid_namespace) = namespaces.get(LinuxNamespaceType::Pid)? {
129|        namespaces.unshare_or_setns(pid_namespace)?;
130|    }
131|
132|    let cb: CloneCb = {
133|        Box::new(|| {
134|            if let Err(ret) = prctl::set_name("youki:[2:INIT]") {
135|                tracing::error!(?ret, "failed to set name for child process");
136|                return ret;
137|            }
138|
139|            // We are inside the forked process here. The first thing we have to do
140|            // is to close any unused senders, since fork will make a dup for all
141|            // the socket.
142|            if let Err(err) = init_sender.close() {
143|                tracing::error!(?err, "failed to close receiver in init process");
144|                return -1;
145|            }
146|            if let Err(err) = inter_sender.close() {
147|                tracing::error!(?err, "failed to close sender in the intermediate process");
148|                return -1;
149|            }
150|            match init_process::container_init_process(args, main_sender, init_receiver) {
151|                Ok(_) => 0,
152|                Err(e) => {
153|                    tracing::error!("failed to initialize container process: {e}");
154|                    if let Err(err) = main_sender.exec_failed(e.to_string()) {
155|                        tracing::error!(?err, "failed sending error to main sender");
156|                    }
157|                    if let ContainerType::TenantContainer { exec_notify_fd } = args.container_type {
158|                        let buf = format!("{e}");
159|                        let exec_notify_fd =
160|                            unsafe { std::os::fd::OwnedFd::from_raw_fd(exec_notify_fd) };
161|                        if let Err(err) = write(&exec_notify_fd, buf.as_bytes()) {
162|                            tracing::error!(?err, "failed to write to exec notify fd");
163|                        }
164|
165|                        // After sending the error through the exec_notify_fd,
166|                        // we need to explicitly close the pipe.
167|                        drop(exec_notify_fd);
168|                    }
169|                    -1
170|                }
171|            }
172|        })
173|    };
174|
175|    // We have to record the pid of the init process. The init process will be
176|    // inside the pid namespace, so we can't rely on the init process to send us
177|    // the correct pid. We also want to clone the init process as a sibling
178|    // process to the intermediate process. The intermediate process is only
179|    // used as a jumping board to set the init process to the correct
180|    // configuration. The youki main process can decide what to do with the init
181|    // process and the intermediate process can just exit safely after the job
182|    // is done.
183|    let pid = fork::container_clone_sibling(cb).map_err(|err| {
184|        tracing::error!("failed to fork init process: {}", err);
185|        IntermediateProcessError::InitProcess(err)
186|    })?;
187|
188|    // Close the exec_notify_fd in this process
189|    if let ContainerType::TenantContainer { exec_notify_fd } = args.container_type {
190|        close(exec_notify_fd).map_err(|err| {
191|            tracing::error!("failed to close exec notify fd: {}", err);
192|            IntermediateProcessError::ExecNotify(err)
193|        })?;
194|    }
195|
196|    main_sender.intermediate_ready(pid).map_err(|err| {
197|        tracing::error!("failed to wait on intermediate process: {}", err);
198|        err
199|    })?;
200|
(153 more lines below)
2026-07-25 17:17:01.307 | INFO     | metagpt.roles.di.role_zero:_act:292 - Commands: 
[{'command_name': 'Terminal.run_command', 'args': {'cmd': "cd /home/aludy/scires/Cloud_Spec_Exp/external/worktrees/oci-metagpt-agentless-mini-rerun/metagpt/youki-3431 && grep -rn 'prepare_rootfs\\|mount_to_rootfs\\|mount.*proc\\|proc.*mount' crates/libcontainer/src/process/init/process.rs"}}, {'command_name': 'Terminal.run_command', 'args': {'cmd': "cd /home/aludy/scires/Cloud_Spec_Exp/external/worktrees/oci-metagpt-agentless-mini-rerun/metagpt/youki-3431 && grep -rn 'TenantContainer\\|tenant' crates/youki/src/commands/exec.rs"}}, {'command_name': 'Terminal.run_command', 'args': {'cmd': "cd /home/aludy/scires/Cloud_Spec_Exp/external/worktrees/oci-metagpt-agentless-mini-rerun/metagpt/youki-3431 && grep -rn 'TenantContainer\\|container_type' crates/libcontainer/src/container/builder_impl.rs"}}]
2026-07-25 17:17:01.313 | INFO     | metagpt.roles.di.role_zero:_act:294 - Commands outputs: 
Command Terminal.run_command executed:
[command]: cd /home/aludy/scires/Cloud_Spec_Exp/external/worktrees/oci-metagpt-agentless-mini-rerun/metagpt/youki-3431 && grep -rn 'prepare_rootfs\|mount_to_rootfs\|mount.*proc\|proc.*mount' crates/libcontainer/src/process/init/process.rs 
[command output] : 86:            .prepare_rootfs(
698:    // umount /sys and /proc if they are mounted, the purpose is to
699:    // unmount or hide the /sys and /proc filesystems before the process changes its
704:    unmount_or_hide(syscall, "/proc")?;


Command Terminal.run_command executed:
[command]: cd /home/aludy/scires/Cloud_Spec_Exp/external/worktrees/oci-metagpt-agentless-mini-rerun/metagpt/youki-3431 && grep -rn 'TenantContainer\|tenant' crates/youki/src/commands/exec.rs 
[command output] : 23:        .as_tenant()


Command Terminal.run_command executed:
[command]: cd /home/aludy/scires/Cloud_Spec_Exp/external/worktrees/oci-metagpt-agentless-mini-rerun/metagpt/youki-3431 && grep -rn 'TenantContainer\|container_type' crates/libcontainer/src/container/builder_impl.rs 
[command output] : 24:    pub container_type: ContainerType,
83:        matches!(self.container_type, ContainerType::InitContainer)
151:            container_type: self.container_type,

2026-07-25 17:17:07.060 | ERROR    | metagpt.utils.common:parse_code:291 - ```json.*?\s+(.*?)\n``` not match following text:
2026-07-25 17:17:07.060 | ERROR    | metagpt.utils.common:parse_code:292 - 
2026-07-25 17:17:07.061 | WARNING  | metagpt.utils.role_zero_utils:parse_commands:115 - Failed to parse JSON for: . Trying to repair...
2026-07-25 17:17:22.050 | INFO     | metagpt.roles.di.role_zero:_act:292 - Commands: 
[{'command_name': 'Editor.open_file', 'args': {'path': '/home/aludy/scires/Cloud_Spec_Exp/external/worktrees/oci-metagpt-agentless-mini-rerun/metagpt/youki-3431/crates/libcontainer/src/container/builder_impl.rs', 'line_number': 1, 'context_lines': 200}}]
2026-07-25 17:17:22.050 | INFO     | metagpt.roles.di.role_zero:_act:294 - Commands outputs: 
Command Editor.open_file executed: [File: /home/aludy/scires/Cloud_Spec_Exp/external/worktrees/oci-metagpt-agentless-mini-rerun/metagpt/youki-3431/crates/libcontainer/src/container/builder_impl.rs (234 lines total)]
(this is the beginning of the file)
001|use std::fs;
002|use std::io::Write;
003|use std::os::fd::{AsRawFd, OwnedFd};
004|use std::path::PathBuf;
005|use std::rc::Rc;
006|
007|use libcgroups::common::CgroupManager;
008|use nix::unistd::Pid;
009|use oci_spec::runtime::Spec;
010|
011|use super::{Container, ContainerStatus};
012|use crate::error::{CreateContainerError, LibcontainerError, MissingSpecError};
013|use crate::notify_socket::NotifyListener;
014|use crate::process::args::{ContainerArgs, ContainerType};
015|use crate::process::intel_rdt::delete_resctrl_subdirectory;
016|use crate::process::{self};
017|use crate::syscall::syscall::SyscallType;
018|use crate::user_ns::UserNamespaceConfig;
019|use crate::utils;
020|use crate::workload::Executor;
021|
022|pub(super) struct ContainerBuilderImpl {
023|    /// Flag indicating if an init or a tenant container should be created
024|    pub container_type: ContainerType,
025|    /// Interface to operating system primitives
026|    pub syscall: SyscallType,
027|    /// Flag indicating if systemd should be used for cgroup management
028|    pub use_systemd: bool,
029|    /// Id of the container
030|    pub container_id: String,
031|    /// OCI compliant runtime spec
032|    pub spec: Rc<Spec>,
033|    /// Root filesystem of the container
034|    pub rootfs: PathBuf,
035|    /// File which will be used to communicate the pid of the
036|    /// container process to the higher level runtime
037|    pub pid_file: Option<PathBuf>,
038|    /// Socket to communicate the file descriptor of the ptty
039|    pub console_socket: Option<OwnedFd>,
040|    /// Options for new user namespace
041|    pub user_ns_config: Option<UserNamespaceConfig>,
042|    /// Path to the Unix Domain Socket to communicate container start
043|    pub notify_path: PathBuf,
044|    /// Container state
045|    pub container: Option<Container>,
046|    /// File descriptos preserved/passed to the container init process.
047|    pub preserve_fds: i32,
048|    /// If the container is to be run in detached mode
049|    pub detached: bool,
050|    /// Default executes the specified execution of a generic command
051|    pub executor: Box<dyn Executor>,
052|    /// If do not use pivot root to jail process inside rootfs
053|    pub no_pivot: bool,
054|    // RawFd set to stdin of the container init process.
055|    pub stdin: Option<OwnedFd>,
056|    // RawFd set to stdout of the container init process.
057|    pub stdout: Option<OwnedFd>,
058|    // RawFd set to stderr of the container init process.
059|    pub stderr: Option<OwnedFd>,
060|    // Indicate if the init process should be a sibling of the main process.
061|    pub as_sibling: bool,
062|}
063|
064|impl ContainerBuilderImpl {
065|    pub(super) fn create(&mut self) -> Result<Pid, LibcontainerError> {
066|        match self.run_container() {
067|            Ok(pid) => Ok(pid),
068|            Err(outer) => {
069|                // Only the init container should be cleaned up in the case of
070|                // an error.
071|                let cleanup_err = if self.is_init_container() {
072|                    self.cleanup_container().err()
073|                } else {
074|                    None
075|                };
076|
077|                Err(CreateContainerError::new(outer, cleanup_err).into())
078|            }
079|        }
080|    }
081|
082|    fn is_init_container(&self) -> bool {
083|        matches!(self.container_type, ContainerType::InitContainer)
084|    }
085|
086|    fn run_container(&mut self) -> Result<Pid, LibcontainerError> {
087|        let linux = self.spec.linux().as_ref().ok_or(MissingSpecError::Linux)?;
088|        let cgroups_path = utils::get_cgroup_path(linux.cgroups_path(), &self.container_id);
089|        let cgroup_config = libcgroups::common::CgroupConfig {
090|            cgroup_path: cgroups_path,
091|            systemd_cgroup: self.use_systemd || self.user_ns_config.is_some(),
092|            container_name: self.container_id.to_owned(),
093|        };
094|        let process = self
095|            .spec
096|            .process()
097|            .as_ref()
098|            .ok_or(MissingSpecError::Process)?;
099|
100|        // Need to create the notify socket before we pivot root, since the unix
101|        // domain socket used here is outside of the rootfs of container. During
102|        // exec, need to create the socket before we enter into existing mount
103|        // namespace. We also need to create to socket before entering into the
104|        // user namespace in the case that the path is located in paths only
105|        // root can access.
106|        let notify_listener = NotifyListener::new(&self.notify_path)?;
107|
108|        // If Out-of-memory score adjustment is set in specification.  set the score
109|        // value for the current process check
110|        // https://dev.to/rrampage/surviving-the-linux-oom-killer-2ki9 for some more
111|        // information.
112|        //
113|        // This has to be done before !dumpable because /proc/self/oom_score_adj
114|        // is not writeable unless you're an privileged user (if !dumpable is
115|        // set). All children inherit their parent's oom_score_adj value on
116|        // fork(2) so this will always be propagated properly.
117|        if let Some(oom_score_adj) = process.oom_score_adj() {
118|            tracing::debug!("Set OOM score to {}", oom_score_adj);
119|            let mut f = fs::File::create("/proc/self/oom_score_adj").map_err(|err| {
120|                tracing::error!("failed to open /proc/self/oom_score_adj: {}", err);
121|                LibcontainerError::OtherIO(err)
122|            })?;
123|            f.write_all(oom_score_adj.to_string().as_bytes())
124|                .map_err(|err| {
125|                    tracing::error!("failed to write to /proc/self/oom_score_adj: {}", err);
126|                    LibcontainerError::OtherIO(err)
127|                })?;
128|        }
129|
130|        // Make the process non-dumpable, to avoid various race conditions that
131|        // could cause processes in namespaces we're joining to access host
132|        // resources (or potentially execute code).
133|        //
134|        // However, if the number of namespaces we are joining is 0, we are not
135|        // going to be switching to a different security context. Thus setting
136|        // ourselves to be non-dumpable only breaks things (like rootless
137|        // containers), which is the recommendation from the kernel folks.
138|        if linux.namespaces().is_some() {
139|            prctl::set_dumpable(false).map_err(|e| {
140|                LibcontainerError::Other(format!(
141|                    "error in setting dumpable to false : {}",
142|                    nix::errno::Errno::from_raw(e)
143|                ))
144|            })?;
145|        }
146|
147|        // This container_args will be passed to the container processes,
148|        // therefore we will have to move all the variable by value. Since self
149|        // is a shared reference, we have to clone these variables here.
150|        let container_args = ContainerArgs {
151|            container_type: self.container_type,
152|            syscall: self.syscall,
153|            spec: Rc::clone(&self.spec),
154|            rootfs: self.rootfs.to_owned(),
155|            console_socket: self.console_socket.as_ref().map(|c| c.as_raw_fd()),
156|            notify_listener,
157|            preserve_fds: self.preserve_fds,
158|            container: self.container.to_owned(),
159|            user_ns_config: self.user_ns_config.to_owned(),
160|            cgroup_config,
161|            detached: self.detached,
162|            executor: self.executor.clone(),
163|            no_pivot: self.no_pivot,
164|            stdin: self.stdin.as_ref().map(|x| x.as_raw_fd()),
165|            stdout: self.stdout.as_ref().map(|x| x.as_raw_fd()),
166|            stderr: self.stderr.as_ref().map(|x| x.as_raw_fd()),
167|            as_sibling: self.as_sibling,
168|            pid_file: self.pid_file.to_owned(),
169|        };
170|
171|        let (init_pid, need_to_clean_up_intel_rdt_dir) =
172|            process::container_main_process::container_main_process(&container_args).map_err(
173|                |err| {
174|                    tracing::error!("failed to run container process {}", err);
175|                    LibcontainerError::MainProcess(err)
176|                },
177|            )?;
178|
179|        if let Some(container) = &mut self.container {
180|            // update status and pid of the container process
181|            container
182|                .set_status(ContainerStatus::Created)
183|                .set_creator(nix::unistd::geteuid().as_raw())
184|                .set_pid(init_pid.as_raw())
185|                .set_clean_up_intel_rdt_directory(need_to_clean_up_intel_rdt_dir)
186|                .save()?;
187|        }
188|
189|        Ok(init_pid)
190|    }
191|
192|    fn cleanup_container(&self) -> Result<(), LibcontainerError> {
193|        let linux = self.spec.linux().as_ref().ok_or(MissingSpecError::Linux)?;
194|        let cgroups_path = utils::get_cgroup_path(linux.cgroups_path(), &self.container_id);
195|        let cmanager =
196|            libcgroups::common::create_cgroup_manager(libcgroups::common::CgroupConfig {
197|                cgroup_path: cgroups_path,
198|                systemd_cgroup: self.use_systemd || self.user_ns_config.is_some(),
199|                container_name: self.container_id.to_string(),
200|            })?;
(34 more lines below)
2026-07-25 17:17:26.758 | INFO     | metagpt.roles.di.role_zero:_act:292 - Commands: 
[{'command_name': 'Editor.open_file', 'args': {'path': '/home/aludy/scires/Cloud_Spec_Exp/external/worktrees/oci-metagpt-agentless-mini-rerun/metagpt/youki-3431/crates/libcontainer/src/process/init/process.rs', 'line_number': 80, 'context_lines': 30}}, {'command_name': 'Terminal.run_command', 'args': {'cmd': "cd /home/aludy/scires/Cloud_Spec_Exp/external/worktrees/oci-metagpt-agentless-mini-rerun/metagpt/youki-3431 && grep -rn 'prepare_rootfs\\|mount_to_rootfs\\|default_mounts' crates/libcontainer/src/rootfs/rootfs.rs"}}]
2026-07-25 17:17:26.761 | INFO     | metagpt.roles.di.role_zero:_act:294 - Commands outputs: 
Command Editor.open_file executed: [File: /home/aludy/scires/Cloud_Spec_Exp/external/worktrees/oci-metagpt-agentless-mini-rerun/metagpt/youki-3431/crates/libcontainer/src/process/init/process.rs (1452 lines total)]
(64 more lines above)
065|        if let Some(stdout) = args.stdout {
066|            dup2(stdout, 1).map_err(InitProcessError::NixOther)?;
067|            close(stdout).map_err(InitProcessError::NixOther)?;
068|        }
069|        if let Some(stderr) = args.stderr {
070|            dup2(stderr, 2).map_err(InitProcessError::NixOther)?;
071|            close(stderr).map_err(InitProcessError::NixOther)?;
072|        }
073|    }
074|
075|    apply_rest_namespaces(&ctx.ns, ctx.spec, ctx.syscall.as_ref())?;
076|
077|    if let Some(true) = ctx.process.no_new_privileges() {
078|        let _ = prctl::set_no_new_privileges(true);
079|    }
080|
081|    if matches!(args.container_type, ContainerType::InitContainer) {
082|        let in_user_ns = utils::is_in_new_userns().map_err(InitProcessError::Io)?;
083|        let bind_service = ctx.ns.get(LinuxNamespaceType::User)?.is_some() || in_user_ns;
084|        let rootfs = RootFS::new();
085|        rootfs
086|            .prepare_rootfs(
087|                ctx.spec,
088|                ctx.rootfs,
089|                bind_service,
090|                ctx.ns.get(LinuxNamespaceType::Cgroup)?.is_some(),
091|            )
092|            .map_err(|err| {
093|                tracing::error!(?err, "failed to prepare rootfs");
094|                InitProcessError::RootFS(err)
095|            })?;
(1357 more lines below)

Command Terminal.run_command executed:
[command]: cd /home/aludy/scires/Cloud_Spec_Exp/external/worktrees/oci-metagpt-agentless-mini-rerun/metagpt/youki-3431 && grep -rn 'prepare_rootfs\|mount_to_rootfs\|default_mounts' crates/libcontainer/src/rootfs/rootfs.rs 
[command output] : 34:    pub fn mount_to_rootfs(
95:    pub fn prepare_rootfs(
105:        self.mount_to_rootfs(linux, spec, rootfs, cgroup_ns)?;

2026-07-25 17:17:30.361 | INFO     | metagpt.roles.di.role_zero:_act:292 - Commands: 
[{'command_name': 'Editor.open_file', 'args': {'path': '/home/aludy/scires/Cloud_Spec_Exp/external/worktrees/oci-metagpt-agentless-mini-rerun/metagpt/youki-3431/crates/libcontainer/src/process/init/process.rs', 'line_number': 95, 'context_lines': 300}}]
2026-07-25 17:17:30.361 | INFO     | metagpt.roles.di.role_zero:_act:294 - Commands outputs: 
Command Editor.open_file executed: [File: /home/aludy/scires/Cloud_Spec_Exp/external/worktrees/oci-metagpt-agentless-mini-rerun/metagpt/youki-3431/crates/libcontainer/src/process/init/process.rs (1452 lines total)]
(this is the beginning of the file)
001|use std::collections::HashMap;
002|use std::io::{Read, Write};
003|use std::os::unix::io::AsRawFd;
004|use std::path::{Path, PathBuf};
005|use std::{env, fs, mem};
006|
007|use nc;
008|use nix::mount::{MntFlags, MsFlags};
009|use nix::sched::CloneFlags;
010|use nix::sys::stat::Mode;
011|use nix::unistd::{self, Gid, Uid, close, dup2, setsid};
012|use oci_spec::runtime::{
013|    IOPriorityClass, LinuxIOPriority, LinuxNamespaceType, LinuxNetDevice, LinuxPersonalityDomain,
014|    LinuxSchedulerFlag, LinuxSchedulerPolicy, Scheduler, Spec, User,
015|};
016|use pathrs::flags::OpenFlags;
017|use pathrs::procfs::{ProcfsBase, ProcfsHandle, ProcfsHandleBuilder};
018|
019|use super::Result;
020|use super::context::InitContext;
021|use super::error::InitProcessError;
022|use crate::config::PersonalityDomain;
023|use crate::error::MissingSpecError;
024|use crate::namespaces::Namespaces;
025|use crate::network::address::AddressClient;
026|use crate::network::link::LinkClient;
027|use crate::network::network_device::{resolve_device_name, setup_addresses_in_network_namespace};
028|use crate::network::wrapper::create_network_client;
029|use crate::process::args::{ContainerArgs, ContainerType};
030|use crate::process::{channel, memory_policy};
031|use crate::rootfs::RootFS;
032|use crate::rootfs::device::{open_device_fd, verify_dev_null};
033|#[cfg(feature = "libseccomp")]
034|use crate::seccomp;
035|use crate::syscall::{Syscall, SyscallError};
036|use crate::user_ns::UserNamespaceConfig;
037|use crate::{apparmor, capabilities, hooks, tty, utils};
038|
039|// Some variables are unused in the case where libseccomp feature is not enabled.
040|#[allow(unused_variables)]
041|pub fn container_init_process(
042|    args: &ContainerArgs,
043|    main_sender: &mut channel::MainSender,
044|    init_receiver: &mut channel::InitReceiver,
045|) -> Result<()> {
046|    let mut ctx = InitContext::try_from(args)?;
047|
048|    setsid().map_err(|err| {
049|        tracing::error!(?err, "failed to setsid to create a session");
050|        InitProcessError::NixOther(err)
051|    })?;
052|
053|    set_io_priority(ctx.syscall.as_ref(), ctx.process.io_priority())?;
054|
055|    setup_scheduler(ctx.process.scheduler())?;
056|
057|    memory_policy::setup_memory_policy(ctx.linux.memory_policy(), ctx.syscall.as_ref())?;
058|
059|    // If no console socket, set up stdio now
060|    if args.console_socket.is_none() {
061|        if let Some(stdin) = args.stdin {
062|            dup2(stdin, 0).map_err(InitProcessError::NixOther)?;
063|            close(stdin).map_err(InitProcessError::NixOther)?;
064|        }
065|        if let Some(stdout) = args.stdout {
066|            dup2(stdout, 1).map_err(InitProcessError::NixOther)?;
067|            close(stdout).map_err(InitProcessError::NixOther)?;
068|        }
069|        if let Some(stderr) = args.stderr {
070|            dup2(stderr, 2).map_err(InitProcessError::NixOther)?;
071|            close(stderr).map_err(InitProcessError::NixOther)?;
072|        }
073|    }
074|
075|    apply_rest_namespaces(&ctx.ns, ctx.spec, ctx.syscall.as_ref())?;
076|
077|    if let Some(true) = ctx.process.no_new_privileges() {
078|        let _ = prctl::set_no_new_privileges(true);
079|    }
080|
081|    if matches!(args.container_type, ContainerType::InitContainer) {
082|        let in_user_ns = utils::is_in_new_userns().map_err(InitProcessError::Io)?;
083|        let bind_service = ctx.ns.get(LinuxNamespaceType::User)?.is_some() || in_user_ns;
084|        let rootfs = RootFS::new();
085|        rootfs
086|            .prepare_rootfs(
087|                ctx.spec,
088|                ctx.rootfs,
089|                bind_service,
090|                ctx.ns.get(LinuxNamespaceType::Cgroup)?.is_some(),
091|            )
092|            .map_err(|err| {
093|                tracing::error!(?err, "failed to prepare rootfs");
094|                InitProcessError::RootFS(err)
095|            })?;
096|
097|        if let Some(hooks) = ctx.hooks {
098|            // send a request to the main process to run prestart and create_runtime hooks.
099|            // prestart and create_runtime hook needs to be called after the namespace setup, but
100|            // before pivot_root is called. This runs in the runtime(not container) namespaces.
101|            main_sender.hook_request()?;
102|            init_receiver.wait_for_hook_request_done()?;
103|
104|            // create_container hook needs to be called after the namespace setup, but
105|            // before pivot_root is called. This runs in the container namespaces.
106|            hooks::run_hooks(
107|                hooks.create_container().as_ref(),
108|                ctx.container.map(|c| &c.state),
109|                None,
110|                None,
111|            )
112|            .map_err(|err| {
113|                tracing::error!(?err, "failed to run create container hooks");
114|                InitProcessError::Hooks(err)
115|            })?;
116|        }
117|
118|        // Entering into the rootfs jail. If mount namespace is specified, then
119|        // we use pivot_root, but if we are on the host mount namespace, we will
120|        // use simple chroot. Scary things will happen if you try to pivot_root
121|        // in the host mount namespace...
122|        do_pivot_root(ctx.syscall.as_ref(), &ctx.ns, args.no_pivot, ctx.rootfs)?;
123|
124|        // As we have changed the root mount, from here on
125|        // logs are no longer visible in journalctl
126|        // so make sure that you bubble up any errors
127|        // and do not call unwrap() as any panics would not be correctly logged
128|        rootfs
129|            .adjust_root_mount_propagation(ctx.linux)
130|            .map_err(|err| {
131|                tracing::error!(?err, "failed to adjust root mount propagation");
132|                InitProcessError::RootFS(err)
133|            })?;
134|
135|        reopen_dev_null().map_err(|err| {
136|            tracing::error!(?err, "failed to reopen /dev/null");
137|            err
138|        })?;
139|
140|        if let Some(kernel_params) = ctx.linux.sysctl() {
141|            sysctl(kernel_params)?;
142|        }
143|    }
144|
145|    // Setup console AFTER reopen_dev_null (for init) or at start (for exec).
146|    // This follows runc's order:
147|    //   - standard_init_linux.go: setupConsole() is called after prepareRootfs()
148|    //     (which includes pivotRoot and reOpenDevNull)
149|    //   - setns_init_linux.go: setupConsole() is called early
150|    // mount=true for init (mount /dev/console), false for exec (already mounted)
151|    // See: https://github.com/opencontainers/runc/blob/v1.4.0/libcontainer/standard_init_linux.go
152|    // See: https://github.com/opencontainers/runc/blob/v1.4.0/libcontainer/setns_init_linux.go
153|    if let Some(csocketfd) = args.console_socket {
154|        let mount_console = matches!(args.container_type, ContainerType::InitContainer);
155|        tty::setup_console(ctx.syscall.as_ref(), csocketfd, mount_console).map_err(|err| {
156|            tracing::error!(?err, "failed to set up tty");
157|            InitProcessError::Tty(err)
158|        })?;
159|    }
160|
161|    if let Some(personality) = ctx.linux.personality() {
162|        if let Some(flags) = personality.flags() {
163|            if !flags.is_empty() {
164|                tracing::error!("personality flag has not supported at this time");
165|                return Err(InitProcessError::UnsupportedPersonalityFlag);
166|            }
167|        }
168|
169|        let domain = match personality.domain() {
170|            // https://github.com/opencontainers/runtime-spec/blob/main/config-linux.md#personality
171|            LinuxPersonalityDomain::PerLinux => PersonalityDomain::Linux,
172|            LinuxPersonalityDomain::PerLinux32 => PersonalityDomain::Linux32,
173|        };
174|
175|        ctx.syscall.personality(domain).map_err(|err| {
176|            tracing::error!(?err, "failed to set linux personality ");
177|            InitProcessError::SyscallOther(err)
178|        })?;
179|    }
180|
181|    if let Some(profile) = ctx.process.apparmor_profile() {
182|        apparmor::apply_profile(profile).map_err(|err| {
183|            tracing::error!(?err, "failed to apply apparmor profile");
184|            InitProcessError::AppArmor(err)
185|        })?;
186|    }
187|
188|    if ctx.rootfs_ro {
189|        ctx.syscall
190|            .mount(
191|                None,
192|                Path::new("/"),
193|                None,
194|                MsFlags::MS_RDONLY | MsFlags::MS_REMOUNT | MsFlags::MS_BIND,
195|                None,
196|            )
197|            .map_err(|err| {
198|                tracing::error!(?err, "failed to remount root `/` as readonly");
199|                InitProcessError::SyscallOther(err)
200|            })?;
201|    }
202|
203|    if let Some(umask) = ctx.process.user().umask() {
204|        match Mode::from_bits(umask) {
205|            Some(mode) => {
206|                nix::sys::stat::umask(mode);
207|            }
208|            None => {
209|                return Err(InitProcessError::InvalidUmask(umask));
210|            }
211|        }
212|    }
213|
214|    if let Some(paths) = ctx.linux.readonly_paths() {
215|        // mount readonly path
216|        for path in paths {
217|            readonly_path(Path::new(path), ctx.syscall.as_ref()).map_err(|err| {
218|                tracing::error!(?err, ?path, "failed to set readonly path");
219|                err
220|            })?;
221|        }
222|    }
223|
224|    if let Some(paths) = ctx.linux.masked_paths() {
225|        // mount masked paths
226|        masked_paths(paths, ctx.linux.mount_label(), ctx.syscall.as_ref()).map_err(|err| {
227|            tracing::error!(?err, "failed to set masked paths");
228|            err
229|        })?;
230|    }
231|
232|    let cwd = format!("{}", ctx.process.cwd().display());
233|    let do_chdir = if cwd.is_empty() {
234|        false
235|    } else {
236|        // This chdir must run before setting up the user.
237|        // This may allow the user running youki to access directories
238|        // that the container user cannot access.
239|        match unistd::chdir(ctx.process.cwd()) {
240|            std::result::Result::Ok(_) => false,
241|            Err(nix::Error::EPERM) => true,
242|            Err(e) => {
243|                tracing::error!(?e, "failed to chdir");
244|                return Err(InitProcessError::NixOther(e));
245|            }
246|        }
247|    };
248|
249|    set_supplementary_gids(
250|        ctx.process.user(),
251|        &args.user_ns_config,
252|        ctx.syscall.as_ref(),
253|    )
254|    .map_err(|err| {
255|        tracing::error!(?err, "failed to set supplementary gids");
256|        err
257|    })?;
258|
259|    ctx.syscall
260|        .set_id(
261|            Uid::from_raw(ctx.process.user().uid()),
262|            Gid::from_raw(ctx.process.user().gid()),
263|        )
264|        .map_err(|err| {
265|            let uid = ctx.process.user().uid();
266|            let gid = ctx.process.user().gid();
267|            tracing::error!(?err, ?uid, ?gid, "failed to set uid and gid");
268|            InitProcessError::SyscallOther(err)
269|        })?;
270|
271|    // Take care of LISTEN_FDS used for systemd-active-socket. If the value is
272|    // not 0, then we have to preserve those fds as well, and set up the correct
273|    // environment variables.
274|    let preserve_fds: i32 = match env::var("LISTEN_FDS") {
275|        std::result::Result::Ok(listen_fds_str) => {
276|            let listen_fds = match listen_fds_str.parse::<i32>() {
277|                std::result::Result::Ok(v) => v,
278|                Err(error) => {
279|                    tracing::warn!(
280|                        "LISTEN_FDS entered is not a fd. Ignore the value. {:?}",
281|                        error
282|                    );
283|
284|                    0
285|                }
286|            };
287|
288|            // The LISTEN_FDS will have to be passed to container init process.
289|            // The LISTEN_PID will be set to PID 1. Based on the spec, if
290|            // LISTEN_FDS is 0, the variable should be unset, so we just ignore
291|            // it here, if it is 0.
292|            if listen_fds > 0 {
293|                ctx.envs
294|                    .insert("LISTEN_FDS".to_owned(), listen_fds.to_string());
295|                ctx.envs.insert("LISTEN_PID".to_owned(), 1.to_string());
296|            }
297|
298|            args.preserve_fds + listen_fds
299|        }
300|        Err(env::VarError::NotPresent) => args.preserve_fds,
(1152 more lines below)
2026-07-25 17:17:35.754 | INFO     | metagpt.roles.di.role_zero:_act:292 - Commands: 
[{'command_name': 'Editor.open_file', 'args': {'path': '/home/aludy/scires/Cloud_Spec_Exp/external/worktrees/oci-metagpt-agentless-mini-rerun/metagpt/youki-3431/crates/libcontainer/src/process/init/process.rs', 'line_number': 690, 'context_lines': 100}}, {'command_name': 'Terminal.run_command', 'args': {'cmd': "cd /home/aludy/scires/Cloud_Spec_Exp/external/worktrees/oci-metagpt-agentless-mini-rerun/metagpt/youki-3431 && grep -rn 'unmount_or_hide\\|masked_paths\\|readonly_path' crates/libcontainer/src/process/init/process.rs | head -20"}}]
2026-07-25 17:17:35.757 | INFO     | metagpt.roles.di.role_zero:_act:294 - Commands outputs: 
Command Editor.open_file executed: [File: /home/aludy/scires/Cloud_Spec_Exp/external/worktrees/oci-metagpt-agentless-mini-rerun/metagpt/youki-3431/crates/libcontainer/src/process/init/process.rs (1452 lines total)]
(639 more lines above)
640|    // At this point we should be inside of the container and now
641|    // we can re-open /dev/null if it is in use to the /dev/null
642|    // in the container.
643|    let dev_null = fs::File::open("/dev/null").map_err(|err| {
644|        tracing::error!(?err, "failed to open /dev/null inside the container");
645|        InitProcessError::ReopenDevNull(err)
646|    })?;
647|    let dev_null_fstat_info = nix::sys::stat::fstat(dev_null.as_raw_fd()).map_err(|err| {
648|        tracing::error!(?err, "failed to fstat /dev/null inside the container");
649|        InitProcessError::NixOther(err)
650|    })?;
651|    verify_dev_null(&dev_null_fstat_info).map_err(|err| {
652|        tracing::error!(?err, "invalid /dev/null device inside the container");
653|        InitProcessError::Device(err)
654|    })?;
655|
656|    // Check if stdin, stdout or stderr point to /dev/null
657|    for fd in 0..3 {
658|        let fstat_info = nix::sys::stat::fstat(fd).map_err(|err| {
659|            tracing::error!(?err, "failed to fstat stdio fd {}", fd);
660|            InitProcessError::NixOther(err)
661|        })?;
662|
663|        if dev_null_fstat_info.st_rdev == fstat_info.st_rdev {
664|            // This FD points to /dev/null outside of the container.
665|            // Let's point to /dev/null inside of the container.
666|            nix::unistd::dup2(dev_null.as_raw_fd(), fd).map_err(|err| {
667|                tracing::error!(?err, "failed to dup2 fd {} to /dev/null", fd);
668|                InitProcessError::NixOther(err)
669|            })?;
670|        }
671|    }
672|
673|    Ok(())
674|}
675|
676|// umount or hide the target path. If the target path is mounted
677|// try to unmount it first if the unmount operation fails with EINVAL
678|// then mount a tmpfs with size 0k to hide the target path.
679|fn unmount_or_hide(syscall: &dyn Syscall, target: impl AsRef<Path>) -> Result<()> {
680|    let target_path = target.as_ref();
681|    match syscall.umount2(target_path, MntFlags::MNT_DETACH) {
682|        Ok(_) => Ok(()),
683|        Err(SyscallError::Nix(nix::errno::Errno::EINVAL)) => syscall
684|            .mount(
685|                None,
686|                target_path,
687|                Some("tmpfs"),
688|                MsFlags::MS_RDONLY,
689|                Some("size=0k"),
690|            )
691|            .map_err(InitProcessError::SyscallOther),
692|        Err(err) => Err(InitProcessError::SyscallOther(err)),
693|    }
694|}
695|
696|fn move_root(syscall: &dyn Syscall, rootfs: &Path) -> Result<()> {
697|    unistd::chdir(rootfs).map_err(InitProcessError::NixOther)?;
698|    // umount /sys and /proc if they are mounted, the purpose is to
699|    // unmount or hide the /sys and /proc filesystems before the process changes its
700|    // root to the new rootfs. thus ensure that the /sys and /proc filesystems are not
701|    // accessible in the new rootfs. the logic is borrowed from crun
702|    // https://github.com/containers/crun/blob/53cd1c1c697d7351d0cad23708d29bf4a7980a3a/src/libcrun/linux.c#L2780
703|    unmount_or_hide(syscall, "/sys")?;
704|    unmount_or_hide(syscall, "/proc")?;
705|    syscall
706|        .mount(Some(rootfs), Path::new("/"), None, MsFlags::MS_MOVE, None)
707|        .map_err(|err| {
708|            tracing::error!(?err, ?rootfs, "failed to mount ms_move");
709|            InitProcessError::SyscallOther(err)
710|        })?;
711|
712|    syscall.chroot(Path::new(".")).map_err(|err| {
713|        tracing::error!(?err, ?rootfs, "failed to chroot");
714|        InitProcessError::SyscallOther(err)
715|    })?;
716|
717|    unistd::chdir("/").map_err(InitProcessError::NixOther)?;
718|
719|    Ok(())
720|}
721|
722|fn do_pivot_root(
723|    syscall: &dyn Syscall,
724|    namespaces: &Namespaces,
725|    no_pivot: bool,
726|    rootfs: impl AsRef<Path>,
727|) -> Result<()> {
728|    let rootfs_path = rootfs.as_ref();
729|
730|    let handle_error = |err: SyscallError, msg: &str| -> InitProcessError {
731|        tracing::error!(?err, ?rootfs_path, msg);
732|        InitProcessError::SyscallOther(err)
733|    };
734|
735|    match namespaces.get(LinuxNamespaceType::Mount)? {
736|        Some(_) if no_pivot => move_root(syscall, rootfs_path),
737|        Some(_) => syscall
738|            .pivot_rootfs(rootfs.as_ref())
739|            .map_err(|err| handle_error(err, "failed to pivot root")),
740|        None => syscall
(712 more lines below)

Command Terminal.run_command executed:
[command]: cd /home/aludy/scires/Cloud_Spec_Exp/external/worktrees/oci-metagpt-agentless-mini-rerun/metagpt/youki-3431 && grep -rn 'unmount_or_hide\|masked_paths\|readonly_path' crates/libcontainer/src/process/init/process.rs | head -20 
[command output] : 214:    if let Some(paths) = ctx.linux.readonly_paths() {
217:            readonly_path(Path::new(path), ctx.syscall.as_ref()).map_err(|err| {
224:    if let Some(paths) = ctx.linux.masked_paths() {
226:        masked_paths(paths, ctx.linux.mount_label(), ctx.syscall.as_ref()).map_err(|err| {
501:fn readonly_path(path: &Path, syscall: &dyn Syscall) -> Result<()> {
544:fn masked_paths(
679:fn unmount_or_hide(syscall: &dyn Syscall, target: impl AsRef<Path>) -> Result<()> {
703:    unmount_or_hide(syscall, "/sys")?;
704:    unmount_or_hide(syscall, "/proc")?;
1056:    fn test_readonly_path() -> Result<()> {
1058:        readonly_path(Path::new("/proc/sys"), syscall.as_ref())?;
1233:        assert!(super::masked_paths(&paths, &None, syscall.as_ref()).is_ok());
1244:        super::masked_paths(&paths, &None, syscall.as_ref()).map_err(anyhow::Error::from)?;
1270:        assert!(super::masked_paths(&paths, &None, syscall.as_ref()).is_ok());
1297:            super::masked_paths(&paths, &Some("default".to_string()), syscall.as_ref()).is_ok()
1324:        assert!(super::masked_paths(&paths, &None, syscall.as_ref()).is_err());
1332:        assert!(super::masked_paths(&paths, &None, syscall.as_ref()).is_err());

2026-07-25 17:17:42.546 | INFO     | metagpt.utils.role_zero_utils:parse_commands:143 - exclusive command more than one in current command list. change the command list.
```json
[
    {
        "command_name": "Editor.open_file",
        "args": {
            "path": "/home/aludy/scires/Cloud_Spec_Exp/external/worktrees/oci-metagpt-agentless-mini-rerun/metagpt/youki-3431/crates/libcontainer/src/rootfs/mount.rs",
            "line_number": 130,
            "context_lines": 150
        }
    }
]
```
2026-07-25 17:17:42.546 | INFO     | metagpt.roles.di.role_zero:_act:292 - Commands: 
[{'command_name': 'Editor.open_file', 'args': {'path': '/home/aludy/scires/Cloud_Spec_Exp/external/worktrees/oci-metagpt-agentless-mini-rerun/metagpt/youki-3431/crates/libcontainer/src/rootfs/mount.rs', 'line_number': 130, 'context_lines': 150}}]
2026-07-25 17:17:42.547 | INFO     | metagpt.roles.di.role_zero:_act:294 - Commands outputs: 
Command Editor.open_file executed: [File: /home/aludy/scires/Cloud_Spec_Exp/external/worktrees/oci-metagpt-agentless-mini-rerun/metagpt/youki-3431/crates/libcontainer/src/rootfs/mount.rs (1729 lines total)]
(54 more lines above)
055|    SpecBuild(#[from] oci_spec::OciSpecError),
056|    #[error(transparent)]
057|    Other(Box<dyn std::error::Error + Send + Sync>),
058|    #[error("{0}")]
059|    Custom(String),
060|    #[error("symlink")]
061|    Symlink(#[from] SymlinkError),
062|    #[error("procfs failed")]
063|    Procfs(#[from] procfs::ProcError),
064|    #[error("unknown mount option: {0}")]
065|    UnsupportedMountOption(String),
066|    #[error(transparent)]
067|    Pathrs(#[from] pathrs::error::Error),
068|}
069|
070|type Result<T> = std::result::Result<T, MountError>;
071|
072|pub trait MountInfoProvider {
073|    fn mountinfo(&self) -> Result<Vec<MountInfo>>;
074|}
075|
076|/// Default provider that reads mountinfo from /proc via procfs.
077|pub struct ProcMountInfoProvider;
078|
079|impl ProcMountInfoProvider {
080|    pub fn new() -> Self {
081|        ProcMountInfoProvider
082|    }
083|}
084|
085|impl MountInfoProvider for ProcMountInfoProvider {
086|    fn mountinfo(&self) -> Result<Vec<MountInfo>> {
087|        let reader = BufReader::new(ProcfsHandle::new()?.open(
088|            ProcfsBase::ProcSelf,
089|            "mountinfo",
090|            OpenFlags::O_RDONLY | OpenFlags::O_CLOEXEC,
091|        )?);
092|
093|        let mount_infos: Vec<MountInfo> = reader
094|            .lines()
095|            .map(|lr| {
096|                lr.map_err(MountError::from)
097|                    .and_then(|s| MountInfo::from_line(&s).map_err(MountError::from))
098|            })
099|            .collect::<Result<_>>()?;
100|        Ok(mount_infos)
101|    }
102|}
103|
104|#[derive(Debug)]
105|pub struct MountOptions<'a> {
106|    pub root: &'a Path,
107|    pub label: Option<&'a str>,
108|    #[allow(dead_code)]
109|    pub cgroup_ns: bool,
110|}
111|
112|pub struct Mount {
113|    syscall: Box<dyn Syscall>,
114|    mountinfo_provider: Box<dyn MountInfoProvider>,
115|}
116|
117|impl Default for Mount {
118|    fn default() -> Self {
119|        Self::new()
120|    }
121|}
122|
123|impl Mount {
124|    pub fn new() -> Mount {
125|        Mount {
126|            syscall: create_syscall(),
127|            mountinfo_provider: Box::new(ProcMountInfoProvider::new()),
128|        }
129|    }
130|
131|    pub fn with_mountinfo_provider<P: MountInfoProvider + 'static>(mut self, provider: P) -> Self {
132|        self.mountinfo_provider = Box::new(provider);
133|        self
134|    }
135|
136|    pub fn setup_mount(&self, mount: &SpecMount, options: &MountOptions) -> Result<()> {
137|        tracing::debug!("mounting {:?}", mount);
138|        let mut mount_option_config = parse_mount(mount)?;
139|
140|        match mount.typ().as_deref() {
141|            Some("cgroup") => {
142|                let cgroup_setup = libcgroups::common::get_cgroup_setup().map_err(|err| {
143|                    tracing::error!("failed to determine cgroup setup: {}", err);
144|                    MountError::Other(err.into())
145|                })?;
146|                match cgroup_setup {
147|                    Legacy | Hybrid => {
148|                        #[cfg(not(feature = "v1"))]
149|                        panic!(
150|                            "libcontainer can't run in a Legacy or Hybrid cgroup setup without the v1 feature"
151|                        );
152|                        #[cfg(feature = "v1")]
153|                        self.mount_cgroup_v1(mount, options).map_err(|err| {
154|                            tracing::error!("failed to mount cgroup v1: {}", err);
155|                            err
156|                        })?
157|                    }
158|                    Unified => {
159|                        #[cfg(not(feature = "v2"))]
160|                        panic!(
161|                            "libcontainer can't run in a Unified cgroup setup without the v2 feature"
162|                        );
163|                        #[cfg(feature = "v2")]
164|                        self.mount_cgroup_v2(mount, options, &mount_option_config)
165|                            .map_err(|err| {
166|                                tracing::error!("failed to mount cgroup v2: {}", err);
167|                                err
168|                            })?
169|                    }
170|                }
171|            }
172|            // procfs and sysfs are special because we need to ensure they are actually
173|            // mounted on a specific path in a container without any funny business.
174|            // Ref: https://github.com/opencontainers/runc/security/advisories/GHSA-fh74-hm69-rqjw
175|            Some(typ @ ("proc" | "sysfs")) => {
176|                let dest_path = options
177|                    .root
178|                    .join_safely(Path::new(mount.destination()).normalize())
179|                    .map_err(|err| {
180|                        tracing::error!(
181|                            "could not join rootfs path with mount destination {:?}: {}",
182|                            mount.destination(),
183|                            err
184|                        );
185|                        MountError::Other(err.into())
186|                    })?;
187|
188|                match fs::symlink_metadata(&dest_path) {
189|                    Ok(m) if !m.is_dir() => {
190|                        return Err(MountError::Other(
191|                            format!("filesystem {} must be mounted on ordinary directory", typ)
192|                                .into(),
193|                        ));
194|                    }
195|                    Err(e) if e.kind() != ErrorKind::NotFound => {
196|                        return Err(MountError::Other(
197|                            format!("symlink_metadata failed for {}: {}", dest_path.display(), e)
198|                                .into(),
199|                        ));
200|                    }
201|                    _ => {}
202|                }
203|
204|                self.check_proc_mount(options.root, mount)?;
205|
(1524 more lines below)
2026-07-25 17:17:48.682 | INFO     | metagpt.roles.di.role_zero:_act:292 - Commands: 
[{'command_name': 'Editor.open_file', 'args': {'path': '/home/aludy/scires/Cloud_Spec_Exp/external/worktrees/oci-metagpt-agentless-mini-rerun/metagpt/youki-3431/crates/libcontainer/src/rootfs/rootfs.rs', 'line_number': 1, 'context_lines': 200}}]
2026-07-25 17:17:48.682 | INFO     | metagpt.roles.di.role_zero:_act:294 - Commands outputs: 
Command Editor.open_file executed: [File: /home/aludy/scires/Cloud_Spec_Exp/external/worktrees/oci-metagpt-agentless-mini-rerun/metagpt/youki-3431/crates/libcontainer/src/rootfs/rootfs.rs (152 lines total)]
(this is the beginning of the file)
001|use std::collections::HashSet;
002|use std::path::Path;
003|
004|use nix::mount::MsFlags;
005|use oci_spec::runtime::{Linux, Spec};
006|
007|use super::device::Device;
008|use super::mount::{Mount, MountOptions};
009|use super::symlink::Symlink;
010|use super::utils::default_devices;
011|use super::{Result, RootfsError};
012|use crate::error::MissingSpecError;
013|use crate::syscall::Syscall;
014|use crate::syscall::syscall::create_syscall;
015|
016|/// Holds information about rootfs
017|pub struct RootFS {
018|    syscall: Box<dyn Syscall>,
019|}
020|
021|impl Default for RootFS {
022|    fn default() -> Self {
023|        Self::new()
024|    }
025|}
026|
027|impl RootFS {
028|    pub fn new() -> RootFS {
029|        RootFS {
030|            syscall: create_syscall(),
031|        }
032|    }
033|
034|    pub fn mount_to_rootfs(
035|        &self,
036|        linux: &Linux,
037|        spec: &Spec,
038|        rootfs: &Path,
039|        cgroup_ns: bool,
040|    ) -> Result<()> {
041|        let mut flags = MsFlags::MS_REC;
042|        match linux.rootfs_propagation().as_deref() {
043|            Some("shared") => flags |= MsFlags::MS_SHARED,
044|            Some("private") => flags |= MsFlags::MS_PRIVATE,
045|            Some("slave" | "unbindable") | None => flags |= MsFlags::MS_SLAVE,
046|            Some(unknown) => {
047|                return Err(RootfsError::UnknownRootfsPropagation(unknown.to_string()));
048|            }
049|        }
050|
051|        self.syscall
052|            .mount(None, Path::new("/"), None, flags, None)
053|            .map_err(|err| {
054|                tracing::error!(
055|                    ?err,
056|                    ?flags,
057|                    "failed to change the mount propagation type of the root"
058|                );
059|
060|                err
061|            })?;
062|
063|        let mounter = Mount::new();
064|
065|        mounter.make_parent_mount_private(rootfs)?;
066|
067|        tracing::debug!("mount root fs {:?}", rootfs);
068|        self.syscall
069|            .mount(
070|                Some(rootfs),
071|                rootfs,
072|                None,
073|                MsFlags::MS_BIND | MsFlags::MS_REC,
074|                None,
075|            )
076|            .map_err(|err| {
077|                tracing::error!(?rootfs, ?err, "failed to bind mount rootfs");
078|                err
079|            })?;
080|
081|        let global_options = MountOptions {
082|            root: rootfs,
083|            label: linux.mount_label().as_deref(),
084|            cgroup_ns,
085|        };
086|
087|        if let Some(mounts) = spec.mounts() {
088|            for mount in mounts {
089|                mounter.setup_mount(mount, &global_options)?;
090|            }
091|        }
092|        Ok(())
093|    }
094|
095|    pub fn prepare_rootfs(
096|        &self,
097|        spec: &Spec,
098|        rootfs: &Path,
099|        bind_devices: bool,
100|        cgroup_ns: bool,
101|    ) -> Result<()> {
102|        tracing::debug!(?rootfs, "prepare rootfs");
103|        let linux = spec.linux().as_ref().ok_or(MissingSpecError::Linux)?;
104|
105|        self.mount_to_rootfs(linux, spec, rootfs, cgroup_ns)?;
106|
107|        let symlinker = Symlink::new();
108|        symlinker.setup_kcore_symlink(rootfs)?;
109|        symlinker.setup_default_symlinks(rootfs)?;
110|
111|        let devicer = Device::new();
112|        if let Some(added_devices) = linux.devices() {
113|            let mut path_set = HashSet::new();
114|            let devices = default_devices();
115|            added_devices.iter().for_each(|d| {
116|                path_set.insert(d.path());
117|            });
118|            let default = devices.iter().filter(|d| !path_set.contains(d.path()));
119|            devicer.create_devices(rootfs, added_devices.iter().chain(default), bind_devices)
120|        } else {
121|            devicer.create_devices(rootfs, &default_devices(), bind_devices)
122|        }?;
123|
124|        symlinker.setup_ptmx(rootfs)?;
125|        Ok(())
126|    }
127|
128|    /// Change propagation type of rootfs as specified in spec.
129|    pub fn adjust_root_mount_propagation(&self, linux: &Linux) -> Result<()> {
130|        let rootfs_propagation = linux.rootfs_propagation().as_deref();
131|        let flags = match rootfs_propagation {
132|            Some("shared") => Some(MsFlags::MS_SHARED),
133|            Some("unbindable") => Some(MsFlags::MS_UNBINDABLE),
134|            _ => None,
135|        };
136|
137|        if let Some(flags) = flags {
138|            self.syscall
139|                .mount(None, Path::new("/"), None, flags, None)
140|                .map_err(|err| {
141|                    tracing::error!(
142|                        ?err,
143|                        ?flags,
144|                        "failed to adjust the mount propagation type of the root"
145|                    );
146|                    err
147|                })?;
148|        }
149|
150|        Ok(())
151|    }
152|}
(this is the end of the file)
2026-07-25 17:17:57.590 | INFO     | metagpt.roles.di.role_zero:_act:292 - Commands: 
[{'command_name': 'Editor.read', 'args': {'path': '/home/aludy/scires/Cloud_Spec_Exp/external/oci-differential-dataset/cases/youki-3431/repro.sh'}}, {'command_name': 'Editor.read', 'args': {'path': '/home/aludy/scires/Cloud_Spec_Exp/external/oci-differential-dataset/cases/youki-3431/expected_diff.txt'}}, {'command_name': 'Terminal.run_command', 'args': {'cmd': "cd /home/aludy/scires/Cloud_Spec_Exp/external/worktrees/oci-metagpt-agentless-mini-rerun/metagpt/youki-3431 && grep -rn 'mount_to_rootfs\\|prepare_rootfs\\|setup_mount' crates/libcontainer/src/process/ --include='*.rs' | head -20"}}]
2026-07-25 17:17:57.604 | INFO     | metagpt.roles.di.role_zero:_act:294 - Commands outputs: 
Command Editor.read executed: file_path='/home/aludy/scires/Cloud_Spec_Exp/external/oci-differential-dataset/cases/youki-3431/repro.sh' block_content='001|#!/usr/bin/env bash\n002|set -euo pipefail\n003|\n004|case_dir="$(cd "$(dirname "${BASH_SOURCE[0]}")" && pwd)"\n005|config_file="${CONFIG:-$case_dir/buggy_config.json}"\n006|runtime="${RUNTIME:-runc}"\n007|rootfs_tar="${ROOTFS_TAR:-$case_dir/../../alpine-base.tar.gz}"\n008|bundle="${BUNDLE:-$(mktemp -d)}"\n009|container_id="${CONTAINER_ID:-youki-3431-$RANDOM}"\n010|\n011|cleanup() {\n012|  sudo -n "$runtime" delete -f "$container_id" >/dev/null 2>&1 || true\n013|  sudo -n rm -rf "$bundle" >/dev/null 2>&1 || true\n014|}\n015|trap cleanup EXIT\n016|\n017|mkdir -p "$bundle/rootfs"\n018|if [[ ! -f "$rootfs_tar" ]]; then\n019|  echo "missing rootfs tar: $rootfs_tar" >&2\n020|  echo "set ROOTFS_TAR=/path/to/alpine-base.tar.gz or place alpine-base.tar.gz at the repository root" >&2\n021|  exit 2\n022|fi\n023|\n024|sudo -n tar -xzf "$rootfs_tar" -C "$bundle/rootfs"\n025|cp "$config_file" "$bundle/config.json"\n026|\n027|sudo -n "$runtime" run -b "$bundle" "$container_id"\n'

Command Editor.read executed: file_path='/home/aludy/scires/Cloud_Spec_Exp/external/oci-differential-dataset/cases/youki-3431/expected_diff.txt' block_content='001|Issue ID: youki-3431\n002|Upstream URL: https://github.com/youki-dev/youki/issues/3431\n003|Category: Filesystem & Mounts\n004|\n005|Payload under test:\n006|process args: ["sleep", "100"]; linux.resources.devices: [{"allow": false, "access": "rwm"}]\n007|\n008|Expected differential behavior:\n009|The number of proc mounts should remain stable across repeated exec calls. Growth indicates the bug.\n010|\n011|Validation procedure:\n012|1. Run this case with a known-good or reference runtime.\n013|2. Run the same `buggy_config.json` with the runtime version suspected to contain the historical issue.\n014|3. Compare exit status, stdout, stderr, and documented side effects.\n015|4. Treat missing host features, missing cgroup controllers, missing seccomp support, missing runtime binaries, or insufficient privileges as environment failures rather than successful reproductions.\n'

Command Terminal.run_command executed:
[command]: cd /home/aludy/scires/Cloud_Spec_Exp/external/worktrees/oci-metagpt-agentless-mini-rerun/metagpt/youki-3431 && grep -rn 'mount_to_rootfs\|prepare_rootfs\|setup_mount' crates/libcontainer/src/process/ --include='*.rs' | head -20 
[command output] : crates/libcontainer/src/process/init/process.rs:86:            .prepare_rootfs(

2026-07-25 17:18:20.874 | INFO     | metagpt.roles.di.role_zero:_act:292 - Commands: 
[{'command_name': 'Editor.read', 'args': {'path': '/home/aludy/scires/Cloud_Spec_Exp/external/worktrees/oci-metagpt-agentless-mini-rerun/metagpt/youki-3431/crates/libcontainer/src/container/container_start.rs'}}, {'command_name': 'Editor.read', 'args': {'path': '/home/aludy/scires/Cloud_Spec_Exp/external/worktrees/oci-metagpt-agentless-mini-rerun/metagpt/youki-3431/crates/libcontainer/src/process/container_main_process.rs'}}]
2026-07-25 17:18:20.892 | INFO     | metagpt.roles.di.role_zero:_act:294 - Commands outputs: 
Command Editor.read executed: file_path='/home/aludy/scires/Cloud_Spec_Exp/external/worktrees/oci-metagpt-agentless-mini-rerun/metagpt/youki-3431/crates/libcontainer/src/container/container_start.rs' block_content='001|use super::{Container, ContainerStatus};\n002|use crate::config::YoukiConfig;\n003|use crate::error::LibcontainerError;\n004|use crate::hooks;\n005|use crate::notify_socket::{NOTIFY_FILE, NotifySocket};\n006|\n007|impl Container {\n008|    /// Starts a previously created container\n009|    ///\n010|    /// # Example\n011|    ///\n012|    /// ```no_run\n013|    /// use libcontainer::container::builder::ContainerBuilder;\n014|    /// use libcontainer::syscall::syscall::SyscallType;\n015|    ///\n016|    /// # fn main() -> anyhow::Result<()> {\n017|    /// let mut container = ContainerBuilder::new(\n018|    ///     "74f1a4cb3801".to_owned(),\n019|    ///     SyscallType::default(),\n020|    /// )\n021|    /// .as_init("/var/run/docker/bundle")\n022|    /// .build()?;\n023|    ///\n024|    /// container.start();\n025|    /// # Ok(())\n026|    /// # }\n027|    /// ```\n028|    pub fn start(&mut self) -> Result<(), LibcontainerError> {\n029|        self.refresh_status()?;\n030|\n031|        if !self.can_start() {\n032|            tracing::error!(status = ?self.status(), id = ?self.id(), "cannot start container due to incorrect state");\n033|            return Err(LibcontainerError::IncorrectStatus(self.status()));\n034|        }\n035|\n036|        let config = YoukiConfig::load(&self.root).map_err(|err| {\n037|            tracing::error!(\n038|                "failed to load runtime spec for container {}: {}",\n039|                self.id(),\n040|                err\n041|            );\n042|            err\n043|        })?;\n044|\n045|        let mut notify_socket = NotifySocket::new(self.root.join(NOTIFY_FILE));\n046|        notify_socket.notify_container_start()?;\n047|        self.set_status(ContainerStatus::Running)\n048|            .save()\n049|            .map_err(|err| {\n050|                tracing::error!(id = ?self.id(), ?err, "failed to save state for container");\n051|                err\n052|            })?;\n053|\n054|        // Run post start hooks. It runs after the container process is started.\n055|        // It is called in the runtime namespace.\n056|        if let Some(hooks) = config.hooks.as_ref() {\n057|            hooks::run_hooks(\n058|                hooks.poststart().as_ref(),\n059|                Some(&self.state),\n060|                Some(&self.root),\n061|                None,\n062|            )\n063|            .map_err(|err| {\n064|                tracing::error!("failed to run post start hooks: {}", err);\n065|                err\n066|            })?;\n067|        }\n068|\n069|        Ok(())\n070|    }\n071|}\n'

Command Editor.read executed: file_path='/home/aludy/scires/Cloud_Spec_Exp/external/worktrees/oci-metagpt-agentless-mini-rerun/metagpt/youki-3431/crates/libcontainer/src/process/container_main_process.rs' block_content='001|use std::collections::HashMap;\n002|use std::fs;\n003|use std::fs::File;\n004|use std::os::fd::AsRawFd;\n005|use std::path::PathBuf;\n006|\n007|use nix::sys::wait::{WaitStatus, waitpid};\n008|use nix::unistd::Pid;\n009|use oci_spec::runtime::{Linux, LinuxNamespaceType};\n010|#[cfg(feature = "libseccomp")]\n011|use oci_spec::runtime::{SECCOMP_FD_NAME, VERSION as OCI_VERSION};\n012|\n013|use crate::hooks;\n014|use crate::network::network_device::dev_change_net_namespace;\n015|use crate::process::args::{ContainerArgs, ContainerType};\n016|use crate::process::fork::{self, CloneCb};\n017|use crate::process::intel_rdt::setup_intel_rdt;\n018|use crate::process::{channel, container_intermediate_process};\n019|use crate::syscall::SyscallError;\n020|use crate::user_ns::UserNamespaceConfig;\n021|\n022|#[derive(Debug, thiserror::Error)]\n023|pub enum ProcessError {\n024|    #[error(transparent)]\n025|    Channel(#[from] channel::ChannelError),\n026|    #[error("failed to write deny to setgroups")]\n027|    SetGroupsDeny(#[source] std::io::Error),\n028|    #[error(transparent)]\n029|    UserNamespace(#[from] crate::user_ns::UserNamespaceError),\n030|    #[error("container state is required")]\n031|    ContainerStateRequired,\n032|    #[error("failed to wait for intermediate process")]\n033|    WaitIntermediateProcess(#[source] nix::Error),\n034|    #[error(transparent)]\n035|    IntelRdt(#[from] crate::process::intel_rdt::IntelRdtError),\n036|    #[error("failed to create intermediate process")]\n037|    IntermediateProcessFailed(#[source] fork::CloneError),\n038|    #[error("failed seccomp listener")]\n039|    #[cfg(feature = "libseccomp")]\n040|    SeccompListener(#[from] crate::process::seccomp_listener::SeccompListenerError),\n041|    #[error("failed setup network device")]\n042|    Network(#[from] crate::network::NetworkError),\n043|    #[error("failed syscall")]\n044|    SyscallOther(#[source] SyscallError),\n045|    #[error("failed hooks {0}")]\n046|    Hooks(#[from] crate::hooks::HookError),\n047|    #[error("failed to build OCI state: {0}")]\n048|    OciStateBuild(String),\n049|}\n050|\n051|type Result<T> = std::result::Result<T, ProcessError>;\n052|\n053|pub fn container_main_process(container_args: &ContainerArgs) -> Result<(Pid, bool)> {\n054|    // We use a set of channels to communicate between parent and child process.\n055|    // Each channel is uni-directional. Because we will pass these channel to\n056|    // cloned process, we have to be deligent about closing any unused channel.\n057|    // At minimum, we have to close down any unused senders. The corresponding\n058|    // receivers will be cleaned up once the senders are closed down.\n059|    let (mut main_sender, mut main_receiver) = channel::main_channel()?;\n060|    let mut inter_chan = channel::intermediate_channel()?;\n061|    let mut init_chan = channel::init_channel()?;\n062|\n063|    let cb: CloneCb = {\n064|        Box::new(|| {\n065|            if let Err(ret) = prctl::set_name("youki:[1:INTER]") {\n066|                tracing::error!(?ret, "failed to set name for child process");\n067|                return ret;\n068|            }\n069|\n070|            match container_intermediate_process::container_intermediate_process(\n071|                container_args,\n072|                &mut inter_chan,\n073|                &mut init_chan,\n074|                &mut main_sender,\n075|            ) {\n076|                Ok(_) => 0,\n077|                Err(err) => {\n078|                    tracing::error!("failed to run intermediate process {}", err);\n079|                    match main_sender.send_error(err.to_string()) {\n080|                        Ok(_) => {}\n081|                        Err(e) => {\n082|                            tracing::error!(\n083|                                "error in sending intermediate error message {} to main: {}",\n084|                                err,\n085|                                e\n086|                            )\n087|                        }\n088|                    }\n089|                    -1\n090|                }\n091|            }\n092|        })\n093|    };\n094|\n095|    let container_clone_fn = if container_args.as_sibling {\n096|        fork::container_clone_sibling\n097|    } else {\n098|        fork::container_clone\n099|    };\n100|\n101|    let intermediate_pid = container_clone_fn(cb).map_err(|err| {\n102|        tracing::error!("failed to fork intermediate process: {}", err);\n103|        ProcessError::IntermediateProcessFailed(err)\n104|    })?;\n105|\n106|    // Close down unused fds. The corresponding fds are duplicated to the\n107|    // child process during clone.\n108|    main_sender.close().map_err(|err| {\n109|        tracing::error!("failed to close unused sender: {}", err);\n110|        err\n111|    })?;\n112|\n113|    let (mut inter_sender, inter_receiver) = inter_chan;\n114|    let (mut init_sender, init_receiver) = init_chan;\n115|\n116|    // If creating a container with new user namespace, the intermediate process will ask\n117|    // the main process to set up uid and gid mapping, once the intermediate\n118|    // process enters into a new user namespace.\n119|    if let Some(config) = &container_args.user_ns_config {\n120|        main_receiver.wait_for_mapping_request()?;\n121|        setup_mapping(config, intermediate_pid)?;\n122|        inter_sender.mapping_written()?;\n123|    }\n124|\n125|    // At this point, we don\'t need to send any message to intermediate process anymore,\n126|    // so we want to close this sender at the earliest point.\n127|    inter_sender.close().map_err(|err| {\n128|        tracing::error!("failed to close unused intermediate sender: {}", err);\n129|        err\n130|    })?;\n131|\n132|    // The intermediate process will send the init pid once it forks the init\n133|    // process.  The intermediate process should exit after this point.\n134|    let init_pid = main_receiver.wait_for_intermediate_ready()?;\n135|    let mut need_to_clean_up_intel_rdt_subdirectory = false;\n136|\n137|    if let Some(linux) = container_args.spec.linux() {\n138|        if let Some(intel_rdt) = linux.intel_rdt() {\n139|            let container_id = container_args\n140|                .container\n141|                .as_ref()\n142|                .map(|container| container.id());\n143|            need_to_clean_up_intel_rdt_subdirectory =\n144|                setup_intel_rdt(container_id, &init_pid, intel_rdt)?;\n145|        }\n146|    }\n147|\n148|    // if file to write the pid to is specified, write pid of the child\n149|    if let Some(pid_file) = &container_args.pid_file {\n150|        if let Err(err) = fs::write(pid_file, format!("{init_pid}")) {\n151|            tracing::warn!("failed to write pid to file: {err}");\n152|        }\n153|    }\n154|\n155|    if matches!(container_args.container_type, ContainerType::InitContainer) {\n156|        if let Some(hooks) = container_args.spec.hooks() {\n157|            main_receiver.wait_for_hook_request()?;\n158|            if let Some(container_for_hooks) = &container_args.container {\n159|                hooks::run_hooks(\n160|                    hooks.prestart().as_ref(),\n161|                    Some(&container_for_hooks.state),\n162|                    None,\n163|                    Some(init_pid),\n164|                )\n165|                .map_err(|err| {\n166|                    tracing::error!("failed to run prestart hooks: {}", err);\n167|                    err\n168|                })?;\n169|\n170|                hooks::run_hooks(\n171|                    hooks.create_runtime().as_ref(),\n172|                    Some(&container_for_hooks.state),\n173|                    None,\n174|                    Some(init_pid),\n175|                )\n176|                .map_err(|err| {\n177|                    tracing::error!("failed to run create runtime hooks: {}", err);\n178|                    err\n179|                })?;\n180|            }\n181|            init_sender.hook_done()?;\n182|        }\n183|    }\n184|\n185|    if let Some(linux) = container_args.spec.linux() {\n186|        move_network_devices_to_container(linux, init_pid, &mut main_receiver, &mut init_sender)?;\n187|\n188|        #[cfg(feature = "libseccomp")]\n189|        if let Some(seccomp) = linux.seccomp() {\n190|            let container = container_args\n191|                .container\n192|                .as_ref()\n193|                .ok_or(ProcessError::ContainerStateRequired)?;\n194|\n195|            // Determine OCI status based on container type (matching runc behavior)\n196|            let oci_status = match container_args.container_type {\n197|                ContainerType::InitContainer => oci_spec::runtime::ContainerState::Creating,\n198|                ContainerType::TenantContainer { .. } => oci_spec::runtime::ContainerState::Running,\n199|            };\n200|\n201|            // Build OCI-compliant ContainerProcessState using builder pattern\n202|            let oci_state = oci_spec::runtime::StateBuilder::default()\n203|                .version(OCI_VERSION)\n204|                .id(container.state.id.clone())\n205|                .status(oci_status)\n206|                .pid(init_pid.as_raw())\n207|                .bundle(container.state.bundle.clone())\n208|                .annotations(container.state.annotations.clone().unwrap_or_default())\n209|                .build()\n210|                .map_err(|e| ProcessError::OciStateBuild(e.to_string()))?;\n211|\n212|            let state = oci_spec::runtime::ContainerProcessStateBuilder::default()\n213|                .version(OCI_VERSION)\n214|                .fds(vec![SECCOMP_FD_NAME.to_string()])\n215|                .pid(init_pid.as_raw())\n216|                .metadata(seccomp.listener_metadata().clone().unwrap_or_default())\n217|                .state(oci_state)\n218|                .build()\n219|                .map_err(|e| ProcessError::OciStateBuild(e.to_string()))?;\n220|            crate::process::seccomp_listener::sync_seccomp(\n221|                seccomp,\n222|                &state,\n223|                &mut init_sender,\n224|                &mut main_receiver,\n225|            )?;\n226|        }\n227|    }\n228|\n229|    // We don\'t need to send anything to the init process after this point, so\n230|    // close the sender.\n231|    init_sender.close().map_err(|err| {\n232|        tracing::error!("failed to close unused init sender: {}", err);\n233|        err\n234|    })?;\n235|\n236|    main_receiver.wait_for_init_ready().map_err(|err| {\n237|        tracing::error!("failed to wait for init ready: {}", err);\n238|        err\n239|    })?;\n240|\n241|    tracing::debug!("init pid is {:?}", init_pid);\n242|\n243|    // Close the receiver ends to avoid leaking file descriptors.\n244|\n245|    inter_receiver.close().map_err(|err| {\n246|        tracing::error!("failed to close intermediate process receiver: {}", err);\n247|        err\n248|    })?;\n249|\n250|    init_receiver.close().map_err(|err| {\n251|        tracing::error!("failed to close init process receiver: {}", err);\n252|        err\n253|    })?;\n254|\n255|    main_receiver.close().map_err(|err| {\n256|        tracing::error!("failed to close main process receiver: {}", err);\n257|        err\n258|    })?;\n259|\n260|    // Before the main process returns, we want to make sure the intermediate\n261|    // process is exit and reaped. By this point, the intermediate process\n262|    // should already exited successfully. If intermediate process errors out,\n263|    // the `init_ready` will not be sent.\n264|    match waitpid(intermediate_pid, None) {\n265|        Ok(WaitStatus::Exited(_, 0)) => (),\n266|        Ok(WaitStatus::Exited(_, s)) => {\n267|            tracing::warn!("intermediate process failed with exit status: {s}");\n268|        }\n269|        Ok(WaitStatus::Signaled(_, sig, _)) => {\n270|            tracing::warn!("intermediate process killed with signal: {sig}")\n271|        }\n272|        Ok(_) => (),\n273|        Err(nix::errno::Errno::ECHILD) => {\n274|            // This is safe because intermediate_process and main_process check if the process is\n275|            // finished by piping instead of exit code.\n276|            tracing::warn!("intermediate process already reaped");\n277|        }\n278|        Err(err) => return Err(ProcessError::WaitIntermediateProcess(err)),\n279|    };\n280|\n281|    Ok((init_pid, need_to_clean_up_intel_rdt_subdirectory))\n282|}\n283|\n284|fn setup_mapping(config: &UserNamespaceConfig, pid: Pid) -> Result<()> {\n285|    tracing::debug!("write mapping for pid {:?}", pid);\n286|    if !config.privileged {\n287|        // The main process is running as an unprivileged user and cannot write the mapping\n288|        // until "deny" has been written to setgroups. See CVE-2014-8989.\n289|        std::fs::write(format!("/proc/{pid}/setgroups"), "deny")\n290|            .map_err(ProcessError::SetGroupsDeny)?;\n291|    }\n292|\n293|    config.write_uid_mapping(pid).map_err(|err| {\n294|        tracing::error!("failed to write uid mapping for pid {:?}: {}", pid, err);\n295|        err\n296|    })?;\n297|    config.write_gid_mapping(pid).map_err(|err| {\n298|        tracing::error!("failed to write gid mapping for pid {:?}: {}", pid, err);\n299|        err\n300|    })?;\n301|    Ok(())\n302|}\n303|\n304|/// Moves configured network devices from the host to the container\'s network namespace.\n305|/// This function waits for the init process to join its namespace, then transfers each\n306|/// configured device while preserving network addresses. Returns early if the container\n307|/// runs in the host network namespace.\n308|fn move_network_devices_to_container(\n309|    linux: &Linux,\n310|    init_pid: Pid,\n311|    main_receiver: &mut channel::MainReceiver,\n312|    init_sender: &mut channel::InitSender,\n313|) -> Result<()> {\n314|    // Early return if there are no network devices to move\n315|    let devices = match linux.net_devices() {\n316|        Some(devs) if !devs.is_empty() => devs,\n317|        _ => return Ok(()),\n318|    };\n319|\n320|    if let Some(namespaces) = linux.namespaces() {\n321|        // network devices are not moved for containers running in the host network.\n322|        let net_ns = match namespaces\n323|            .iter()\n324|            .find(|ns| ns.typ() == LinuxNamespaceType::Network)\n325|        {\n326|            Some(ns) => ns,\n327|            None => return Ok(()),\n328|        };\n329|\n330|        // Wait for the init process to signal that it has joined the network namespace\n331|        // and is ready for network device setup\n332|        main_receiver.wait_for_network_setup_ready()?;\n333|\n334|        // the container init process has already joined the provided net namespace,\n335|        // so we can use the process\'s net ns path directly.\n336|        let default_ns_path = PathBuf::from(format!("/proc/{}/ns/net", init_pid.as_raw()));\n337|        let ns_path = net_ns.path().as_deref().unwrap_or(&default_ns_path);\n338|\n339|        // Open the network namespace file and validate it exists before moving devices\n340|        let netns_file = File::open(ns_path).map_err(|err| {\n341|            tracing::error!(\n342|                "failed to open network namespace at {}: {}",\n343|                ns_path.display(),\n344|                err\n345|            );\n346|            ProcessError::Network(err.into())\n347|        })?;\n348|        let netns_fd = netns_file.as_raw_fd();\n349|\n350|        // If moving any of the network devices fails, we return an error immediately.\n351|        // The runtime spec requires that the kernel handles moving back any devices\n352|        // that were successfully moved before the failure occurred.\n353|        // See: https://github.com/opencontainers/runtime-spec/blob/27cb0027fd92ef81eda1ea3a8153b8337f56d94a/config-linux.md#namespace-lifecycle-and-container-termination\n354|        let addrs_map = devices\n355|            .iter()\n356|            .map(|(name, net_dev)| {\n357|                let addrs = dev_change_net_namespace(name, netns_fd, net_dev).map_err(|err| {\n358|                    tracing::error!("failed to dev_change_net_namespace: {}", err);\n359|                    err\n360|                })?;\n361|                Ok((name.clone(), addrs))\n362|            })\n363|            .collect::<Result<HashMap<String, Vec<crate::network::cidr::CidrAddress>>>>()?;\n364|        init_sender.move_network_device(addrs_map)?;\n365|    }\n366|\n367|    Ok(())\n368|}\n369|\n370|#[cfg(test)]\n371|mod tests {\n372|    use std::fs;\n373|\n374|    use anyhow::Result;\n375|    use nix::sched::{CloneFlags, unshare};\n376|    use nix::unistd::{self, getgid, getuid};\n377|    use oci_spec::runtime::LinuxIdMappingBuilder;\n378|    use serial_test::serial;\n379|\n380|    use super::*;\n381|    use crate::process::channel::{intermediate_channel, main_channel};\n382|    use crate::user_ns::UserNamespaceIDMapper;\n383|\n384|    #[test]\n385|    #[serial]\n386|    fn setup_uid_mapping_should_succeed() -> Result<()> {\n387|        let uid_mapping = LinuxIdMappingBuilder::default()\n388|            .host_id(getuid())\n389|            .container_id(0u32)\n390|            .size(1u32)\n391|            .build()?;\n392|        let uid_mappings = vec![uid_mapping];\n393|        let tmp = tempfile::tempdir()?;\n394|        let id_mapper = UserNamespaceIDMapper::new_test(tmp.path().to_path_buf());\n395|        let ns_config = UserNamespaceConfig {\n396|            uid_mappings: Some(uid_mappings),\n397|            privileged: true,\n398|            id_mapper: id_mapper.clone(),\n399|            ..Default::default()\n400|        };\n401|        let (mut parent_sender, mut parent_receiver) = main_channel()?;\n402|        let (mut child_sender, mut child_receiver) = intermediate_channel()?;\n403|        match unsafe { unistd::fork()? } {\n404|            unistd::ForkResult::Parent { child } => {\n405|                parent_receiver.wait_for_mapping_request()?;\n406|                parent_receiver.close()?;\n407|\n408|                // In test, we fake the uid path in /proc/{pid}/uid_map, so we\n409|                // need to ensure the path exists before we write the mapping.\n410|                // The path requires the pid we use, so we can only do do after\n411|                // obtaining the child pid here.\n412|                id_mapper.ensure_uid_path(&child)?;\n413|                setup_mapping(&ns_config, child)?;\n414|                let line = fs::read_to_string(id_mapper.get_uid_path(&child))?;\n415|                let split_lines = line.split_whitespace();\n416|                for (act, expect) in split_lines.zip([\n417|                    uid_mapping.container_id().to_string(),\n418|                    uid_mapping.host_id().to_string(),\n419|                    uid_mapping.size().to_string(),\n420|                ]) {\n421|                    assert_eq!(act, expect);\n422|                }\n423|                child_sender.mapping_written()?;\n424|                child_sender.close()?;\n425|            }\n426|            unistd::ForkResult::Child => {\n427|                prctl::set_dumpable(true).unwrap();\n428|                unshare(CloneFlags::CLONE_NEWUSER)?;\n429|                parent_sender.identifier_mapping_request()?;\n430|                parent_sender.close()?;\n431|                child_receiver.wait_for_mapping_ack()?;\n432|                child_receiver.close()?;\n433|                std::process::exit(0);\n434|            }\n435|        }\n436|        Ok(())\n437|    }\n438|\n439|    #[test]\n440|    #[serial]\n441|    fn setup_gid_mapping_should_succeed() -> Result<()> {\n442|        let gid_mapping = LinuxIdMappingBuilder::default()\n443|            .host_id(getgid())\n444|            .container_id(0u32)\n445|            .size(1u32)\n446|            .build()?;\n447|        let gid_mappings = vec![gid_mapping];\n448|        let tmp = tempfile::tempdir()?;\n449|        let id_mapper = UserNamespaceIDMapper::new_test(tmp.path().to_path_buf());\n450|        let ns_config = UserNamespaceConfig {\n451|            gid_mappings: Some(gid_mappings),\n452|            id_mapper: id_mapper.clone(),\n453|            ..Default::default()\n454|        };\n455|        let (mut parent_sender, mut parent_receiver) = main_channel()?;\n456|        let (mut child_sender, mut child_receiver) = intermediate_channel()?;\n457|        match unsafe { unistd::fork()? } {\n458|            unistd::ForkResult::Parent { child } => {\n459|                parent_receiver.wait_for_mapping_request()?;\n460|                parent_receiver.close()?;\n461|\n462|                // In test, we fake the gid path in /proc/{pid}/gid_map, so we\n463|                // need to ensure the path exists before we write the mapping.\n464|                // The path requires the pid we use, so we can only do do after\n465|                // obtaining the child pid here.\n466|                id_mapper.ensure_gid_path(&child)?;\n467|                setup_mapping(&ns_config, child)?;\n468|                let line = fs::read_to_string(id_mapper.get_gid_path(&child))?;\n469|                let split_lines = line.split_whitespace();\n470|                for (act, expect) in split_lines.zip([\n471|                    gid_mapping.container_id().to_string(),\n472|                    gid_mapping.host_id().to_string(),\n473|                    gid_mapping.size().to_string(),\n474|                ]) {\n475|                    assert_eq!(act, expect);\n476|                }\n477|                assert_eq!(\n478|                    fs::read_to_string(format!("/proc/{}/setgroups", child.as_raw()))?,\n479|                    "deny\\n",\n480|                );\n481|                child_sender.mapping_written()?;\n482|                child_sender.close()?;\n483|            }\n484|            unistd::ForkResult::Child => {\n485|                prctl::set_dumpable(true).unwrap();\n486|                unshare(CloneFlags::CLONE_NEWUSER)?;\n487|                parent_sender.identifier_mapping_request()?;\n488|                parent_sender.close()?;\n489|                child_receiver.wait_for_mapping_ack()?;\n490|                child_receiver.close()?;\n491|                std::process::exit(0);\n492|            }\n493|        }\n494|        Ok(())\n495|    }\n496|}\n'
2026-07-25 17:18:21.557 | ERROR    | metagpt.utils.common:wrapper:683 - Exception occurs, start to serialize the project, exp:
Traceback (most recent call last):
  File "/home/aludy/scires/Cloud_Spec_Exp/external/baselines/MetaGPT/metagpt/utils/common.py", line 692, in wrapper
    return await func(self, *args, **kwargs)
  File "/home/aludy/scires/Cloud_Spec_Exp/external/baselines/MetaGPT/metagpt/roles/role.py", line 548, in run
    rsp = await self.react()
openai.APIStatusError: Error code: 402 - {'error': {'message': 'Insufficient Balance', 'type': 'unknown_error', 'param': None, 'code': 'invalid_request_error'}}

The above exception was the direct cause of the following exception:

Traceback (most recent call last):
  File "/home/aludy/scires/Cloud_Spec_Exp/external/baselines/MetaGPT/metagpt/utils/common.py", line 678, in wrapper
    result = await func(self, *args, **kwargs)
  File "/home/aludy/scires/Cloud_Spec_Exp/external/baselines/MetaGPT/metagpt/team.py", line 134, in run
    await self.env.run()
Exception: Traceback (most recent call last):
  File "/home/aludy/scires/Cloud_Spec_Exp/external/baselines/MetaGPT/metagpt/utils/common.py", line 692, in wrapper
    return await func(self, *args, **kwargs)
  File "/home/aludy/scires/Cloud_Spec_Exp/external/baselines/MetaGPT/metagpt/roles/role.py", line 548, in run
    rsp = await self.react()
  File "/home/aludy/scires/Cloud_Spec_Exp/external/baselines/MetaGPT/metagpt/roles/role.py", line 515, in react
    rsp = await self._react()
  File "/home/aludy/scires/Cloud_Spec_Exp/external/baselines/MetaGPT/metagpt/roles/di/role_zero.py", line 319, in _react
    has_todo = await self._think()
  File "/home/aludy/scires/Cloud_Spec_Exp/external/baselines/MetaGPT/metagpt/roles/di/engineer2.py", line 59, in _think
    res = await super()._think()
  File "/home/aludy/scires/Cloud_Spec_Exp/external/baselines/MetaGPT/metagpt/roles/di/role_zero.py", line 254, in _think
    self.command_rsp = await self.llm_cached_aask(req=req, system_msgs=[system_prompt], state_data=state_data)
  File "/home/aludy/scires/Cloud_Spec_Exp/external/baselines/MetaGPT/metagpt/exp_pool/decorator.py", line 187, in async_wrapper
    return await wrapped_func(args, kwargs)
  File "/home/aludy/scires/Cloud_Spec_Exp/external/baselines/MetaGPT/metagpt/exp_pool/decorator.py", line 65, in get_or_create
    return await rsp if asyncio.iscoroutine(rsp) else rsp
  File "/home/aludy/scires/Cloud_Spec_Exp/external/baselines/MetaGPT/metagpt/roles/di/role_zero.py", line 274, in llm_cached_aask
    return await self.llm.aask(req, system_msgs=system_msgs)
  File "/home/aludy/scires/Cloud_Spec_Exp/external/baselines/MetaGPT/metagpt/provider/base_llm.py", line 208, in aask
    rsp = await self.acompletion_text(compressed_message, stream=stream, timeout=self.get_timeout(timeout))
  File "/home/aludy/miniconda3/envs/metagpt/lib/python3.10/site-packages/tenacity/_asyncio.py", line 88, in async_wrapped
    return await fn(*args, **kwargs)
  File "/home/aludy/miniconda3/envs/metagpt/lib/python3.10/site-packages/tenacity/_asyncio.py", line 47, in __call__
    do = self.iter(retry_state=retry_state)
  File "/home/aludy/miniconda3/envs/metagpt/lib/python3.10/site-packages/tenacity/__init__.py", line 314, in iter
    return fut.result()
  File "/home/aludy/miniconda3/envs/metagpt/lib/python3.10/concurrent/futures/_base.py", line 451, in result
    return self.__get_result()
  File "/home/aludy/miniconda3/envs/metagpt/lib/python3.10/concurrent/futures/_base.py", line 403, in __get_result
    raise self._exception
  File "/home/aludy/miniconda3/envs/metagpt/lib/python3.10/site-packages/tenacity/_asyncio.py", line 50, in __call__
    result = await fn(*args, **kwargs)
  File "/home/aludy/scires/Cloud_Spec_Exp/external/baselines/MetaGPT/metagpt/provider/openai_api.py", line 175, in acompletion_text
    return await self._achat_completion_stream(messages, timeout=timeout)
  File "/home/aludy/scires/Cloud_Spec_Exp/external/baselines/MetaGPT/metagpt/provider/openai_api.py", line 93, in _achat_completion_stream
    response: AsyncStream[ChatCompletionChunk] = await self.aclient.chat.completions.create(
  File "/home/aludy/miniconda3/envs/metagpt/lib/python3.10/site-packages/openai/resources/chat/completions/completions.py", line 1927, in create
    return await self._post(
  File "/home/aludy/miniconda3/envs/metagpt/lib/python3.10/site-packages/openai/_base_client.py", line 1856, in post
    return await self.request(cast_to, opts, stream=stream, stream_cls=stream_cls)
  File "/home/aludy/miniconda3/envs/metagpt/lib/python3.10/site-packages/openai/_base_client.py", line 1550, in request
    return await self._request(
  File "/home/aludy/miniconda3/envs/metagpt/lib/python3.10/site-packages/openai/_base_client.py", line 1651, in _request
    raise self._make_status_error_from_response(err.response) from None
openai.APIStatusError: Error code: 402 - {'error': {'message': 'Insufficient Balance', 'type': 'unknown_error', 'param': None, 'code': 'invalid_request_error'}}


/home/aludy/miniconda3/envs/metagpt/lib/python3.10/site-packages/pydantic/_internal/_std_types_schema.py:319: UserWarning: Pydantic serializer warnings:
  Expected `enum` but got `str` with value `'react'` - serialized value may not be as expected
  return handler(v)
/home/aludy/scires/Cloud_Spec_Exp/external/baselines/MetaGPT/metagpt/base/base_serialization.py:26: UserWarning: Pydantic serializer warnings:
  Expected `enum` but got `str` with value `'react'` - serialized value may not be as expected
  ret = default_serializer(self)
Traceback (most recent call last):
  File "/home/aludy/scires/Cloud_Spec_Exp/baselines/metagpt/launch.py", line 307, in <module>
    raise SystemExit(main())
  File "/home/aludy/scires/Cloud_Spec_Exp/baselines/metagpt/launch.py", line 290, in main
    raise NoRepositoryChanges(
NoRepositoryChanges: MetaGPT returned without changing tracked files in the target worktree
ERROR conda.cli.main_run:execute(148): `conda run python /home/aludy/scires/Cloud_Spec_Exp/baselines/metagpt/launch.py --baseline-repo /home/aludy/scires/Cloud_Spec_Exp/external/baselines/MetaGPT --repo /home/aludy/scires/Cloud_Spec_Exp/external/worktrees/oci-metagpt-agentless-mini-rerun/metagpt/youki-3431 --task-file /home/aludy/scires/Cloud_Spec_Exp/results/oci-metagpt-agentless-mini-rerun/metagpt/youki-3431/task.md --output-dir /home/aludy/scires/Cloud_Spec_Exp/results/oci-metagpt-agentless-mini-rerun/metagpt/youki-3431/metagpt-output --model deepseek-v4-flash --api-type deepseek --n-round 10 --investment 3.0 --max-auto-summarize-code 0 --base-url https://api.deepseek.com` failed. (See above for error)
