Starting MetaGPT incremental repair mode.
2026-07-25 14:41:20.538 | INFO     | metagpt.const:get_metagpt_root:25 - PROJECT_ROOT set from environment variable to /home/aludy/scires/Cloud_Spec_Exp/external/baselines/MetaGPT
2026-07-25 14:41:20.538 | INFO     | metagpt.const:get_metagpt_package_root:15 - Package root set to /home/aludy/scires/Cloud_Spec_Exp/external/baselines/MetaGPT
/home/aludy/miniconda3/envs/metagpt/lib/python3.10/site-packages/pydantic/main.py:214: UserWarning: A custom validator is returning a value other than `self`.
Returning anything other than `self` from a top level model validator isn't supported when validating via `__init__`.
See the `model_validator` docs (https://docs.pydantic.dev/latest/concepts/validators/#model-validators) for more details.
  warnings.warn(
2026-07-25 14:41:24.718 | INFO     | metagpt.team:invest:96 - Investment: $3.0.
2026-07-25 14:41:41.666 | INFO     | metagpt.roles.di.role_zero:_act:292 - Commands: 
[{'command_name': 'Plan.append_task', 'args': {'task_id': '1', 'dependent_task_ids': [], 'instruction': "Fix OCI runtime bug case crun-1083 in the writable target repository.\n\nDetails:\n- Target repo: /home/aludy/scires/Cloud_Spec_Exp/external/worktrees/oci-metagpt-agentless-mini-rerun/metagpt/crun-1083\n- Reproduction bundle (read-only): /home/aludy/scires/Cloud_Spec_Exp/external/oci-differential-dataset/cases/crun-1083\n- Rootfs tar: /home/aludy/scires/Cloud_Spec_Exp/external/oci-differential-dataset/alpine-base.tar.gz\n- Build command: ./autogen.sh && ./configure && make -j$(nproc)\n- Candidate runtime path after build: crun\n- Required first command: cd /home/aludy/scires/Cloud_Spec_Exp/external/worktrees/oci-metagpt-agentless-mini-rerun/metagpt/crun-1083 && git rev-parse HEAD && git status --short\n- Expected behavior: The buggy crun build prints 'max' for the memory limit, while fixed crun prints 67108864 for the configured 64 MiB limit.\n- Upstream issue: https://github.com/containers/crun/issues/1083\n- Relevant commit: 3880f04675f5 (fix) with parent 258c237f5947 being the pre-fix baseline.\n- Do not edit dataset, worktree metadata, or oracle scripts.\n- All edits must be inside the writable target repository.\n- After changes, collect git diff using 'git diff' in the target repo.\n- Validation: Run repro.sh from bundle directory, compare exit code, stdout, stderr with expected_diff.txt.\n- Use absolute paths for any Editor tool calls.", 'assignee': 'Alex'}}, {'command_name': 'TeamLeader.publish_message', 'args': {'content': "Please fix the OCI runtime bug case crun-1083. Here are full details:\n\nTarget runtime: crun\nTitle: runc incompatibility wrt. cgroup memory limits\nUpstream issue: https://github.com/containers/crun/issues/1083\n\nWritable target repository (the only location where source changes are allowed):\n/home/aludy/scires/Cloud_Spec_Exp/external/worktrees/oci-metagpt-agentless-mini-rerun/metagpt/crun-1083\n\nRequired first command:\ncd /home/aludy/scires/Cloud_Spec_Exp/external/worktrees/oci-metagpt-agentless-mini-rerun/metagpt/crun-1083 && git rev-parse HEAD && git status --short\n\nInspect, edit, build, and collect git diff only in the writable target repository.\nDo not inspect or modify the source checkout under external/subjects.\nUse absolute paths when calling Editor tools, and ensure every edited path is inside the writable target repository.\n\nReproduction bundle absolute path (read-only):\n/home/aludy/scires/Cloud_Spec_Exp/external/oci-differential-dataset/cases/crun-1083\n\nRootfs tar absolute path:\n/home/aludy/scires/Cloud_Spec_Exp/external/oci-differential-dataset/alpine-base.tar.gz\n\nRun reproduction commands from the reproduction bundle directory.\n\nBuild command that will be used after your changes:\n./autogen.sh && ./configure && make -j$(nproc)\n\nCandidate runtime path after build:\ncrun\n\nExpected differential behavior:\nThe buggy crun build prints 'max' for the memory limit, while runc and fixed crun print 67108864 for the configured 64 MiB limit.\n\nValidation procedure:\n1. Run this case with a known-good or reference runtime.\n2. Run the same `buggy_config.json` with the runtime version suspected to contain the historical issue.\n3. Compare exit status, stdout, stderr, and documented side effects.\n4. Treat missing host features, missing cgroup controllers, missing seccomp support, missing runtime binaries, or insufficient privileges as environment failures rather than successful reproductions.\n\nCase README and oracle files are in the reproduction bundle directory.\n\nRefer to the upstream fix commit: 3880f04675f5 (cgroup: always enable controller). The parent 258c237f5947 is the pre-fix baseline.\n\nAfter completing changes, collect the diff using `git diff` from the target repo and verify the fix by running repro.sh.", 'send_to': 'Alex'}}, {'command_name': 'RoleZero.reply_to_human', 'args': {'content': "I have assigned the task to Alex (Engineer) to fix the OCI runtime bug crun-1083. He will inspect, edit, build, and validate the fix in the writable target repository. I've provided all necessary paths, build instructions, and expected behavior. I will monitor progress and update accordingly."}}, {'command_name': 'end'}]
2026-07-25 14:41:41.667 | INFO     | metagpt.roles.di.role_zero:_act:294 - Commands outputs: 
Command Plan.append_task executed

Command TeamLeader.publish_message executed

Command RoleZero.reply_to_human executed: SUCCESS, human has received your reply. Refrain from resending duplicate messages.  If you no longer need to take action, use the command ‘end’ to stop.

Command end executed:
2026-07-25 14:41:41.669 | INFO     | metagpt.tools.libs.terminal:_check_state:65 - The terminal is at:
2026-07-25 14:41:45.836 | INFO     | metagpt.roles.di.role_zero:_act:292 - Commands: 
[{'command_name': 'Terminal.run_command', 'args': {'cmd': 'cd /home/aludy/scires/Cloud_Spec_Exp/external/worktrees/oci-metagpt-agentless-mini-rerun/metagpt/crun-1083 && git rev-parse HEAD && git status --short'}}, {'command_name': 'Terminal.run_command', 'args': {'cmd': 'ls /home/aludy/scires/Cloud_Spec_Exp/external/oci-differential-dataset/cases/crun-1083/'}}]
2026-07-25 14:41:45.864 | INFO     | metagpt.roles.di.role_zero:_act:294 - Commands outputs: 
Command Terminal.run_command executed:
[command]: cd /home/aludy/scires/Cloud_Spec_Exp/external/worktrees/oci-metagpt-agentless-mini-rerun/metagpt/crun-1083 && git rev-parse HEAD && git status --short 
[command output] : 258c237f59473e17130295a7c05f679fc93b0aa9


Command Terminal.run_command executed:
[command]: ls /home/aludy/scires/Cloud_Spec_Exp/external/oci-differential-dataset/cases/crun-1083/ 
[command output] : README.md
base_config.json
buggy_config.json
expected_diff.txt
repro.sh

2026-07-25 14:41:51.824 | INFO     | metagpt.roles.di.role_zero:_act:292 - Commands: 
[{'command_name': 'Editor.read', 'args': {'path': '/home/aludy/scires/Cloud_Spec_Exp/external/oci-differential-dataset/cases/crun-1083/README.md'}}, {'command_name': 'Editor.read', 'args': {'path': '/home/aludy/scires/Cloud_Spec_Exp/external/oci-differential-dataset/cases/crun-1083/expected_diff.txt'}}, {'command_name': 'Editor.read', 'args': {'path': '/home/aludy/scires/Cloud_Spec_Exp/external/oci-differential-dataset/cases/crun-1083/buggy_config.json'}}, {'command_name': 'Editor.read', 'args': {'path': '/home/aludy/scires/Cloud_Spec_Exp/external/oci-differential-dataset/cases/crun-1083/repro.sh'}}, {'command_name': 'Terminal.run_command', 'args': {'cmd': 'cd /home/aludy/scires/Cloud_Spec_Exp/external/worktrees/oci-metagpt-agentless-mini-rerun/metagpt/crun-1083 && grep -rn "cgroup" src/libcrun/ --include="*.c" --include="*.h" | grep -i "memory\\|limit" | head -30'}}, {'command_name': 'Terminal.run_command', 'args': {'cmd': 'cd /home/aludy/scires/Cloud_Spec_Exp/external/worktrees/oci-metagpt-agentless-mini-rerun/metagpt/crun-1083 && find src/ -name "*.c" -o -name "*.h" | xargs grep -l "memory.limit_in_bytes\\|memory.max" 2>/dev/null | head -10'}}]
2026-07-25 14:41:52.208 | INFO     | metagpt.roles.di.role_zero:_act:294 - Commands outputs: 
Command Editor.read executed: file_path='/home/aludy/scires/Cloud_Spec_Exp/external/oci-differential-dataset/cases/crun-1083/README.md' block_content='001|# crun-1083\n002|\n003|## Upstream Issue Summary\n004|- Title: runc incompatibility wrt. cgroup memory limits\n005|- URL: https://github.com/containers/crun/issues/1083\n006|- Category: Linux-specific Configuration\n007|- Summary: This case reduces the upstream issue to a small OCI bundle that can be used for differential runtime testing.\n008|\n009|## Runtime Version Assessment\n010|Use the runtime version discussed in the upstream issue as the affected implementation and compare it with a fixed or reference runtime. Some cases require specific host support such as cgroup v1, cgroup v2, seccomp, eBPF device filtering, user namespaces, or hook execution support.\n011|\n012|## Buggy Version Identification\n013|Local dataset notes identify `crun version 1.7.1.0.0.0.6-258c` as the buggy build and `crun version 1.27.1.0.0.0.29-856f4` as fixed. Git log also matched `3880f04675f5` (`cgroup: always enable controller`); parent `258c237f5947` is the pre-fix baseline.\n014|\n015|## Local Reproduction Files\n016|- `base_config.json`: clean OCI configuration before injecting the issue-specific payload.\n017|- `buggy_config.json`: modified OCI configuration containing the payload.\n018|- `repro.sh`: helper script that prepares a temporary OCI bundle, extracts `../../alpine-base.tar.gz`, copies the selected config to `config.json`, and invokes the runtime.\n019|- `expected_diff.txt`: expected behavioral difference and validation oracle.\n020|- `README.md`: this case description.\n021|\n022|## Reproduction Prerequisites\n023|- Linux host with permission to run OCI runtimes.\n024|- `alpine-base.tar.gz` present in the repository root.\n025|- Runtime binary available on `PATH` or passed with `RUNTIME=/path/to/runtime`.\n026|- Case-specific kernel or cgroup features available when required by `expected_diff.txt`.\n027|\n028|## Reproduction Steps\n029|1. Change into `cases/crun-1083`.\n030|2. Run `bash repro.sh` with the default runtime.\n031|3. Compare implementations by rerunning with explicit binaries, for example `RUNTIME=/path/to/reference-runtime bash repro.sh` and `RUNTIME=/path/to/buggy-runtime bash repro.sh`.\n032|4. Check the clean baseline with `CONFIG=base_config.json bash repro.sh` when useful.\n033|5. Compare exit code, stdout, stderr, and side effects against `expected_diff.txt`.\n034|\n035|## Result Validation\n036|Payload: process args: ["/bin/sh", "-c", "echo memory-limit-1083; cat /sys/fs/cgroup/memory/memory.limit_in_bytes 2>/dev/null || cat /sys/fs/cgroup/memory.max 2>/dev/null || true"]; linux.resources.memory: {"limit": 67108864, "swap": 134217728}; linux.resources.devices: [{"allow": false, "access": "rwm"}]\n037|\n038|Oracle: The buggy crun build prints max for the memory limit, while runc and fixed crun print 67108864 for the configured 64 MiB limit.\n'

Command Editor.read executed: file_path='/home/aludy/scires/Cloud_Spec_Exp/external/oci-differential-dataset/cases/crun-1083/expected_diff.txt' block_content='001|Issue ID: crun-1083\n002|Upstream URL: https://github.com/containers/crun/issues/1083\n003|Category: Linux-specific Configuration\n004|\n005|Payload under test:\n006|process args: ["/bin/sh", "-c", "echo memory-limit-1083; cat /sys/fs/cgroup/memory/memory.limit_in_bytes 2>/dev/null || cat /sys/fs/cgroup/memory.max 2>/dev/null || true"]; linux.resources.memory: {"limit": 67108864, "swap": 134217728}; linux.resources.devices: [{"allow": false, "access": "rwm"}]\n007|\n008|Expected differential behavior:\n009|The buggy crun build prints max for the memory limit, while runc and fixed crun print 67108864 for the configured 64 MiB limit.\n010|\n011|Validation procedure:\n012|1. Run this case with a known-good or reference runtime.\n013|2. Run the same `buggy_config.json` with the runtime version suspected to contain the historical issue.\n014|3. Compare exit status, stdout, stderr, and documented side effects.\n015|4. Treat missing host features, missing cgroup controllers, missing seccomp support, missing runtime binaries, or insufficient privileges as environment failures rather than successful reproductions.\n'

Command Editor.read executed: file_path='/home/aludy/scires/Cloud_Spec_Exp/external/oci-differential-dataset/cases/crun-1083/buggy_config.json' block_content='001|{\n002|  "ociVersion": "1.0.2",\n003|  "process": {\n004|    "terminal": false,\n005|    "user": {\n006|      "uid": 0,\n007|      "gid": 0\n008|    },\n009|    "args": [\n010|      "/bin/sh",\n011|      "-c",\n012|      "echo memory-limit-1083; cat /sys/fs/cgroup/memory/memory.limit_in_bytes 2>/dev/null || cat /sys/fs/cgroup/memory.max 2>/dev/null || true"\n013|    ],\n014|    "env": [\n015|      "PATH=/usr/local/sbin:/usr/local/bin:/usr/sbin:/usr/bin:/sbin:/bin",\n016|      "TERM=xterm"\n017|    ],\n018|    "cwd": "/",\n019|    "capabilities": {\n020|      "bounding": [\n021|        "CAP_AUDIT_WRITE",\n022|        "CAP_KILL",\n023|        "CAP_NET_BIND_SERVICE"\n024|      ],\n025|      "effective": [\n026|        "CAP_AUDIT_WRITE",\n027|        "CAP_KILL",\n028|        "CAP_NET_BIND_SERVICE"\n029|      ],\n030|      "permitted": [\n031|        "CAP_AUDIT_WRITE",\n032|        "CAP_KILL",\n033|        "CAP_NET_BIND_SERVICE"\n034|      ]\n035|    },\n036|    "rlimits": [\n037|      {\n038|        "type": "RLIMIT_NOFILE",\n039|        "hard": 1024,\n040|        "soft": 1024\n041|      }\n042|    ],\n043|    "noNewPrivileges": true\n044|  },\n045|  "root": {\n046|    "path": "rootfs",\n047|    "readonly": true\n048|  },\n049|  "hostname": "runc",\n050|  "mounts": [\n051|    {\n052|      "destination": "/proc",\n053|      "type": "proc",\n054|      "source": "proc"\n055|    },\n056|    {\n057|      "destination": "/dev",\n058|      "type": "tmpfs",\n059|      "source": "tmpfs",\n060|      "options": [\n061|        "nosuid",\n062|        "strictatime",\n063|        "mode=755",\n064|        "size=65536k"\n065|      ]\n066|    },\n067|    {\n068|      "destination": "/dev/pts",\n069|      "type": "devpts",\n070|      "source": "devpts",\n071|      "options": [\n072|        "nosuid",\n073|        "noexec",\n074|        "newinstance",\n075|        "ptmxmode=0666",\n076|        "mode=0620",\n077|        "gid=5"\n078|      ]\n079|    },\n080|    {\n081|      "destination": "/dev/shm",\n082|      "type": "tmpfs",\n083|      "source": "shm",\n084|      "options": [\n085|        "nosuid",\n086|        "noexec",\n087|        "nodev",\n088|        "mode=1777",\n089|        "size=65536k"\n090|      ]\n091|    },\n092|    {\n093|      "destination": "/dev/mqueue",\n094|      "type": "mqueue",\n095|      "source": "mqueue",\n096|      "options": [\n097|        "nosuid",\n098|        "noexec",\n099|        "nodev"\n100|      ]\n101|    },\n102|    {\n103|      "destination": "/sys",\n104|      "type": "sysfs",\n105|      "source": "sysfs",\n106|      "options": [\n107|        "nosuid",\n108|        "noexec",\n109|        "nodev",\n110|        "ro"\n111|      ]\n112|    },\n113|    {\n114|      "destination": "/sys/fs/cgroup",\n115|      "type": "cgroup",\n116|      "source": "cgroup",\n117|      "options": [\n118|        "nosuid",\n119|        "noexec",\n120|        "nodev",\n121|        "relatime",\n122|        "ro"\n123|      ]\n124|    }\n125|  ],\n126|  "linux": {\n127|    "resources": {\n128|      "devices": [\n129|        {\n130|          "allow": false,\n131|          "access": "rwm"\n132|        }\n133|      ],\n134|      "memory": {\n135|        "limit": 67108864,\n136|        "swap": 134217728\n137|      }\n138|    },\n139|    "namespaces": [\n140|      {\n141|        "type": "pid"\n142|      },\n143|      {\n144|        "type": "network"\n145|      },\n146|      {\n147|        "type": "ipc"\n148|      },\n149|      {\n150|        "type": "uts"\n151|      },\n152|      {\n153|        "type": "mount"\n154|      },\n155|      {\n156|        "type": "cgroup"\n157|      }\n158|    ],\n159|    "maskedPaths": [\n160|      "/proc/acpi",\n161|      "/proc/asound",\n162|      "/proc/kcore",\n163|      "/proc/keys",\n164|      "/proc/latency_stats",\n165|      "/proc/timer_list",\n166|      "/proc/timer_stats",\n167|      "/proc/sched_debug",\n168|      "/sys/firmware",\n169|      "/proc/scsi"\n170|    ],\n171|    "readonlyPaths": [\n172|      "/proc/bus",\n173|      "/proc/fs",\n174|      "/proc/irq",\n175|      "/proc/sys",\n176|      "/proc/sysrq-trigger"\n177|    ]\n178|  }\n179|}\n'

Command Editor.read executed: file_path='/home/aludy/scires/Cloud_Spec_Exp/external/oci-differential-dataset/cases/crun-1083/repro.sh' block_content='001|#!/usr/bin/env bash\n002|set -euo pipefail\n003|\n004|case_dir="$(cd "$(dirname "${BASH_SOURCE[0]}")" && pwd)"\n005|config_file="${CONFIG:-$case_dir/buggy_config.json}"\n006|runtime="${RUNTIME:-crun}"\n007|rootfs_tar="${ROOTFS_TAR:-$case_dir/../../alpine-base.tar.gz}"\n008|bundle="${BUNDLE:-$(mktemp -d)}"\n009|container_id="${CONTAINER_ID:-crun-1083-$RANDOM}"\n010|\n011|cleanup() {\n012|  sudo -n "$runtime" delete -f "$container_id" >/dev/null 2>&1 || true\n013|  sudo -n rm -rf "$bundle" >/dev/null 2>&1 || true\n014|}\n015|trap cleanup EXIT\n016|\n017|mkdir -p "$bundle/rootfs"\n018|if [[ ! -f "$rootfs_tar" ]]; then\n019|  echo "missing rootfs tar: $rootfs_tar" >&2\n020|  echo "set ROOTFS_TAR=/path/to/alpine-base.tar.gz or place alpine-base.tar.gz at the repository root" >&2\n021|  exit 2\n022|fi\n023|\n024|sudo -n tar -xzf "$rootfs_tar" -C "$bundle/rootfs"\n025|cp "$config_file" "$bundle/config.json"\n026|\n027|sudo -n "$runtime" run -b "$bundle" "$container_id"'

Command Terminal.run_command executed:
[command]: cd /home/aludy/scires/Cloud_Spec_Exp/external/worktrees/oci-metagpt-agentless-mini-rerun/metagpt/crun-1083 && grep -rn "cgroup" src/libcrun/ --include="*.c" --include="*.h" | grep -i "memory\|limit" | head -30 
[command output] : src/libcrun/cgroup-utils.c:404:      ret = append_paths (&cgroup_path, err, CGROUP_ROOT "/memory", path, NULL);
src/libcrun/cgroup-resources.c:414:      suffix = cgroup2 ? "max" : "limit_in_bytes";
src/libcrun/cgroup-resources.c:654:write_memory (int dirfd, bool cgroup2, runtime_spec_schema_config_linux_resources_memory *memory, libcrun_error_t *err)
src/libcrun/cgroup-resources.c:662:  limit_buf_len = cg_itoa (limit_buf, memory->limit, cgroup2);
src/libcrun/cgroup-resources.c:664:  return write_cgroup_file (dirfd, cgroup2 ? "memory.max" : "memory.limit_in_bytes", limit_buf, limit_buf_len, err);
src/libcrun/cgroup-resources.c:668:write_memory_swap (int dirfd, bool cgroup2, runtime_spec_schema_config_linux_resources_memory *memory,
src/libcrun/cgroup-resources.c:675:  const char *fname = cgroup2 ? "memory.swap.max" : "memory.memsw.limit_in_bytes";
src/libcrun/cgroup-resources.c:681:  if (cgroup2 && memory->swap != -1)
src/libcrun/cgroup-resources.c:708:write_memory_resources (int dirfd, bool cgroup2, runtime_spec_schema_config_linux_resources_memory *memory,
src/libcrun/cgroup-resources.c:716:  if (cgroup2 && memory->check_before_update_present && memory->check_before_update)
src/libcrun/cgroup-resources.c:752:      ret = write_memory (dirfd, cgroup2, memory, err);
src/libcrun/cgroup-resources.c:770:  ret = write_memory_swap (dirfd, cgroup2, memory, err);
src/libcrun/cgroup-resources.c:776:      ret = write_memory (dirfd, cgroup2, memory, err);
src/libcrun/cgroup-resources.c:784:        return crun_make_error (err, 0, "cannot set kernel memory with cgroupv2");
src/libcrun/cgroup-resources.c:787:      ret = write_cgroup_file (dirfd, "memory.kmem.limit_in_bytes", fmt_buf, len, err);
src/libcrun/cgroup-resources.c:798:        return crun_make_error (err, 0, "cannot set useHierarchy memory with cgroupv2");
src/libcrun/cgroup-resources.c:800:      ret = write_cgroup_file (dirfd, "memory.use_hierarchy", (memory->use_hierarchy) ? "1" : "0", 1, err);
src/libcrun/cgroup-resources.c:808:      ret = write_file_and_check_controllers_at (cgroup2, dirfd, cgroup2 ? "memory.low" : "memory.soft_limit_in_bytes",
src/libcrun/cgroup-resources.c:818:      ret = write_cgroup_file (dirfd, "memory.oom_control", "1", 1, err);
src/libcrun/cgroup-resources.c:828:      ret = write_cgroup_file (dirfd, "memory.kmem.tcp.limit_in_bytes", fmt_buf, len, err);
src/libcrun/cgroup-resources.c:835:        return crun_make_error (err, 0, "cannot set memory swappiness with cgroupv2");
src/libcrun/cgroup-resources.c:838:      ret = write_cgroup_file (dirfd, "memory.swappiness", fmt_buf, len, err);
src/libcrun/cgroup-resources.c:856:      len = cg_itoa (fmt_buf, pids->limit, cgroup2);
src/libcrun/cgroup-resources.c:1173:    return crun_make_error (err, 0, "network limits not supported on cgroupv2");
src/libcrun/cgroup-resources.c:1192:      ret = write_memory_resources (cgroup_dirfd, true, resources->memory, err);
src/libcrun/cgroup-resources.c:1221:      ret = write_hugetlb_resources (cgroup_dirfd, true, resources->hugepage_limits, resources->hugepage_limits_len,
src/libcrun/cgroup-resources.c:1255:        return crun_make_error (err, 0, "cannot set limits without cgroups");
src/libcrun/cgroup-resources.c:1266:            return crun_make_error (err, 0, "cannot set limits without cgroups");
src/libcrun/cgroup-setup.c:188:          ret = initialize_memory_subsystem (cgroup_path, err);
src/libcrun/cgroup.c:298:  /* If the cgroup configuration is limiting what CPUs/memory Nodes are available for the container,


Command Terminal.run_command executed:
[command]: cd /home/aludy/scires/Cloud_Spec_Exp/external/worktrees/oci-metagpt-agentless-mini-rerun/metagpt/crun-1083 && find src/ -name "*.c" -o -name "*.h" | xargs grep -l "memory.limit_in_bytes\|memory.max" 2>/dev/null | head -10 
[command output] : src/libcrun/cgroup-resources.c
src/libcrun/cgroup-setup.c
src/libcrun/container.c

2026-07-25 14:41:55.437 | INFO     | metagpt.utils.role_zero_utils:parse_commands:143 - exclusive command more than one in current command list. change the command list.
```json
[
    {
        "command_name": "Editor.open_file",
        "args": {
            "path": "/home/aludy/scires/Cloud_Spec_Exp/external/worktrees/oci-metagpt-agentless-mini-rerun/metagpt/crun-1083/src/libcrun/cgroup-setup.c"
        }
    }
]
```
2026-07-25 14:41:55.437 | INFO     | metagpt.roles.di.role_zero:_act:292 - Commands: 
[{'command_name': 'Editor.open_file', 'args': {'path': '/home/aludy/scires/Cloud_Spec_Exp/external/worktrees/oci-metagpt-agentless-mini-rerun/metagpt/crun-1083/src/libcrun/cgroup-setup.c'}}]
2026-07-25 14:41:55.438 | INFO     | metagpt.roles.di.role_zero:_act:294 - Commands outputs: 
Command Editor.open_file executed: [File: /home/aludy/scires/Cloud_Spec_Exp/external/worktrees/oci-metagpt-agentless-mini-rerun/metagpt/crun-1083/src/libcrun/cgroup-setup.c (456 lines total)]
(this is the beginning of the file)
001|/*
002| * crun - OCI runtime written in C
003| *
004| * Copyright (C) 2017, 2018, 2019 Giuseppe Scrivano <giuseppe@scrivano.org>
005| * crun is free software; you can redistribute it and/or modify
006| * it under the terms of the GNU Lesser General Public License as published by
007| * the Free Software Foundation; either version 2.1 of the License, or
008| * (at your option) any later version.
009| *
010| * crun is distributed in the hope that it will be useful,
011| * but WITHOUT ANY WARRANTY; without even the implied warranty of
012| * MERCHANTABILITY or FITNESS FOR A PARTICULAR PURPOSE.  See the
013| * GNU Lesser General Public License for more details.
014| *
015| * You should have received a copy of the GNU Lesser General Public License
016| * along with crun.  If not, see <http://www.gnu.org/licenses/>.
017| */
018|
019|#define _GNU_SOURCE
020|
021|#include <config.h>
022|#include "cgroup.h"
023|#include "cgroup-internal.h"
024|#include "cgroup-systemd.h"
025|#include "cgroup-utils.h"
026|#include "ebpf.h"
027|#include "utils.h"
028|#include "status.h"
029|#include <string.h>
030|#include <sys/types.h>
031|#include <signal.h>
032|#include <sys/vfs.h>
033|#include <inttypes.h>
034|#include <time.h>
035|
036|#include <sys/stat.h>
037|#include <sys/types.h>
038|#include <fcntl.h>
039|#include <libgen.h>
040|
041|static int
042|initialize_cpuset_subsystem_rec (char *path, size_t path_len, char *cpus, char *mems, libcrun_error_t *err)
043|{
044|  cleanup_close int dirfd = -1;
045|  cleanup_close int mems_fd = -1;
046|  cleanup_close int cpus_fd = -1;
047|  int b_len;
048|
049|  dirfd = open (path, O_DIRECTORY | O_RDONLY);
050|  if (UNLIKELY (dirfd < 0))
051|    return crun_make_error (err, errno, "open `%s`", path);
052|
053|  if (cpus[0] == '\0')
054|    {
055|      cpus_fd = openat (dirfd, "cpuset.cpus", O_RDWR);
056|      if (UNLIKELY (cpus_fd < 0))
057|        return crun_make_error (err, errno, "open '%s/%s'", path, "cpuset.cpus");
058|
059|      b_len = TEMP_FAILURE_RETRY (read (cpus_fd, cpus, 256));
060|      if (UNLIKELY (b_len < 0))
061|        return crun_make_error (err, errno, "read from 'cpuset.cpus'");
062|      cpus[b_len] = '\0';
063|      if (cpus[0] == '\n')
064|        cpus[0] = '\0';
065|    }
066|
067|  if (mems[0] == '\0')
068|    {
069|      mems_fd = openat (dirfd, "cpuset.mems", O_RDWR);
070|      if (UNLIKELY (mems_fd < 0))
071|        return crun_make_error (err, errno, "open '%s/%s'", path, "cpuset.mems");
072|
073|      b_len = TEMP_FAILURE_RETRY (read (mems_fd, mems, 256));
074|      if (UNLIKELY (b_len < 0))
075|        return crun_make_error (err, errno, "read from 'cpuset.mems'");
076|      mems[b_len] = '\0';
077|      if (mems[0] == '\n')
078|        mems[0] = '\0';
079|    }
080|
081|  /* look up in the parent directory.  */
082|  if (cpus[0] == '\0' || mems[0] == '\0')
083|    {
084|      size_t parent_path_len;
085|      int ret;
086|
087|      for (parent_path_len = path_len - 1; parent_path_len > 1 && path[parent_path_len] != '/'; parent_path_len--)
088|        ;
089|      if (parent_path_len == 1)
090|        return 0;
091|
092|      path[parent_path_len] = '\0';
093|      ret = initialize_cpuset_subsystem_rec (path, parent_path_len, cpus, mems, err);
094|      path[parent_path_len] = '/';
095|      if (UNLIKELY (ret < 0))
096|        {
097|          /* Ignore errors here and try to write the configuration we want later on.  */
098|          crun_error_release (err);
099|        }
100|    }
101|
102|  if (cpus_fd >= 0)
103|    {
104|      b_len = TEMP_FAILURE_RETRY (write (cpus_fd, cpus, strlen (cpus)));
105|      if (UNLIKELY (b_len < 0))
106|        return crun_make_error (err, errno, "write 'cpuset.cpus'");
107|    }
108|
109|  if (mems_fd >= 0)
110|    {
111|      b_len = TEMP_FAILURE_RETRY (write (mems_fd, mems, strlen (mems)));
112|      if (UNLIKELY (b_len < 0))
113|        return crun_make_error (err, errno, "write 'cpuset.mems'");
114|    }
115|
116|  return 0;
117|}
118|
119|static int
120|initialize_cpuset_subsystem (const char *path, libcrun_error_t *err)
121|{
122|  cleanup_free char *tmp_path = xstrdup (path);
123|  char cpus_buf[257];
124|  char mems_buf[257];
125|
126|  cpus_buf[0] = mems_buf[0] = '\0';
127|  return initialize_cpuset_subsystem_rec (tmp_path, strlen (tmp_path), cpus_buf, mems_buf, err);
128|}
129|
130|static int
131|initialize_memory_subsystem (const char *path, libcrun_error_t *err)
132|{
133|  const char *const files[]
134|      = { "memory.limit_in_bytes", "memory.kmem.limit_in_bytes", "memory.memsw.limit_in_bytes", NULL };
135|  cleanup_close int dirfd = -1;
136|  int i;
137|
138|  dirfd = open (path, O_DIRECTORY | O_RDONLY);
139|  if (UNLIKELY (dirfd < 0))
140|    return crun_make_error (err, errno, "open `%s`", path);
141|
142|  for (i = 0; files[i]; i++)
143|    {
144|      int ret;
145|
146|      ret = write_file_at (dirfd, files[i], "-1", 2, err);
147|      if (UNLIKELY (ret < 0))
148|        {
149|          /* Ignore any error here.  */
150|          crun_error_release (err);
151|        }
152|    }
153|
154|  return 0;
155|}
156|
157|int
158|enter_cgroup_subsystem (pid_t pid, const char *subsystem, const char *path, bool create_if_missing,
159|                        libcrun_error_t *err)
160|{
161|  cleanup_free char *cgroup_path = NULL;
162|  int ret;
163|
164|  ret = append_paths (&cgroup_path, err, CGROUP_ROOT, subsystem ? subsystem : "", path ? path : "", NULL);
165|  if (UNLIKELY (ret < 0))
166|    return ret;
167|
168|  if (create_if_missing)
169|    {
170|      ret = crun_ensure_directory (cgroup_path, 0755, false, err);
171|      if (UNLIKELY (ret < 0))
172|        {
173|          if (errno != EROFS)
174|            return crun_make_error (err, errno, "creating cgroup directory `%s`", cgroup_path);
175|
176|          crun_error_release (err);
177|          return 0;
178|        }
179|
180|      if (strcmp (subsystem, "cpuset") == 0)
181|        {
182|          ret = initialize_cpuset_subsystem (cgroup_path, err);
183|          if (UNLIKELY (ret < 0))
184|            return ret;
185|        }
186|      if (strcmp (subsystem, "memory") == 0)
187|        {
188|          ret = initialize_memory_subsystem (cgroup_path, err);
189|          if (UNLIKELY (ret < 0))
190|            return ret;
191|        }
192|    }
193|  else
194|    {
195|      ret = crun_path_exists (cgroup_path, err);
196|      if (UNLIKELY (ret < 0))
197|        return ret;
198|      if (ret == 0)
199|        return 0;
200|    }
(256 more lines below)
2026-07-25 14:42:00.366 | INFO     | metagpt.utils.role_zero_utils:parse_commands:143 - exclusive command more than one in current command list. change the command list.
```json
[
    {
        "command_name": "Editor.open_file",
        "args": {
            "path": "/home/aludy/scires/Cloud_Spec_Exp/external/worktrees/oci-metagpt-agentless-mini-rerun/metagpt/crun-1083/src/libcrun/cgroup-resources.c",
            "line_number": 640,
            "context_lines": 200
        }
    }
]
```
2026-07-25 14:42:00.367 | INFO     | metagpt.roles.di.role_zero:_act:292 - Commands: 
[{'command_name': 'Editor.open_file', 'args': {'path': '/home/aludy/scires/Cloud_Spec_Exp/external/worktrees/oci-metagpt-agentless-mini-rerun/metagpt/crun-1083/src/libcrun/cgroup-resources.c', 'line_number': 640, 'context_lines': 200}}]
2026-07-25 14:42:00.367 | INFO     | metagpt.roles.di.role_zero:_act:294 - Commands outputs: 
Command Editor.open_file executed: [File: /home/aludy/scires/Cloud_Spec_Exp/external/worktrees/oci-metagpt-agentless-mini-rerun/metagpt/crun-1083/src/libcrun/cgroup-resources.c (1283 lines total)]
(539 more lines above)
540|      if (devs[i]->type != NULL)
541|        type = devs[i]->type[0];
542|
543|      if (devs[i]->major_present)
544|        major = devs[i]->major;
545|      if (devs[i]->minor_present)
546|        minor = devs[i]->minor;
547|
548|      program = bpf_program_append_dev (program, devs[i]->access, type, major, minor, devs[i]->allow, err);
549|      if (UNLIKELY (program == NULL))
550|        return -1;
551|    }
552|
553|  program = bpf_program_complete_dev (program, err);
554|  if (UNLIKELY (program == NULL))
555|    return -1;
556|
557|  ret = libcrun_ebpf_load (program, dirfd, NULL, err);
558|  if (ret < 0)
559|    return ret;
560|
561|  return 0;
562|}
563|
564|static int
565|write_devices_resources_v2 (int dirfd, runtime_spec_schema_defs_linux_device_cgroup **devs, size_t devs_len,
566|                            libcrun_error_t *err)
567|{
568|  int ret;
569|  size_t i;
570|  bool can_skip = true;
571|
572|  ret = write_devices_resources_v2_internal (dirfd, devs, devs_len, err);
573|  if (LIKELY (ret == 0))
574|    return 0;
575|
576|  /* If writing the resources ebpf failed, check if it is fine to ignore the error.  */
577|  for (i = 0; i < devs_len; i++)
578|    {
579|      if (devs[i]->allow_present && ! devs[i]->allow)
580|        {
581|          can_skip = false;
582|          break;
583|        }
584|    }
585|
586|  if (! can_skip)
587|    {
588|      libcrun_error_t tmp_err = NULL;
589|      int rootless;
590|
591|      rootless = is_rootless (&tmp_err);
592|      if (UNLIKELY (rootless < 0))
593|        {
594|          crun_error_release (err);
595|          *err = tmp_err;
596|          return ret;
597|        }
598|      if (rootless)
599|        can_skip = true;
600|    }
601|
602|  if (can_skip)
603|    {
604|      crun_error_release (err);
605|      ret = 0;
606|    }
607|
608|  return ret;
609|}
610|
611|static int
612|write_devices_resources (int dirfd, bool cgroup2, runtime_spec_schema_defs_linux_device_cgroup **devs, size_t devs_len,
613|                         libcrun_error_t *err)
614|{
615|  int ret;
616|
617|  if (cgroup2)
618|    ret = write_devices_resources_v2 (dirfd, devs, devs_len, err);
619|  else
620|    ret = write_devices_resources_v1 (dirfd, devs, devs_len, err);
621|  if (UNLIKELY (ret < 0))
622|    {
623|      libcrun_error_t tmp_err = NULL;
624|      int rootless;
625|
626|      rootless = is_rootless (&tmp_err);
627|      if (UNLIKELY (rootless < 0))
628|        {
629|          crun_error_release (&tmp_err);
630|          return ret;
631|        }
632|
633|      if (rootless)
634|        {
635|          crun_error_release (err);
636|          ret = 0;
637|        }
638|    }
639|  return ret;
640|}
641|
642|/* use for cgroupv2 files with .min, .max, .low, or .high suffix */
643|static int
644|cg_itoa (char *buf, int64_t value, bool cgroup2)
645|{
646|  if (! (cgroup2 && value == -1))
647|    return sprintf (buf, "%" PRIi64, value);
648|
649|  memcpy (buf, "max", 4);
650|  return 3;
651|}
652|
653|static int
654|write_memory (int dirfd, bool cgroup2, runtime_spec_schema_config_linux_resources_memory *memory, libcrun_error_t *err)
655|{
656|  char limit_buf[32];
657|  size_t limit_buf_len;
658|
659|  if (! memory->limit_present)
660|    return 0;
661|
662|  limit_buf_len = cg_itoa (limit_buf, memory->limit, cgroup2);
663|
664|  return write_cgroup_file (dirfd, cgroup2 ? "memory.max" : "memory.limit_in_bytes", limit_buf, limit_buf_len, err);
665|}
666|
667|static int
668|write_memory_swap (int dirfd, bool cgroup2, runtime_spec_schema_config_linux_resources_memory *memory,
669|                   libcrun_error_t *err)
670|{
671|  int ret;
672|  int64_t swap;
673|  char swap_buf[32];
674|  size_t swap_buf_len;
675|  const char *fname = cgroup2 ? "memory.swap.max" : "memory.memsw.limit_in_bytes";
676|
677|  if (! memory->swap_present)
678|    return 0;
679|
680|  swap = memory->swap;
681|  if (cgroup2 && memory->swap != -1)
682|    {
683|      if (! memory->limit_present)
684|        return crun_make_error (err, 0, "cannot set swap limit without the memory limit");
685|      if (memory->swap < memory->limit)
686|        return crun_make_error (err, 0, "cannot set memory+swap limit less than the memory limit");
687|
688|      swap -= memory->limit;
689|    }
690|
691|  swap_buf_len = cg_itoa (swap_buf, swap, cgroup2);
692|
693|  ret = write_cgroup_file (dirfd, fname, swap_buf, swap_buf_len, err);
694|  if (ret >= 0)
695|    return ret;
696|
697|  /* If swap is not enabled, ignore the error.  */
698|  if (crun_error_get_errno (err) == ENOENT)
699|    {
700|      crun_error_release (err);
701|      return 0;
702|    }
703|
704|  return ret;
705|}
706|
707|static int
708|write_memory_resources (int dirfd, bool cgroup2, runtime_spec_schema_config_linux_resources_memory *memory,
709|                        libcrun_error_t *err)
710|{
711|  size_t len;
712|  int ret;
713|  char fmt_buf[32];
714|  bool memory_limits_written = false;
715|
716|  if (cgroup2 && memory->check_before_update_present && memory->check_before_update)
717|    {
718|      cleanup_free char *swap_current = NULL;
719|      cleanup_free char *current = NULL;
720|      uint64_t limit = 0;
721|      uint64_t val, val_swap;
722|      int ret;
723|
724|      ret = read_all_file_at (dirfd, "memory.current", &current, NULL, err);
725|      if (UNLIKELY (ret < 0))
726|        return ret;
727|
728|      ret = read_all_file_at (dirfd, "memory.swap.current", &swap_current, NULL, err);
729|      if (UNLIKELY (ret < 0))
730|        return ret;
731|
732|      errno = 0;
733|      val = strtoll (current, NULL, 10);
734|      if (UNLIKELY (errno))
735|        return crun_make_error (err, errno, "parse memory.current");
736|
737|      val_swap = strtoll (swap_current, NULL, 10);
738|      if (UNLIKELY (errno))
739|        return crun_make_error (err, errno, "parse memory.swap.current");
740|
(543 more lines below)
2026-07-25 14:42:08.573 | INFO     | metagpt.roles.di.role_zero:_act:292 - Commands: 
[{'command_name': 'Terminal.run_command', 'args': {'cmd': 'cd /home/aludy/scires/Cloud_Spec_Exp/external/worktrees/oci-metagpt-agentless-mini-rerun/metagpt/crun-1083 && git log --oneline -20'}}, {'command_name': 'Terminal.run_command', 'args': {'cmd': 'cd /home/aludy/scires/Cloud_Spec_Exp/external/worktrees/oci-metagpt-agentless-mini-rerun/metagpt/crun-1083 && grep -rn "cgroup.controllers\\|subtree_control\\|enable_controller" src/libcrun/ --include="*.c" --include="*.h" | head -20'}}]
2026-07-25 14:42:08.600 | INFO     | metagpt.roles.di.role_zero:_act:294 - Commands outputs: 
Command Terminal.run_command executed:
[command]: cd /home/aludy/scires/Cloud_Spec_Exp/external/worktrees/oci-metagpt-agentless-mini-rerun/metagpt/crun-1083 && git log --oneline -20 
[command output] : 258c237f crun: fix compile time check for CRIU
a48d44e9 Merge pull request #1070 from lsm5/wasmedge-epel8
6ce11e8d copr: enable wasmedge on all active envs
81015b5a Merge pull request #1081 from giuseppe/fix-ginkgo-installation
ada59b2e tests: fix podman tests
cb1e21b8 Merge pull request #1079 from giuseppe/tag-1.7.1
d068462c NEWS: tag 1.7.1
4fcc0b56 Merge pull request #1075 from BNieuwenhuizen/error-message
9893e992 utils: Improve debug message
52e303d3 Merge pull request #1078 from giuseppe/fix-format-id-map
db080715 linux: include terminal \0 when copying mapping
b42e7ec0 Merge pull request #1073 from giuseppe/fix-creating-default-userns
46677d63 Merge pull request #1071 from giuseppe/krun-copy-config-file
67f58c6a utils: fix creating default userns
5689bd18 krun: disable libkrun's collection of env vars
6b8da567 krun: copy the OCI configuration file
3ef32662 Merge pull request #1067 from giuseppe/load-libcriu-dynamically
92db973e configure.ac: do not link libcriu dynamically
f6a51094 criu: add check at runtime for the version
8c3fc125 criu: load libcriu dynamically


Command Terminal.run_command executed:
[command]: cd /home/aludy/scires/Cloud_Spec_Exp/external/worktrees/oci-metagpt-agentless-mini-rerun/metagpt/crun-1083 && grep -rn "cgroup.controllers\|subtree_control\|enable_controller" src/libcrun/ --include="*.c" --include="*.h" | head -20 
[command output] : src/libcrun/cgroup-utils.c:712:  ret = append_paths (&controllers, err, CGROUP_ROOT, path, "cgroup.controllers", NULL);
src/libcrun/cgroup-utils.c:741:  cleanup_free char *subtree_control = NULL;
src/libcrun/cgroup-utils.c:752:  ret = append_paths (&subtree_control, err, CGROUP_ROOT, path, "cgroup.subtree_control", NULL);
src/libcrun/cgroup-utils.c:755:  ret = write_file (subtree_control, controllers, controllers_len, err);
src/libcrun/cgroup-utils.c:774:          exists = crun_path_exists (subtree_control, &tmp_err);
src/libcrun/cgroup-utils.c:802:              ret = write_file (subtree_control, token, strlen (token), err);
src/libcrun/cgroup-utils.c:854:enable_controllers (const char *path, libcrun_error_t *err)
src/libcrun/cgroup-systemd.c:191:        ret = enable_controllers (path, err);
src/libcrun/cgroup-cgroupfs.c:79:  ret = enable_controllers (sub_path, err);
src/libcrun/cgroup-cgroupfs.c:110:      ret = enable_controllers (out->path, err);
src/libcrun/cgroup-resources.c:111:      /* If the cgroup.controllers file cannot be read, return the original error.  */
src/libcrun/cgroup-resources.c:112:      if (read_all_file_at (cgroup_dirfd, "cgroup.controllers", &controllers, NULL, &tmp_err) < 0)
src/libcrun/cgroup-internal.h:56:int enable_controllers (const char *path, libcrun_error_t *err);
src/libcrun/cgroup.c:320:      ret = read_all_file (CGROUP_ROOT "/unified/cgroup.controllers", &buffer, &len, err);
src/libcrun/cgroup.c:442:  ret = enable_controllers (target_cgroup, err);

2026-07-25 14:42:13.812 | INFO     | metagpt.utils.role_zero_utils:parse_commands:143 - exclusive command more than one in current command list. change the command list.
```json
[
    {
        "command_name": "Editor.open_file",
        "args": {
            "path": "/home/aludy/scires/Cloud_Spec_Exp/external/worktrees/oci-metagpt-agentless-mini-rerun/metagpt/crun-1083/src/libcrun/cgroup-utils.c",
            "line_number": 700,
            "context_lines": 200
        }
    }
]
```
2026-07-25 14:42:13.812 | INFO     | metagpt.roles.di.role_zero:_act:292 - Commands: 
[{'command_name': 'Editor.open_file', 'args': {'path': '/home/aludy/scires/Cloud_Spec_Exp/external/worktrees/oci-metagpt-agentless-mini-rerun/metagpt/crun-1083/src/libcrun/cgroup-utils.c', 'line_number': 700, 'context_lines': 200}}]
2026-07-25 14:42:13.813 | INFO     | metagpt.roles.di.role_zero:_act:294 - Commands outputs: 
Command Editor.open_file executed: [File: /home/aludy/scires/Cloud_Spec_Exp/external/worktrees/oci-metagpt-agentless-mini-rerun/metagpt/crun-1083/src/libcrun/cgroup-utils.c (954 lines total)]
(599 more lines above)
600|
601|  return 0;
602|}
603|
604|static int
605|libcrun_cgroup_pause_unpause_with_mode (const char *cgroup_path, int cgroup_mode, const bool pause,
606|                                        libcrun_error_t *err)
607|{
608|  cleanup_free char *path = NULL;
609|  const char *state = "";
610|  int ret;
611|
612|  if (cgroup_path == NULL || cgroup_path[0] == '\0')
613|    return crun_make_error (err, 0, "cannot %s the container without a cgroup", pause ? "pause" : "resume");
614|
615|  if (cgroup_mode == CGROUP_MODE_UNIFIED)
616|    {
617|      state = pause ? "1" : "0";
618|      ret = append_paths (&path, err, CGROUP_ROOT, cgroup_path, "cgroup.freeze", NULL);
619|      if (UNLIKELY (ret < 0))
620|        return ret;
621|    }
622|  else
623|    {
624|      state = pause ? "FROZEN" : "THAWED";
625|      ret = append_paths (&path, err, CGROUP_ROOT "/freezer", cgroup_path, "freezer.state", NULL);
626|      if (UNLIKELY (ret < 0))
627|        return ret;
628|    }
629|
630|  ret = write_file (path, state, strlen (state), err);
631|  if (ret >= 0)
632|    return 0;
633|  return ret;
634|}
635|
636|int
637|libcrun_cgroup_pause_unpause_path (const char *cgroup_path, const bool pause, libcrun_error_t *err)
638|{
639|  int cgroup_mode;
640|
641|  cgroup_mode = libcrun_get_cgroup_mode (err);
642|  if (UNLIKELY (cgroup_mode < 0))
643|    return cgroup_mode;
644|
645|  return libcrun_cgroup_pause_unpause_with_mode (cgroup_path, cgroup_mode, pause, err);
646|}
647|
648|int
649|cgroup_killall_path (const char *path, int signal, libcrun_error_t *err)
650|{
651|  int ret;
652|  size_t i;
653|  cleanup_free pid_t *pids = NULL;
654|
655|  if (path == NULL || *path == '\0')
656|    return 0;
657|
658|  /* If the signal is SIGKILL, try to kill each process using the `cgroup.kill` file.  */
659|  if (signal == SIGKILL)
660|    {
661|      cleanup_free char *kill_file = NULL;
662|
663|      ret = append_paths (&kill_file, err, CGROUP_ROOT, path, "cgroup.kill", NULL);
664|      if (UNLIKELY (ret < 0))
665|        return ret;
666|
667|      ret = write_file_with_flags (kill_file, 0, "1", 1, err);
668|      if (ret >= 0)
669|        return 0;
670|
671|      crun_error_release (err);
672|    }
673|
674|  ret = libcrun_cgroup_pause_unpause_path (path, true, err);
675|  if (UNLIKELY (ret < 0))
676|    crun_error_release (err);
677|
678|  ret = libcrun_cgroup_read_pids_from_path (path, true, &pids, err);
679|  if (UNLIKELY (ret < 0))
680|    {
681|      if (crun_error_get_errno (err) != ENOENT)
682|        return ret;
683|
684|      /* If the file doesn't exist then the container was already killed.  */
685|      crun_error_release (err);
686|    }
687|
688|  for (i = 0; pids && pids[i]; i++)
689|    {
690|      ret = kill (pids[i], signal);
691|      if (UNLIKELY (ret < 0 && errno != ESRCH))
692|        return crun_make_error (err, errno, "kill process %d", pids[i]);
693|    }
694|
695|  ret = libcrun_cgroup_pause_unpause_path (path, false, err);
696|  if (UNLIKELY (ret < 0))
697|    crun_error_release (err);
698|
699|  return 0;
700|}
701|
702|static int
703|read_available_controllers (const char *path, libcrun_error_t *err)
704|{
705|  cleanup_free char *controllers = NULL;
706|  cleanup_free char *buf = NULL;
707|  char *saveptr = NULL;
708|  const char *token;
709|  int available = 0;
710|  ssize_t ret;
711|
712|  ret = append_paths (&controllers, err, CGROUP_ROOT, path, "cgroup.controllers", NULL);
713|  if (UNLIKELY (ret < 0))
714|    return ret;
715|
716|  ret = read_all_file (controllers, &buf, NULL, err);
717|  if (UNLIKELY (ret < 0))
718|    return crun_make_error (err, errno, "error reading from file `%s`", controllers);
719|
720|  for (token = strtok_r (buf, " \n", &saveptr); token; token = strtok_r (NULL, " \n", &saveptr))
721|    {
722|      if (strcmp (token, "memory") == 0)
723|        available |= CGROUP_MEMORY;
724|      else if (strcmp (token, "cpu") == 0)
725|        available |= CGROUP_CPU;
726|      else if (strcmp (token, "cpuset") == 0)
727|        available |= CGROUP_CPUSET;
728|      else if (strcmp (token, "hugetlb") == 0)
729|        available |= CGROUP_HUGETLB;
730|      else if (strcmp (token, "pids") == 0)
731|        available |= CGROUP_PIDS;
732|      else if (strcmp (token, "io") == 0)
733|        available |= CGROUP_IO;
734|    }
735|  return available;
736|}
737|
738|static int
739|write_controller_file (const char *path, int controllers_to_enable, libcrun_error_t *err)
740|{
741|  cleanup_free char *subtree_control = NULL;
742|  cleanup_free char *controllers = NULL;
743|  size_t controllers_len = 0;
744|  int ret;
745|
746|  controllers_len = xasprintf (
747|      &controllers, "%s %s %s %s %s %s", (controllers_to_enable & CGROUP_CPU) ? "+cpu" : "",
748|      (controllers_to_enable & CGROUP_IO) ? "+io" : "", (controllers_to_enable & CGROUP_MEMORY) ? "+memory" : "",
749|      (controllers_to_enable & CGROUP_PIDS) ? "+pids" : "", (controllers_to_enable & CGROUP_CPUSET) ? "+cpuset" : "",
750|      (controllers_to_enable & CGROUP_HUGETLB) ? "+hugetlb" : "");
751|
752|  ret = append_paths (&subtree_control, err, CGROUP_ROOT, path, "cgroup.subtree_control", NULL);
753|  if (UNLIKELY (ret < 0))
754|    return ret;
755|  ret = write_file (subtree_control, controllers, controllers_len, err);
756|  if (UNLIKELY (ret < 0))
757|    {
758|      cleanup_free char *controllers_copy = xmalloc (controllers_len + 1);
759|      int attempts_left;
760|      char *saveptr = NULL;
761|      const char *token;
762|      int e;
763|
764|      e = crun_error_get_errno (err);
765|      if (e != EPERM && e != EACCES && e != EBUSY && e != ENOENT && e != EOPNOTSUPP)
766|        return ret;
767|
768|      /* ENOENT can mean both that the file doesn't exist or the controller is not present.  */
769|      if (e == ENOENT)
770|        {
771|          libcrun_error_t tmp_err = NULL;
772|          int exists;
773|
774|          exists = crun_path_exists (subtree_control, &tmp_err);
775|          if (UNLIKELY (exists < 0))
776|            {
777|              crun_error_release (&tmp_err);
778|              return ret;
779|            }
780|          /* If the file doesn't exist, then return the original ENOENT.  */
781|          if (exists == 0)
782|            return ret;
783|        }
784|
785|      crun_error_release (err);
786|
787|      /* It seems the kernel can return EBUSY when a process was moved to a sub-cgroup
788|         and the controllers are enabled in its parent cgroup.  Retry a few times when
789|         it happens.  */
790|      for (attempts_left = 1000; attempts_left >= 0; attempts_left--)
791|        {
792|          int controllers_written;
793|          bool repeat = false;
794|
795|          memcpy (controllers_copy, controllers, controllers_len);
796|          controllers_copy[controllers_len] = '\0';
797|          controllers_written = 0;
798|
799|          /* Fallback to write each one individually.  */
800|          for (token = strtok_r (controllers_copy, " ", &saveptr); token; token = strtok_r (NULL, " ", &saveptr))
(154 more lines below)
2026-07-25 14:42:17.796 | INFO     | metagpt.utils.role_zero_utils:parse_commands:143 - exclusive command more than one in current command list. change the command list.
```json
[
    {
        "command_name": "Editor.open_file",
        "args": {
            "path": "/home/aludy/scires/Cloud_Spec_Exp/external/worktrees/oci-metagpt-agentless-mini-rerun/metagpt/crun-1083/src/libcrun/cgroup.c",
            "line_number": 280,
            "context_lines": 200
        }
    }
]
```
2026-07-25 14:42:17.796 | INFO     | metagpt.roles.di.role_zero:_act:292 - Commands: 
[{'command_name': 'Editor.open_file', 'args': {'path': '/home/aludy/scires/Cloud_Spec_Exp/external/worktrees/oci-metagpt-agentless-mini-rerun/metagpt/crun-1083/src/libcrun/cgroup.c', 'line_number': 280, 'context_lines': 200}}]
2026-07-25 14:42:17.797 | INFO     | metagpt.roles.di.role_zero:_act:294 - Commands outputs: 
Command Editor.open_file executed: [File: /home/aludy/scires/Cloud_Spec_Exp/external/worktrees/oci-metagpt-agentless-mini-rerun/metagpt/crun-1083/src/libcrun/cgroup.c (579 lines total)]
(179 more lines above)
180|
181|int
182|libcrun_cgroup_read_pids (struct libcrun_cgroup_status *status, bool recurse, pid_t **pids, libcrun_error_t *err)
183|{
184|  return libcrun_cgroup_read_pids_from_path (status->path, recurse, pids, err);
185|}
186|
187|int
188|libcrun_cgroup_killall (struct libcrun_cgroup_status *cgroup_status, int signal, libcrun_error_t *err)
189|{
190|  return cgroup_killall_path (cgroup_status->path, signal, err);
191|}
192|
193|int
194|libcrun_cgroup_destroy (struct libcrun_cgroup_status *cgroup_status, libcrun_error_t *err)
195|{
196|  struct libcrun_cgroup_manager *cgroup_manager = NULL;
197|  int ret;
198|
199|  ret = get_cgroup_manager (cgroup_status->manager, &cgroup_manager, err);
200|  if (UNLIKELY (ret < 0))
201|    return ret;
202|
203|  return cgroup_manager->destroy_cgroup (cgroup_status, err);
204|}
205|
206|int
207|libcrun_update_cgroup_resources (struct libcrun_cgroup_status *cgroup_status,
208|                                 runtime_spec_schema_config_linux_resources *resources,
209|                                 libcrun_error_t *err)
210|{
211|  struct libcrun_cgroup_manager *cgroup_manager = NULL;
212|  int ret;
213|
214|  ret = get_cgroup_manager (cgroup_status->manager, &cgroup_manager, err);
215|  if (UNLIKELY (ret < 0))
216|    return ret;
217|
218|  if (cgroup_manager->update_resources)
219|    {
220|      ret = cgroup_manager->update_resources (cgroup_status, resources, err);
221|      if (UNLIKELY (ret < 0))
222|        return ret;
223|    }
224|  return update_cgroup_resources (cgroup_status->path, resources, err);
225|}
226|
227|static int
228|can_ignore_cgroup_enter_errors (struct libcrun_cgroup_args *args, int cgroup_mode,
229|                                libcrun_error_t *err)
230|{
231|  int manager = args->manager;
232|  int rootless;
233|
234|  rootless = is_rootless (err);
235|  if (UNLIKELY (rootless < 0))
236|    return rootless;
237|
238|  /* Ignore errors if all these conditions are met:
239|     - it is running as rootless.
240|     - there is no explicit path in the OCI configuration.
241|     - it is not both cgroupv2 and manager=systemd.
242|  */
243|
244|  if (! rootless)
245|    return 0;
246|
247|  if (! is_empty_string (args->cgroup_path))
248|    return 0;
249|
250|  if (cgroup_mode == CGROUP_MODE_UNIFIED && manager == CGROUP_MANAGER_SYSTEMD)
251|    return 0;
252|
253|  return 1;
254|}
255|
256|int
257|libcrun_cgroup_preenter (struct libcrun_cgroup_args *args, int *dirfd, libcrun_error_t *err)
258|{
259|  struct libcrun_cgroup_manager *cgroup_manager;
260|  int cgroup_mode;
261|  int ret;
262|
263|  *dirfd = -1;
264|
265|  cgroup_mode = libcrun_get_cgroup_mode (err);
266|  if (UNLIKELY (cgroup_mode < 0))
267|    return cgroup_mode;
268|
269|  if (cgroup_mode != CGROUP_MODE_UNIFIED)
270|    return 0;
271|
272|  ret = get_cgroup_manager (args->manager, &cgroup_manager, err);
273|  if (UNLIKELY (ret < 0))
274|    return ret;
275|
276|  if (cgroup_manager->precreate_cgroup == NULL)
277|    return 0;
278|
279|  return cgroup_manager->precreate_cgroup (args, dirfd, err);
280|}
281|
282|int
283|libcrun_cgroup_enter (struct libcrun_cgroup_args *args, struct libcrun_cgroup_status **out, libcrun_error_t *err)
284|{
285|  __attribute__ ((unused)) pid_t sigcont_cleanup __attribute__ ((cleanup (cleanup_sig_contp))) = -1;
286|  /* status will be filled by the cgroup manager.  */
287|  cleanup_cgroup_status struct libcrun_cgroup_status *status = xmalloc0 (sizeof *status);
288|  struct libcrun_cgroup_manager *cgroup_manager;
289|  uid_t root_uid = args->root_uid;
290|  uid_t root_gid = args->root_gid;
291|  int cgroup_mode;
292|  int ret;
293|
294|  cgroup_mode = libcrun_get_cgroup_mode (err);
295|  if (UNLIKELY (cgroup_mode < 0))
296|    return cgroup_mode;
297|
298|  /* If the cgroup configuration is limiting what CPUs/memory Nodes are available for the container,
299|     then stop the container process during the cgroup configuration to avoid it being rescheduled on
300|     a CPU that is not allowed.  This extra step is required for setting up the sub cgroup with the
301|     systemd driver.  The alternative would be to temporarily setup the cpus/mems using d-bus.
302|  */
303|  if (must_stop_proc (args->resources))
304|    {
305|      ret = TEMP_FAILURE_RETRY (kill (args->pid, SIGSTOP));
306|      if (UNLIKELY (ret < 0))
307|        return crun_make_error (err, errno, "cannot stop container process '%d' with SIGSTOP", args->pid);
308|
309|      /* Send SIGCONT as soon as the function exits.  */
310|      sigcont_cleanup = args->pid;
311|    }
312|
313|  if (cgroup_mode == CGROUP_MODE_HYBRID)
314|    {
315|      /* We don't really support hybrid mode, so check that cgroups2 is not using any controller.  */
316|
317|      size_t len;
318|      cleanup_free char *buffer = NULL;
319|
320|      ret = read_all_file (CGROUP_ROOT "/unified/cgroup.controllers", &buffer, &len, err);
321|      if (UNLIKELY (ret < 0))
322|        return ret;
323|      if (len > 0)
324|        return crun_make_error (err, 0, "cgroups in hybrid mode not supported, drop all controllers from cgroupv2");
325|    }
326|
327|  ret = get_cgroup_manager (args->manager, &cgroup_manager, err);
328|  if (UNLIKELY (ret < 0))
329|    return ret;
330|
331|  status->manager = args->manager;
332|
333|  ret = cgroup_manager->create_cgroup (args, status, err);
334|  if (UNLIKELY (ret < 0))
335|    {
336|      libcrun_error_t tmp_err = NULL;
337|      int ignore_cgroup_errors;
338|
339|      ignore_cgroup_errors = can_ignore_cgroup_enter_errors (args, cgroup_mode, &tmp_err);
340|      if (UNLIKELY (ignore_cgroup_errors < 0))
341|        {
342|          crun_error_release (err);
343|          *err = tmp_err;
344|          return ignore_cgroup_errors;
345|        }
346|
347|      if (ignore_cgroup_errors)
348|        {
349|          /* Ignore cgroups errors and set there is no cgroup path to use.  */
350|          free (status->path);
351|          free (status->scope);
352|          status->path = NULL;
353|          status->scope = NULL;
354|          status->manager = CGROUP_MANAGER_DISABLED;
355|          crun_error_release (err);
356|
357|          goto success;
358|        }
359|
360|      return ret;
361|    }
362|
363|  if (status->path)
364|    {
365|      bool need_chown;
366|
367|      need_chown = root_uid != (uid_t) -1 || root_gid != (gid_t) -1;
368|      if (cgroup_mode == CGROUP_MODE_UNIFIED && need_chown)
369|        {
370|          ret = chown_cgroups (status->path, root_uid, root_gid, err);
371|          if (UNLIKELY (ret < 0))
372|            return ret;
373|        }
374|
375|      if (args->resources)
376|        {
377|          ret = update_cgroup_resources (status->path, args->resources, err);
378|          if (UNLIKELY (ret < 0))
379|            return ret;
380|        }
(199 more lines below)
2026-07-25 14:42:33.724 | INFO     | metagpt.roles.di.role_zero:_act:292 - Commands: 
[{'command_name': 'Editor.open_file', 'args': {'path': '/home/aludy/scires/Cloud_Spec_Exp/external/worktrees/oci-metagpt-agentless-mini-rerun/metagpt/crun-1083/src/libcrun/cgroup-cgroupfs.c'}}, {'command_name': 'Terminal.run_command', 'args': {'cmd': 'cd /home/aludy/scires/Cloud_Spec_Exp/external/worktrees/oci-metagpt-agentless-mini-rerun/metagpt/crun-1083 && grep -n "enable_controllers" src/libcrun/cgroup-utils.c | head -10'}}]
2026-07-25 14:42:33.726 | INFO     | metagpt.roles.di.role_zero:_act:294 - Commands outputs: 
Command Editor.open_file executed: [File: /home/aludy/scires/Cloud_Spec_Exp/external/worktrees/oci-metagpt-agentless-mini-rerun/metagpt/crun-1083/src/libcrun/cgroup-cgroupfs.c (140 lines total)]
(this is the beginning of the file)
001|/*
002| * crun - OCI runtime written in C
003| *
004| * Copyright (C) 2017, 2018, 2019 Giuseppe Scrivano <giuseppe@scrivano.org>
005| * crun is free software; you can redistribute it and/or modify
006| * it under the terms of the GNU Lesser General Public License as published by
007| * the Free Software Foundation; either version 2.1 of the License, or
008| * (at your option) any later version.
009| *
010| * crun is distributed in the hope that it will be useful,
011| * but WITHOUT ANY WARRANTY; without even the implied warranty of
012| * MERCHANTABILITY or FITNESS FOR A PARTICULAR PURPOSE.  See the
013| * GNU Lesser General Public License for more details.
014| *
015| * You should have received a copy of the GNU Lesser General Public License
016| * along with crun.  If not, see <http://www.gnu.org/licenses/>.
017| */
018|
019|#define _GNU_SOURCE
020|
021|#include <config.h>
022|#include "cgroup.h"
023|#include "cgroup-internal.h"
024|#include "cgroup-systemd.h"
025|#include "cgroup-setup.h"
026|#include "cgroup-utils.h"
027|#include "cgroup-cgroupfs.h"
028|#include <string.h>
029|#include <sys/types.h>
030|#include <signal.h>
031|#include <sys/vfs.h>
032|#include <inttypes.h>
033|#include <time.h>
034|
035|#include <sys/stat.h>
036|#include <sys/types.h>
037|#include <fcntl.h>
038|#include <libgen.h>
039|
040|static char *
041|make_cgroup_path (const char *path, const char *id)
042|{
043|  const char *cgroup_path = path;
044|  char *ret;
045|
046|  if (cgroup_path == NULL)
047|    xasprintf (&ret, "/%s", id);
048|  else if (cgroup_path[0] == '/')
049|    ret = xstrdup (cgroup_path);
050|  else
051|    xasprintf (&ret, "/%s", cgroup_path);
052|
053|  return ret;
054|}
055|
056|static int
057|libcrun_precreate_cgroup_cgroupfs (struct libcrun_cgroup_args *args, int *dirfd, libcrun_error_t *err)
058|{
059|  cleanup_free char *sub_path = make_cgroup_path (args->cgroup_path, args->id);
060|  cleanup_free char *cgroup_path = NULL;
061|  int ret;
062|
063|  /* No need to check the mode since this feature is supported only on cgroup v2, and
064|     libcrun_cgroup_preenter already performs this check.  */
065|
066|  *dirfd = -1;
067|
068|  ret = append_paths (&cgroup_path, err, CGROUP_ROOT, sub_path, NULL);
069|  if (UNLIKELY (ret < 0))
070|    return ret;
071|
072|  ret = crun_ensure_directory (cgroup_path, 0755, true, err);
073|  if (UNLIKELY (ret < 0))
074|    {
075|      libcrun_error_release (err);
076|      return 0;
077|    }
078|
079|  ret = enable_controllers (sub_path, err);
080|  if (UNLIKELY (ret < 0))
081|    return ret;
082|
083|  *dirfd = open (cgroup_path, O_CLOEXEC | O_NOFOLLOW | O_DIRECTORY | O_RDONLY);
084|  if (UNLIKELY (*dirfd < 0))
085|    return crun_make_error (err, errno, "open `%s`", cgroup_path);
086|
087|  return 0;
088|}
089|
090|static int
091|libcrun_cgroup_enter_cgroupfs (struct libcrun_cgroup_args *args, struct libcrun_cgroup_status *out, libcrun_error_t *err)
092|{
093|  pid_t pid = args->pid;
094|  int cgroup_mode;
095|
096|  /* The cgroup was already joined, nothing more left to do.  */
097|  if (args->joined)
098|    return 0;
099|
100|  cgroup_mode = libcrun_get_cgroup_mode (err);
101|  if (UNLIKELY (cgroup_mode < 0))
102|    return cgroup_mode;
103|
104|  out->path = make_cgroup_path (args->cgroup_path, args->id);
105|
106|  if (cgroup_mode == CGROUP_MODE_UNIFIED)
107|    {
108|      int ret;
109|
110|      ret = enable_controllers (out->path, err);
111|      if (UNLIKELY (ret < 0))
112|        return ret;
113|    }
114|
115|  return enter_cgroup (cgroup_mode, pid, 0, out->path, true, err);
116|}
117|
118|static int
119|libcrun_destroy_cgroup_cgroupfs (struct libcrun_cgroup_status *cgroup_status,
120|                                 libcrun_error_t *err)
121|{
122|  int mode;
123|  int ret;
124|
125|  mode = libcrun_get_cgroup_mode (err);
126|  if (UNLIKELY (mode < 0))
127|    return mode;
128|
129|  ret = cgroup_killall_path (cgroup_status->path, SIGKILL, err);
130|  if (UNLIKELY (ret < 0))
131|    crun_error_release (err);
132|
133|  return destroy_cgroup_path (cgroup_status->path, mode, err);
134|}
135|
136|struct libcrun_cgroup_manager cgroup_manager_cgroupfs = {
137|  .precreate_cgroup = libcrun_precreate_cgroup_cgroupfs,
138|  .create_cgroup = libcrun_cgroup_enter_cgroupfs,
139|  .destroy_cgroup = libcrun_destroy_cgroup_cgroupfs,
140|};
(this is the end of the file)

Command Terminal.run_command executed:
[command]: cd /home/aludy/scires/Cloud_Spec_Exp/external/worktrees/oci-metagpt-agentless-mini-rerun/metagpt/crun-1083 && grep -n "enable_controllers" src/libcrun/cgroup-utils.c | head -10 
[command output] : 854:enable_controllers (const char *path, libcrun_error_t *err)

2026-07-25 14:42:37.431 | INFO     | metagpt.roles.di.role_zero:_act:292 - Commands: 
[{'command_name': 'Editor.open_file', 'args': {'path': '/home/aludy/scires/Cloud_Spec_Exp/external/worktrees/oci-metagpt-agentless-mini-rerun/metagpt/crun-1083/src/libcrun/cgroup-utils.c', 'line_number': 854, 'context_lines': 100}}]
2026-07-25 14:42:37.432 | INFO     | metagpt.roles.di.role_zero:_act:294 - Commands outputs: 
Command Editor.open_file executed: [File: /home/aludy/scires/Cloud_Spec_Exp/external/worktrees/oci-metagpt-agentless-mini-rerun/metagpt/crun-1083/src/libcrun/cgroup-utils.c (954 lines total)]
(803 more lines above)
804|                {
805|                  e = crun_error_get_errno (err);
806|                  crun_error_release (err);
807|
808|                  if (e == EBUSY)
809|                    repeat = true;
810|                  else if (e == EOPNOTSUPP)
811|                    {
812|                      ret = make_cgroup_threaded (path, err);
813|                      if (UNLIKELY (ret < 0))
814|                        return ret;
815|
816|                      repeat = true;
817|                    }
818|
819|                  continue;
820|                }
821|
822|              controllers_written++;
823|            }
824|
825|          if (! repeat)
826|            break;
827|
828|          /* If there was any controller written, just try once more without any delay.  */
829|          if (controllers_written > 0 && attempts_left > 2)
830|            {
831|              attempts_left = 1;
832|              continue;
833|            }
834|
835|          if (attempts_left > 0)
836|            {
837|              struct timespec delay = {
838|                .tv_sec = 0,
839|                .tv_nsec = 1000000,
840|              };
841|              nanosleep (&delay, NULL);
842|            }
843|        }
844|
845|      /* Refresh what controllers are available.  */
846|      return read_available_controllers (path, err);
847|    }
848|
849|  /* All controllers were enabled successfully.  */
850|  return controllers_to_enable;
851|}
852|
853|int
854|enable_controllers (const char *path, libcrun_error_t *err)
855|{
856|  cleanup_free char *tmp_path = NULL;
857|  char *it;
858|  int ret, controllers_to_enable;
859|
860|  xasprintf (&tmp_path, "%s/", path);
861|
862|  ret = read_available_controllers ("", err);
863|  if (UNLIKELY (ret < 0))
864|    return ret;
865|
866|  controllers_to_enable = ret;
867|
868|  /* Enable all possible controllers in the root cgroup.  */
869|  ret = write_controller_file ("", controllers_to_enable, err);
870|  if (UNLIKELY (ret < 0))
871|    {
872|      /* Enabling +cpu when there are realtime processes fail with EINVAL.  */
873|      if ((controllers_to_enable & CGROUP_CPU) && (crun_error_get_errno (err) == EINVAL))
874|        {
875|          crun_error_release (err);
876|          controllers_to_enable &= ~CGROUP_CPU;
877|          ret = write_controller_file ("", controllers_to_enable, err);
878|        }
879|      if (UNLIKELY (ret < 0))
880|        return ret;
881|    }
882|
883|  for (it = strchr (tmp_path + 1, '/'); it;)
884|    {
885|      cleanup_free char *cgroup_path = NULL;
886|      char *next_slash = strchr (it + 1, '/');
887|
888|      *it = '\0';
889|
890|      ret = append_paths (&cgroup_path, err, CGROUP_ROOT, tmp_path, NULL);
891|      if (UNLIKELY (ret < 0))
892|        return ret;
893|
894|      ret = mkdir (cgroup_path, 0755);
895|      if (UNLIKELY (ret < 0 && errno != EEXIST))
896|        return crun_make_error (err, errno, "create `%s`", cgroup_path);
897|
898|      if (next_slash)
899|        {
900|          ret = write_controller_file (tmp_path, controllers_to_enable, err);
901|          if (UNLIKELY (ret < 0))
902|            return ret;
903|        }
904|
(50 more lines below)
2026-07-25 14:42:49.329 | ERROR    | metagpt.utils.common:parse_code:291 - ```json.*?\s+(.*?)\n``` not match following text:
2026-07-25 14:42:49.330 | ERROR    | metagpt.utils.common:parse_code:292 - 
2026-07-25 14:42:49.330 | WARNING  | metagpt.utils.role_zero_utils:parse_commands:115 - Failed to parse JSON for: . Trying to repair...
2026-07-25 14:43:33.780 | WARNING  | metagpt.utils.role_zero_utils:check_duplicates:91 - Duplicate response detected: 
2026-07-25 14:43:45.551 | ERROR    | metagpt.utils.common:parse_code:291 - ```json.*?\s+(.*?)\n``` not match following text:
2026-07-25 14:43:45.551 | ERROR    | metagpt.utils.common:parse_code:292 - 
2026-07-25 14:43:45.551 | WARNING  | metagpt.utils.role_zero_utils:parse_commands:115 - Failed to parse JSON for: . Trying to repair...
2026-07-25 14:44:01.009 | INFO     | metagpt.roles.di.role_zero:_act:292 - Commands: 
[{'command_name': 'Editor.open_file', 'args': {'path': '/home/aludy/scires/Cloud_Spec_Exp/external/worktrees/oci-metagpt-agentless-mini-rerun/metagpt/crun-1083/src/libcrun/cgroup-utils.c', 'line_number': 880, 'context_lines': 80}}]
2026-07-25 14:44:01.010 | INFO     | metagpt.roles.di.role_zero:_act:294 - Commands outputs: 
Command Editor.open_file executed: [File: /home/aludy/scires/Cloud_Spec_Exp/external/worktrees/oci-metagpt-agentless-mini-rerun/metagpt/crun-1083/src/libcrun/cgroup-utils.c (954 lines total)]
(839 more lines above)
840|              };
841|              nanosleep (&delay, NULL);
842|            }
843|        }
844|
845|      /* Refresh what controllers are available.  */
846|      return read_available_controllers (path, err);
847|    }
848|
849|  /* All controllers were enabled successfully.  */
850|  return controllers_to_enable;
851|}
852|
853|int
854|enable_controllers (const char *path, libcrun_error_t *err)
855|{
856|  cleanup_free char *tmp_path = NULL;
857|  char *it;
858|  int ret, controllers_to_enable;
859|
860|  xasprintf (&tmp_path, "%s/", path);
861|
862|  ret = read_available_controllers ("", err);
863|  if (UNLIKELY (ret < 0))
864|    return ret;
865|
866|  controllers_to_enable = ret;
867|
868|  /* Enable all possible controllers in the root cgroup.  */
869|  ret = write_controller_file ("", controllers_to_enable, err);
870|  if (UNLIKELY (ret < 0))
871|    {
872|      /* Enabling +cpu when there are realtime processes fail with EINVAL.  */
873|      if ((controllers_to_enable & CGROUP_CPU) && (crun_error_get_errno (err) == EINVAL))
874|        {
875|          crun_error_release (err);
876|          controllers_to_enable &= ~CGROUP_CPU;
877|          ret = write_controller_file ("", controllers_to_enable, err);
878|        }
879|      if (UNLIKELY (ret < 0))
880|        return ret;
881|    }
882|
883|  for (it = strchr (tmp_path + 1, '/'); it;)
884|    {
885|      cleanup_free char *cgroup_path = NULL;
886|      char *next_slash = strchr (it + 1, '/');
887|
888|      *it = '\0';
889|
890|      ret = append_paths (&cgroup_path, err, CGROUP_ROOT, tmp_path, NULL);
891|      if (UNLIKELY (ret < 0))
892|        return ret;
893|
894|      ret = mkdir (cgroup_path, 0755);
895|      if (UNLIKELY (ret < 0 && errno != EEXIST))
896|        return crun_make_error (err, errno, "create `%s`", cgroup_path);
897|
898|      if (next_slash)
899|        {
900|          ret = write_controller_file (tmp_path, controllers_to_enable, err);
901|          if (UNLIKELY (ret < 0))
902|            return ret;
903|        }
904|
905|      *it = '/';
906|      it = next_slash;
907|    }
908|  return 0;
909|}
910|
911|int
912|libcrun_move_process_to_cgroup (pid_t pid, pid_t init_pid, char *path, libcrun_error_t *err)
913|{
914|  int cgroup_mode = libcrun_get_cgroup_mode (err);
915|  if (UNLIKELY (cgroup_mode < 0))
916|    return cgroup_mode;
917|
918|  if (path == NULL || *path == '\0')
919|    return 0;
920|
(34 more lines below)
2026-07-25 14:44:06.484 | WARNING  | metagpt.utils.role_zero_utils:check_duplicates:91 - Duplicate response detected: 
2026-07-25 14:44:39.587 | INFO     | metagpt.roles.di.role_zero:_act:292 - Commands: 
[{'command_name': 'Terminal.run_command', 'args': {'cmd': 'cd /home/aludy/scires/Cloud_Spec_Exp/external/worktrees/oci-metagpt-agentless-mini-rerun/metagpt/crun-1083 && find src/ -name "*.c" -o -name "*.h" | xargs grep -l "memory.max\\|memory.limit" 2>/dev/null'}}, {'command_name': 'Terminal.run_command', 'args': {'cmd': 'cd /home/aludy/scires/Cloud_Spec_Exp/external/worktrees/oci-metagpt-agentless-mini-rerun/metagpt/crun-1083 && git log --all --oneline | head -30'}}]
2026-07-25 14:44:39.606 | INFO     | metagpt.roles.di.role_zero:_act:294 - Commands outputs: 
Command Terminal.run_command executed:
[command]: cd /home/aludy/scires/Cloud_Spec_Exp/external/worktrees/oci-metagpt-agentless-mini-rerun/metagpt/crun-1083 && find src/ -name "*.c" -o -name "*.h" | xargs grep -l "memory.max\|memory.limit" 2>/dev/null 
[command output] : src/libcrun/handlers/krun.c
src/libcrun/cgroup-resources.c
src/libcrun/cgroup-setup.c
src/libcrun/container.c
src/update.c


Command Terminal.run_command executed:
[command]: cd /home/aludy/scires/Cloud_Spec_Exp/external/worktrees/oci-metagpt-agentless-mini-rerun/metagpt/crun-1083 && git log --all --oneline | head -30 
[command output] : d61fcb1f Merge pull request #2112 from containers/dependabot/github_actions/actions/checkout-7
cedd86ed build(deps): bump actions/checkout from 6 to 7
3779c68f Merge pull request #2111 from leonardomoreira00/bug/fix-man-page-delete-and-kill-regex
39dfd956 Merge pull request #2108 from leonardomoreira00/bug/fix-documentation
d17fd870 Merge pull request #2109 from leonardomoreira00/bug/fix-oom-systemd-annotation
e93dc521 man: adapt man page configuration to match CLI behavior
8d9551fc cgroup: fix memory issue when resizing array of strings
9412144d man: align --no-pivot documentation with command parser behavior
fe55c271 Merge pull request #2099 from dustymabe/dusty-krun-net-and-dns
10240f48 krun: passt - don't map the gateway address
99a8512e Merge pull request #2102 from giuseppe/fix-c-json-enable-shared-build
e4a0ed7b ci: add --enable-shared build test
88b80eb4 build: export json_gen_* symbols
7e45b26b Merge pull request #2100 from giuseppe/tag-1.28
54f16ffb NEWS: tag 1.28
c6f338ac Do not follow rootfs /dev symlinks (CVE-2026-47766)
d996dce1 Merge pull request #2093 from slp/krun-enable-dhcp
535e114b krun: request enabling DHCP client
e521de6a krun: check krun_add_net_unixstream dlsym
da9de8a0 Merge pull request #2096 from giuseppe/fix-honggfuzz-zstd
bd939e69 tests: add libzstd-devel to fuzzing Dockerfile
a967789b Merge pull request #2095 from giuseppe/cleanup-yajl
1edb6cc7 tests, system-blake3: drop libyajl-dev
df74c2bb Merge pull request #2092 from dustymabe/dusty-krun-nested-virt
21c96879 krun: document microVM configuration options in man page
a6151b6a krun: add support for nested virtualization
856f43b6 Merge pull request #2083 from xw19/issue/2064
9f67d80b Build: Use system libblake if available
0138c64f Merge pull request #2088 from giuseppe/use-c-json
b62cfdda Replace YAJL with json-c for JSON parsing and generation

2026-07-25 14:44:43.051 | INFO     | metagpt.utils.role_zero_utils:parse_commands:143 - exclusive command more than one in current command list. change the command list.
```json
[
    {
        "command_name": "Editor.open_file",
        "args": {
            "path": "/home/aludy/scires/Cloud_Spec_Exp/external/worktrees/oci-metagpt-agentless-mini-rerun/metagpt/crun-1083/src/libcrun/cgroup-resources.c",
            "line_number": 80,
            "context_lines": 200
        }
    }
]
```
2026-07-25 14:44:43.051 | INFO     | metagpt.roles.di.role_zero:_act:292 - Commands: 
[{'command_name': 'Editor.open_file', 'args': {'path': '/home/aludy/scires/Cloud_Spec_Exp/external/worktrees/oci-metagpt-agentless-mini-rerun/metagpt/crun-1083/src/libcrun/cgroup-resources.c', 'line_number': 80, 'context_lines': 200}}]
2026-07-25 14:44:43.052 | INFO     | metagpt.roles.di.role_zero:_act:294 - Commands outputs: 
Command Editor.open_file executed: [File: /home/aludy/scires/Cloud_Spec_Exp/external/worktrees/oci-metagpt-agentless-mini-rerun/metagpt/crun-1083/src/libcrun/cgroup-resources.c (1283 lines total)]
(this is the beginning of the file)
001|/*
002| * crun - OCI runtime written in C
003| *
004| * Copyright (C) 2017, 2018, 2019 Giuseppe Scrivano <giuseppe@scrivano.org>
005| * crun is free software; you can redistribute it and/or modify
006| * it under the terms of the GNU Lesser General Public License as published by
007| * the Free Software Foundation; either version 2.1 of the License, or
008| * (at your option) any later version.
009| *
010| * crun is distributed in the hope that it will be useful,
011| * but WITHOUT ANY WARRANTY; without even the implied warranty of
012| * MERCHANTABILITY or FITNESS FOR A PARTICULAR PURPOSE.  See the
013| * GNU Lesser General Public License for more details.
014| *
015| * You should have received a copy of the GNU Lesser General Public License
016| * along with crun.  If not, see <http://www.gnu.org/licenses/>.
017| */
018|
019|#define _GNU_SOURCE
020|
021|#include <config.h>
022|#include "cgroup.h"
023|#include "cgroup-internal.h"
024|#include "cgroup-systemd.h"
025|#include "cgroup-utils.h"
026|#include "cgroup-resources.h"
027|#include "ebpf.h"
028|#include "utils.h"
029|#include "status.h"
030|#include <string.h>
031|#include <sys/types.h>
032|#include <sys/vfs.h>
033|#include <inttypes.h>
034|#include <time.h>
035|
036|#include <sys/stat.h>
037|#include <sys/types.h>
038|#include <fcntl.h>
039|#include <libgen.h>
040|
041|static inline int
042|write_cgroup_file (int dirfd, const char *name, const void *data, size_t len, libcrun_error_t *err)
043|{
044|  return write_file_at_with_flags (dirfd, O_WRONLY, 0, name, data, len, err);
045|}
046|
047|static int
048|is_rwm (const char *str, libcrun_error_t *err)
049|{
050|  const char *it;
051|  bool r = false;
052|  bool w = false;
053|  bool m = false;
054|
055|  for (it = str; *it; it++)
056|    switch (*it)
057|      {
058|      case 'r':
059|        r = true;
060|        break;
061|
062|      case 'w':
063|        w = true;
064|        break;
065|
066|      case 'm':
067|        m = true;
068|        break;
069|
070|      default:
071|        return crun_make_error (err, 0, "invalid mode specified `%s`", str);
072|      }
073|
074|  return r && w && m ? 1 : 0;
075|}
076|
077|static int
078|check_cgroup_v2_controller_available_wrapper (int ret, int cgroup_dirfd, const char *name, libcrun_error_t *err)
079|{
080|  if (ret == 0 || err == NULL)
081|    return 0;
082|
083|  errno = crun_error_get_errno (err);
084|
085|  /* If the file is not found, try to give a more meaningful error message.  */
086|  if (errno == ENOENT || errno == EPERM || errno == EACCES)
087|    {
088|      cleanup_free char *controllers = NULL;
089|      libcrun_error_t tmp_err = NULL;
090|      cleanup_free char *key = NULL;
091|      char *saveptr = NULL;
092|      bool found = false;
093|      const char *token;
094|      char *it;
095|
096|      /* Check if the specified controller is enabled.  */
097|      key = xstrdup (name);
098|
099|      it = strchr (key, '.');
100|      if (it == NULL)
101|        {
102|          crun_error_release (err);
103|          return crun_make_error (err, 0, "the specified key has not the form CONTROLLER.VALUE `%s`", name);
104|        }
105|      *it = '\0';
106|
107|      /* cgroup. files are not part of a controller.  Return the original error.  */
108|      if (strcmp (key, "cgroup") == 0)
109|        return ret;
110|
111|      /* If the cgroup.controllers file cannot be read, return the original error.  */
112|      if (read_all_file_at (cgroup_dirfd, "cgroup.controllers", &controllers, NULL, &tmp_err) < 0)
113|        {
114|          crun_error_release (&tmp_err);
115|          return ret;
116|        }
117|      for (token = strtok_r (controllers, " \n", &saveptr); token; token = strtok_r (NULL, " \n", &saveptr))
118|        {
119|          if (strcmp (token, key) == 0)
120|            {
121|              found = true;
122|              break;
123|            }
124|        }
125|      if (! found)
126|        {
127|          crun_error_release (err);
128|          return crun_make_error (err, 0, "the requested cgroup controller `%s` is not available", key);
129|        }
130|    }
131|  return ret;
132|}
133|
134|static int
135|write_file_and_check_controllers_at (bool cgroup2, int dirfd, const char *name, const void *data, size_t len,
136|                                     libcrun_error_t *err)
137|{
138|  int ret;
139|
140|  ret = write_cgroup_file (dirfd, name, data, len, err);
141|  if (cgroup2)
142|    return check_cgroup_v2_controller_available_wrapper (ret, dirfd, name, err);
143|  return ret;
144|}
145|
146|/* The parser generates different structs but they are really all the same.  */
147|typedef runtime_spec_schema_defs_linux_block_io_device_throttle throttling_s;
148|
149|static int
150|write_blkio_v1_resources_throttling (int dirfd, const char *name, throttling_s **throttling, size_t throttling_len,
151|                                     libcrun_error_t *err)
152|{
153|  char fmt_buf[128];
154|  size_t i;
155|  cleanup_close int fd = -1;
156|
157|  if (throttling == NULL)
158|    return 0;
159|
160|  fd = openat (dirfd, name, O_WRONLY);
161|  if (UNLIKELY (fd < 0))
162|    return crun_make_error (err, errno, "open `%s`", name);
163|
164|  for (i = 0; i < throttling_len; i++)
165|    {
166|      int ret;
167|      size_t len;
168|      len = sprintf (fmt_buf, "%" PRIu64 ":%" PRIu64 " %" PRIu64 "\n", throttling[i]->major, throttling[i]->minor,
169|                     throttling[i]->rate);
170|
171|      ret = TEMP_FAILURE_RETRY (write (fd, fmt_buf, len));
172|      if (UNLIKELY (ret < 0))
173|        return crun_make_error (err, errno, "write `%s`", name);
174|    }
175|  return 0;
176|}
177|
178|static int
179|write_blkio_v2_resources_throttling (int fd, const char *name, throttling_s **throttling, size_t throttling_len,
180|                                     libcrun_error_t *err)
181|{
182|  char fmt_buf[128];
183|  size_t i;
184|
185|  if (throttling == NULL)
186|    return 0;
187|
188|  for (i = 0; i < throttling_len; i++)
189|    {
190|      int ret;
191|      size_t len;
192|      len = sprintf (fmt_buf, "%" PRIu64 ":%" PRIu64 " %s=%" PRIu64 "\n", throttling[i]->major, throttling[i]->minor,
193|                     name, throttling[i]->rate);
194|
195|      ret = TEMP_FAILURE_RETRY (write (fd, fmt_buf, len));
196|      if (UNLIKELY (ret < 0))
197|        return crun_make_error (err, errno, "write `%s`", name);
198|    }
199|  return 0;
200|}
(1083 more lines below)
2026-07-25 14:44:47.115 | INFO     | metagpt.roles.di.role_zero:_act:292 - Commands: 
[{'command_name': 'Terminal.run_command', 'args': {'cmd': 'cd /home/aludy/scires/Cloud_Spec_Exp/external/worktrees/oci-metagpt-agentless-mini-rerun/metagpt/crun-1083 && grep -n "memory.max\\|memory.limit" src/libcrun/cgroup-resources.c'}}, {'command_name': 'Terminal.run_command', 'args': {'cmd': 'cd /home/aludy/scires/Cloud_Spec_Exp/external/worktrees/oci-metagpt-agentless-mini-rerun/metagpt/crun-1083 && grep -n "update_cgroup_resources" src/libcrun/cgroup-resources.c'}}]
2026-07-25 14:44:47.120 | INFO     | metagpt.roles.di.role_zero:_act:294 - Commands outputs: 
Command Terminal.run_command executed:
[command]: cd /home/aludy/scires/Cloud_Spec_Exp/external/worktrees/oci-metagpt-agentless-mini-rerun/metagpt/crun-1083 && grep -n "memory.max\|memory.limit" src/libcrun/cgroup-resources.c 
[command output] : 664:  return write_cgroup_file (dirfd, cgroup2 ? "memory.max" : "memory.limit_in_bytes", limit_buf, limit_buf_len, err);
684:        return crun_make_error (err, 0, "cannot set swap limit without the memory limit");
686:        return crun_make_error (err, 0, "cannot set memory+swap limit less than the memory limit");
714:  bool memory_limits_written = false;
747:        return crun_make_error (err, 0, "cannot set the memory limit lower than its current usage");
754:        memory_limits_written = true;
762:            the order we write the memory limit and the swap.
763:            Attempt to write again the memory limit once the memory
774:  if (memory->limit_present && ! memory_limits_written)


Command Terminal.run_command executed:
[command]: cd /home/aludy/scires/Cloud_Spec_Exp/external/worktrees/oci-metagpt-agentless-mini-rerun/metagpt/crun-1083 && grep -n "update_cgroup_resources" src/libcrun/cgroup-resources.c 
[command output] : 1239:update_cgroup_resources (const char *path,

2026-07-25 14:44:50.758 | INFO     | metagpt.roles.di.role_zero:_act:292 - Commands: 
[{'command_name': 'Editor.open_file', 'args': {'path': '/home/aludy/scires/Cloud_Spec_Exp/external/worktrees/oci-metagpt-agentless-mini-rerun/metagpt/crun-1083/src/libcrun/cgroup-resources.c', 'line_number': 650, 'context_lines': 140}}]
2026-07-25 14:44:50.759 | INFO     | metagpt.roles.di.role_zero:_act:294 - Commands outputs: 
Command Editor.open_file executed: [File: /home/aludy/scires/Cloud_Spec_Exp/external/worktrees/oci-metagpt-agentless-mini-rerun/metagpt/crun-1083/src/libcrun/cgroup-resources.c (1283 lines total)]
(579 more lines above)
580|        {
581|          can_skip = false;
582|          break;
583|        }
584|    }
585|
586|  if (! can_skip)
587|    {
588|      libcrun_error_t tmp_err = NULL;
589|      int rootless;
590|
591|      rootless = is_rootless (&tmp_err);
592|      if (UNLIKELY (rootless < 0))
593|        {
594|          crun_error_release (err);
595|          *err = tmp_err;
596|          return ret;
597|        }
598|      if (rootless)
599|        can_skip = true;
600|    }
601|
602|  if (can_skip)
603|    {
604|      crun_error_release (err);
605|      ret = 0;
606|    }
607|
608|  return ret;
609|}
610|
611|static int
612|write_devices_resources (int dirfd, bool cgroup2, runtime_spec_schema_defs_linux_device_cgroup **devs, size_t devs_len,
613|                         libcrun_error_t *err)
614|{
615|  int ret;
616|
617|  if (cgroup2)
618|    ret = write_devices_resources_v2 (dirfd, devs, devs_len, err);
619|  else
620|    ret = write_devices_resources_v1 (dirfd, devs, devs_len, err);
621|  if (UNLIKELY (ret < 0))
622|    {
623|      libcrun_error_t tmp_err = NULL;
624|      int rootless;
625|
626|      rootless = is_rootless (&tmp_err);
627|      if (UNLIKELY (rootless < 0))
628|        {
629|          crun_error_release (&tmp_err);
630|          return ret;
631|        }
632|
633|      if (rootless)
634|        {
635|          crun_error_release (err);
636|          ret = 0;
637|        }
638|    }
639|  return ret;
640|}
641|
642|/* use for cgroupv2 files with .min, .max, .low, or .high suffix */
643|static int
644|cg_itoa (char *buf, int64_t value, bool cgroup2)
645|{
646|  if (! (cgroup2 && value == -1))
647|    return sprintf (buf, "%" PRIi64, value);
648|
649|  memcpy (buf, "max", 4);
650|  return 3;
651|}
652|
653|static int
654|write_memory (int dirfd, bool cgroup2, runtime_spec_schema_config_linux_resources_memory *memory, libcrun_error_t *err)
655|{
656|  char limit_buf[32];
657|  size_t limit_buf_len;
658|
659|  if (! memory->limit_present)
660|    return 0;
661|
662|  limit_buf_len = cg_itoa (limit_buf, memory->limit, cgroup2);
663|
664|  return write_cgroup_file (dirfd, cgroup2 ? "memory.max" : "memory.limit_in_bytes", limit_buf, limit_buf_len, err);
665|}
666|
667|static int
668|write_memory_swap (int dirfd, bool cgroup2, runtime_spec_schema_config_linux_resources_memory *memory,
669|                   libcrun_error_t *err)
670|{
671|  int ret;
672|  int64_t swap;
673|  char swap_buf[32];
674|  size_t swap_buf_len;
675|  const char *fname = cgroup2 ? "memory.swap.max" : "memory.memsw.limit_in_bytes";
676|
677|  if (! memory->swap_present)
678|    return 0;
679|
680|  swap = memory->swap;
681|  if (cgroup2 && memory->swap != -1)
682|    {
683|      if (! memory->limit_present)
684|        return crun_make_error (err, 0, "cannot set swap limit without the memory limit");
685|      if (memory->swap < memory->limit)
686|        return crun_make_error (err, 0, "cannot set memory+swap limit less than the memory limit");
687|
688|      swap -= memory->limit;
689|    }
690|
691|  swap_buf_len = cg_itoa (swap_buf, swap, cgroup2);
692|
693|  ret = write_cgroup_file (dirfd, fname, swap_buf, swap_buf_len, err);
694|  if (ret >= 0)
695|    return ret;
696|
697|  /* If swap is not enabled, ignore the error.  */
698|  if (crun_error_get_errno (err) == ENOENT)
699|    {
700|      crun_error_release (err);
701|      return 0;
702|    }
703|
704|  return ret;
705|}
706|
707|static int
708|write_memory_resources (int dirfd, bool cgroup2, runtime_spec_schema_config_linux_resources_memory *memory,
709|                        libcrun_error_t *err)
710|{
711|  size_t len;
712|  int ret;
713|  char fmt_buf[32];
714|  bool memory_limits_written = false;
715|
716|  if (cgroup2 && memory->check_before_update_present && memory->check_before_update)
717|    {
718|      cleanup_free char *swap_current = NULL;
719|      cleanup_free char *current = NULL;
720|      uint64_t limit = 0;
(563 more lines below)
2026-07-25 14:45:03.948 | INFO     | metagpt.roles.di.role_zero:_act:292 - Commands: 
[{'command_name': 'Editor.open_file', 'args': {'path': '/home/aludy/scires/Cloud_Spec_Exp/external/worktrees/oci-metagpt-agentless-mini-rerun/metagpt/crun-1083/src/libcrun/cgroup.c', 'line_number': 300, 'context_lines': 200}}]
2026-07-25 14:45:03.949 | INFO     | metagpt.roles.di.role_zero:_act:294 - Commands outputs: 
Command Editor.open_file executed: [File: /home/aludy/scires/Cloud_Spec_Exp/external/worktrees/oci-metagpt-agentless-mini-rerun/metagpt/crun-1083/src/libcrun/cgroup.c (579 lines total)]
(199 more lines above)
200|  if (UNLIKELY (ret < 0))
201|    return ret;
202|
203|  return cgroup_manager->destroy_cgroup (cgroup_status, err);
204|}
205|
206|int
207|libcrun_update_cgroup_resources (struct libcrun_cgroup_status *cgroup_status,
208|                                 runtime_spec_schema_config_linux_resources *resources,
209|                                 libcrun_error_t *err)
210|{
211|  struct libcrun_cgroup_manager *cgroup_manager = NULL;
212|  int ret;
213|
214|  ret = get_cgroup_manager (cgroup_status->manager, &cgroup_manager, err);
215|  if (UNLIKELY (ret < 0))
216|    return ret;
217|
218|  if (cgroup_manager->update_resources)
219|    {
220|      ret = cgroup_manager->update_resources (cgroup_status, resources, err);
221|      if (UNLIKELY (ret < 0))
222|        return ret;
223|    }
224|  return update_cgroup_resources (cgroup_status->path, resources, err);
225|}
226|
227|static int
228|can_ignore_cgroup_enter_errors (struct libcrun_cgroup_args *args, int cgroup_mode,
229|                                libcrun_error_t *err)
230|{
231|  int manager = args->manager;
232|  int rootless;
233|
234|  rootless = is_rootless (err);
235|  if (UNLIKELY (rootless < 0))
236|    return rootless;
237|
238|  /* Ignore errors if all these conditions are met:
239|     - it is running as rootless.
240|     - there is no explicit path in the OCI configuration.
241|     - it is not both cgroupv2 and manager=systemd.
242|  */
243|
244|  if (! rootless)
245|    return 0;
246|
247|  if (! is_empty_string (args->cgroup_path))
248|    return 0;
249|
250|  if (cgroup_mode == CGROUP_MODE_UNIFIED && manager == CGROUP_MANAGER_SYSTEMD)
251|    return 0;
252|
253|  return 1;
254|}
255|
256|int
257|libcrun_cgroup_preenter (struct libcrun_cgroup_args *args, int *dirfd, libcrun_error_t *err)
258|{
259|  struct libcrun_cgroup_manager *cgroup_manager;
260|  int cgroup_mode;
261|  int ret;
262|
263|  *dirfd = -1;
264|
265|  cgroup_mode = libcrun_get_cgroup_mode (err);
266|  if (UNLIKELY (cgroup_mode < 0))
267|    return cgroup_mode;
268|
269|  if (cgroup_mode != CGROUP_MODE_UNIFIED)
270|    return 0;
271|
272|  ret = get_cgroup_manager (args->manager, &cgroup_manager, err);
273|  if (UNLIKELY (ret < 0))
274|    return ret;
275|
276|  if (cgroup_manager->precreate_cgroup == NULL)
277|    return 0;
278|
279|  return cgroup_manager->precreate_cgroup (args, dirfd, err);
280|}
281|
282|int
283|libcrun_cgroup_enter (struct libcrun_cgroup_args *args, struct libcrun_cgroup_status **out, libcrun_error_t *err)
284|{
285|  __attribute__ ((unused)) pid_t sigcont_cleanup __attribute__ ((cleanup (cleanup_sig_contp))) = -1;
286|  /* status will be filled by the cgroup manager.  */
287|  cleanup_cgroup_status struct libcrun_cgroup_status *status = xmalloc0 (sizeof *status);
288|  struct libcrun_cgroup_manager *cgroup_manager;
289|  uid_t root_uid = args->root_uid;
290|  uid_t root_gid = args->root_gid;
291|  int cgroup_mode;
292|  int ret;
293|
294|  cgroup_mode = libcrun_get_cgroup_mode (err);
295|  if (UNLIKELY (cgroup_mode < 0))
296|    return cgroup_mode;
297|
298|  /* If the cgroup configuration is limiting what CPUs/memory Nodes are available for the container,
299|     then stop the container process during the cgroup configuration to avoid it being rescheduled on
300|     a CPU that is not allowed.  This extra step is required for setting up the sub cgroup with the
301|     systemd driver.  The alternative would be to temporarily setup the cpus/mems using d-bus.
302|  */
303|  if (must_stop_proc (args->resources))
304|    {
305|      ret = TEMP_FAILURE_RETRY (kill (args->pid, SIGSTOP));
306|      if (UNLIKELY (ret < 0))
307|        return crun_make_error (err, errno, "cannot stop container process '%d' with SIGSTOP", args->pid);
308|
309|      /* Send SIGCONT as soon as the function exits.  */
310|      sigcont_cleanup = args->pid;
311|    }
312|
313|  if (cgroup_mode == CGROUP_MODE_HYBRID)
314|    {
315|      /* We don't really support hybrid mode, so check that cgroups2 is not using any controller.  */
316|
317|      size_t len;
318|      cleanup_free char *buffer = NULL;
319|
320|      ret = read_all_file (CGROUP_ROOT "/unified/cgroup.controllers", &buffer, &len, err);
321|      if (UNLIKELY (ret < 0))
322|        return ret;
323|      if (len > 0)
324|        return crun_make_error (err, 0, "cgroups in hybrid mode not supported, drop all controllers from cgroupv2");
325|    }
326|
327|  ret = get_cgroup_manager (args->manager, &cgroup_manager, err);
328|  if (UNLIKELY (ret < 0))
329|    return ret;
330|
331|  status->manager = args->manager;
332|
333|  ret = cgroup_manager->create_cgroup (args, status, err);
334|  if (UNLIKELY (ret < 0))
335|    {
336|      libcrun_error_t tmp_err = NULL;
337|      int ignore_cgroup_errors;
338|
339|      ignore_cgroup_errors = can_ignore_cgroup_enter_errors (args, cgroup_mode, &tmp_err);
340|      if (UNLIKELY (ignore_cgroup_errors < 0))
341|        {
342|          crun_error_release (err);
343|          *err = tmp_err;
344|          return ignore_cgroup_errors;
345|        }
346|
347|      if (ignore_cgroup_errors)
348|        {
349|          /* Ignore cgroups errors and set there is no cgroup path to use.  */
350|          free (status->path);
351|          free (status->scope);
352|          status->path = NULL;
353|          status->scope = NULL;
354|          status->manager = CGROUP_MANAGER_DISABLED;
355|          crun_error_release (err);
356|
357|          goto success;
358|        }
359|
360|      return ret;
361|    }
362|
363|  if (status->path)
364|    {
365|      bool need_chown;
366|
367|      need_chown = root_uid != (uid_t) -1 || root_gid != (gid_t) -1;
368|      if (cgroup_mode == CGROUP_MODE_UNIFIED && need_chown)
369|        {
370|          ret = chown_cgroups (status->path, root_uid, root_gid, err);
371|          if (UNLIKELY (ret < 0))
372|            return ret;
373|        }
374|
375|      if (args->resources)
376|        {
377|          ret = update_cgroup_resources (status->path, args->resources, err);
378|          if (UNLIKELY (ret < 0))
379|            return ret;
380|        }
381|    }
382|
383|success:
384|  *out = status;
385|  status = NULL;
386|  return 0;
387|}
388|
389|int
390|libcrun_cgroup_enter_finalize (struct libcrun_cgroup_args *args, struct libcrun_cgroup_status *cgroup_status arg_unused, libcrun_error_t *err)
391|{
392|  cleanup_free char *target_cgroup = NULL;
393|  cleanup_free char *cgroup_path = NULL;
394|  cleanup_free char *content = NULL;
395|  const char *delegate_cgroup;
396|  cleanup_free char *dir = NULL;
397|  char *current_cgroup, *to;
398|  int cgroup_mode;
399|  int ret;
400|
(179 more lines below)
2026-07-25 14:45:11.866 | INFO     | metagpt.roles.di.role_zero:_act:292 - Commands: 
[{'command_name': 'Editor.open_file', 'args': {'path': '/home/aludy/scires/Cloud_Spec_Exp/external/worktrees/oci-metagpt-agentless-mini-rerun/metagpt/crun-1083/src/libcrun/cgroup-utils.c', 'line_number': 883, 'context_lines': 40}}]
2026-07-25 14:45:11.867 | INFO     | metagpt.roles.di.role_zero:_act:294 - Commands outputs: 
Command Editor.open_file executed: [File: /home/aludy/scires/Cloud_Spec_Exp/external/worktrees/oci-metagpt-agentless-mini-rerun/metagpt/crun-1083/src/libcrun/cgroup-utils.c (954 lines total)]
(862 more lines above)
863|  if (UNLIKELY (ret < 0))
864|    return ret;
865|
866|  controllers_to_enable = ret;
867|
868|  /* Enable all possible controllers in the root cgroup.  */
869|  ret = write_controller_file ("", controllers_to_enable, err);
870|  if (UNLIKELY (ret < 0))
871|    {
872|      /* Enabling +cpu when there are realtime processes fail with EINVAL.  */
873|      if ((controllers_to_enable & CGROUP_CPU) && (crun_error_get_errno (err) == EINVAL))
874|        {
875|          crun_error_release (err);
876|          controllers_to_enable &= ~CGROUP_CPU;
877|          ret = write_controller_file ("", controllers_to_enable, err);
878|        }
879|      if (UNLIKELY (ret < 0))
880|        return ret;
881|    }
882|
883|  for (it = strchr (tmp_path + 1, '/'); it;)
884|    {
885|      cleanup_free char *cgroup_path = NULL;
886|      char *next_slash = strchr (it + 1, '/');
887|
888|      *it = '\0';
889|
890|      ret = append_paths (&cgroup_path, err, CGROUP_ROOT, tmp_path, NULL);
891|      if (UNLIKELY (ret < 0))
892|        return ret;
893|
894|      ret = mkdir (cgroup_path, 0755);
895|      if (UNLIKELY (ret < 0 && errno != EEXIST))
896|        return crun_make_error (err, errno, "create `%s`", cgroup_path);
897|
898|      if (next_slash)
899|        {
900|          ret = write_controller_file (tmp_path, controllers_to_enable, err);
901|          if (UNLIKELY (ret < 0))
902|            return ret;
903|        }
(51 more lines below)
2026-07-25 14:45:16.620 | INFO     | metagpt.roles.di.role_zero:_act:292 - Commands: 
[{'command_name': 'Editor.edit_file_by_replace', 'args': {'file_name': '/home/aludy/scires/Cloud_Spec_Exp/external/worktrees/oci-metagpt-agentless-mini-rerun/metagpt/crun-1083/src/libcrun/cgroup-utils.c', 'first_replaced_line_number': 898, 'first_replaced_line_content': '      if (next_slash)', 'last_replaced_line_number': 903, 'last_replaced_line_content': '        }', 'new_content': '      ret = write_controller_file (tmp_path, controllers_to_enable, err);\n      if (UNLIKELY (ret < 0))\n        return ret;'}}]
2026-07-25 14:45:16.621 | ERROR    | metagpt.roles.di.role_zero:_run_commands:407 - list index out of rangeTraceback (most recent call last):
  File "/home/aludy/scires/Cloud_Spec_Exp/external/baselines/MetaGPT/metagpt/tools/libs/editor.py", line 563, in _edit_file_impl
    original_lint_error, _ = self._lint_file(file_name)
  File "/home/aludy/scires/Cloud_Spec_Exp/external/baselines/MetaGPT/metagpt/tools/libs/editor.py", line 211, in _lint_file
    lint_error = linter.lint(str(file_path))
  File "/home/aludy/scires/Cloud_Spec_Exp/external/baselines/MetaGPT/metagpt/tools/libs/linter.py", line 98, in lint
    linkres = basic_lint(absolute_fname, code)
  File "/home/aludy/scires/Cloud_Spec_Exp/external/baselines/MetaGPT/metagpt/tools/libs/linter.py", line 158, in basic_lint
    parser = get_parser(lang)
  File "tree_sitter_languages/core.pyx", line 19, in tree_sitter_languages.core.get_parser
  File "tree_sitter_languages/core.pyx", line 14, in tree_sitter_languages.core.get_language
TypeError: __init__() takes exactly 1 argument (2 given)

During handling of the above exception, another exception occurred:

Traceback (most recent call last):
  File "/home/aludy/scires/Cloud_Spec_Exp/external/baselines/MetaGPT/metagpt/roles/di/role_zero.py", line 401, in _run_commands
    tool_output = tool_obj(**cmd["args"])
  File "/home/aludy/scires/Cloud_Spec_Exp/external/baselines/MetaGPT/metagpt/tools/libs/editor.py", line 814, in edit_file_by_replace
    ret_str = self._edit_file_impl(
  File "/home/aludy/scires/Cloud_Spec_Exp/external/baselines/MetaGPT/metagpt/tools/libs/editor.py", line 667, in _edit_file_impl
    guidance_message = self._get_indentation_info(content, start or len(lines))
  File "/home/aludy/scires/Cloud_Spec_Exp/external/baselines/MetaGPT/metagpt/tools/libs/editor.py", line 495, in _get_indentation_info
    pre_line = content_lines[first_line - 2] if first_line - 2 >= 0 else ""
IndexError: list index out of range

Traceback (most recent call last):

  File "/home/aludy/scires/Cloud_Spec_Exp/external/baselines/MetaGPT/metagpt/tools/libs/editor.py", line 563, in _edit_file_impl
    original_lint_error, _ = self._lint_file(file_name)
                             │    │          └ PosixPath('/home/aludy/scires/Cloud_Spec_Exp/external/worktrees/oci-metagpt-agentless-mini-rerun/metagpt/crun-1083/src/libcru...
                             │    └ <function Editor._lint_file at 0x7d2a1330c8b0>
                             └ Editor(resource=EditorReporter(block=<BlockType.EDITOR: 'Editor'>, uuid=UUID('da15f78e-50d0-495d-9755-e84fa83eb0c0'), enable_...

  File "/home/aludy/scires/Cloud_Spec_Exp/external/baselines/MetaGPT/metagpt/tools/libs/editor.py", line 211, in _lint_file
    lint_error = linter.lint(str(file_path))
                 │      │        └ PosixPath('/home/aludy/scires/Cloud_Spec_Exp/external/worktrees/oci-metagpt-agentless-mini-rerun/metagpt/crun-1083/src/libcru...
                 │      └ <function Linter.lint at 0x7d2a1333ff40>
                 └ <metagpt.tools.libs.linter.Linter object at 0x7d2a072ef730>

  File "/home/aludy/scires/Cloud_Spec_Exp/external/baselines/MetaGPT/metagpt/tools/libs/linter.py", line 98, in lint
    linkres = basic_lint(absolute_fname, code)
              │          │               └ '/*\n * crun - OCI runtime written in C\n *\n * Copyright (C) 2017, 2018, 2019 Giuseppe Scrivano <giuseppe@scrivano.org>\n * ...
              │          └ '/home/aludy/scires/Cloud_Spec_Exp/external/worktrees/oci-metagpt-agentless-mini-rerun/metagpt/crun-1083/src/libcrun/cgroup-u...
              └ <function basic_lint at 0x7d2a1330c1f0>

  File "/home/aludy/scires/Cloud_Spec_Exp/external/baselines/MetaGPT/metagpt/tools/libs/linter.py", line 158, in basic_lint
    parser = get_parser(lang)
             │          └ 'c'
             └ <cyfunction get_parser at 0x7d2a133b2cf0>

  File "tree_sitter_languages/core.pyx", line 19, in tree_sitter_languages.core.get_parser
  File "tree_sitter_languages/core.pyx", line 14, in tree_sitter_languages.core.get_language

TypeError: __init__() takes exactly 1 argument (2 given)


During handling of the above exception, another exception occurred:


Traceback (most recent call last):

  File "/home/aludy/scires/Cloud_Spec_Exp/baselines/metagpt/launch.py", line 307, in <module>
    raise SystemExit(main())
                     └ <function main at 0x7d2aca9e2ef0>

  File "/home/aludy/scires/Cloud_Spec_Exp/baselines/metagpt/launch.py", line 277, in main
    result = generate_repo(**supported)
             │               └ {'idea': 'Fix OCI runtime bug case crun-1083.\n\nTarget runtime: crun\nTitle: runc incompatibility wrt. cgroup memory limits\...
             └ <function generate_repo at 0x7d2a12011cf0>

  File "/home/aludy/scires/Cloud_Spec_Exp/external/baselines/MetaGPT/metagpt/software_company.py", line 72, in generate_repo
    asyncio.run(company.run(n_round=n_round, idea=idea))
    │       │   │       │           │             └ 'Fix OCI runtime bug case crun-1083.\n\nTarget runtime: crun\nTitle: runc incompatibility wrt. cgroup memory limits\nUpstream...
    │       │   │       │           └ 10
    │       │   │       └ <function serialize_decorator.<locals>.wrapper at 0x7d2a07d881f0>
    │       │   └ Team(env=MGXEnv(), investment=3.0, idea='Fix OCI runtime bug case crun-1083.\n\nTarget runtime: crun\nTitle: runc incompatibi...
    │       └ <function run at 0x7d2ac8599750>
    └ <module 'asyncio' from '/home/aludy/miniconda3/envs/metagpt/lib/python3.10/asyncio/__init__.py'>

  File "/home/aludy/miniconda3/envs/metagpt/lib/python3.10/asyncio/runners.py", line 44, in run
    return loop.run_until_complete(main)
           │    │                  └ <coroutine object serialize_decorator.<locals>.wrapper at 0x7d2a07cab610>
           │    └ <function BaseEventLoop.run_until_complete at 0x7d2ac859b130>
           └ <_UnixSelectorEventLoop running=True closed=False debug=False>
  File "/home/aludy/miniconda3/envs/metagpt/lib/python3.10/asyncio/base_events.py", line 636, in run_until_complete
    self.run_forever()
    │    └ <function BaseEventLoop.run_forever at 0x7d2ac859b0a0>
    └ <_UnixSelectorEventLoop running=True closed=False debug=False>
  File "/home/aludy/miniconda3/envs/metagpt/lib/python3.10/asyncio/base_events.py", line 603, in run_forever
    self._run_once()
    │    └ <function BaseEventLoop._run_once at 0x7d2ac859cc10>
    └ <_UnixSelectorEventLoop running=True closed=False debug=False>
  File "/home/aludy/miniconda3/envs/metagpt/lib/python3.10/asyncio/base_events.py", line 1909, in _run_once
    handle._run()
    │      └ <function Handle._run at 0x7d2ac854c280>
    └ <Handle Task.task_wakeup(<Task finishe...> result=None>)>
  File "/home/aludy/miniconda3/envs/metagpt/lib/python3.10/asyncio/events.py", line 80, in _run
    self._context.run(self._callback, *self._args)
    │    │            │    │           │    └ <member '_args' of 'Handle' objects>
    │    │            │    │           └ <Handle Task.task_wakeup(<Task finishe...> result=None>)>
    │    │            │    └ <member '_callback' of 'Handle' objects>
    │    │            └ <Handle Task.task_wakeup(<Task finishe...> result=None>)>
    │    └ <member '_context' of 'Handle' objects>
    └ <Handle Task.task_wakeup(<Task finishe...> result=None>)>

  File "/home/aludy/scires/Cloud_Spec_Exp/external/baselines/MetaGPT/metagpt/utils/common.py", line 692, in wrapper
    return await func(self, *args, **kwargs)
                 │    │      │       └ {}
                 │    │      └ ()
                 │    └ Engineer2(private_context=Context(kwargs=AttrDict(), config=Config(extra_fields=None, project_path='/home/aludy/scires/Cloud_...
                 └ <function Role.run at 0x7d2a08c025f0>

  File "/home/aludy/scires/Cloud_Spec_Exp/external/baselines/MetaGPT/metagpt/roles/role.py", line 548, in run
    rsp = await self.react()
                │    └ <function Role.react at 0x7d2a08c024d0>
                └ Engineer2(private_context=Context(kwargs=AttrDict(), config=Config(extra_fields=None, project_path='/home/aludy/scires/Cloud_...

  File "/home/aludy/scires/Cloud_Spec_Exp/external/baselines/MetaGPT/metagpt/roles/role.py", line 515, in react
    rsp = await self._react()
                │    └ <function RoleZero._react at 0x7d2a0893df30>
                └ Engineer2(private_context=Context(kwargs=AttrDict(), config=Config(extra_fields=None, project_path='/home/aludy/scires/Cloud_...

  File "/home/aludy/scires/Cloud_Spec_Exp/external/baselines/MetaGPT/metagpt/roles/di/role_zero.py", line 324, in _react
    rsp = await self._act()
                │    └ <function RoleZero._act at 0x7d2a0893dea0>
                └ Engineer2(private_context=Context(kwargs=AttrDict(), config=Config(extra_fields=None, project_path='/home/aludy/scires/Cloud_...

  File "/home/aludy/scires/Cloud_Spec_Exp/external/baselines/MetaGPT/metagpt/roles/di/role_zero.py", line 293, in _act
    outputs = await self._run_commands(commands)
                    │    │             └ [{'command_name': 'Editor.edit_file_by_replace', 'args': {'file_name': '/home/aludy/scires/Cloud_Spec_Exp/external/worktrees/...
                    │    └ <function RoleZero._run_commands at 0x7d2a0893e0e0>
                    └ Engineer2(private_context=Context(kwargs=AttrDict(), config=Config(extra_fields=None, project_path='/home/aludy/scires/Cloud_...

> File "/home/aludy/scires/Cloud_Spec_Exp/external/baselines/MetaGPT/metagpt/roles/di/role_zero.py", line 401, in _run_commands
    tool_output = tool_obj(**cmd["args"])
                  │          └ {'command_name': 'Editor.edit_file_by_replace', 'args': {'file_name': '/home/aludy/scires/Cloud_Spec_Exp/external/worktrees/o...
                  └ <bound method Editor.edit_file_by_replace of Editor(resource=EditorReporter(block=<BlockType.EDITOR: 'Editor'>, uuid=UUID('da...

  File "/home/aludy/scires/Cloud_Spec_Exp/external/baselines/MetaGPT/metagpt/tools/libs/editor.py", line 814, in edit_file_by_replace
    ret_str = self._edit_file_impl(
              │    └ <function Editor._edit_file_impl at 0x7d2a1330d120>
              └ Editor(resource=EditorReporter(block=<BlockType.EDITOR: 'Editor'>, uuid=UUID('da15f78e-50d0-495d-9755-e84fa83eb0c0'), enable_...

  File "/home/aludy/scires/Cloud_Spec_Exp/external/baselines/MetaGPT/metagpt/tools/libs/editor.py", line 667, in _edit_file_impl
    guidance_message = self._get_indentation_info(content, start or len(lines))
                       │    │                     │        └ 898
                       │    │                     └ '      ret = write_controller_file (tmp_path, controllers_to_enable, err);\n      if (UNLIKELY (ret < 0))\n        return ret;'
                       │    └ <function Editor._get_indentation_info at 0x7d2a1330d090>
                       └ Editor(resource=EditorReporter(block=<BlockType.EDITOR: 'Editor'>, uuid=UUID('da15f78e-50d0-495d-9755-e84fa83eb0c0'), enable_...

  File "/home/aludy/scires/Cloud_Spec_Exp/external/baselines/MetaGPT/metagpt/tools/libs/editor.py", line 495, in _get_indentation_info
    pre_line = content_lines[first_line - 2] if first_line - 2 >= 0 else ""
               │             │                  └ 898
               │             └ 898
               └ ['      ret = write_controller_file (tmp_path, controllers_to_enable, err);', '      if (UNLIKELY (ret < 0))', '        retur...

IndexError: list index out of range
2026-07-25 14:45:16.678 | INFO     | metagpt.roles.di.role_zero:_act:294 - Commands outputs: 
Command Editor.edit_file_by_replace executed: Traceback (most recent call last):
  File "/home/aludy/scires/Cloud_Spec_Exp/external/baselines/MetaGPT/metagpt/tools/libs/editor.py", line 563, in _edit_file_impl
    original_lint_error, _ = self._lint_file(file_name)
  File "/home/aludy/scires/Cloud_Spec_Exp/external/baselines/MetaGPT/metagpt/tools/libs/editor.py", line 211, in _lint_file
    lint_error = linter.lint(str(file_path))
  File "/home/aludy/scires/Cloud_Spec_Exp/external/baselines/MetaGPT/metagpt/tools/libs/linter.py", line 98, in lint
    linkres = basic_lint(absolute_fname, code)
  File "/home/aludy/scires/Cloud_Spec_Exp/external/baselines/MetaGPT/metagpt/tools/libs/linter.py", line 158, in basic_lint
    parser = get_parser(lang)
  File "tree_sitter_languages/core.pyx", line 19, in tree_sitter_languages.core.get_parser
  File "tree_sitter_languages/core.pyx", line 14, in tree_sitter_languages.core.get_language
TypeError: __init__() takes exactly 1 argument (2 given)

During handling of the above exception, another exception occurred:

Traceback (most recent call last):
  File "/home/aludy/scires/Cloud_Spec_Exp/external/baselines/MetaGPT/metagpt/roles/di/role_zero.py", line 401, in _run_commands
    tool_output = tool_obj(**cmd["args"])
  File "/home/aludy/scires/Cloud_Spec_Exp/external/baselines/MetaGPT/metagpt/tools/libs/editor.py", line 814, in edit_file_by_replace
    ret_str = self._edit_file_impl(
  File "/home/aludy/scires/Cloud_Spec_Exp/external/baselines/MetaGPT/metagpt/tools/libs/editor.py", line 667, in _edit_file_impl
    guidance_message = self._get_indentation_info(content, start or len(lines))
  File "/home/aludy/scires/Cloud_Spec_Exp/external/baselines/MetaGPT/metagpt/tools/libs/editor.py", line 495, in _get_indentation_info
    pre_line = content_lines[first_line - 2] if first_line - 2 >= 0 else ""
IndexError: list index out of range

2026-07-25 14:45:27.811 | WARNING  | metagpt.utils.role_zero_utils:parse_commands:115 - Failed to parse JSON for: The edit failed due to a tooling error. I'll use a terminal command to apply the fix directly.

```json
[
    {
        "command_name": "Terminal.run_command",
        "args": {
            "cmd": "cd /home/aludy/scires/Cloud_Spec_Exp/external/worktrees/oci-metagpt-agentless-mini-rerun/metagpt/crun-1083 && python3 -c \"\nwith open('src/libcrun/cgroup-utils.c', 'r') as f:\n    lines = f.readlines()\n# lines 898-903 (0-indexed: 897-902) are the if (next_slash) block\n# Replace with direct write_controller_file call\nlines[897:903] = ['      ret = write_controller_file (tmp_path, controllers_to_enable, err);\\n',\n                  '      if (UNLIKELY (ret < 0))\\n',\n                  '        return ret;\\n']\nwith open('src/libcrun/cgroup-utils.c', 'w') as f:\n    f.writelines(lines)\nprint('Done')\n\""
        }
    }
]
```. Trying to repair...
2026-07-25 14:45:50.423 | INFO     | metagpt.roles.di.role_zero:_act:292 - Commands: 
[{'command_name': 'Terminal.run_command', 'args': {'cmd': 'cd /home/aludy/scires/Cloud_Spec_Exp/external/worktrees/oci-metagpt-agentless-mini-rerun/metagpt/crun-1083 && python3 -c "\nwith open(\'src/libcrun/cgroup-utils.c\', \'r\') as f:\n    lines = f.readlines()\n# lines 898-903 (0-indexed: 897-902) are the if (next_slash) block\n# Replace with direct write_controller_file call\nlines[897:903] = [\'      ret = write_controller_file (tmp_path, controllers_to_enable, err);\\n\',\n                  \'      if (UNLIKELY (ret < 0))\\n\',\n                  \'        return ret;\\n\']\nwith open(\'src/libcrun/cgroup-utils.c\', \'w\') as f:\n    f.writelines(lines)\nprint(\'Done\')\n"'}}]
2026-07-25 14:45:50.488 | INFO     | metagpt.roles.di.role_zero:_act:294 - Commands outputs: 
Command Terminal.run_command executed:
[command]: cd /home/aludy/scires/Cloud_Spec_Exp/external/worktrees/oci-metagpt-agentless-mini-rerun/metagpt/crun-1083 && python3 -c "
with open('src/libcrun/cgroup-utils.c', 'r') as f:
    lines = f.readlines()
# lines 898-903 (0-indexed: 897-902) are the if (next_slash) block
# Replace with direct write_controller_file call
lines[897:903] = ['      ret = write_controller_file (tmp_path, controllers_to_enable, err);\n',
                  '      if (UNLIKELY (ret < 0))\n',
                  '        return ret;\n']
with open('src/libcrun/cgroup-utils.c', 'w') as f:
    f.writelines(lines)
print('Done')
" 
[command output] : Done
 (pay attention to this.)
2026-07-25 14:45:53.376 | INFO     | metagpt.roles.di.role_zero:_act:292 - Commands: 
[{'command_name': 'Editor.open_file', 'args': {'path': '/home/aludy/scires/Cloud_Spec_Exp/external/worktrees/oci-metagpt-agentless-mini-rerun/metagpt/crun-1083/src/libcrun/cgroup-utils.c', 'line_number': 880, 'context_lines': 40}}, {'command_name': 'Terminal.run_command', 'args': {'cmd': 'cd /home/aludy/scires/Cloud_Spec_Exp/external/worktrees/oci-metagpt-agentless-mini-rerun/metagpt/crun-1083 && git diff'}}]
2026-07-25 14:45:53.419 | INFO     | metagpt.roles.di.role_zero:_act:294 - Commands outputs: 
Command Editor.open_file executed: [File: /home/aludy/scires/Cloud_Spec_Exp/external/worktrees/oci-metagpt-agentless-mini-rerun/metagpt/crun-1083/src/libcrun/cgroup-utils.c (951 lines total)]
(859 more lines above)
860|  xasprintf (&tmp_path, "%s/", path);
861|
862|  ret = read_available_controllers ("", err);
863|  if (UNLIKELY (ret < 0))
864|    return ret;
865|
866|  controllers_to_enable = ret;
867|
868|  /* Enable all possible controllers in the root cgroup.  */
869|  ret = write_controller_file ("", controllers_to_enable, err);
870|  if (UNLIKELY (ret < 0))
871|    {
872|      /* Enabling +cpu when there are realtime processes fail with EINVAL.  */
873|      if ((controllers_to_enable & CGROUP_CPU) && (crun_error_get_errno (err) == EINVAL))
874|        {
875|          crun_error_release (err);
876|          controllers_to_enable &= ~CGROUP_CPU;
877|          ret = write_controller_file ("", controllers_to_enable, err);
878|        }
879|      if (UNLIKELY (ret < 0))
880|        return ret;
881|    }
882|
883|  for (it = strchr (tmp_path + 1, '/'); it;)
884|    {
885|      cleanup_free char *cgroup_path = NULL;
886|      char *next_slash = strchr (it + 1, '/');
887|
888|      *it = '\0';
889|
890|      ret = append_paths (&cgroup_path, err, CGROUP_ROOT, tmp_path, NULL);
891|      if (UNLIKELY (ret < 0))
892|        return ret;
893|
894|      ret = mkdir (cgroup_path, 0755);
895|      if (UNLIKELY (ret < 0 && errno != EEXIST))
896|        return crun_make_error (err, errno, "create `%s`", cgroup_path);
897|
898|      ret = write_controller_file (tmp_path, controllers_to_enable, err);
899|      if (UNLIKELY (ret < 0))
900|        return ret;
(51 more lines below)

Command Terminal.run_command executed:
[command]: cd /home/aludy/scires/Cloud_Spec_Exp/external/worktrees/oci-metagpt-agentless-mini-rerun/metagpt/crun-1083 && git diff 
[command output] : diff --git a/src/libcrun/cgroup-utils.c b/src/libcrun/cgroup-utils.c
index 037f8904..58044cfe 100644
--- a/src/libcrun/cgroup-utils.c
+++ b/src/libcrun/cgroup-utils.c
@@ -895,12 +895,9 @@ enable_controllers (const char *path, libcrun_error_t *err)
       if (UNLIKELY (ret < 0 && errno != EEXIST))
         return crun_make_error (err, errno, "create `%s`", cgroup_path);
 
-      if (next_slash)
-        {
-          ret = write_controller_file (tmp_path, controllers_to_enable, err);
-          if (UNLIKELY (ret < 0))
-            return ret;
-        }
+      ret = write_controller_file (tmp_path, controllers_to_enable, err);
+      if (UNLIKELY (ret < 0))
+        return ret;
 
       *it = '/';
       it = next_slash;

2026-07-25 14:45:57.821 | INFO     | metagpt.roles.di.role_zero:_act:292 - Commands: 
[{'command_name': 'Terminal.run_command', 'args': {'cmd': 'cd /home/aludy/scires/Cloud_Spec_Exp/external/worktrees/oci-metagpt-agentless-mini-rerun/metagpt/crun-1083 && ls'}}, {'command_name': 'Terminal.run_command', 'args': {'cmd': "cd /home/aludy/scires/Cloud_Spec_Exp/external/worktrees/oci-metagpt-agentless-mini-rerun/metagpt/crun-1083 && which autoconf automake libtool make gcc 2>/dev/null; dpkg -l | grep -E 'autoconf|automake|libtool' 2>/dev/null | head -5"}}]
2026-07-25 14:45:57.861 | INFO     | metagpt.roles.di.role_zero:_act:294 - Commands outputs: 
Command Terminal.run_command executed:
[command]: cd /home/aludy/scires/Cloud_Spec_Exp/external/worktrees/oci-metagpt-agentless-mini-rerun/metagpt/crun-1083 && ls 
[command output] : CODE-OF-CONDUCT.md
COPYING
COPYING.libcrun
GNUmakefile
Makefile.am
NEWS
README.md
SECURITY.md
autogen.sh
build-aux
cfg.mk
configure.ac
contrib
crun.1
crun.1.md
docs
libcrun.lds
libocispec
maint.mk
nix
python
rpm
src
tests


Command Terminal.run_command executed:
[command]: cd /home/aludy/scires/Cloud_Spec_Exp/external/worktrees/oci-metagpt-agentless-mini-rerun/metagpt/crun-1083 && which autoconf automake libtool make gcc 2>/dev/null; dpkg -l | grep -E 'autoconf|automake|libtool' 2>/dev/null | head -5 
[command output] : /usr/bin/autoconf
/usr/bin/automake
/usr/bin/make
/usr/bin/gcc
ii  autoconf                                         2.71-3                                    all          automatic configure script builder
ii  automake                                         1:1.16.5-1.3ubuntu1                       all          Tool for generating GNU Standards-compliant Makefiles
ii  libltdl-dev:amd64                                2.4.7-7build1                             amd64        System independent dlopen wrapper for GNU libtool (headers)
ii  libltdl7:amd64                                   2.4.7-7build1                             amd64        System independent dlopen wrapper for GNU libtool
ii  libtool                                          2.4.7-7build1                             all          Generic library support script

2026-07-25 14:46:00.923 | INFO     | metagpt.roles.di.role_zero:_act:292 - Commands: 
[{'command_name': 'Terminal.run_command', 'args': {'cmd': 'cd /home/aludy/scires/Cloud_Spec_Exp/external/worktrees/oci-metagpt-agentless-mini-rerun/metagpt/crun-1083 && ./autogen.sh 2>&1 | tail -5'}}, {'command_name': 'Terminal.run_command', 'args': {'cmd': 'cd /home/aludy/scires/Cloud_Spec_Exp/external/worktrees/oci-metagpt-agentless-mini-rerun/metagpt/crun-1083 && ./configure 2>&1 | tail -10'}}, {'command_name': 'Terminal.run_command', 'args': {'cmd': 'cd /home/aludy/scires/Cloud_Spec_Exp/external/worktrees/oci-metagpt-agentless-mini-rerun/metagpt/crun-1083 && make -j$(nproc) 2>&1 | tail -20'}}]
Timeout (0:05:00)!
Thread 0x00007d2a072786c0 (most recent call first):
  File "/home/aludy/miniconda3/envs/metagpt/lib/python3.10/asyncio/unix_events.py", line 1392 in _do_waitpid
  File "/home/aludy/miniconda3/envs/metagpt/lib/python3.10/threading.py", line 953 in run
  File "/home/aludy/miniconda3/envs/metagpt/lib/python3.10/threading.py", line 1016 in _bootstrap_inner
  File "/home/aludy/miniconda3/envs/metagpt/lib/python3.10/threading.py", line 973 in _bootstrap

Thread 0x00007d2a07b796c0 (most recent call first):
  File "/home/aludy/miniconda3/envs/metagpt/lib/python3.10/concurrent/futures/thread.py", line 81 in _worker
  File "/home/aludy/miniconda3/envs/metagpt/lib/python3.10/threading.py", line 953 in run
  File "/home/aludy/miniconda3/envs/metagpt/lib/python3.10/threading.py", line 1016 in _bootstrap_inner
  File "/home/aludy/miniconda3/envs/metagpt/lib/python3.10/threading.py", line 973 in _bootstrap

Thread 0x00007d2acb174740 (most recent call first):
  File "/home/aludy/miniconda3/envs/metagpt/lib/python3.10/selectors.py", line 469 in select
  File "/home/aludy/miniconda3/envs/metagpt/lib/python3.10/asyncio/base_events.py", line 1871 in _run_once
  File "/home/aludy/miniconda3/envs/metagpt/lib/python3.10/asyncio/base_events.py", line 603 in run_forever
  File "/home/aludy/miniconda3/envs/metagpt/lib/python3.10/asyncio/base_events.py", line 636 in run_until_complete
  File "/home/aludy/miniconda3/envs/metagpt/lib/python3.10/asyncio/runners.py", line 44 in run
  File "/home/aludy/scires/Cloud_Spec_Exp/external/baselines/MetaGPT/metagpt/software_company.py", line 72 in generate_repo
  File "/home/aludy/scires/Cloud_Spec_Exp/baselines/metagpt/launch.py", line 277 in main
  File "/home/aludy/scires/Cloud_Spec_Exp/baselines/metagpt/launch.py", line 307 in <module>
2026-07-25 14:47:04.151 | INFO     | metagpt.roles.di.role_zero:_act:294 - Commands outputs: 
Command Terminal.run_command executed:
[command]: cd /home/aludy/scires/Cloud_Spec_Exp/external/worktrees/oci-metagpt-agentless-mini-rerun/metagpt/crun-1083 && ./autogen.sh 2>&1 | tail -5 
[command output] : configure.ac:11: installing 'build-aux/config.sub'
configure.ac:13: installing 'build-aux/install-sh'
configure.ac:13: installing 'build-aux/missing'
configure.ac:8: installing 'build-aux/tap-driver.sh'
Makefile.am: installing 'build-aux/depcomp'


Command Terminal.run_command executed:
[command]: cd /home/aludy/scires/Cloud_Spec_Exp/external/worktrees/oci-metagpt-agentless-mini-rerun/metagpt/crun-1083 && ./configure 2>&1 | tail -10 
[command output] : checking for working strtod... yes
checking for gettimeofday... yes
checking for memset... yes
checking for strspn... yes
checking that generated files are newer than configure... done
configure: creating ./config.status
config.status: creating Makefile
config.status: creating config.h
config.status: executing depfiles commands
config.status: executing libtool commands


Command Terminal.run_command executed:
[command]: cd /home/aludy/scires/Cloud_Spec_Exp/external/worktrees/oci-metagpt-agentless-mini-rerun/metagpt/crun-1083 && make -j$(nproc) 2>&1 | tail -20 
[command output] :   CC       src/libcrun/handlers/libcrun_testing_a-wasmedge.o
  CC       src/libcrun/handlers/libcrun_testing_a-mono.o
  CC       src/libcrun/handlers/libcrun_testing_a-wasmtime.o
  CC       src/libcrun/handlers/libcrun_testing_a-wasmer.o
src/libcrun/linux.c: In function 'libcrun_create_keyring':
src/libcrun/linux.c:795:12: warning: ignoring return value of 'write' declared with attribute 'warn_unused_result' [-Wunused-result]
  795 |     (void) write (labelfd, "", 0);
      |            ^~~~~~~~~~~~~~~~~~~~~~
  CC       tests/tests_libcrun_errors-tests_libcrun_errors.o
  CC       tests/tests_libcrun_fuzzer-tests_libcrun_fuzzer.o
  CCLD     tests/init
  CCLD     libcrun.la
  AR       libcrun_testing.a
ar: `u' modifier ignored since `D' is the default (see `U')
  CCLD     tests/tests_libcrun_utils
  CCLD     tests/tests_libcrun_fuzzer
  CCLD     tests/tests_libcrun_errors
  CCLD     crun
make[2]: Leaving directory '/home/aludy/scires/Cloud_Spec_Exp/external/worktrees/oci-metagpt-agentless-mini-rerun/metagpt/crun-1083'
make[1]: Leaving directory '/home/aludy/scires/Cloud_Spec_Exp/external/worktrees/oci-metagpt-agentless-mini-rerun/metagpt/crun-1083'

2026-07-25 14:47:06.830 | INFO     | metagpt.roles.di.role_zero:_act:292 - Commands: 
[{'command_name': 'Terminal.run_command', 'args': {'cmd': 'cd /home/aludy/scires/Cloud_Spec_Exp/external/oci-differential-dataset/cases/crun-1083 && cat repro.sh'}}, {'command_name': 'Terminal.run_command', 'args': {'cmd': "which runc 2>/dev/null; runc --version 2>/dev/null; echo '---'; which ctr 2>/dev/null"}}]
2026-07-25 14:47:06.873 | INFO     | metagpt.roles.di.role_zero:_act:294 - Commands outputs: 
Command Terminal.run_command executed:
[command]: cd /home/aludy/scires/Cloud_Spec_Exp/external/oci-differential-dataset/cases/crun-1083 && cat repro.sh 
[command output] : #!/usr/bin/env bash
set -euo pipefail

case_dir="$(cd "$(dirname "${BASH_SOURCE[0]}")" && pwd)"
config_file="${CONFIG:-$case_dir/buggy_config.json}"
runtime="${RUNTIME:-crun}"
rootfs_tar="${ROOTFS_TAR:-$case_dir/../../alpine-base.tar.gz}"
bundle="${BUNDLE:-$(mktemp -d)}"
container_id="${CONTAINER_ID:-crun-1083-$RANDOM}"

cleanup() {
  sudo -n "$runtime" delete -f "$container_id" >/dev/null 2>&1 || true
  sudo -n rm -rf "$bundle" >/dev/null 2>&1 || true
}
trap cleanup EXIT

mkdir -p "$bundle/rootfs"
if [[ ! -f "$rootfs_tar" ]]; then
  echo "missing rootfs tar: $rootfs_tar" >&2
  echo "set ROOTFS_TAR=/path/to/alpine-base.tar.gz or place alpine-base.tar.gz at the repository root" >&2
  exit 2
fi

sudo -n tar -xzf "$rootfs_tar" -C "$bundle/rootfs"
cp "$config_file" "$bundle/config.json"

sudo -n "$runtime" run -b "$bundle" "$container_id"

Command Terminal.run_command executed:
[command]: which runc 2>/dev/null; runc --version 2>/dev/null; echo '---'; which ctr 2>/dev/null 
[command output] : /usr/sbin/runc
runc version 1.3.4-0ubuntu1~24.04.1
spec: 1.2.1
go: go1.24.4
libseccomp: 2.5.5
---

2026-07-25 14:47:10.661 | INFO     | metagpt.roles.di.role_zero:_act:292 - Commands: 
[{'command_name': 'Terminal.run_command', 'args': {'cmd': 'cd /home/aludy/scires/Cloud_Spec_Exp/external/oci-differential-dataset/cases/crun-1083 && RUNTIME=/home/aludy/scires/Cloud_Spec_Exp/external/worktrees/oci-metagpt-agentless-mini-rerun/metagpt/crun-1083/crun ROOTFS_TAR=/home/aludy/scires/Cloud_Spec_Exp/external/oci-differential-dataset/alpine-base.tar.gz CONFIG=./buggy_config.json bash repro.sh 2>&1'}}]
2026-07-25 14:47:10.880 | INFO     | metagpt.roles.di.role_zero:_act:294 - Commands outputs: 
Command Terminal.run_command executed:
[command]: cd /home/aludy/scires/Cloud_Spec_Exp/external/oci-differential-dataset/cases/crun-1083 && RUNTIME=/home/aludy/scires/Cloud_Spec_Exp/external/worktrees/oci-metagpt-agentless-mini-rerun/metagpt/crun-1083/crun ROOTFS_TAR=/home/aludy/scires/Cloud_Spec_Exp/external/oci-differential-dataset/alpine-base.tar.gz CONFIG=./buggy_config.json bash repro.sh 2>&1 
[command output] : writing file `/sys/fs/cgroup/crun-1083-10508/cgroup.procs`: Device or resource busy

2026-07-25 14:47:16.273 | INFO     | metagpt.roles.di.role_zero:_act:292 - Commands: 
[{'command_name': 'Terminal.run_command', 'args': {'cmd': 'cd /home/aludy/scires/Cloud_Spec_Exp/external/oci-differential-dataset/cases/crun-1083 && RUNTIME=/home/aludy/scires/Cloud_Spec_Exp/external/worktrees/oci-metagpt-agentless-mini-rerun/metagpt/crun-1083/crun ROOTFS_TAR=/home/aludy/scires/Cloud_Spec_Exp/external/oci-differential-dataset/alpine-base.tar.gz CONFIG=./buggy_config.json bash repro.sh 2>&1 || true'}}]
2026-07-25 14:47:16.458 | INFO     | metagpt.roles.di.role_zero:_act:294 - Commands outputs: 
Command Terminal.run_command executed:
[command]: cd /home/aludy/scires/Cloud_Spec_Exp/external/oci-differential-dataset/cases/crun-1083 && RUNTIME=/home/aludy/scires/Cloud_Spec_Exp/external/worktrees/oci-metagpt-agentless-mini-rerun/metagpt/crun-1083/crun ROOTFS_TAR=/home/aludy/scires/Cloud_Spec_Exp/external/oci-differential-dataset/alpine-base.tar.gz CONFIG=./buggy_config.json bash repro.sh 2>&1 || true 
[command output] : writing file `/sys/fs/cgroup/crun-1083-19862/cgroup.procs`: Device or resource busy

2026-07-25 14:47:21.272 | INFO     | metagpt.roles.di.role_zero:_act:292 - Commands: 
[{'command_name': 'Terminal.run_command', 'args': {'cmd': 'cd /home/aludy/scires/Cloud_Spec_Exp/external/oci-differential-dataset/cases/crun-1083 && RUNTIME=/home/aludy/scires/Cloud_Spec_Exp/external/worktrees/oci-metagpt-agentless-mini-rerun/metagpt/crun-1083/crun ROOTFS_TAR=/home/aludy/scires/Cloud_Spec_Exp/external/oci-differential-dataset/alpine-base.tar.gz CONFIG=./buggy_config.json bash repro.sh 2>/dev/null'}}, {'command_name': 'Terminal.run_command', 'args': {'cmd': 'cd /home/aludy/scires/Cloud_Spec_Exp/external/oci-differential-dataset/cases/crun-1083 && RUNTIME=/usr/sbin/runc ROOTFS_TAR=/home/aludy/scires/Cloud_Spec_Exp/external/oci-differential-dataset/alpine-base.tar.gz CONFIG=./buggy_config.json bash repro.sh 2>/dev/null'}}]
