Starting MetaGPT incremental repair mode.
2026-07-25 17:12:25.985 | INFO     | metagpt.const:get_metagpt_root:25 - PROJECT_ROOT set from environment variable to /home/aludy/scires/Cloud_Spec_Exp/external/baselines/MetaGPT
2026-07-25 17:12:25.985 | INFO     | metagpt.const:get_metagpt_package_root:15 - Package root set to /home/aludy/scires/Cloud_Spec_Exp/external/baselines/MetaGPT
/home/aludy/miniconda3/envs/metagpt/lib/python3.10/site-packages/pydantic/main.py:214: UserWarning: A custom validator is returning a value other than `self`.
Returning anything other than `self` from a top level model validator isn't supported when validating via `__init__`.
See the `model_validator` docs (https://docs.pydantic.dev/latest/concepts/validators/#model-validators) for more details.
  warnings.warn(
2026-07-25 17:12:28.635 | INFO     | metagpt.team:invest:96 - Investment: $3.0.
2026-07-25 17:12:43.039 | INFO     | metagpt.roles.di.role_zero:_act:292 - Commands: 
[{'command_name': 'Plan.append_task', 'args': {'task_id': '1', 'dependent_task_ids': [], 'instruction': "Fix OCI runtime bug case youki-3428 in the youki runtime. The bug: config.json env is not inherited into processes spawned with exec. Modify source code in the writable target repository at /home/aludy/scires/Cloud_Spec_Exp/external/worktrees/oci-metagpt-agentless-mini-rerun/metagpt/youki-3428 so the runtime behavior matches the configured reference runtime. Required steps: 1) cd to that repo and run git rev-parse HEAD and git status --short; 2) inspect the source code (Rust) to find where exec processes receive environment variables; 3) edit to inherit AAA=bbb from config.json into exec processes; 4) build using 'cargo build --release'; 5) reproduce using repro.sh from /home/aludy/scires/Cloud_Spec_Exp/external/oci-differential-dataset/cases/youki-3428 (read-only bundle) with rootfs tar at /home/aludy/scires/Cloud_Spec_Exp/external/oci-differential-dataset/alpine-base.tar.gz; 6) validate that exec processes inherit AAA=bbb; 7) collect git diff. Do NOT modify the dataset, worktree metadata, or oracle scripts. Use absolute paths for all file operations. The upstream fix is commit 76b913d4d63e ('fix: inherit config.json env vars in exec processes (#3439)'). The candidate runtime path after build is target/release/youki.", 'assignee': 'Alex'}}, {'command_name': 'TeamLeader.publish_message', 'args': {'content': "Fix OCI runtime bug case youki-3428 in the youki runtime. The bug: config.json env is not inherited into processes spawned with exec. Modify source code in the writable target repository at /home/aludy/scires/Cloud_Spec_Exp/external/worktrees/oci-metagpt-agentless-mini-rerun/metagpt/youki-3428 so the runtime behavior matches the configured reference runtime. Required steps: 1) cd to that repo and run 'git rev-parse HEAD && git status --short'; 2) inspect the source code (Rust) to find where exec processes receive environment variables; 3) edit to inherit AAA=bbb from config.json into exec processes; 4) build using 'cargo build --release'; 5) reproduce using repro.sh from /home/aludy/scires/Cloud_Spec_Exp/external/oci-differential-dataset/cases/youki-3428 (read-only reproduction bundle); rootfs tar is at /home/aludy/scires/Cloud_Spec_Exp/external/oci-differential-dataset/alpine-base.tar.gz; 6) validate that exec processes inherit AAA=bbb; 7) collect git diff. Do NOT modify the dataset, worktree metadata, or oracle scripts. Use absolute paths for all file operations. The upstream fix is commit 76b913d4d63e ('fix: inherit config.json env vars in exec processes (#3439)'). The candidate runtime path after build is target/release/youki. Only edit files inside the writable target repository.", 'send_to': 'Alex'}}, {'command_name': 'RoleZero.reply_to_human', 'args': {'content': 'I have assigned the task to Alex (Engineer). He will inspect the youki source code, fix the exec environment inheritance bug, build the runtime, and validate the fix against the reproduction case. I will track progress based on his feedback.'}}, {'command_name': 'end'}]
2026-07-25 17:12:43.040 | INFO     | metagpt.roles.di.role_zero:_act:294 - Commands outputs: 
Command Plan.append_task executed

Command TeamLeader.publish_message executed

Command RoleZero.reply_to_human executed: SUCCESS, human has received your reply. Refrain from resending duplicate messages.  If you no longer need to take action, use the command ‘end’ to stop.

Command end executed:
2026-07-25 17:12:43.042 | INFO     | metagpt.tools.libs.terminal:_check_state:65 - The terminal is at:
2026-07-25 17:12:46.578 | INFO     | metagpt.roles.di.role_zero:_act:292 - Commands: 
[{'command_name': 'Terminal.run_command', 'args': {'cmd': 'cd /home/aludy/scires/Cloud_Spec_Exp/external/worktrees/oci-metagpt-agentless-mini-rerun/metagpt/youki-3428 && git rev-parse HEAD && git status --short'}}]
2026-07-25 17:12:46.615 | INFO     | metagpt.roles.di.role_zero:_act:294 - Commands outputs: 
Command Terminal.run_command executed:
[command]: cd /home/aludy/scires/Cloud_Spec_Exp/external/worktrees/oci-metagpt-agentless-mini-rerun/metagpt/youki-3428 && git rev-parse HEAD && git status --short 
[command output] : a769d526bdd81ed013c5e6c7dcd0a05d391beec3

2026-07-25 17:12:50.649 | INFO     | metagpt.roles.di.role_zero:_act:292 - Commands: 
[{'command_name': 'Terminal.run_command', 'args': {'cmd': 'cd /home/aludy/scires/Cloud_Spec_Exp/external/worktrees/oci-metagpt-agentless-mini-rerun/metagpt/youki-3428 && ls -la'}}]
2026-07-25 17:12:50.652 | INFO     | metagpt.roles.di.role_zero:_act:294 - Commands outputs: 
Command Terminal.run_command executed:
[command]: cd /home/aludy/scires/Cloud_Spec_Exp/external/worktrees/oci-metagpt-agentless-mini-rerun/metagpt/youki-3428 && ls -la 
[command output] : total 560
drwxr-xr-x 13 aludy aludy   4096 Jul 25 17:12 .
drwxr-xr-x 32 aludy aludy   4096 Jul 25 17:12 ..
drwxr-xr-x  2 aludy aludy   4096 Jul 25 17:12 .cargo
-rw-r--r--  1 aludy aludy    211 Jul 25 17:12 .codecov.yml
drwxr-xr-x  2 aludy aludy   4096 Jul 25 17:12 .devcontainer
-rw-r--r--  1 aludy aludy     93 Jul 25 17:12 .git
-rw-r--r--  1 aludy aludy    231 Jul 25 17:12 .git-blame-ignore-revs
drwxr-xr-x  4 aludy aludy   4096 Jul 25 17:12 .github
-rw-r--r--  1 aludy aludy    207 Jul 25 17:12 .gitignore
-rw-r--r--  1 aludy aludy    420 Jul 25 17:12 .gitmodules
-rw-r--r--  1 aludy aludy    149 Jul 25 17:12 .tagpr
-rw-r--r--  1 aludy aludy    663 Jul 25 17:12 .typos.toml
-rw-r--r--  1 aludy aludy 235749 Jul 25 17:12 CHANGELOG.md
-rw-r--r--  1 aludy aludy     76 Jul 25 17:12 CODE-OF-CONDUCT.md
-rw-r--r--  1 aludy aludy 182359 Jul 25 17:12 Cargo.lock
-rw-r--r--  1 aludy aludy    165 Jul 25 17:12 Cargo.toml
-rw-r--r--  1 aludy aludy    380 Jul 25 17:12 Cross.toml
-rw-r--r--  1 aludy aludy  11344 Jul 25 17:12 LICENSE
-rw-r--r--  1 aludy aludy   1787 Jul 25 17:12 MigrationGuide.md
-rw-r--r--  1 aludy aludy  10965 Jul 25 17:12 README.md
-rw-r--r--  1 aludy aludy    233 Jul 25 17:12 SECURITY.md
-rw-r--r--  1 aludy aludy   7001 Jul 25 17:12 Vagrantfile
drwxr-xr-x  6 aludy aludy   4096 Jul 25 17:12 crates
drwxr-xr-x  2 aludy aludy   4096 Jul 25 17:12 cross
drwxr-xr-x  4 aludy aludy   4096 Jul 25 17:12 docs
drwxr-xr-x  4 aludy aludy   4096 Jul 25 17:12 experiment
drwxr-xr-x  2 aludy aludy   4096 Jul 25 17:12 hack
-rw-r--r--  1 aludy aludy   6091 Jul 25 17:12 justfile
-rw-r--r--  1 aludy aludy     47 Jul 25 17:12 rust-toolchain.toml
-rw-r--r--  1 aludy aludy    359 Jul 25 17:12 rustfmt.toml
drwxr-xr-x  2 aludy aludy   4096 Jul 25 17:12 scripts
drwxr-xr-x  8 aludy aludy   4096 Jul 25 17:12 tests
drwxr-xr-x  3 aludy aludy   4096 Jul 25 17:12 tools

2026-07-25 17:12:54.077 | INFO     | metagpt.roles.di.role_zero:_act:292 - Commands: 
[{'command_name': 'Editor.search_dir', 'args': {'search_term': 'exec', 'dir_path': '/home/aludy/scires/Cloud_Spec_Exp/external/worktrees/oci-metagpt-agentless-mini-rerun/metagpt/youki-3428'}}, {'command_name': 'Editor.search_dir', 'args': {'search_term': 'env', 'dir_path': '/home/aludy/scires/Cloud_Spec_Exp/external/worktrees/oci-metagpt-agentless-mini-rerun/metagpt/youki-3428/crates'}}]
2026-07-25 17:12:54.214 | INFO     | metagpt.roles.di.role_zero:_act:294 - Commands outputs: 
Command Editor.search_dir executed: More than 109 files matched for "exec" in /home/aludy/scires/Cloud_Spec_Exp/external/worktrees/oci-metagpt-agentless-mini-rerun/metagpt/youki-3428. Please narrow your search.

Command Editor.search_dir executed: [Found 207 matches for "env" in /home/aludy/scires/Cloud_Spec_Exp/external/worktrees/oci-metagpt-agentless-mini-rerun/metagpt/youki-3428/crates]
/home/aludy/scires/Cloud_Spec_Exp/external/worktrees/oci-metagpt-agentless-mini-rerun/metagpt/youki-3428/crates/libcontainer/tests/as_sibling.rs (Line 49): fn setup_envs(&self, _: HashMap<String, String>) -> Result<(), ExecutorSetEnvsError> {
/home/aludy/scires/Cloud_Spec_Exp/external/worktrees/oci-metagpt-agentless-mini-rerun/metagpt/youki-3428/crates/libcontainer/src/notify_socket.rs (Line 1): use std::env;
/home/aludy/scires/Cloud_Spec_Exp/external/worktrees/oci-metagpt-agentless-mini-rerun/metagpt/youki-3428/crates/libcontainer/src/notify_socket.rs (Line 61): let cwd = env::current_dir().map_err(NotifyListenerError::GetCwd)?;
/home/aludy/scires/Cloud_Spec_Exp/external/worktrees/oci-metagpt-agentless-mini-rerun/metagpt/youki-3428/crates/libcontainer/src/notify_socket.rs (Line 131): let cwd = env::current_dir().map_err(NotifyListenerError::GetCwd)?;
/home/aludy/scires/Cloud_Spec_Exp/external/worktrees/oci-metagpt-agentless-mini-rerun/metagpt/youki-3428/crates/libcontainer/src/tty.rs (Line 15): use std::env;
/home/aludy/scires/Cloud_Spec_Exp/external/worktrees/oci-metagpt-agentless-mini-rerun/metagpt/youki-3428/crates/libcontainer/src/tty.rs (Line 111): let _ = env::set_current_dir(&self.path);
/home/aludy/scires/Cloud_Spec_Exp/external/worktrees/oci-metagpt-agentless-mini-rerun/metagpt/youki-3428/crates/libcontainer/src/tty.rs (Line 117): let prev_dir = env::current_dir().unwrap();
/home/aludy/scires/Cloud_Spec_Exp/external/worktrees/oci-metagpt-agentless-mini-rerun/metagpt/youki-3428/crates/libcontainer/src/tty.rs (Line 118): let _ = env::set_current_dir(container_dir);
/home/aludy/scires/Cloud_Spec_Exp/external/worktrees/oci-metagpt-agentless-mini-rerun/metagpt/youki-3428/crates/libcontainer/src/tty.rs (Line 163): #[cfg(target_env = "musl")]
/home/aludy/scires/Cloud_Spec_Exp/external/worktrees/oci-metagpt-agentless-mini-rerun/metagpt/youki-3428/crates/libcontainer/src/tty.rs (Line 165): #[cfg(not(target_env = "musl"))]
/home/aludy/scires/Cloud_Spec_Exp/external/worktrees/oci-metagpt-agentless-mini-rerun/metagpt/youki-3428/crates/libcontainer/src/tty.rs (Line 465): // environment with proper namespace setup (pivot_root completed).
/home/aludy/scires/Cloud_Spec_Exp/external/worktrees/oci-metagpt-agentless-mini-rerun/metagpt/youki-3428/crates/libcontainer/src/hooks.rs (Line 78): let envs: HashMap<String, String> = if let Some(env) = hook.env() {
/home/aludy/scires/Cloud_Spec_Exp/external/worktrees/oci-metagpt-agentless-mini-rerun/metagpt/youki-3428/crates/libcontainer/src/hooks.rs (Line 79): utils::parse_env(env)
/home/aludy/scires/Cloud_Spec_Exp/external/worktrees/oci-metagpt-agentless-mini-rerun/metagpt/youki-3428/crates/libcontainer/src/hooks.rs (Line 83): tracing::debug!("run_hooks envs: {:?}", envs);
/home/aludy/scires/Cloud_Spec_Exp/external/worktrees/oci-metagpt-agentless-mini-rerun/metagpt/youki-3428/crates/libcontainer/src/hooks.rs (Line 86): .env_clear()
/home/aludy/scires/Cloud_Spec_Exp/external/worktrees/oci-metagpt-agentless-mini-rerun/metagpt/youki-3428/crates/libcontainer/src/hooks.rs (Line 87): .envs(envs)
/home/aludy/scires/Cloud_Spec_Exp/external/worktrees/oci-metagpt-agentless-mini-rerun/metagpt/youki-3428/crates/libcontainer/src/hooks.rs (Line 165): use std::{env, fs};
/home/aludy/scires/Cloud_Spec_Exp/external/worktrees/oci-metagpt-agentless-mini-rerun/metagpt/youki-3428/crates/libcontainer/src/hooks.rs (Line 175): if let Ok(path) = env::var("PATH") {
/home/aludy/scires/Cloud_Spec_Exp/external/worktrees/oci-metagpt-agentless-mini-rerun/metagpt/youki-3428/crates/libcontainer/src/hooks.rs (Line 214): is_command_in_path("printenv"),
/home/aludy/scires/Cloud_Spec_Exp/external/worktrees/oci-metagpt-agentless-mini-rerun/metagpt/youki-3428/crates/libcontainer/src/hooks.rs (Line 215): "The printenv was not found."
/home/aludy/scires/Cloud_Spec_Exp/external/worktrees/oci-metagpt-agentless-mini-rerun/metagpt/youki-3428/crates/libcontainer/src/hooks.rs (Line 217): // Use `printenv` to make sure the environment is set correctly.
/home/aludy/scires/Cloud_Spec_Exp/external/worktrees/oci-metagpt-agentless-mini-rerun/metagpt/youki-3428/crates/libcontainer/src/hooks.rs (Line 224): String::from("printenv key > /dev/null"),
/home/aludy/scires/Cloud_Spec_Exp/external/worktrees/oci-metagpt-agentless-mini-rerun/metagpt/youki-3428/crates/libcontainer/src/hooks.rs (Line 226): .env(vec![String::from("key=value")])
/home/aludy/scires/Cloud_Spec_Exp/external/worktrees/oci-metagpt-agentless-mini-rerun/metagpt/youki-3428/crates/libcontainer/src/hooks.rs (Line 230): .context("Failed printenv test")?;
/home/aludy/scires/Cloud_Spec_Exp/external/worktrees/oci-metagpt-agentless-mini-rerun/metagpt/youki-3428/crates/libcontainer/src/user_ns.rs (Line 3): use std::{env, fs};
/home/aludy/scires/Cloud_Spec_Exp/external/worktrees/oci-metagpt-agentless-mini-rerun/metagpt/youki-3428/crates/libcontainer/src/user_ns.rs (Line 394): let paths = env::var("PATH").map_err(|_| MappingError::NoPathEnv)?;
/home/aludy/scires/Cloud_Spec_Exp/external/worktrees/oci-metagpt-agentless-mini-rerun/metagpt/youki-3428/crates/libcontainer/src/utils.rs (Line 84): let p = std::env::current_dir()
/home/aludy/scires/Cloud_Spec_Exp/external/worktrees/oci-metagpt-agentless-mini-rerun/metagpt/youki-3428/crates/libcontainer/src/utils.rs (Line 124): pub fn parse_env(envs: &[String]) -> HashMap<String, String> {
/home/aludy/scires/Cloud_Spec_Exp/external/worktrees/oci-metagpt-agentless-mini-rerun/metagpt/youki-3428/crates/libcontainer/src/utils.rs (Line 125): envs.iter()
/home/aludy/scires/Cloud_Spec_Exp/external/worktrees/oci-metagpt-agentless-mini-rerun/metagpt/youki-3428/crates/libcontainer/src/utils.rs (Line 469): fn test_parse_env() -> Result<()> {
/home/aludy/scires/Cloud_Spec_Exp/external/worktrees/oci-metagpt-agentless-mini-rerun/metagpt/youki-3428/crates/libcontainer/src/utils.rs (Line 472): let env_input = vec![format!("{key}={value}")];
/home/aludy/scires/Cloud_Spec_Exp/external/worktrees/oci-metagpt-agentless-mini-rerun/metagpt/youki-3428/crates/libcontainer/src/utils.rs (Line 473): let env_output = parse_env(&env_input);
/home/aludy/scires/Cloud_Spec_Exp/external/worktrees/oci-metagpt-agentless-mini-rerun/metagpt/youki-3428/crates/libcontainer/src/utils.rs (Line 475): env_output.len(),
/home/aludy/scires/Cloud_Spec_Exp/external/worktrees/oci-metagpt-agentless-mini-rerun/metagpt/youki-3428/crates/libcontainer/src/utils.rs (Line 479): assert_eq!(env_output.get_key_value(&key), Some((&key, &value)));
/home/aludy/scires/Cloud_Spec_Exp/external/worktrees/oci-metagpt-agentless-mini-rerun/metagpt/youki-3428/crates/libcontainer/src/process/init/context.rs (Line 19): pub(crate) envs: HashMap<String, String>,
/home/aludy/scires/Cloud_Spec_Exp/external/worktrees/oci-metagpt-agentless-mini-rerun/metagpt/youki-3428/crates/libcontainer/src/process/init/context.rs (Line 33): let envs: HashMap<String, String> =
/home/aludy/scires/Cloud_Spec_Exp/external/worktrees/oci-metagpt-agentless-mini-rerun/metagpt/youki-3428/crates/libcontainer/src/process/init/context.rs (Line 34): utils::parse_env(process.env().as_ref().unwrap_or(&vec![]));
/home/aludy/scires/Cloud_Spec_Exp/external/worktrees/oci-metagpt-agentless-mini-rerun/metagpt/youki-3428/crates/libcontainer/src/process/init/context.rs (Line 43): envs,
/home/aludy/scires/Cloud_Spec_Exp/external/worktrees/oci-metagpt-agentless-mini-rerun/metagpt/youki-3428/crates/libcontainer/src/process/init/process.rs (Line 5): use std::{env, fs, mem};
/home/aludy/scires/Cloud_Spec_Exp/external/worktrees/oci-metagpt-agentless-mini-rerun/metagpt/youki-3428/crates/libcontainer/src/process/init/process.rs (Line 275): // environment variables.
/home/aludy/scires/Cloud_Spec_Exp/external/worktrees/oci-metagpt-agentless-mini-rerun/metagpt/youki-3428/crates/libcontainer/src/process/init/process.rs (Line 276): let preserve_fds: i32 = match env::var("LISTEN_FDS") {
/home/aludy/scires/Cloud_Spec_Exp/external/worktrees/oci-metagpt-agentless-mini-rerun/metagpt/youki-3428/crates/libcontainer/src/process/init/process.rs (Line 295): ctx.envs
/home/aludy/scires/Cloud_Spec_Exp/external/worktrees/oci-metagpt-agentless-mini-rerun/metagpt/youki-3428/crates/libcontainer/src/process/init/process.rs (Line 297): ctx.envs.insert("LISTEN_PID".to_owned(), 1.to_string());
/home/aludy/scires/Cloud_Spec_Exp/external/worktrees/oci-metagpt-agentless-mini-rerun/metagpt/youki-3428/crates/libcontainer/src/process/init/process.rs (Line 302): Err(env::VarError::NotPresent) => args.preserve_fds,
/home/aludy/scires/Cloud_Spec_Exp/external/worktrees/oci-metagpt-agentless-mini-rerun/metagpt/youki-3428/crates/libcontainer/src/process/init/process.rs (Line 303): Err(env::VarError::NotUnicode(value)) => {
/home/aludy/scires/Cloud_Spec_Exp/external/worktrees/oci-metagpt-agentless-mini-rerun/metagpt/youki-3428/crates/libcontainer/src/process/init/process.rs (Line 407): // add HOME into envs if not exists
/home/aludy/scires/Cloud_Spec_Exp/external/worktrees/oci-metagpt-agentless-mini-rerun/metagpt/youki-3428/crates/libcontainer/src/process/init/process.rs (Line 408): set_home_env_if_not_exists(&mut ctx.envs, ctx.process.user().uid().into());
/home/aludy/scires/Cloud_Spec_Exp/external/worktrees/oci-metagpt-agentless-mini-rerun/metagpt/youki-3428/crates/libcontainer/src/process/init/process.rs (Line 411): args.executor.setup_envs(ctx.envs)?;
/home/aludy/scires/Cloud_Spec_Exp/external/worktrees/oci-metagpt-agentless-mini-rerun/metagpt/youki-3428/crates/libcontainer/src/process/init/process.rs (Line 1022): /// Set the HOME environment variable if it is not already set or is empty.
/home/aludy/scires/Cloud_Spec_Exp/external/worktrees/oci-metagpt-agentless-mini-rerun/metagpt/youki-3428/crates/libcontainer/src/process/init/process.rs (Line 1023): fn set_home_env_if_not_exists(envs: &mut HashMap<String, String>, uid: Uid) {
/home/aludy/scires/Cloud_Spec_Exp/external/worktrees/oci-metagpt-agentless-mini-rerun/metagpt/youki-3428/crates/libcontainer/src/process/init/process.rs (Line 1024): if envs.get("HOME").is_none_or(|v| v.is_empty()) {
/home/aludy/scires/Cloud_Spec_Exp/external/worktrees/oci-metagpt-agentless-mini-rerun/metagpt/youki-3428/crates/libcontainer/src/process/init/process.rs (Line 1026): set_home_from_path(envs, &dir_home);
/home/aludy/scires/Cloud_Spec_Exp/external/worktrees/oci-metagpt-agentless-mini-rerun/metagpt/youki-3428/crates/libcontainer/src/process/init/process.rs (Line 1031): /// Set the HOME environment variable if dir_home string is valid UTF-8
/home/aludy/scires/Cloud_Spec_Exp/external/worktrees/oci-metagpt-agentless-mini-rerun/metagpt/youki-3428/crates/libcontainer/src/process/init/process.rs (Line 1032): fn set_home_from_path(envs: &mut HashMap<String, String>, dir_home: &Path) {
/home/aludy/scires/Cloud_Spec_Exp/external/worktrees/oci-metagpt-agentless-mini-rerun/metagpt/youki-3428/crates/libcontainer/src/process/init/process.rs (Line 1034): envs.insert("HOME".to_owned(), home_str.to_owned());
/home/aludy/scires/Cloud_Spec_Exp/external/worktrees/oci-metagpt-agentless-mini-rerun/metagpt/youki-3428/crates/libcontainer/src/process/init/process.rs (Line 1359): fn test_set_home_env_if_not_exists_already_exists() {
/home/aludy/scires/Cloud_Spec_Exp/external/worktrees/oci-metagpt-agentless-mini-rerun/metagpt/youki-3428/crates/libcontainer/src/process/init/process.rs (Line 1360): let mut envs = HashMap::new();
/home/aludy/scires/Cloud_Spec_Exp/external/worktrees/oci-metagpt-agentless-mini-rerun/metagpt/youki-3428/crates/libcontainer/src/process/init/process.rs (Line 1361): envs.insert("HOME".to_owned(), "/existing/home".to_owned());
/home/aludy/scires/Cloud_Spec_Exp/external/worktrees/oci-metagpt-agentless-mini-rerun/metagpt/youki-3428/crates/libcontainer/src/process/init/process.rs (Line 1363): set_home_env_if_not_exists(&mut envs, Uid::from_raw(0));
/home/aludy/scires/Cloud_Spec_Exp/external/worktrees/oci-metagpt-agentless-mini-rerun/metagpt/youki-3428/crates/libcontainer/src/process/init/process.rs (Line 1364): assert_eq!(envs.get("HOME"), Some(&"/existing/home".to_string()));
/home/aludy/scires/Cloud_Spec_Exp/external/worktrees/oci-metagpt-agentless-mini-rerun/metagpt/youki-3428/crates/libcontainer/src/process/init/process.rs (Line 1368): fn test_set_home_env_if_not_exists_already_exists_non_root() {
/home/aludy/scires/Cloud_Spec_Exp/external/worktrees/oci-metagpt-agentless-mini-rerun/metagpt/youki-3428/crates/libcontainer/src/process/init/process.rs (Line 1369): let mut envs = HashMap::new();
/home/aludy/scires/Cloud_Spec_Exp/external/worktrees/oci-metagpt-agentless-mini-rerun/metagpt/youki-3428/crates/libcontainer/src/process/init/process.rs (Line 1370): envs.insert("HOME".to_owned(), "/existing/home".to_owned());
/home/aludy/scires/Cloud_Spec_Exp/external/worktrees/oci-metagpt-agentless-mini-rerun/metagpt/youki-3428/crates/libcontainer/src/process/init/process.rs (Line 1372): set_home_env_if_not_exists(&mut envs, Uid::current());
/home/aludy/scires/Cloud_Spec_Exp/external/worktrees/oci-metagpt-agentless-mini-rerun/metagpt/youki-3428/crates/libcontainer/src/process/init/process.rs (Line 1373): assert_eq!(envs.get("HOME"), Some(&"/existing/home".to_string()));
/home/aludy/scires/Cloud_Spec_Exp/external/worktrees/oci-metagpt-agentless-mini-rerun/metagpt/youki-3428/crates/libcontainer/src/process/init/process.rs (Line 1377): fn test_set_home_env_if_not_exists_already_exists_but_empty_value() {
/home/aludy/scires/Cloud_Spec_Exp/external/worktrees/oci-metagpt-agentless-mini-rerun/metagpt/youki-3428/crates/libcontainer/src/process/init/process.rs (Line 1378): let mut envs = HashMap::new();
/home/aludy/scires/Cloud_Spec_Exp/external/worktrees/oci-metagpt-agentless-mini-rerun/metagpt/youki-3428/crates/libcontainer/src/process/init/process.rs (Line 1379): envs.insert("HOME".to_owned(), "".to_owned());
/home/aludy/scires/Cloud_Spec_Exp/external/worktrees/oci-metagpt-agentless-mini-rerun/metagpt/youki-3428/crates/libcontainer/src/process/init/process.rs (Line 1381): set_home_env_if_not_exists(&mut envs, Uid::from_raw(0));
/home/aludy/scires/Cloud_Spec_Exp/external/worktrees/oci-metagpt-agentless-mini-rerun/metagpt/youki-3428/crates/libcontainer/src/process/init/process.rs (Line 1382): assert_eq!(envs.get("HOME"), Some(&"/root".to_string()));
/home/aludy/scires/Cloud_Spec_Exp/external/worktrees/oci-metagpt-agentless-mini-rerun/metagpt/youki-3428/crates/libcontainer/src/process/init/process.rs (Line 1386): fn test_set_home_env_if_not_exists_already_exists_but_empty_value_non_root() {
/home/aludy/scires/Cloud_Spec_Exp/external/worktrees/oci-metagpt-agentless-mini-rerun/metagpt/youki-3428/crates/libcontainer/src/process/init/process.rs (Line 1387): let mut envs = HashMap::new();
/home/aludy/scires/Cloud_Spec_Exp/external/worktrees/oci-metagpt-agentless-mini-rerun/metagpt/youki-3428/crates/libcontainer/src/process/init/process.rs (Line 1388): envs.insert("HOME".to_owned(), "".to_owned());
/home/aludy/scires/Cloud_Spec_Exp/external/worktrees/oci-metagpt-agentless-mini-rerun/metagpt/youki-3428/crates/libcontainer/src/process/init/process.rs (Line 1391): let test_uid = env::var("TEST_NON_ROOT_UID")
/home/aludy/scires/Cloud_Spec_Exp/external/worktrees/oci-metagpt-agentless-mini-rerun/metagpt/youki-3428/crates/libcontainer/src/process/init/process.rs (Line 1402): set_home_env_if_not_exists(&mut envs, test_uid);
/home/aludy/scires/Cloud_Spec_Exp/external/worktrees/oci-metagpt-agentless-mini-rerun/metagpt/youki-3428/crates/libcontainer/src/process/init/process.rs (Line 1403): assert_eq!(envs.get("HOME"), Some(&expected));
/home/aludy/scires/Cloud_Spec_Exp/external/worktrees/oci-metagpt-agentless-mini-rerun/metagpt/youki-3428/crates/libcontainer/src/process/init/process.rs (Line 1407): fn test_set_home_env_if_not_exists_not_set() {
/home/aludy/scires/Cloud_Spec_Exp/external/worktrees/oci-metagpt-agentless-mini-rerun/metagpt/youki-3428/crates/libcontainer/src/process/init/process.rs (Line 1408): let mut envs = HashMap::new();
/home/aludy/scires/Cloud_Spec_Exp/external/worktrees/oci-metagpt-agentless-mini-rerun/metagpt/youki-3428/crates/libcontainer/src/process/init/process.rs (Line 1410): set_home_env_if_not_exists(&mut envs, Uid::from_raw(0));
/home/aludy/scires/Cloud_Spec_Exp/external/worktrees/oci-metagpt-agentless-mini-rerun/metagpt/youki-3428/crates/libcontainer/src/process/init/process.rs (Line 1411): assert_eq!(envs.get("HOME"), Some(&"/root".to_string()));
/home/aludy/scires/Cloud_Spec_Exp/external/worktrees/oci-metagpt-agentless-mini-rerun/metagpt/youki-3428/crates/libcontainer/src/process/init/process.rs (Line 1415): fn test_set_home_env_if_not_exists_not_set_non_root() {
/home/aludy/scires/Cloud_Spec_Exp/external/worktrees/oci-metagpt-agentless-mini-rerun/metagpt/youki-3428/crates/libcontainer/src/process/init/process.rs (Line 1416): let mut envs = HashMap::new();
/home/aludy/scires/Cloud_Spec_Exp/external/worktrees/oci-metagpt-agentless-mini-rerun/metagpt/youki-3428/crates/libcontainer/src/process/init/process.rs (Line 1419): let test_uid = env::var("TEST_NON_ROOT_UID")
/home/aludy/scires/Cloud_Spec_Exp/external/worktrees/oci-metagpt-agentless-mini-rerun/metagpt/youki-3428/crates/libcontainer/src/process/init/process.rs (Line 1430): set_home_env_if_not_exists(&mut envs, test_uid);
/home/aludy/scires/Cloud_Spec_Exp/external/worktrees/oci-metagpt-agentless-mini-rerun/metagpt/youki-3428/crates/libcontainer/src/process/init/process.rs (Line 1431): assert_eq!(envs.get("HOME"), Some(&expected));
/home/aludy/scires/Cloud_Spec_Exp/external/worktrees/oci-metagpt-agentless-mini-rerun/metagpt/youki-3428/crates/libcontainer/src/process/init/process.rs (Line 1436): let mut envs = HashMap::new();
/home/aludy/scires/Cloud_Spec_Exp/external/worktrees/oci-metagpt-agentless-mini-rerun/metagpt/youki-3428/crates/libcontainer/src/process/init/process.rs (Line 1439): set_home_from_path(&mut envs, &valid_path);
/home/aludy/scires/Cloud_Spec_Exp/external/worktrees/oci-metagpt-agentless-mini-rerun/metagpt/youki-3428/crates/libcontainer/src/process/init/process.rs (Line 1440): assert_eq!(envs.get("HOME"), Some(&"/home/user".to_string()));
/home/aludy/scires/Cloud_Spec_Exp/external/worktrees/oci-metagpt-agentless-mini-rerun/metagpt/youki-3428/crates/libcontainer/src/process/init/process.rs (Line 1445): let mut envs = HashMap::new();
/home/aludy/scires/Cloud_Spec_Exp/external/worktrees/oci-metagpt-agentless-mini-rerun/metagpt/youki-3428/crates/libcontainer/src/process/init/process.rs (Line 1451): set_home_from_path(&mut envs, &invalid_path);
/home/aludy/scires/Cloud_Spec_Exp/external/worktrees/oci-metagpt-agentless-mini-rerun/metagpt/youki-3428/crates/libcontainer/src/process/init/process.rs (Line 1452): assert_eq!(envs.get("HOME"), None);
/home/aludy/scires/Cloud_Spec_Exp/external/worktrees/oci-metagpt-agentless-mini-rerun/metagpt/youki-3428/crates/libcontainer/src/syscall/linux.rs (Line 561): #[cfg(not(target_env = "musl"))]
/home/aludy/scires/Cloud_Spec_Exp/external/worktrees/oci-metagpt-agentless-mini-rerun/metagpt/youki-3428/crates/libcontainer/src/syscall/linux.rs (Line 563): #[cfg(target_env = "musl")]
/home/aludy/scires/Cloud_Spec_Exp/external/worktrees/oci-metagpt-agentless-mini-rerun/metagpt/youki-3428/crates/libcontainer/src/seccomp/mod.rs (Line 355): path::PathBuf::from(env!("CARGO_MANIFEST_DIR")).join("src/seccomp/fixture/config.json");
/home/aludy/scires/Cloud_Spec_Exp/external/worktrees/oci-metagpt-agentless-mini-rerun/metagpt/youki-3428/crates/libcontainer/src/seccomp/fixture/config.json (Line 12): "env": [
/home/aludy/scires/Cloud_Spec_Exp/external/worktrees/oci-metagpt-agentless-mini-rerun/metagpt/youki-3428/crates/libcontainer/src/workload/mod.rs (Line 2): use std::env;
/home/aludy/scires/Cloud_Spec_Exp/external/worktrees/oci-metagpt-agentless-mini-rerun/metagpt/youki-3428/crates/libcontainer/src/workload/mod.rs (Line 32): #[error("failed to set envs")]
/home/aludy/scires/Cloud_Spec_Exp/external/worktrees/oci-metagpt-agentless-mini-rerun/metagpt/youki-3428/crates/libcontainer/src/workload/mod.rs (Line 75): /// Set environment variables for the container process to be executed.
/home/aludy/scires/Cloud_Spec_Exp/external/worktrees/oci-metagpt-agentless-mini-rerun/metagpt/youki-3428/crates/libcontainer/src/workload/mod.rs (Line 79): /// The host's environment variables are not cleared yet at this point.
/home/aludy/scires/Cloud_Spec_Exp/external/worktrees/oci-metagpt-agentless-mini-rerun/metagpt/youki-3428/crates/libcontainer/src/workload/mod.rs (Line 81): fn setup_envs(&self, envs: HashMap<String, String>) -> Result<(), ExecutorSetEnvsError> {
/home/aludy/scires/Cloud_Spec_Exp/external/worktrees/oci-metagpt-agentless-mini-rerun/metagpt/youki-3428/crates/libcontainer/src/workload/mod.rs (Line 82): // The default implementation resets the process env based on the OCI spec.
/home/aludy/scires/Cloud_Spec_Exp/external/worktrees/oci-metagpt-agentless-mini-rerun/metagpt/youki-3428/crates/libcontainer/src/workload/mod.rs (Line 83): // First, clear all host's envs.
/home/aludy/scires/Cloud_Spec_Exp/external/worktrees/oci-metagpt-agentless-mini-rerun/metagpt/youki-3428/crates/libcontainer/src/workload/mod.rs (Line 84): env::vars().for_each(|(key, _value)| unsafe { env::remove_var(key) });
/home/aludy/scires/Cloud_Spec_Exp/external/worktrees/oci-metagpt-agentless-mini-rerun/metagpt/youki-3428/crates/libcontainer/src/workload/mod.rs (Line 86): // Next, set envs based on the spec
/home/aludy/scires/Cloud_Spec_Exp/external/worktrees/oci-metagpt-agentless-mini-rerun/metagpt/youki-3428/crates/libcontainer/src/workload/mod.rs (Line 87): envs.iter()
/home/aludy/scires/Cloud_Spec_Exp/external/worktrees/oci-metagpt-agentless-mini-rerun/metagpt/youki-3428/crates/libcontainer/src/workload/mod.rs (Line 88): .for_each(|(key, value)| unsafe { env::set_var(key, value) });
/home/aludy/scires/Cloud_Spec_Exp/external/worktrees/oci-metagpt-agentless-mini-rerun/metagpt/youki-3428/crates/libcontainer/src/workload/default.rs (Line 58): let envs: Vec<String> = proc.env().as_ref().unwrap_or(&vec![]).clone();
/home/aludy/scires/Cloud_Spec_Exp/external/worktrees/oci-metagpt-agentless-mini-rerun/metagpt/youki-3428/crates/libcontainer/src/workload/default.rs (Line 59): let path_vars: Vec<&String> = envs.iter().filter(|&e| e.starts_with("PATH=")).collect();
/home/aludy/scires/Cloud_Spec_Exp/external/worktrees/oci-metagpt-agentless-mini-rerun/metagpt/youki-3428/crates/libcontainer/src/workload/default.rs (Line 61): tracing::error!("PATH environment variable is not set");
/home/aludy/scires/Cloud_Spec_Exp/external/worktrees/oci-metagpt-agentless-mini-rerun/metagpt/youki-3428/crates/libcontainer/src/workload/default.rs (Line 63): "PATH environment variable is not set".into(),
/home/aludy/scires/Cloud_Spec_Exp/external/worktrees/oci-metagpt-agentless-mini-rerun/metagpt/youki-3428/crates/libcontainer/src/workload/default.rs (Line 142): use std::env;
/home/aludy/scires/Cloud_Spec_Exp/external/worktrees/oci-metagpt-agentless-mini-rerun/metagpt/youki-3428/crates/libcontainer/src/workload/default.rs (Line 188): fn test_executor_set_envs() {
/home/aludy/scires/Cloud_Spec_Exp/external/worktrees/oci-metagpt-agentless-mini-rerun/metagpt/youki-3428/crates/libcontainer/src/workload/default.rs (Line 189): // Store original environment variables to restore later
/home/aludy/scires/Cloud_Spec_Exp/external/worktrees/oci-metagpt-agentless-mini-rerun/metagpt/youki-3428/crates/libcontainer/src/workload/default.rs (Line 190): let original_envs: HashMap<String, String> = env::vars().collect();
/home/aludy/scires/Cloud_Spec_Exp/external/worktrees/oci-metagpt-agentless-mini-rerun/metagpt/youki-3428/crates/libcontainer/src/workload/default.rs (Line 192): // Test setting environment variables
/home/aludy/scires/Cloud_Spec_Exp/external/worktrees/oci-metagpt-agentless-mini-rerun/metagpt/youki-3428/crates/libcontainer/src/workload/default.rs (Line 195): let envs = HashMap::from([
/home/aludy/scires/Cloud_Spec_Exp/external/worktrees/oci-metagpt-agentless-mini-rerun/metagpt/youki-3428/crates/libcontainer/src/workload/default.rs (Line 200): assert!(executor.setup_envs(envs).is_ok());
/home/aludy/scires/Cloud_Spec_Exp/external/worktrees/oci-metagpt-agentless-mini-rerun/metagpt/youki-3428/crates/libcontainer/src/workload/default.rs (Line 202): // Check if the environment variables are set correctly
/home/aludy/scires/Cloud_Spec_Exp/external/worktrees/oci-metagpt-agentless-mini-rerun/metagpt/youki-3428/crates/libcontainer/src/workload/default.rs (Line 203): let current_envs = std::env::vars().collect::<HashMap<String, String>>();
/home/aludy/scires/Cloud_Spec_Exp/external/worktrees/oci-metagpt-agentless-mini-rerun/metagpt/youki-3428/crates/libcontainer/src/workload/default.rs (Line 204): assert_eq!(current_envs.get("FOO").unwrap(), "hoge");
/home/aludy/scires/Cloud_Spec_Exp/external/worktrees/oci-metagpt-agentless-mini-rerun/metagpt/youki-3428/crates/libcontainer/src/workload/default.rs (Line 205): assert_eq!(current_envs.get("BAR").unwrap(), "fuga");
/home/aludy/scires/Cloud_Spec_Exp/external/worktrees/oci-metagpt-agentless-mini-rerun/metagpt/youki-3428/crates/libcontainer/src/workload/default.rs (Line 206): assert_eq!(current_envs.get("BAZ").unwrap(), "piyo");
/home/aludy/scires/Cloud_Spec_Exp/external/worktrees/oci-metagpt-agentless-mini-rerun/metagpt/youki-3428/crates/libcontainer/src/workload/default.rs (Line 207): // No other environment variables should be set
/home/aludy/scires/Cloud_Spec_Exp/external/worktrees/oci-metagpt-agentless-mini-rerun/metagpt/youki-3428/crates/libcontainer/src/workload/default.rs (Line 208): assert_eq!(current_envs.len(), 3);
/home/aludy/scires/Cloud_Spec_Exp/external/worktrees/oci-metagpt-agentless-mini-rerun/metagpt/youki-3428/crates/libcontainer/src/workload/default.rs (Line 211): // Restore original environment variables
/home/aludy/scires/Cloud_Spec_Exp/external/worktrees/oci-metagpt-agentless-mini-rerun/metagpt/youki-3428/crates/libcontainer/src/workload/default.rs (Line 212): original_envs.iter().for_each(|(key, value)| {
/home/aludy/scires/Cloud_Spec_Exp/external/worktrees/oci-metagpt-agentless-mini-rerun/metagpt/youki-3428/crates/libcontainer/src/workload/default.rs (Line 213): unsafe { env::set_var(key, value) };
/home/aludy/scires/Cloud_Spec_Exp/external/worktrees/oci-metagpt-agentless-mini-rerun/metagpt/youki-3428/crates/libcontainer/src/container/builder.rs (Line 375): let cwd = std::env::current_dir().context("get current dir")?;
/home/aludy/scires/Cloud_Spec_Exp/external/worktrees/oci-metagpt-agentless-mini-rerun/metagpt/youki-3428/crates/libcontainer/src/container/builder.rs (Line 389): let cwd = std::env::current_dir().context("get current dir")?;
/home/aludy/scires/Cloud_Spec_Exp/external/worktrees/oci-metagpt-agentless-mini-rerun/metagpt/youki-3428/crates/libcontainer/src/container/tenant_builder.rs (Line 41): let env = match process.env() {
/home/aludy/scires/Cloud_Spec_Exp/external/worktrees/oci-metagpt-agentless-mini-rerun/metagpt/youki-3428/crates/libcontainer/src/container/tenant_builder.rs (Line 45): // as per runtime spec, env vars should follow https://pubs.opengroup.org/onlinepubs/9699919799/basedefs/V1_chap08.html#tag_08_01
/home/aludy/scires/Cloud_Spec_Exp/external/worktrees/oci-metagpt-agentless-mini-rerun/metagpt/youki-3428/crates/libcontainer/src/container/tenant_builder.rs (Line 46): // and that specifies having multiple env with same name is undefined behaviour
/home/aludy/scires/Cloud_Spec_Exp/external/worktrees/oci-metagpt-agentless-mini-rerun/metagpt/youki-3428/crates/libcontainer/src/container/tenant_builder.rs (Line 49): env.iter()
/home/aludy/scires/Cloud_Spec_Exp/external/worktrees/oci-metagpt-agentless-mini-rerun/metagpt/youki-3428/crates/libcontainer/src/container/tenant_builder.rs (Line 60): env: HashMap<String, String>,
/home/aludy/scires/Cloud_Spec_Exp/external/worktrees/oci-metagpt-agentless-mini-rerun/metagpt/youki-3428/crates/libcontainer/src/container/tenant_builder.rs (Line 155): env: HashMap::new(),
/home/aludy/scires/Cloud_Spec_Exp/external/worktrees/oci-metagpt-agentless-mini-rerun/metagpt/youki-3428/crates/libcontainer/src/container/tenant_builder.rs (Line 169): /// Sets environment variables for the container
/home/aludy/scires/Cloud_Spec_Exp/external/worktrees/oci-metagpt-agentless-mini-rerun/metagpt/youki-3428/crates/libcontainer/src/container/tenant_builder.rs (Line 170): pub fn with_env(mut self, env: HashMap<String, String>) -> Self {
/home/aludy/scires/Cloud_Spec_Exp/external/worktrees/oci-metagpt-agentless-mini-rerun/metagpt/youki-3428/crates/libcontainer/src/container/tenant_builder.rs (Line 171): self.env = env;
/home/aludy/scires/Cloud_Spec_Exp/external/worktrees/oci-metagpt-agentless-mini-rerun/metagpt/youki-3428/crates/libcontainer/src/container/tenant_builder.rs (Line 458): let original_path_env = get_path_from_spec(spec);
/home/aludy/scires/Cloud_Spec_Exp/external/worktrees/oci-metagpt-agentless-mini-rerun/metagpt/youki-3428/crates/libcontainer/src/container/tenant_builder.rs (Line 461): .env(self.get_environment(original_path_env));
/home/aludy/scires/Cloud_Spec_Exp/external/worktrees/oci-metagpt-agentless-mini-rerun/metagpt/youki-3428/crates/libcontainer/src/container/tenant_builder.rs (Line 559): fn get_environment(&self, path: Option<String>) -> Vec<String> {
/home/aludy/scires/Cloud_Spec_Exp/external/worktrees/oci-metagpt-agentless-mini-rerun/metagpt/youki-3428/crates/libcontainer/src/container/tenant_builder.rs (Line 560): let mut env_exists = false;
/home/aludy/scires/Cloud_Spec_Exp/external/worktrees/oci-metagpt-agentless-mini-rerun/metagpt/youki-3428/crates/libcontainer/src/container/tenant_builder.rs (Line 561): let mut env: Vec<String> = self
/home/aludy/scires/Cloud_Spec_Exp/external/worktrees/oci-metagpt-agentless-mini-rerun/metagpt/youki-3428/crates/libcontainer/src/container/tenant_builder.rs (Line 562): .env
/home/aludy/scires/Cloud_Spec_Exp/external/worktrees/oci-metagpt-agentless-mini-rerun/metagpt/youki-3428/crates/libcontainer/src/container/tenant_builder.rs (Line 566): env_exists = true;
/home/aludy/scires/Cloud_Spec_Exp/external/worktrees/oci-metagpt-agentless-mini-rerun/metagpt/youki-3428/crates/libcontainer/src/container/tenant_builder.rs (Line 576): if !env_exists {
/home/aludy/scires/Cloud_Spec_Exp/external/worktrees/oci-metagpt-agentless-mini-rerun/metagpt/youki-3428/crates/libcontainer/src/container/tenant_builder.rs (Line 577): env.push(p);
/home/aludy/scires/Cloud_Spec_Exp/external/worktrees/oci-metagpt-agentless-mini-rerun/metagpt/youki-3428/crates/libcontainer/src/container/tenant_builder.rs (Line 580): env
/home/aludy/scires/Cloud_Spec_Exp/external/worktrees/oci-metagpt-agentless-mini-rerun/metagpt/youki-3428/crates/libcgroups/Cargo.toml (Line 44): env_logger = "0.11"
/home/aludy/scires/Cloud_Spec_Exp/external/worktrees/oci-metagpt-agentless-mini-rerun/metagpt/youki-3428/crates/libcgroups/examples/bpf.rs (Line 109): env_logger::init();
/home/aludy/scires/Cloud_Spec_Exp/external/worktrees/oci-metagpt-agentless-mini-rerun/metagpt/youki-3428/crates/libcgroups/src/systemd/dbus_native/dbus.rs (Line 48): fn parse_dbus_address(env_value: String) -> Result<String> {
/home/aludy/scires/Cloud_Spec_Exp/external/worktrees/oci-metagpt-agentless-mini-rerun/metagpt/youki-3428/crates/libcgroups/src/systemd/dbus_native/dbus.rs (Line 49): // as per spec, the env var can have multiple addresses separated by ;
/home/aludy/scires/Cloud_Spec_Exp/external/worktrees/oci-metagpt-agentless-mini-rerun/metagpt/youki-3428/crates/libcgroups/src/systemd/dbus_native/dbus.rs (Line 50): let addr_list: Vec<_> = env_value.split(';').collect();
/home/aludy/scires/Cloud_Spec_Exp/external/worktrees/oci-metagpt-agentless-mini-rerun/metagpt/youki-3428/crates/libcgroups/src/systemd/dbus_native/dbus.rs (Line 64): Err(DbusError::BusAddressError(format!("no valid bus path found in list {}", env_value)).into())
/home/aludy/scires/Cloud_Spec_Exp/external/worktrees/oci-metagpt-agentless-mini-rerun/metagpt/youki-3428/crates/libcgroups/src/systemd/dbus_native/dbus.rs (Line 68): if let Ok(s) = std::env::var("DBUS_SESSION_BUS_ADDRESS") {
/home/aludy/scires/Cloud_Spec_Exp/external/worktrees/oci-metagpt-agentless-mini-rerun/metagpt/youki-3428/crates/libcgroups/src/systemd/dbus_native/dbus.rs (Line 72): if let Ok(mut s) = std::env::var("XDG_RUNTIME_DIR") {
/home/aludy/scires/Cloud_Spec_Exp/external/worktrees/oci-metagpt-agentless-mini-rerun/metagpt/youki-3428/crates/libcgroups/src/systemd/dbus_native/dbus.rs (Line 85): DbusError::BusAddressError("could not find dbus session bus address from env".into())
/home/aludy/scires/Cloud_Spec_Exp/external/worktrees/oci-metagpt-agentless-mini-rerun/metagpt/youki-3428/crates/libcgroups/src/systemd/dbus_native/dbus.rs (Line 91): if let Ok(s) = std::env::var("DBUS_SYSTEM_BUS_ADDRESS") {
/home/aludy/scires/Cloud_Spec_Exp/external/worktrees/oci-metagpt-agentless-mini-rerun/metagpt/youki-3428/crates/libcgroups/src/v2/devices/mocks.rs (Line 7): #[cfg(target_env = "musl")]
/home/aludy/scires/Cloud_Spec_Exp/external/worktrees/oci-metagpt-agentless-mini-rerun/metagpt/youki-3428/crates/libcgroups/src/v2/devices/mocks.rs (Line 11): #[cfg(not(target_env = "musl"))]
/home/aludy/scires/Cloud_Spec_Exp/external/worktrees/oci-metagpt-agentless-mini-rerun/metagpt/youki-3428/crates/liboci-cli/src/exec.rs (Line 17): #[clap(short, long, value_parser = parse_env::<String, String>, number_of_values = 1)]
/home/aludy/scires/Cloud_Spec_Exp/external/worktrees/oci-metagpt-agentless-mini-rerun/metagpt/youki-3428/crates/liboci-cli/src/exec.rs (Line 18): pub env: Vec<(String, String)>,
/home/aludy/scires/Cloud_Spec_Exp/external/worktrees/oci-metagpt-agentless-mini-rerun/metagpt/youki-3428/crates/liboci-cli/src/exec.rs (Line 67): fn parse_env<T, U>(s: &str) -> Result<(T, U), Box<dyn Error + Send + Sync + 'static>>
/home/aludy/scires/Cloud_Spec_Exp/external/worktrees/oci-metagpt-agentless-mini-rerun/metagpt/youki-3428/crates/youki/build.rs (Line 14): println!("cargo:rustc-env=VERGEN_GIT_SHA=unknown");
/home/aludy/scires/Cloud_Spec_Exp/external/worktrees/oci-metagpt-agentless-mini-rerun/metagpt/youki-3428/crates/youki/build.rs (Line 15): println!("cargo:rustc-env=VERGEN_RUSTC_SEMVER=unknown");
/home/aludy/scires/Cloud_Spec_Exp/external/worktrees/oci-metagpt-agentless-mini-rerun/metagpt/youki-3428/crates/youki/build.rs (Line 19): if std::env::var("CARGO_FEATURE_SECCOMP").is_ok() {
/home/aludy/scires/Cloud_Spec_Exp/external/worktrees/oci-metagpt-agentless-mini-rerun/metagpt/youki-3428/crates/youki/build.rs (Line 23): println!("cargo:rustc-env=LIBSECCOMP_VERSION={}", version);
/home/aludy/scires/Cloud_Spec_Exp/external/worktrees/oci-metagpt-agentless-mini-rerun/metagpt/youki-3428/crates/youki/Cargo.toml (Line 49): tracing-subscriber = { version = "0.3.22", features = ["json", "env-filter"] }
/home/aludy/scires/Cloud_Spec_Exp/external/worktrees/oci-metagpt-agentless-mini-rerun/metagpt/youki-3428/crates/youki/src/rootpath.rs (Line 30): if let Ok(path) = std::env::var("XDG_RUNTIME_DIR") {
/home/aludy/scires/Cloud_Spec_Exp/external/worktrees/oci-metagpt-agentless-mini-rerun/metagpt/youki-3428/crates/youki/src/rootpath.rs (Line 43): if let Ok(path) = std::env::var("HOME")
/home/aludy/scires/Cloud_Spec_Exp/external/worktrees/oci-metagpt-agentless-mini-rerun/metagpt/youki-3428/crates/youki/src/rootpath.rs (Line 67): std::env::temp_dir().join("default_youki_path")
/home/aludy/scires/Cloud_Spec_Exp/external/worktrees/oci-metagpt-agentless-mini-rerun/metagpt/youki-3428/crates/youki/src/rootpath.rs (Line 77): std::env::temp_dir().join(format!("default_rootless_youki_path_{uid}").as_str())
/home/aludy/scires/Cloud_Spec_Exp/external/worktrees/oci-metagpt-agentless-mini-rerun/metagpt/youki-3428/crates/youki/src/rootpath.rs (Line 153): unsafe { std::env::set_var("YOUKI_USE_ROOTLESS", "true") };
/home/aludy/scires/Cloud_Spec_Exp/external/worktrees/oci-metagpt-agentless-mini-rerun/metagpt/youki-3428/crates/youki/src/rootpath.rs (Line 160): unsafe { std::env::set_var("XDG_RUNTIME_DIR", &xdg_dir) };
/home/aludy/scires/Cloud_Spec_Exp/external/worktrees/oci-metagpt-agentless-mini-rerun/metagpt/youki-3428/crates/youki/src/rootpath.rs (Line 164): unsafe { std::env::remove_var("XDG_RUNTIME_DIR") };
/home/aludy/scires/Cloud_Spec_Exp/external/worktrees/oci-metagpt-agentless-mini-rerun/metagpt/youki-3428/crates/youki/src/rootpath.rs (Line 180): // permission, so the `determine` function will use HOME env var or
/home/aludy/scires/Cloud_Spec_Exp/external/worktrees/oci-metagpt-agentless-mini-rerun/metagpt/youki-3428/crates/youki/src/rootpath.rs (Line 188): // Use HOME env var
/home/aludy/scires/Cloud_Spec_Exp/external/worktrees/oci-metagpt-agentless-mini-rerun/metagpt/youki-3428/crates/youki/src/rootpath.rs (Line 192): unsafe { std::env::set_var("HOME", &home_path) };
/home/aludy/scires/Cloud_Spec_Exp/external/worktrees/oci-metagpt-agentless-mini-rerun/metagpt/youki-3428/crates/youki/src/rootpath.rs (Line 196): unsafe { std::env::remove_var("HOME") };
/home/aludy/scires/Cloud_Spec_Exp/external/worktrees/oci-metagpt-agentless-mini-rerun/metagpt/youki-3428/crates/youki/src/main.rs (Line 31): #[clap(author = env!("CARGO_PKG_AUTHORS"))]
/home/aludy/scires/Cloud_Spec_Exp/external/worktrees/oci-metagpt-agentless-mini-rerun/metagpt/youki-3428/crates/youki/src/main.rs (Line 95): std::env::args_os()
/home/aludy/scires/Cloud_Spec_Exp/external/worktrees/oci-metagpt-agentless-mini-rerun/metagpt/youki-3428/crates/youki/src/commands/run.rs (Line 168): .with_env_filter(tracing_subscriber::EnvFilter::from_default_env())
/home/aludy/scires/Cloud_Spec_Exp/external/worktrees/oci-metagpt-agentless-mini-rerun/metagpt/youki-3428/crates/youki/src/commands/exec.rs (Line 26): .with_env(args.env.clone().into_iter().collect())
/home/aludy/scires/Cloud_Spec_Exp/external/worktrees/oci-metagpt-agentless-mini-rerun/metagpt/youki-3428/crates/youki/src/commands/info.rs (Line 35): println!("youki version: {}", env!("CARGO_PKG_VERSION"));
/home/aludy/scires/Cloud_Spec_Exp/external/worktrees/oci-metagpt-agentless-mini-rerun/metagpt/youki-3428/crates/youki/src/commands/info.rs (Line 38): env!("CARGO_PKG_VERSION"),
/home/aludy/scires/Cloud_Spec_Exp/external/worktrees/oci-metagpt-agentless-mini-rerun/metagpt/youki-3428/crates/youki/src/commands/info.rs (Line 39): env!("VERGEN_GIT_SHA")
/home/aludy/scires/Cloud_Spec_Exp/external/worktrees/oci-metagpt-agentless-mini-rerun/metagpt/youki-3428/crates/youki/src/commands/info.rs (Line 44): option_env!("VERGEN_RUSTC_SEMVER").unwrap_or("unknown")
/home/aludy/scires/Cloud_Spec_Exp/external/worktrees/oci-metagpt-agentless-mini-rerun/metagpt/youki-3428/crates/youki/src/commands/info.rs (Line 49): option_env!("LIBSECCOMP_VERSION").unwrap_or("unknown")
/home/aludy/scires/Cloud_Spec_Exp/external/worktrees/oci-metagpt-agentless-mini-rerun/metagpt/youki-3428/crates/youki/src/workload/wasmer.rs (Line 23): let env = process
/home/aludy/scires/Cloud_Spec_Exp/external/worktrees/oci-metagpt-agentless-mini-rerun/metagpt/youki-3428/crates/youki/src/workload/wasmer.rs (Line 24): .and_then(|p| p.env().as_ref())
/home/aludy/scires/Cloud_Spec_Exp/external/worktrees/oci-metagpt-agentless-mini-rerun/metagpt/youki-3428/crates/youki/src/workload/wasmer.rs (Line 52): let mut wasi_env = WasiEnv::builder("youki_wasm_app")
/home/aludy/scires/Cloud_Spec_Exp/external/worktrees/oci-metagpt-agentless-mini-rerun/metagpt/youki-3428/crates/youki/src/workload/wasmer.rs (Line 54): .envs(env)
/home/aludy/scires/Cloud_Spec_Exp/external/worktrees/oci-metagpt-agentless-mini-rerun/metagpt/youki-3428/crates/youki/src/workload/wasmer.rs (Line 56): .map_err(|err| ExecutorError::Other(format!("could not create wasi env: {}", err)))?;
/home/aludy/scires/Cloud_Spec_Exp/external/worktrees/oci-metagpt-agentless-mini-rerun/metagpt/youki-3428/crates/youki/src/workload/wasmer.rs (Line 58): let imports = wasi_env.import_object(&mut store, &module).map_err(|err| {
/home/aludy/scires/Cloud_Spec_Exp/external/worktrees/oci-metagpt-agentless-mini-rerun/metagpt/youki-3428/crates/youki/src/workload/wasmer.rs (Line 65): wasi_env
/home/aludy/scires/Cloud_Spec_Exp/external/worktrees/oci-metagpt-agentless-mini-rerun/metagpt/youki-3428/crates/youki/src/workload/wasmer.rs (Line 68): ExecutorError::Other(format!("could not initialize wasi env: {}", err))
/home/aludy/scires/Cloud_Spec_Exp/external/worktrees/oci-metagpt-agentless-mini-rerun/metagpt/youki-3428/crates/youki/src/workload/wasmer.rs (Line 88): wasi_env.on_exit(&mut store, None);
/home/aludy/scires/Cloud_Spec_Exp/external/worktrees/oci-metagpt-agentless-mini-rerun/metagpt/youki-3428/crates/youki/src/workload/wasmtime.rs (Line 45): let envs: Vec<(String, String)> = process
/home/aludy/scires/Cloud_Spec_Exp/external/worktrees/oci-metagpt-agentless-mini-rerun/metagpt/youki-3428/crates/youki/src/workload/wasmtime.rs (Line 46): .and_then(|p| p.env().as_ref())
/home/aludy/scires/Cloud_Spec_Exp/external/worktrees/oci-metagpt-agentless-mini-rerun/metagpt/youki-3428/crates/youki/src/workload/wasmtime.rs (Line 73): .envs(&envs)
/home/aludy/scires/Cloud_Spec_Exp/external/worktrees/oci-metagpt-agentless-mini-rerun/metagpt/youki-3428/crates/youki/src/workload/wasmtime.rs (Line 75): ExecutorError::Other(format!("cannot add envs to wasi context: {}", err))
/home/aludy/scires/Cloud_Spec_Exp/external/worktrees/oci-metagpt-agentless-mini-rerun/metagpt/youki-3428/crates/youki/src/workload/wasmedge.rs (Line 28): let envs = env_to_wasi(spec);
/home/aludy/scires/Cloud_Spec_Exp/external/worktrees/oci-metagpt-agentless-mini-rerun/metagpt/youki-3428/crates/youki/src/workload/wasmedge.rs (Line 33): Some(envs.iter().map(|s| s as &str).collect()),
/home/aludy/scires/Cloud_Spec_Exp/external/worktrees/oci-metagpt-agentless-mini-rerun/metagpt/youki-3428/crates/youki/src/workload/wasmedge.rs (Line 101): fn env_to_wasi(spec: &Spec) -> Vec<String> {
/home/aludy/scires/Cloud_Spec_Exp/external/worktrees/oci-metagpt-agentless-mini-rerun/metagpt/youki-3428/crates/youki/src/workload/wasmedge.rs (Line 105): let env = spec
/home/aludy/scires/Cloud_Spec_Exp/external/worktrees/oci-metagpt-agentless-mini-rerun/metagpt/youki-3428/crates/youki/src/workload/wasmedge.rs (Line 109): .env()
/home/aludy/scires/Cloud_Spec_Exp/external/worktrees/oci-metagpt-agentless-mini-rerun/metagpt/youki-3428/crates/youki/src/workload/wasmedge.rs (Line 112): env.to_vec()
[End of matches for "env" in /home/aludy/scires/Cloud_Spec_Exp/external/worktrees/oci-metagpt-agentless-mini-rerun/metagpt/youki-3428/crates]
2026-07-25 17:12:57.562 | INFO     | metagpt.utils.role_zero_utils:parse_commands:143 - exclusive command more than one in current command list. change the command list.
```json
[
    {
        "command_name": "Editor.open_file",
        "args": {
            "path": "/home/aludy/scires/Cloud_Spec_Exp/external/worktrees/oci-metagpt-agentless-mini-rerun/metagpt/youki-3428/crates/youki/src/commands/exec.rs"
        }
    }
]
```
2026-07-25 17:12:57.563 | INFO     | metagpt.roles.di.role_zero:_act:292 - Commands: 
[{'command_name': 'Editor.open_file', 'args': {'path': '/home/aludy/scires/Cloud_Spec_Exp/external/worktrees/oci-metagpt-agentless-mini-rerun/metagpt/youki-3428/crates/youki/src/commands/exec.rs'}}]
2026-07-25 17:12:57.563 | INFO     | metagpt.roles.di.role_zero:_act:294 - Commands outputs: 
Command Editor.open_file executed: [File: /home/aludy/scires/Cloud_Spec_Exp/external/worktrees/oci-metagpt-agentless-mini-rerun/metagpt/youki-3428/crates/youki/src/commands/exec.rs (48 lines total)]
(this is the beginning of the file)
001|use std::path::PathBuf;
002|
003|use anyhow::Result;
004|use libcontainer::container::builder::ContainerBuilder;
005|use libcontainer::syscall::syscall::SyscallType;
006|use liboci_cli::Exec;
007|use nix::sys::wait::{WaitStatus, waitpid};
008|
009|use crate::workload::executor::default_executor;
010|
011|pub fn exec(args: Exec, root_path: PathBuf) -> Result<i32> {
012|    // TODO: not all values from exec are used here. We need to support
013|    // the remaining ones.
014|    let user = args.user.map(|(u, _)| u);
015|    let group = args.user.and_then(|(_, g)| g);
016|
017|    let pid = ContainerBuilder::new(args.container_id.clone(), SyscallType::default())
018|        .with_executor(default_executor())
019|        .with_root_path(root_path)?
020|        .with_console_socket(args.console_socket.as_ref())
021|        .with_pid_file(args.pid_file.as_ref())?
022|        .validate_id()?
023|        .as_tenant()
024|        .with_detach(args.detach)
025|        .with_cwd(args.cwd.as_ref())
026|        .with_env(args.env.clone().into_iter().collect())
027|        .with_process(args.process.as_ref())
028|        .with_no_new_privs(args.no_new_privs)
029|        .with_container_args(args.command.clone())
030|        .with_additional_gids(args.additional_gids)
031|        .with_user(user)
032|        .with_group(group)
033|        .build()?;
034|
035|    // See https://github.com/youki-dev/youki/pull/1252 for a detailed explanation
036|    // basically, if there is any error in starting exec, the build above will return error
037|    // however, if the process does start, and detach is given, we do not wait for it
038|    // if not detached, then we wait for it using waitpid below
039|    if args.detach {
040|        return Ok(0);
041|    }
042|
043|    match waitpid(pid, None)? {
044|        WaitStatus::Exited(_, status) => Ok(status),
045|        WaitStatus::Signaled(_, sig, _) => Ok(sig as i32),
046|        _ => Ok(0),
047|    }
048|}
(this is the end of the file)
2026-07-25 17:13:01.786 | INFO     | metagpt.roles.di.role_zero:_act:292 - Commands: 
[{'command_name': 'Editor.open_file', 'args': {'path': '/home/aludy/scires/Cloud_Spec_Exp/external/worktrees/oci-metagpt-agentless-mini-rerun/metagpt/youki-3428/crates/libcontainer/src/container/tenant_builder.rs'}}]
2026-07-25 17:13:01.787 | INFO     | metagpt.roles.di.role_zero:_act:294 - Commands outputs: 
Command Editor.open_file executed: [File: /home/aludy/scires/Cloud_Spec_Exp/external/worktrees/oci-metagpt-agentless-mini-rerun/metagpt/youki-3428/crates/libcontainer/src/container/tenant_builder.rs (797 lines total)]
(this is the beginning of the file)
001|use std::collections::HashMap;
002|use std::convert::TryFrom;
003|use std::ffi::{OsStr, OsString};
004|use std::fs;
005|use std::io::BufReader;
006|use std::os::fd::{AsRawFd, OwnedFd};
007|use std::path::{Path, PathBuf};
008|use std::rc::Rc;
009|use std::str::FromStr;
010|
011|use caps::Capability;
012|use nix::fcntl::OFlag;
013|use nix::unistd::{Pid, pipe2, read};
014|use oci_spec::runtime::{
015|    Capabilities as SpecCapabilities, Capability as SpecCapability, LinuxBuilder,
016|    LinuxCapabilities, LinuxCapabilitiesBuilder, LinuxNamespace, LinuxNamespaceBuilder,
017|    LinuxNamespaceType, LinuxSchedulerPolicy, Process, ProcessBuilder, Spec, UserBuilder,
018|};
019|use procfs::process::Namespace;
020|
021|use super::Container;
022|use super::builder::ContainerBuilder;
023|use crate::capabilities::CapabilityExt;
024|use crate::container::builder_impl::ContainerBuilderImpl;
025|use crate::error::{ErrInvalidSpec, LibcontainerError, MissingSpecError};
026|use crate::notify_socket::NotifySocket;
027|use crate::process::args::ContainerType;
028|use crate::syscall::syscall::create_syscall;
029|use crate::user_ns::UserNamespaceConfig;
030|use crate::{tty, utils};
031|
032|const NAMESPACE_TYPES: &[&str] = &["ipc", "uts", "net", "pid", "mnt", "cgroup"];
033|const TENANT_NOTIFY: &str = "tenant-notify-";
034|const TENANT_TTY: &str = "tenant-tty-";
035|
036|fn get_path_from_spec(spec: &Spec) -> Option<String> {
037|    let process = match spec.process() {
038|        Some(p) => p,
039|        None => return None,
040|    };
041|    let env = match process.env() {
042|        Some(e) => e,
043|        None => return None,
044|    };
045|    // as per runtime spec, env vars should follow https://pubs.opengroup.org/onlinepubs/9699919799/basedefs/V1_chap08.html#tag_08_01
046|    // and that specifies having multiple env with same name is undefined behaviour
047|    // so we take the last occurrence of PATH as that is somewhat intuitional of last
048|    // specified value overriding
049|    env.iter()
050|        .find(|e| e.starts_with("PATH"))
051|        .iter()
052|        .next_back()
053|        .map(|s| s.to_string())
054|}
055|
056|/// Builder that can be used to configure the properties of a process
057|/// that will join an existing container sandbox
058|pub struct TenantContainerBuilder {
059|    base: ContainerBuilder,
060|    env: HashMap<String, String>,
061|    cwd: Option<PathBuf>,
062|    args: Vec<String>,
063|    no_new_privs: Option<bool>,
064|    capabilities: Vec<String>,
065|    process: Option<PathBuf>,
066|    detached: bool,
067|    as_sibling: bool,
068|    additional_gids: Vec<u32>,
069|    user: Option<u32>,
070|    group: Option<u32>,
071|}
072|
073|/// This is a helper function to get capabilities for tenant container, based on
074|/// additional capabilities provided by user and capabilities of existing container
075|/// extracted into separate function for easier testing
076|fn get_capabilities(
077|    additional: &[String],
078|    spec: &Spec,
079|) -> Result<LinuxCapabilities, LibcontainerError> {
080|    let mut caps: Vec<Capability> = Vec::with_capacity(additional.len());
081|    for cap in additional {
082|        caps.push(Capability::from_str(cap)?);
083|    }
084|    let caps: SpecCapabilities = caps.iter().map(|c| SpecCapability::from_cap(*c)).collect();
085|
086|    if let Some(spec_caps) = spec
087|        .process()
088|        .as_ref()
089|        .ok_or(MissingSpecError::Process)?
090|        .capabilities()
091|    {
092|        let mut capabilities_builder = LinuxCapabilitiesBuilder::default();
093|
094|        let bounding: SpecCapabilities = match spec_caps.bounding() {
095|            Some(bounding) => bounding.union(&caps).copied().collect(),
096|            None => SpecCapabilities::new().union(&caps).copied().collect(),
097|        };
098|        capabilities_builder = capabilities_builder.bounding(bounding);
099|
100|        let effective: SpecCapabilities = match spec_caps.effective() {
101|            Some(effective) => effective.union(&caps).copied().collect(),
102|            None => SpecCapabilities::new().union(&caps).copied().collect(),
103|        };
104|        capabilities_builder = capabilities_builder.effective(effective);
105|
106|        let permitted: SpecCapabilities = match spec_caps.permitted() {
107|            Some(permitted) => permitted.union(&caps).copied().collect(),
108|            None => SpecCapabilities::new().union(&caps).copied().collect(),
109|        };
110|        capabilities_builder = capabilities_builder.permitted(permitted);
111|
112|        // ambient capabilities are only useful when inherent capabilities
113|        // are set. Hence we check and set accordingly. Inherent capabilities
114|        // are never set from user as that can lead to vulnerability like
115|        // https://github.com/advisories/GHSA-f3fp-gc8g-vw66
116|        // Hence, we follow runc's code and set things similarly.
117|        let caps = if let Some(inheritable) = spec_caps.inheritable() {
118|            let ambient: SpecCapabilities = match spec_caps.ambient() {
119|                Some(ambient) => ambient.union(&caps).copied().collect(),
120|                None => SpecCapabilities::new().union(&caps).copied().collect(),
121|            };
122|            capabilities_builder = capabilities_builder.ambient(ambient);
123|            capabilities_builder = capabilities_builder.inheritable(inheritable.clone());
124|            capabilities_builder.build()?
125|        } else {
126|            let mut caps = capabilities_builder.build()?;
127|            // oci-spec-rs sets these to some default caps, so we reset them here
128|            caps.set_inheritable(None);
129|            caps.set_ambient(None);
130|            caps
131|        };
132|
133|        return Ok(caps);
134|    }
135|
136|    // If there are no caps in original container's spec,
137|    // we simply set given caps , excluding the inherent and ambient
138|    let mut caps = LinuxCapabilitiesBuilder::default()
139|        .bounding(caps.clone())
140|        .effective(caps.clone())
141|        .permitted(caps.clone())
142|        .build()?;
143|    caps.set_inheritable(None);
144|    caps.set_ambient(None);
145|    Ok(caps)
146|}
147|
148|impl TenantContainerBuilder {
149|    /// Generates the base configuration for a process that will join
150|    /// an existing container sandbox from which configuration methods
151|    /// can be chained
152|    pub(super) fn new(builder: ContainerBuilder) -> Self {
153|        Self {
154|            base: builder,
155|            env: HashMap::new(),
156|            cwd: None,
157|            args: Vec::new(),
158|            no_new_privs: None,
159|            capabilities: Vec::new(),
160|            process: None,
161|            detached: false,
162|            as_sibling: false,
163|            additional_gids: vec![],
164|            user: None,
165|            group: None,
166|        }
167|    }
168|
169|    /// Sets environment variables for the container
170|    pub fn with_env(mut self, env: HashMap<String, String>) -> Self {
171|        self.env = env;
172|        self
173|    }
174|
175|    /// Sets the working directory of the container
176|    pub fn with_cwd<P: Into<PathBuf>>(mut self, path: Option<P>) -> Self {
177|        self.cwd = path.map(|p| p.into());
178|        self
179|    }
180|
181|    /// Sets the command the container will be started with
182|    pub fn with_container_args(mut self, args: Vec<String>) -> Self {
183|        self.args = args;
184|        self
185|    }
186|
187|    pub fn with_no_new_privs(mut self, no_new_privs: bool) -> Self {
188|        self.no_new_privs = Some(no_new_privs);
189|        self
190|    }
191|
192|    pub fn with_capabilities(mut self, capabilities: Vec<String>) -> Self {
193|        self.capabilities = capabilities;
194|        self
195|    }
196|
197|    pub fn with_process<P: Into<PathBuf>>(mut self, path: Option<P>) -> Self {
198|        self.process = path.map(|p| p.into());
199|        self
200|    }
(597 more lines below)
2026-07-25 17:13:06.003 | INFO     | metagpt.roles.di.role_zero:_act:292 - Commands: 
[{'command_name': 'Editor.goto_line', 'args': {'line_number': 440}}]
2026-07-25 17:13:06.003 | INFO     | metagpt.roles.di.role_zero:_act:294 - Commands outputs: 
Command Editor.goto_line executed: [File: /home/aludy/scires/Cloud_Spec_Exp/external/worktrees/oci-metagpt-agentless-mini-rerun/metagpt/youki-3428/crates/libcontainer/src/container/tenant_builder.rs (797 lines total)]
(339 more lines above)
340|                spec.version()
341|            );
342|            Err(ErrInvalidSpec::UnsupportedVersion)?;
343|        }
344|
345|        if let Some(process) = spec.process() {
346|            if let Some(io_priority) = process.io_priority() {
347|                let priority = io_priority.priority();
348|                let iop_class_res = serde_json::to_string(&io_priority.class());
349|                match iop_class_res {
350|                    Ok(iop_class) => {
351|                        if !(0..=7).contains(&priority) {
352|                            tracing::error!(
353|                                ?priority,
354|                                "io priority '{}' not between 0 and 7 (inclusive), class '{}' not in (IO_PRIO_CLASS_RT,IO_PRIO_CLASS_BE,IO_PRIO_CLASS_IDLE)",
355|                                priority,
356|                                iop_class
357|                            );
358|                            Err(ErrInvalidSpec::IoPriority)?;
359|                        }
360|                    }
361|                    Err(e) => {
362|                        tracing::error!(?priority, ?e, "failed to parse io priority class");
363|                        Err(ErrInvalidSpec::IoPriority)?;
364|                    }
365|                }
366|            }
367|
368|            if let Some(sc) = process.scheduler() {
369|                let policy = sc.policy();
370|                if let Some(nice) = sc.nice() {
371|                    // https://man7.org/linux/man-pages/man2/sched_setattr.2.html#top_of_page
372|                    if (*policy == LinuxSchedulerPolicy::SchedBatch
373|                        || *policy == LinuxSchedulerPolicy::SchedOther)
374|                        && (*nice < -20 || *nice > 19)
375|                    {
376|                        tracing::error!(
377|                            ?nice,
378|                            "invalid scheduler.nice: '{}', must be within -20 to 19",
379|                            nice
380|                        );
381|                        Err(ErrInvalidSpec::Scheduler)?;
382|                    }
383|                }
384|                if let Some(priority) = sc.priority() {
385|                    if *priority != 0
386|                        && (*policy != LinuxSchedulerPolicy::SchedFifo
387|                            && *policy != LinuxSchedulerPolicy::SchedRr)
388|                    {
389|                        tracing::error!(
390|                            ?policy,
391|                            "scheduler.priority can only be specified for SchedFIFO or SchedRR policy"
392|                        );
393|                        Err(ErrInvalidSpec::Scheduler)?;
394|                    }
395|                }
396|                if *policy != LinuxSchedulerPolicy::SchedDeadline {
397|                    if let Some(runtime) = sc.runtime() {
398|                        if *runtime != 0 {
399|                            tracing::error!(
400|                                ?runtime,
401|                                "scheduler runtime can only be specified for SchedDeadline policy"
402|                            );
403|                            Err(ErrInvalidSpec::Scheduler)?;
404|                        }
405|                    }
406|                    if let Some(deadline) = sc.deadline() {
407|                        if *deadline != 0 {
408|                            tracing::error!(
409|                                ?deadline,
410|                                "scheduler deadline can only be specified for SchedDeadline policy"
411|                            );
412|                            Err(ErrInvalidSpec::Scheduler)?;
413|                        }
414|                    }
415|                    if let Some(period) = sc.period() {
416|                        if *period != 0 {
417|                            tracing::error!(
418|                                ?period,
419|                                "scheduler period can only be specified for SchedDeadline policy"
420|                            );
421|                            Err(ErrInvalidSpec::Scheduler)?;
422|                        }
423|                    }
424|                }
425|            }
426|        }
427|
428|        if let Some(mounts) = spec.mounts() {
429|            utils::validate_mount_options(mounts)?;
430|        }
431|
432|        let syscall = create_syscall();
433|        utils::validate_spec_for_new_user_ns(spec, &*syscall)?;
434|        utils::validate_spec_for_net_devices(spec, &*syscall)
435|            .map_err(LibcontainerError::NetDevicesError)?;
436|
437|        Ok(())
438|    }
439|
440|    fn load_container_state(&self, container_dir: PathBuf) -> Result<Container, LibcontainerError> {
441|        let container = Container::load(container_dir)?;
442|        if !container.can_exec() {
443|            tracing::error!(status = ?container.status(), "cannot exec as container");
444|            return Err(LibcontainerError::IncorrectStatus(container.status()));
445|        }
446|
447|        Ok(container)
448|    }
449|
450|    fn adapt_spec_for_tenant(
451|        &self,
452|        spec: &mut Spec,
453|        container: &Container,
454|    ) -> Result<(), LibcontainerError> {
455|        let process = if let Some(process) = &self.process {
456|            self.get_process(process)?
457|        } else {
458|            let original_path_env = get_path_from_spec(spec);
459|            let mut process_builder = ProcessBuilder::default()
460|                .args(self.get_args()?)
461|                .env(self.get_environment(original_path_env));
462|            if let Some(cwd) = self.get_working_dir()? {
463|                process_builder = process_builder.cwd(cwd);
464|            }
465|
466|            if let Some(process) = spec.process() {
467|                if let Some(cpu_affinity) = process.exec_cpu_affinity() {
468|                    process_builder = process_builder.exec_cpu_affinity(cpu_affinity.clone());
469|                }
470|            }
471|
472|            if let Some(no_new_priv) = self.get_no_new_privileges() {
473|                process_builder = process_builder.no_new_privileges(no_new_priv);
474|            }
475|
476|            let capabilities = get_capabilities(&self.capabilities, spec)?;
477|            process_builder = process_builder.capabilities(capabilities);
478|
479|            let mut user_builder = UserBuilder::default();
480|
481|            if !self.additional_gids.is_empty() {
482|                user_builder = user_builder.additional_gids(self.additional_gids.clone());
483|            }
484|
485|            if let Some(uid) = self.user {
486|                user_builder = user_builder.uid(uid);
487|            }
488|
489|            if let Some(gid) = self.group {
490|                user_builder = user_builder.gid(gid);
491|            }
492|
493|            process_builder = process_builder.user(user_builder.build()?);
494|
495|            process_builder.build()?
496|        };
497|
498|        let container_pid = container.pid().ok_or(LibcontainerError::Other(
499|            "could not retrieve container init pid".into(),
500|        ))?;
501|
502|        let init_process = procfs::process::Process::new(container_pid.as_raw())?;
503|        let ns = self.get_namespaces(init_process.namespaces()?.0)?;
504|
505|        // it should never be the case that linux is not present in spec
506|        let spec_linux = spec.linux().as_ref().unwrap();
507|        let mut linux_builder = LinuxBuilder::default().namespaces(ns);
508|
509|        if let Some(cgroup_path) = spec_linux.cgroups_path() {
510|            linux_builder = linux_builder.cgroups_path(cgroup_path.clone());
511|        }
512|
513|        if let Some(personality) = spec_linux.personality() {
514|            linux_builder = linux_builder.personality(personality.clone());
515|        }
516|
517|        let linux = linux_builder.build()?;
518|        spec.set_process(Some(process)).set_linux(Some(linux));
519|
520|        Ok(())
521|    }
522|
523|    fn get_process(&self, process: &Path) -> Result<Process, LibcontainerError> {
524|        if !process.exists() {
525|            tracing::error!(?process, "process.json file does not exist");
526|            return Err(LibcontainerError::Other(
527|                "process.json file does not exist".into(),
528|            ));
529|        }
530|
531|        let process = utils::open(process).map_err(LibcontainerError::OtherIO)?;
532|        let reader = BufReader::new(process);
533|        let process_spec =
534|            serde_json::from_reader(reader).map_err(LibcontainerError::OtherSerialization)?;
535|        Ok(process_spec)
536|    }
537|
538|    fn get_working_dir(&self) -> Result<Option<PathBuf>, LibcontainerError> {
539|        if let Some(cwd) = &self.cwd {
540|            if cwd.is_relative() {
(257 more lines below)
2026-07-25 17:13:10.139 | INFO     | metagpt.roles.di.role_zero:_act:292 - Commands: 
[{'command_name': 'Editor.goto_line', 'args': {'line_number': 559}}]
2026-07-25 17:13:10.139 | INFO     | metagpt.roles.di.role_zero:_act:294 - Commands outputs: 
Command Editor.goto_line executed: [File: /home/aludy/scires/Cloud_Spec_Exp/external/worktrees/oci-metagpt-agentless-mini-rerun/metagpt/youki-3428/crates/libcontainer/src/container/tenant_builder.rs (797 lines total)]
(458 more lines above)
459|            let mut process_builder = ProcessBuilder::default()
460|                .args(self.get_args()?)
461|                .env(self.get_environment(original_path_env));
462|            if let Some(cwd) = self.get_working_dir()? {
463|                process_builder = process_builder.cwd(cwd);
464|            }
465|
466|            if let Some(process) = spec.process() {
467|                if let Some(cpu_affinity) = process.exec_cpu_affinity() {
468|                    process_builder = process_builder.exec_cpu_affinity(cpu_affinity.clone());
469|                }
470|            }
471|
472|            if let Some(no_new_priv) = self.get_no_new_privileges() {
473|                process_builder = process_builder.no_new_privileges(no_new_priv);
474|            }
475|
476|            let capabilities = get_capabilities(&self.capabilities, spec)?;
477|            process_builder = process_builder.capabilities(capabilities);
478|
479|            let mut user_builder = UserBuilder::default();
480|
481|            if !self.additional_gids.is_empty() {
482|                user_builder = user_builder.additional_gids(self.additional_gids.clone());
483|            }
484|
485|            if let Some(uid) = self.user {
486|                user_builder = user_builder.uid(uid);
487|            }
488|
489|            if let Some(gid) = self.group {
490|                user_builder = user_builder.gid(gid);
491|            }
492|
493|            process_builder = process_builder.user(user_builder.build()?);
494|
495|            process_builder.build()?
496|        };
497|
498|        let container_pid = container.pid().ok_or(LibcontainerError::Other(
499|            "could not retrieve container init pid".into(),
500|        ))?;
501|
502|        let init_process = procfs::process::Process::new(container_pid.as_raw())?;
503|        let ns = self.get_namespaces(init_process.namespaces()?.0)?;
504|
505|        // it should never be the case that linux is not present in spec
506|        let spec_linux = spec.linux().as_ref().unwrap();
507|        let mut linux_builder = LinuxBuilder::default().namespaces(ns);
508|
509|        if let Some(cgroup_path) = spec_linux.cgroups_path() {
510|            linux_builder = linux_builder.cgroups_path(cgroup_path.clone());
511|        }
512|
513|        if let Some(personality) = spec_linux.personality() {
514|            linux_builder = linux_builder.personality(personality.clone());
515|        }
516|
517|        let linux = linux_builder.build()?;
518|        spec.set_process(Some(process)).set_linux(Some(linux));
519|
520|        Ok(())
521|    }
522|
523|    fn get_process(&self, process: &Path) -> Result<Process, LibcontainerError> {
524|        if !process.exists() {
525|            tracing::error!(?process, "process.json file does not exist");
526|            return Err(LibcontainerError::Other(
527|                "process.json file does not exist".into(),
528|            ));
529|        }
530|
531|        let process = utils::open(process).map_err(LibcontainerError::OtherIO)?;
532|        let reader = BufReader::new(process);
533|        let process_spec =
534|            serde_json::from_reader(reader).map_err(LibcontainerError::OtherSerialization)?;
535|        Ok(process_spec)
536|    }
537|
538|    fn get_working_dir(&self) -> Result<Option<PathBuf>, LibcontainerError> {
539|        if let Some(cwd) = &self.cwd {
540|            if cwd.is_relative() {
541|                tracing::error!(?cwd, "current working directory must be an absolute path");
542|                return Err(LibcontainerError::Other(
543|                    "current working directory must be an absolute path".into(),
544|                ));
545|            }
546|            return Ok(Some(cwd.into()));
547|        }
548|        Ok(None)
549|    }
550|
551|    fn get_args(&self) -> Result<Vec<String>, LibcontainerError> {
552|        if self.args.is_empty() {
553|            Err(MissingSpecError::Args)?;
554|        }
555|
556|        Ok(self.args.clone())
557|    }
558|
559|    fn get_environment(&self, path: Option<String>) -> Vec<String> {
560|        let mut env_exists = false;
561|        let mut env: Vec<String> = self
562|            .env
563|            .iter()
564|            .map(|(k, v)| {
565|                if k == "PATH" {
566|                    env_exists = true;
567|                }
568|                format!("{k}={v}")
569|            })
570|            .collect();
571|        // It is not possible in normal flow that path is None. The original container
572|        // creation would have failed if path was absent. However we use Option
573|        // just as a caution, and if neither exec cmd not original spec has PATH,
574|        // the container creation will fail later which is ok
575|        if let Some(p) = path {
576|            if !env_exists {
577|                env.push(p);
578|            }
579|        }
580|        env
581|    }
582|
583|    fn get_no_new_privileges(&self) -> Option<bool> {
584|        self.no_new_privs
585|    }
586|
587|    fn get_namespaces(
588|        &self,
589|        init_namespaces: HashMap<OsString, Namespace>,
590|    ) -> Result<Vec<LinuxNamespace>, LibcontainerError> {
591|        let mut tenant_namespaces = Vec::with_capacity(init_namespaces.len());
592|
593|        for &ns_type in NAMESPACE_TYPES {
594|            if let Some(init_ns) = init_namespaces.get(OsStr::new(ns_type)) {
595|                let tenant_ns = LinuxNamespaceType::try_from(ns_type)?;
596|                tenant_namespaces.push(
597|                    LinuxNamespaceBuilder::default()
598|                        .typ(tenant_ns)
599|                        .path(init_ns.path.clone())
600|                        .build()?,
601|                )
602|            }
603|        }
604|
605|        Ok(tenant_namespaces)
606|    }
607|
608|    fn should_use_systemd(&self, container: &Container) -> bool {
609|        container.systemd()
610|    }
611|
612|    fn setup_notify_listener(container_dir: &Path) -> Result<PathBuf, LibcontainerError> {
613|        let notify_name = Self::generate_name(container_dir, TENANT_NOTIFY);
614|        let socket_path = container_dir.join(notify_name);
615|
616|        Ok(socket_path)
617|    }
618|
619|    fn setup_tty_socket(&self, container_dir: &Path) -> Result<Option<OwnedFd>, LibcontainerError> {
620|        let tty_name = Self::generate_name(container_dir, TENANT_TTY);
621|        let csocketfd = if let Some(console_socket) = &self.base.console_socket {
622|            Some(tty::setup_console_socket(
623|                container_dir,
624|                console_socket,
625|                &tty_name,
626|            )?)
627|        } else {
628|            None
629|        };
630|
631|        Ok(csocketfd)
632|    }
633|
634|    fn generate_name(dir: &Path, prefix: &str) -> String {
635|        loop {
636|            let rand = fastrand::i32(..);
637|            let name = format!("{prefix}{rand:x}.sock");
638|            if !dir.join(&name).exists() {
639|                return name;
640|            }
641|        }
642|    }
643|}
644|
645|#[cfg(test)]
646|mod test {
647|
648|    use caps::Capability as Cap;
649|    use oci_spec::runtime::{
650|        Capabilities, Capability as SpecCap, LinuxCapabilities, ProcessBuilder, Spec, SpecBuilder,
651|    };
652|
653|    use super::{LibcontainerError, get_capabilities};
654|    use crate::capabilities::CapabilityExt;
655|
656|    fn get_spec(caps: LinuxCapabilities) -> Spec {
657|        SpecBuilder::default()
658|            .process(
659|                ProcessBuilder::default()
(138 more lines below)
2026-07-25 17:13:19.207 | INFO     | metagpt.roles.di.role_zero:_act:292 - Commands: 
[{'command_name': 'Editor.read', 'args': {'path': '/home/aludy/scires/Cloud_Spec_Exp/external/worktrees/oci-metagpt-agentless-mini-rerun/metagpt/youki-3428/crates/libcontainer/src/container/tenant_builder.rs'}}]
2026-07-25 17:13:19.508 | INFO     | metagpt.roles.di.role_zero:_act:294 - Commands outputs: 
Command Editor.read executed: file_path='/home/aludy/scires/Cloud_Spec_Exp/external/worktrees/oci-metagpt-agentless-mini-rerun/metagpt/youki-3428/crates/libcontainer/src/container/tenant_builder.rs' block_content='001|use std::collections::HashMap;\n002|use std::convert::TryFrom;\n003|use std::ffi::{OsStr, OsString};\n004|use std::fs;\n005|use std::io::BufReader;\n006|use std::os::fd::{AsRawFd, OwnedFd};\n007|use std::path::{Path, PathBuf};\n008|use std::rc::Rc;\n009|use std::str::FromStr;\n010|\n011|use caps::Capability;\n012|use nix::fcntl::OFlag;\n013|use nix::unistd::{Pid, pipe2, read};\n014|use oci_spec::runtime::{\n015|    Capabilities as SpecCapabilities, Capability as SpecCapability, LinuxBuilder,\n016|    LinuxCapabilities, LinuxCapabilitiesBuilder, LinuxNamespace, LinuxNamespaceBuilder,\n017|    LinuxNamespaceType, LinuxSchedulerPolicy, Process, ProcessBuilder, Spec, UserBuilder,\n018|};\n019|use procfs::process::Namespace;\n020|\n021|use super::Container;\n022|use super::builder::ContainerBuilder;\n023|use crate::capabilities::CapabilityExt;\n024|use crate::container::builder_impl::ContainerBuilderImpl;\n025|use crate::error::{ErrInvalidSpec, LibcontainerError, MissingSpecError};\n026|use crate::notify_socket::NotifySocket;\n027|use crate::process::args::ContainerType;\n028|use crate::syscall::syscall::create_syscall;\n029|use crate::user_ns::UserNamespaceConfig;\n030|use crate::{tty, utils};\n031|\n032|const NAMESPACE_TYPES: &[&str] = &["ipc", "uts", "net", "pid", "mnt", "cgroup"];\n033|const TENANT_NOTIFY: &str = "tenant-notify-";\n034|const TENANT_TTY: &str = "tenant-tty-";\n035|\n036|fn get_path_from_spec(spec: &Spec) -> Option<String> {\n037|    let process = match spec.process() {\n038|        Some(p) => p,\n039|        None => return None,\n040|    };\n041|    let env = match process.env() {\n042|        Some(e) => e,\n043|        None => return None,\n044|    };\n045|    // as per runtime spec, env vars should follow https://pubs.opengroup.org/onlinepubs/9699919799/basedefs/V1_chap08.html#tag_08_01\n046|    // and that specifies having multiple env with same name is undefined behaviour\n047|    // so we take the last occurrence of PATH as that is somewhat intuitional of last\n048|    // specified value overriding\n049|    env.iter()\n050|        .find(|e| e.starts_with("PATH"))\n051|        .iter()\n052|        .next_back()\n053|        .map(|s| s.to_string())\n054|}\n055|\n056|/// Builder that can be used to configure the properties of a process\n057|/// that will join an existing container sandbox\n058|pub struct TenantContainerBuilder {\n059|    base: ContainerBuilder,\n060|    env: HashMap<String, String>,\n061|    cwd: Option<PathBuf>,\n062|    args: Vec<String>,\n063|    no_new_privs: Option<bool>,\n064|    capabilities: Vec<String>,\n065|    process: Option<PathBuf>,\n066|    detached: bool,\n067|    as_sibling: bool,\n068|    additional_gids: Vec<u32>,\n069|    user: Option<u32>,\n070|    group: Option<u32>,\n071|}\n072|\n073|/// This is a helper function to get capabilities for tenant container, based on\n074|/// additional capabilities provided by user and capabilities of existing container\n075|/// extracted into separate function for easier testing\n076|fn get_capabilities(\n077|    additional: &[String],\n078|    spec: &Spec,\n079|) -> Result<LinuxCapabilities, LibcontainerError> {\n080|    let mut caps: Vec<Capability> = Vec::with_capacity(additional.len());\n081|    for cap in additional {\n082|        caps.push(Capability::from_str(cap)?);\n083|    }\n084|    let caps: SpecCapabilities = caps.iter().map(|c| SpecCapability::from_cap(*c)).collect();\n085|\n086|    if let Some(spec_caps) = spec\n087|        .process()\n088|        .as_ref()\n089|        .ok_or(MissingSpecError::Process)?\n090|        .capabilities()\n091|    {\n092|        let mut capabilities_builder = LinuxCapabilitiesBuilder::default();\n093|\n094|        let bounding: SpecCapabilities = match spec_caps.bounding() {\n095|            Some(bounding) => bounding.union(&caps).copied().collect(),\n096|            None => SpecCapabilities::new().union(&caps).copied().collect(),\n097|        };\n098|        capabilities_builder = capabilities_builder.bounding(bounding);\n099|\n100|        let effective: SpecCapabilities = match spec_caps.effective() {\n101|            Some(effective) => effective.union(&caps).copied().collect(),\n102|            None => SpecCapabilities::new().union(&caps).copied().collect(),\n103|        };\n104|        capabilities_builder = capabilities_builder.effective(effective);\n105|\n106|        let permitted: SpecCapabilities = match spec_caps.permitted() {\n107|            Some(permitted) => permitted.union(&caps).copied().collect(),\n108|            None => SpecCapabilities::new().union(&caps).copied().collect(),\n109|        };\n110|        capabilities_builder = capabilities_builder.permitted(permitted);\n111|\n112|        // ambient capabilities are only useful when inherent capabilities\n113|        // are set. Hence we check and set accordingly. Inherent capabilities\n114|        // are never set from user as that can lead to vulnerability like\n115|        // https://github.com/advisories/GHSA-f3fp-gc8g-vw66\n116|        // Hence, we follow runc\'s code and set things similarly.\n117|        let caps = if let Some(inheritable) = spec_caps.inheritable() {\n118|            let ambient: SpecCapabilities = match spec_caps.ambient() {\n119|                Some(ambient) => ambient.union(&caps).copied().collect(),\n120|                None => SpecCapabilities::new().union(&caps).copied().collect(),\n121|            };\n122|            capabilities_builder = capabilities_builder.ambient(ambient);\n123|            capabilities_builder = capabilities_builder.inheritable(inheritable.clone());\n124|            capabilities_builder.build()?\n125|        } else {\n126|            let mut caps = capabilities_builder.build()?;\n127|            // oci-spec-rs sets these to some default caps, so we reset them here\n128|            caps.set_inheritable(None);\n129|            caps.set_ambient(None);\n130|            caps\n131|        };\n132|\n133|        return Ok(caps);\n134|    }\n135|\n136|    // If there are no caps in original container\'s spec,\n137|    // we simply set given caps , excluding the inherent and ambient\n138|    let mut caps = LinuxCapabilitiesBuilder::default()\n139|        .bounding(caps.clone())\n140|        .effective(caps.clone())\n141|        .permitted(caps.clone())\n142|        .build()?;\n143|    caps.set_inheritable(None);\n144|    caps.set_ambient(None);\n145|    Ok(caps)\n146|}\n147|\n148|impl TenantContainerBuilder {\n149|    /// Generates the base configuration for a process that will join\n150|    /// an existing container sandbox from which configuration methods\n151|    /// can be chained\n152|    pub(super) fn new(builder: ContainerBuilder) -> Self {\n153|        Self {\n154|            base: builder,\n155|            env: HashMap::new(),\n156|            cwd: None,\n157|            args: Vec::new(),\n158|            no_new_privs: None,\n159|            capabilities: Vec::new(),\n160|            process: None,\n161|            detached: false,\n162|            as_sibling: false,\n163|            additional_gids: vec![],\n164|            user: None,\n165|            group: None,\n166|        }\n167|    }\n168|\n169|    /// Sets environment variables for the container\n170|    pub fn with_env(mut self, env: HashMap<String, String>) -> Self {\n171|        self.env = env;\n172|        self\n173|    }\n174|\n175|    /// Sets the working directory of the container\n176|    pub fn with_cwd<P: Into<PathBuf>>(mut self, path: Option<P>) -> Self {\n177|        self.cwd = path.map(|p| p.into());\n178|        self\n179|    }\n180|\n181|    /// Sets the command the container will be started with\n182|    pub fn with_container_args(mut self, args: Vec<String>) -> Self {\n183|        self.args = args;\n184|        self\n185|    }\n186|\n187|    pub fn with_no_new_privs(mut self, no_new_privs: bool) -> Self {\n188|        self.no_new_privs = Some(no_new_privs);\n189|        self\n190|    }\n191|\n192|    pub fn with_capabilities(mut self, capabilities: Vec<String>) -> Self {\n193|        self.capabilities = capabilities;\n194|        self\n195|    }\n196|\n197|    pub fn with_process<P: Into<PathBuf>>(mut self, path: Option<P>) -> Self {\n198|        self.process = path.map(|p| p.into());\n199|        self\n200|    }\n201|\n202|    /// Sets if the init process should be run as a child or a sibling of\n203|    /// the calling process\n204|    pub fn as_sibling(mut self, as_sibling: bool) -> Self {\n205|        self.as_sibling = as_sibling;\n206|        self\n207|    }\n208|\n209|    pub fn with_detach(mut self, detached: bool) -> Self {\n210|        self.detached = detached;\n211|        self\n212|    }\n213|\n214|    pub fn with_additional_gids(mut self, gids: Vec<u32>) -> Self {\n215|        self.additional_gids = gids;\n216|        self\n217|    }\n218|\n219|    pub fn with_user(mut self, user: Option<u32>) -> Self {\n220|        self.user = user;\n221|        self\n222|    }\n223|\n224|    pub fn with_group(mut self, group: Option<u32>) -> Self {\n225|        self.group = group;\n226|        self\n227|    }\n228|\n229|    /// Joins an existing container\n230|    pub fn build(self) -> Result<Pid, LibcontainerError> {\n231|        let container_dir = self.lookup_container_dir()?;\n232|        let container = self.load_container_state(container_dir.clone())?;\n233|        let mut spec = self.load_init_spec(&container)?;\n234|        self.adapt_spec_for_tenant(&mut spec, &container)?;\n235|\n236|        tracing::debug!("{:#?}", spec);\n237|\n238|        let notify_path = Self::setup_notify_listener(&container_dir)?;\n239|        // convert path of root file system of the container to absolute path\n240|        let rootfs = fs::canonicalize(spec.root().as_ref().ok_or(MissingSpecError::Root)?.path())\n241|            .map_err(LibcontainerError::OtherIO)?;\n242|\n243|        // if socket file path is given in commandline options,\n244|        // get file descriptors of console socket\n245|        let csocketfd = self.setup_tty_socket(&container_dir)?;\n246|\n247|        let use_systemd = self.should_use_systemd(&container);\n248|        let user_ns_config = UserNamespaceConfig::new(&spec)?;\n249|\n250|        let (read_end, write_end) =\n251|            pipe2(OFlag::O_CLOEXEC).map_err(LibcontainerError::OtherSyscall)?;\n252|\n253|        let mut builder_impl = ContainerBuilderImpl {\n254|            container_type: ContainerType::TenantContainer {\n255|                exec_notify_fd: write_end.as_raw_fd(),\n256|            },\n257|            syscall: self.base.syscall,\n258|            container_id: self.base.container_id,\n259|            pid_file: self.base.pid_file,\n260|            console_socket: csocketfd,\n261|            use_systemd,\n262|            spec: Rc::new(spec),\n263|            rootfs,\n264|            user_ns_config,\n265|            notify_path: notify_path.clone(),\n266|            container: None,\n267|            preserve_fds: self.base.preserve_fds,\n268|            detached: self.detached,\n269|            executor: self.base.executor,\n270|            no_pivot: false,\n271|            stdin: self.base.stdin,\n272|            stdout: self.base.stdout,\n273|            stderr: self.base.stderr,\n274|            as_sibling: self.as_sibling,\n275|        };\n276|\n277|        let pid = builder_impl.create()?;\n278|\n279|        let mut notify_socket = NotifySocket::new(notify_path);\n280|        notify_socket.notify_container_start()?;\n281|\n282|        // Explicitly close the write end of the pipe here to notify the\n283|        // `read_end` that the init process is able to move forward. Closing one\n284|        // end of the pipe will immediately signal the other end of the pipe,\n285|        // which we use in the init thread as a form of barrier.  `drop` is used\n286|        // here because `OwnedFd` supports it, so we don\'t have to use `close`\n287|        // here with `RawFd`.\n288|        drop(write_end);\n289|\n290|        let mut err_str_buf = Vec::new();\n291|\n292|        loop {\n293|            let mut buf = [0; 3];\n294|            match read(read_end.as_raw_fd(), &mut buf).map_err(LibcontainerError::OtherSyscall)? {\n295|                0 => {\n296|                    if err_str_buf.is_empty() {\n297|                        return Ok(pid);\n298|                    } else {\n299|                        return Err(LibcontainerError::Other(\n300|                            String::from_utf8_lossy(&err_str_buf).to_string(),\n301|                        ));\n302|                    }\n303|                }\n304|                _ => {\n305|                    err_str_buf.extend(buf);\n306|                }\n307|            }\n308|        }\n309|    }\n310|\n311|    fn lookup_container_dir(&self) -> Result<PathBuf, LibcontainerError> {\n312|        let container_dir = self.base.root_path.join(&self.base.container_id);\n313|        if !container_dir.exists() {\n314|            tracing::error!(?container_dir, ?self.base.container_id, "container dir does not exist");\n315|            return Err(LibcontainerError::NoDirectory);\n316|        }\n317|\n318|        Ok(container_dir)\n319|    }\n320|\n321|    fn load_init_spec(&self, container: &Container) -> Result<Spec, LibcontainerError> {\n322|        let spec_path = container.bundle().join("config.json");\n323|\n324|        let mut spec = Spec::load(&spec_path).map_err(|err| {\n325|            tracing::error!(path = ?spec_path, ?err, "failed to load spec");\n326|            err\n327|        })?;\n328|\n329|        Self::validate_spec(&spec)?;\n330|\n331|        spec.canonicalize_rootfs(container.bundle())?;\n332|        Ok(spec)\n333|    }\n334|\n335|    fn validate_spec(spec: &Spec) -> Result<(), LibcontainerError> {\n336|        let version = spec.version();\n337|        if !version.starts_with("1.") {\n338|            tracing::error!(\n339|                "runtime spec has incompatible version \'{}\'. Only 1.X.Y is supported",\n340|                spec.version()\n341|            );\n342|            Err(ErrInvalidSpec::UnsupportedVersion)?;\n343|        }\n344|\n345|        if let Some(process) = spec.process() {\n346|            if let Some(io_priority) = process.io_priority() {\n347|                let priority = io_priority.priority();\n348|                let iop_class_res = serde_json::to_string(&io_priority.class());\n349|                match iop_class_res {\n350|                    Ok(iop_class) => {\n351|                        if !(0..=7).contains(&priority) {\n352|                            tracing::error!(\n353|                                ?priority,\n354|                                "io priority \'{}\' not between 0 and 7 (inclusive), class \'{}\' not in (IO_PRIO_CLASS_RT,IO_PRIO_CLASS_BE,IO_PRIO_CLASS_IDLE)",\n355|                                priority,\n356|                                iop_class\n357|                            );\n358|                            Err(ErrInvalidSpec::IoPriority)?;\n359|                        }\n360|                    }\n361|                    Err(e) => {\n362|                        tracing::error!(?priority, ?e, "failed to parse io priority class");\n363|                        Err(ErrInvalidSpec::IoPriority)?;\n364|                    }\n365|                }\n366|            }\n367|\n368|            if let Some(sc) = process.scheduler() {\n369|                let policy = sc.policy();\n370|                if let Some(nice) = sc.nice() {\n371|                    // https://man7.org/linux/man-pages/man2/sched_setattr.2.html#top_of_page\n372|                    if (*policy == LinuxSchedulerPolicy::SchedBatch\n373|                        || *policy == LinuxSchedulerPolicy::SchedOther)\n374|                        && (*nice < -20 || *nice > 19)\n375|                    {\n376|                        tracing::error!(\n377|                            ?nice,\n378|                            "invalid scheduler.nice: \'{}\', must be within -20 to 19",\n379|                            nice\n380|                        );\n381|                        Err(ErrInvalidSpec::Scheduler)?;\n382|                    }\n383|                }\n384|                if let Some(priority) = sc.priority() {\n385|                    if *priority != 0\n386|                        && (*policy != LinuxSchedulerPolicy::SchedFifo\n387|                            && *policy != LinuxSchedulerPolicy::SchedRr)\n388|                    {\n389|                        tracing::error!(\n390|                            ?policy,\n391|                            "scheduler.priority can only be specified for SchedFIFO or SchedRR policy"\n392|                        );\n393|                        Err(ErrInvalidSpec::Scheduler)?;\n394|                    }\n395|                }\n396|                if *policy != LinuxSchedulerPolicy::SchedDeadline {\n397|                    if let Some(runtime) = sc.runtime() {\n398|                        if *runtime != 0 {\n399|                            tracing::error!(\n400|                                ?runtime,\n401|                                "scheduler runtime can only be specified for SchedDeadline policy"\n402|                            );\n403|                            Err(ErrInvalidSpec::Scheduler)?;\n404|                        }\n405|                    }\n406|                    if let Some(deadline) = sc.deadline() {\n407|                        if *deadline != 0 {\n408|                            tracing::error!(\n409|                                ?deadline,\n410|                                "scheduler deadline can only be specified for SchedDeadline policy"\n411|                            );\n412|                            Err(ErrInvalidSpec::Scheduler)?;\n413|                        }\n414|                    }\n415|                    if let Some(period) = sc.period() {\n416|                        if *period != 0 {\n417|                            tracing::error!(\n418|                                ?period,\n419|                                "scheduler period can only be specified for SchedDeadline policy"\n420|                            );\n421|                            Err(ErrInvalidSpec::Scheduler)?;\n422|                        }\n423|                    }\n424|                }\n425|            }\n426|        }\n427|\n428|        if let Some(mounts) = spec.mounts() {\n429|            utils::validate_mount_options(mounts)?;\n430|        }\n431|\n432|        let syscall = create_syscall();\n433|        utils::validate_spec_for_new_user_ns(spec, &*syscall)?;\n434|        utils::validate_spec_for_net_devices(spec, &*syscall)\n435|            .map_err(LibcontainerError::NetDevicesError)?;\n436|\n437|        Ok(())\n438|    }\n439|\n440|    fn load_container_state(&self, container_dir: PathBuf) -> Result<Container, LibcontainerError> {\n441|        let container = Container::load(container_dir)?;\n442|        if !container.can_exec() {\n443|            tracing::error!(status = ?container.status(), "cannot exec as container");\n444|            return Err(LibcontainerError::IncorrectStatus(container.status()));\n445|        }\n446|\n447|        Ok(container)\n448|    }\n449|\n450|    fn adapt_spec_for_tenant(\n451|        &self,\n452|        spec: &mut Spec,\n453|        container: &Container,\n454|    ) -> Result<(), LibcontainerError> {\n455|        let process = if let Some(process) = &self.process {\n456|            self.get_process(process)?\n457|        } else {\n458|            let original_path_env = get_path_from_spec(spec);\n459|            let mut process_builder = ProcessBuilder::default()\n460|                .args(self.get_args()?)\n461|                .env(self.get_environment(original_path_env));\n462|            if let Some(cwd) = self.get_working_dir()? {\n463|                process_builder = process_builder.cwd(cwd);\n464|            }\n465|\n466|            if let Some(process) = spec.process() {\n467|                if let Some(cpu_affinity) = process.exec_cpu_affinity() {\n468|                    process_builder = process_builder.exec_cpu_affinity(cpu_affinity.clone());\n469|                }\n470|            }\n471|\n472|            if let Some(no_new_priv) = self.get_no_new_privileges() {\n473|                process_builder = process_builder.no_new_privileges(no_new_priv);\n474|            }\n475|\n476|            let capabilities = get_capabilities(&self.capabilities, spec)?;\n477|            process_builder = process_builder.capabilities(capabilities);\n478|\n479|            let mut user_builder = UserBuilder::default();\n480|\n481|            if !self.additional_gids.is_empty() {\n482|                user_builder = user_builder.additional_gids(self.additional_gids.clone());\n483|            }\n484|\n485|            if let Some(uid) = self.user {\n486|                user_builder = user_builder.uid(uid);\n487|            }\n488|\n489|            if let Some(gid) = self.group {\n490|                user_builder = user_builder.gid(gid);\n491|            }\n492|\n493|            process_builder = process_builder.user(user_builder.build()?);\n494|\n495|            process_builder.build()?\n496|        };\n497|\n498|        let container_pid = container.pid().ok_or(LibcontainerError::Other(\n499|            "could not retrieve container init pid".into(),\n500|        ))?;\n501|\n502|        let init_process = procfs::process::Process::new(container_pid.as_raw())?;\n503|        let ns = self.get_namespaces(init_process.namespaces()?.0)?;\n504|\n505|        // it should never be the case that linux is not present in spec\n506|        let spec_linux = spec.linux().as_ref().unwrap();\n507|        let mut linux_builder = LinuxBuilder::default().namespaces(ns);\n508|\n509|        if let Some(cgroup_path) = spec_linux.cgroups_path() {\n510|            linux_builder = linux_builder.cgroups_path(cgroup_path.clone());\n511|        }\n512|\n513|        if let Some(personality) = spec_linux.personality() {\n514|            linux_builder = linux_builder.personality(personality.clone());\n515|        }\n516|\n517|        let linux = linux_builder.build()?;\n518|        spec.set_process(Some(process)).set_linux(Some(linux));\n519|\n520|        Ok(())\n521|    }\n522|\n523|    fn get_process(&self, process: &Path) -> Result<Process, LibcontainerError> {\n524|        if !process.exists() {\n525|            tracing::error!(?process, "process.json file does not exist");\n526|            return Err(LibcontainerError::Other(\n527|                "process.json file does not exist".into(),\n528|            ));\n529|        }\n530|\n531|        let process = utils::open(process).map_err(LibcontainerError::OtherIO)?;\n532|        let reader = BufReader::new(process);\n533|        let process_spec =\n534|            serde_json::from_reader(reader).map_err(LibcontainerError::OtherSerialization)?;\n535|        Ok(process_spec)\n536|    }\n537|\n538|    fn get_working_dir(&self) -> Result<Option<PathBuf>, LibcontainerError> {\n539|        if let Some(cwd) = &self.cwd {\n540|            if cwd.is_relative() {\n541|                tracing::error!(?cwd, "current working directory must be an absolute path");\n542|                return Err(LibcontainerError::Other(\n543|                    "current working directory must be an absolute path".into(),\n544|                ));\n545|            }\n546|            return Ok(Some(cwd.into()));\n547|        }\n548|        Ok(None)\n549|    }\n550|\n551|    fn get_args(&self) -> Result<Vec<String>, LibcontainerError> {\n552|        if self.args.is_empty() {\n553|            Err(MissingSpecError::Args)?;\n554|        }\n555|\n556|        Ok(self.args.clone())\n557|    }\n558|\n559|    fn get_environment(&self, path: Option<String>) -> Vec<String> {\n560|        let mut env_exists = false;\n561|        let mut env: Vec<String> = self\n562|            .env\n563|            .iter()\n564|            .map(|(k, v)| {\n565|                if k == "PATH" {\n566|                    env_exists = true;\n567|                }\n568|                format!("{k}={v}")\n569|            })\n570|            .collect();\n571|        // It is not possible in normal flow that path is None. The original container\n572|        // creation would have failed if path was absent. However we use Option\n573|        // just as a caution, and if neither exec cmd not original spec has PATH,\n574|        // the container creation will fail later which is ok\n575|        if let Some(p) = path {\n576|            if !env_exists {\n577|                env.push(p);\n578|            }\n579|        }\n580|        env\n581|    }\n582|\n583|    fn get_no_new_privileges(&self) -> Option<bool> {\n584|        self.no_new_privs\n585|    }\n586|\n587|    fn get_namespaces(\n588|        &self,\n589|        init_namespaces: HashMap<OsString, Namespace>,\n590|    ) -> Result<Vec<LinuxNamespace>, LibcontainerError> {\n591|        let mut tenant_namespaces = Vec::with_capacity(init_namespaces.len());\n592|\n593|        for &ns_type in NAMESPACE_TYPES {\n594|            if let Some(init_ns) = init_namespaces.get(OsStr::new(ns_type)) {\n595|                let tenant_ns = LinuxNamespaceType::try_from(ns_type)?;\n596|                tenant_namespaces.push(\n597|                    LinuxNamespaceBuilder::default()\n598|                        .typ(tenant_ns)\n599|                        .path(init_ns.path.clone())\n600|                        .build()?,\n601|                )\n602|            }\n603|        }\n604|\n605|        Ok(tenant_namespaces)\n606|    }\n607|\n608|    fn should_use_systemd(&self, container: &Container) -> bool {\n609|        container.systemd()\n610|    }\n611|\n612|    fn setup_notify_listener(container_dir: &Path) -> Result<PathBuf, LibcontainerError> {\n613|        let notify_name = Self::generate_name(container_dir, TENANT_NOTIFY);\n614|        let socket_path = container_dir.join(notify_name);\n615|\n616|        Ok(socket_path)\n617|    }\n618|\n619|    fn setup_tty_socket(&self, container_dir: &Path) -> Result<Option<OwnedFd>, LibcontainerError> {\n620|        let tty_name = Self::generate_name(container_dir, TENANT_TTY);\n621|        let csocketfd = if let Some(console_socket) = &self.base.console_socket {\n622|            Some(tty::setup_console_socket(\n623|                container_dir,\n624|                console_socket,\n625|                &tty_name,\n626|            )?)\n627|        } else {\n628|            None\n629|        };\n630|\n631|        Ok(csocketfd)\n632|    }\n633|\n634|    fn generate_name(dir: &Path, prefix: &str) -> String {\n635|        loop {\n636|            let rand = fastrand::i32(..);\n637|            let name = format!("{prefix}{rand:x}.sock");\n638|            if !dir.join(&name).exists() {\n639|                return name;\n640|            }\n641|        }\n642|    }\n643|}\n644|\n645|#[cfg(test)]\n646|mod test {\n647|\n648|    use caps::Capability as Cap;\n649|    use oci_spec::runtime::{\n650|        Capabilities, Capability as SpecCap, LinuxCapabilities, ProcessBuilder, Spec, SpecBuilder,\n651|    };\n652|\n653|    use super::{LibcontainerError, get_capabilities};\n654|    use crate::capabilities::CapabilityExt;\n655|\n656|    fn get_spec(caps: LinuxCapabilities) -> Spec {\n657|        SpecBuilder::default()\n658|            .process(\n659|                ProcessBuilder::default()\n660|                    .capabilities(caps)\n661|                    .build()\n662|                    .unwrap(),\n663|            )\n664|            .build()\n665|            .unwrap()\n666|    }\n667|\n668|    fn cap_to_string(caps: &[Cap]) -> Vec<String> {\n669|        caps.iter().map(|c| c.to_string()).collect()\n670|    }\n671|\n672|    fn caps_to_spec_set(caps: &[Cap]) -> Capabilities {\n673|        caps.iter().map(|c| SpecCap::from_cap(*c)).collect()\n674|    }\n675|\n676|    fn empty_caps() -> LinuxCapabilities {\n677|        let mut t = LinuxCapabilities::default();\n678|        t.set_effective(None)\n679|            .set_bounding(None)\n680|            .set_permitted(None)\n681|            .set_inheritable(None)\n682|            .set_ambient(None);\n683|        t\n684|    }\n685|\n686|    // if there are no existing capabilities, then tenant can only\n687|    // set effective, bounding and permitted caps ; not inheritable or ambient\n688|    #[test]\n689|    fn test_capabilities_no_existing() -> Result<(), LibcontainerError> {\n690|        let spec = get_spec(empty_caps());\n691|\n692|        let extra_caps = &[Cap::CAP_SYS_ADMIN, Cap::CAP_NET_ADMIN, Cap::CAP_AUDIT_READ];\n693|\n694|        let additional = cap_to_string(extra_caps);\n695|        let caps = get_capabilities(&additional, &spec)?;\n696|\n697|        let expected_caps = empty_caps()\n698|            .set_effective(Some(caps_to_spec_set(extra_caps)))\n699|            .set_bounding(Some(caps_to_spec_set(extra_caps)))\n700|            .set_permitted(Some(caps_to_spec_set(extra_caps)))\n701|            .clone();\n702|\n703|        assert_eq!(caps, expected_caps);\n704|        Ok(())\n705|    }\n706|\n707|    // If there are existing capabilities, but not inherent, then tenant should union\n708|    // existing and provided caps only for effective, bounding and permitted,\n709|    // inherent and ambient should be explicitly None\n710|    #[test]\n711|    fn test_capabilities_with_existing() -> Result<(), LibcontainerError> {\n712|        let existing_caps = &[Cap::CAP_SYS_ADMIN, Cap::CAP_BPF, Cap::CAP_MKNOD];\n713|\n714|        let existing = LinuxCapabilities::default()\n715|            .set_effective(Some(caps_to_spec_set(existing_caps)))\n716|            .set_bounding(Some(caps_to_spec_set(existing_caps)))\n717|            .set_permitted(Some(caps_to_spec_set(existing_caps)))\n718|            .set_inheritable(None)\n719|            .set_ambient(None)\n720|            .clone();\n721|\n722|        let spec = get_spec(existing);\n723|\n724|        let extra_caps = &[Cap::CAP_SYS_ADMIN, Cap::CAP_NET_ADMIN, Cap::CAP_AUDIT_READ];\n725|\n726|        let additional = cap_to_string(extra_caps);\n727|        let caps = get_capabilities(&additional, &spec)?;\n728|\n729|        let mut combined_caps = existing_caps.to_vec();\n730|        combined_caps.extend(extra_caps);\n731|        let expected_caps = empty_caps()\n732|            .set_effective(Some(caps_to_spec_set(&combined_caps)))\n733|            .set_bounding(Some(caps_to_spec_set(&combined_caps)))\n734|            .set_permitted(Some(caps_to_spec_set(&combined_caps)))\n735|            .clone();\n736|\n737|        assert_eq!(caps, expected_caps);\n738|        Ok(())\n739|    }\n740|\n741|    // we check that if inherent capabilities are present, ambient are set correctly\n742|    #[test]\n743|    fn test_capabilities_with_existing_inherent() -> Result<(), LibcontainerError> {\n744|        let existing_caps = &[Cap::CAP_SYS_ADMIN, Cap::CAP_BPF, Cap::CAP_MKNOD];\n745|        let extra_caps = &[Cap::CAP_SYS_ADMIN, Cap::CAP_NET_ADMIN, Cap::CAP_AUDIT_READ];\n746|\n747|        let mut combined_caps = existing_caps.to_vec();\n748|        combined_caps.extend(extra_caps);\n749|\n750|        // case 1 :  when inheritable are there, but no ambient\n751|\n752|        let existing = LinuxCapabilities::default()\n753|            .set_effective(Some(caps_to_spec_set(existing_caps)))\n754|            .set_bounding(Some(caps_to_spec_set(existing_caps)))\n755|            .set_permitted(Some(caps_to_spec_set(existing_caps)))\n756|            .set_inheritable(Some(caps_to_spec_set(existing_caps)))\n757|            .set_ambient(None)\n758|            .clone();\n759|        let spec = get_spec(existing);\n760|        let additional = cap_to_string(extra_caps);\n761|        let caps = get_capabilities(&additional, &spec)?;\n762|        let expected_caps = empty_caps()\n763|            .set_effective(Some(caps_to_spec_set(&combined_caps)))\n764|            .set_bounding(Some(caps_to_spec_set(&combined_caps)))\n765|            .set_permitted(Some(caps_to_spec_set(&combined_caps)))\n766|            // inheritable must not change\n767|            .set_inheritable(Some(caps_to_spec_set(existing_caps)))\n768|            // as there were no existing ambient, only extra will be set\n769|            .set_ambient(Some(caps_to_spec_set(extra_caps)))\n770|            .clone();\n771|        assert_eq!(caps, expected_caps);\n772|\n773|        // case 2 :  when inheritable and ambient both are present\n774|\n775|        let existing = LinuxCapabilities::default()\n776|            .set_effective(Some(caps_to_spec_set(existing_caps)))\n777|            .set_bounding(Some(caps_to_spec_set(existing_caps)))\n778|            .set_permitted(Some(caps_to_spec_set(existing_caps)))\n779|            .set_inheritable(Some(caps_to_spec_set(existing_caps)))\n780|            .set_ambient(Some(caps_to_spec_set(existing_caps)))\n781|            .clone();\n782|        let spec = get_spec(existing);\n783|        let additional = cap_to_string(extra_caps);\n784|        let caps = get_capabilities(&additional, &spec)?;\n785|        let expected_caps = empty_caps()\n786|            .set_effective(Some(caps_to_spec_set(&combined_caps)))\n787|            .set_bounding(Some(caps_to_spec_set(&combined_caps)))\n788|            .set_permitted(Some(caps_to_spec_set(&combined_caps)))\n789|            // inheritable must not change\n790|            .set_inheritable(Some(caps_to_spec_set(existing_caps)))\n791|            .set_ambient(Some(caps_to_spec_set(&combined_caps)))\n792|            .clone();\n793|        assert_eq!(caps, expected_caps);\n794|\n795|        Ok(())\n796|    }\n797|}\n'
2026-07-25 17:13:24.202 | INFO     | metagpt.roles.di.role_zero:_act:292 - Commands: 
[{'command_name': 'Terminal.run_command', 'args': {'cmd': 'cd /home/aludy/scires/Cloud_Spec_Exp/external/worktrees/oci-metagpt-agentless-mini-rerun/metagpt/youki-3428 && git show 76b913d4d63e -- crates/libcontainer/src/container/tenant_builder.rs'}}]
2026-07-25 17:13:24.209 | INFO     | metagpt.roles.di.role_zero:_act:294 - Commands outputs: 
Command Terminal.run_command executed:
[command]: cd /home/aludy/scires/Cloud_Spec_Exp/external/worktrees/oci-metagpt-agentless-mini-rerun/metagpt/youki-3428 && git show 76b913d4d63e -- crates/libcontainer/src/container/tenant_builder.rs 
[command output] : commit 76b913d4d63eb356d4ec66b5bd383ce9358dfda0
Author: Kevin Kickartz-Grabowsky <45273132+KevinKickass@users.noreply.github.com>
Date:   Wed Mar 11 19:35:38 2026 +0100

    fix: inherit config.json env vars in exec processes (#3439)
    
    * fix: inherit spec env vars in exec process
    
    Previously, youki exec only used env vars passed via --env on the CLI,
    plus PATH from the container spec. All other spec env vars were silently
    dropped. This differs from runc, crun, and runsc, which inherit the full
    process.env from config.json.
    
    Now the spec's env vars are used as a baseline, with CLI --env overriding
    by variable name. This matches the behavior of other OCI runtimes.
    
    Closes #3428
    
    Signed-off-by: KevinKickass <k@ppload.eu>
    
    * test: add e2e tests for exec --env and merge test modules
    
    Add contest e2e tests for exec environment variable handling:
    - spec env inheritance, CLI override, CLI addition, process.json
    
    Merge duplicate test modules (mod test + mod tests) in
    tenant_builder.rs into a single mod tests block and fix
    rustfmt chain formatting.
    
    Signed-off-by: KevinKickass <k@ppload.eu>
    
    * fix: add check_container_created before start in exec_env tests
    
    Matches the pattern used in other contest tests (e.g., mount_test.rs).
    Without this check, start_container would fail silently if the
    container creation step had issues.
    
    Signed-off-by: KevinKickass <k@ppload.eu>
    
    * fix: address review feedback and fix exec_env test PATH
    
    - Shorten inline comment per review suggestion
    - Update get_environment docstring to mention only runc
    - Rename unit tests: cli_env_* -> builder_env_*
    - Reduce sleep from 10000 to 1000 in exec_env tests
    - Use full PATH in exec_env test specs so sleep is found
      in the busybox rootfs (/bin/sleep)
    - Add env parameter to exec_container helper instead of
      duplicating the logic in a separate function
    
    Signed-off-by: KevinKickass <k@ppload.eu>
    
    * style: cargo fmt
    
    Signed-off-by: KevinKickass <k@ppload.eu>
    
    ---------
    
    Signed-off-by: KevinKickass <k@ppload.eu>

diff --git a/crates/libcontainer/src/container/tenant_builder.rs b/crates/libcontainer/src/container/tenant_builder.rs
index 738d476a..c0f6bdda 100644
--- a/crates/libcontainer/src/container/tenant_builder.rs
+++ b/crates/libcontainer/src/container/tenant_builder.rs
@@ -33,26 +33,6 @@ const NAMESPACE_TYPES: &[&str] = &["ipc", "uts", "net", "pid", "mnt", "cgroup"];
 const TENANT_NOTIFY: &str = "tenant-notify-";
 const TENANT_TTY: &str = "tenant-tty-";
 
-fn get_path_from_spec(spec: &Spec) -> Option<String> {
-    let process = match spec.process() {
-        Some(p) => p,
-        None => return None,
-    };
-    let env = match process.env() {
-        Some(e) => e,
-        None => return None,
-    };
-    // as per runtime spec, env vars should follow https://pubs.opengroup.org/onlinepubs/9699919799/basedefs/V1_chap08.html#tag_08_01
-    // and that specifies having multiple env with same name is undefined behaviour
-    // so we take the last occurrence of PATH as that is somewhat intuitional of last
-    // specified value overriding
-    env.iter()
-        .find(|e| e.starts_with("PATH"))
-        .iter()
-        .next_back()
-        .map(|s| s.to_string())
-}
-
 /// Builder that can be used to configure the properties of a process
 /// that will join an existing container sandbox
 pub struct TenantContainerBuilder {
@@ -455,10 +435,15 @@ impl TenantContainerBuilder {
         let process = if let Some(process) = &self.process {
             self.get_process(process)?
         } else {
-            let original_path_env = get_path_from_spec(spec);
+            // Use the spec's process env as the baseline for exec.
+            let spec_env = spec
+                .process()
+                .as_ref()
+                .and_then(|p| p.env().as_ref().cloned())
+                .unwrap_or_default();
             let mut process_builder = ProcessBuilder::default()
                 .args(self.get_args()?)
-                .env(self.get_environment(original_path_env));
+                .env(self.get_environment(spec_env));
             if let Some(cwd) = self.get_working_dir()? {
                 process_builder = process_builder.cwd(cwd);
             }
@@ -556,27 +541,26 @@ impl TenantContainerBuilder {
         Ok(self.args.clone())
     }
 
-    fn get_environment(&self, path: Option<String>) -> Vec<String> {
-        let mut env_exists = false;
-        let mut env: Vec<String> = self
-            .env
-            .iter()
-            .map(|(k, v)| {
-                if k == "PATH" {
-                    env_exists = true;
-                }
-                format!("{k}={v}")
+    /// Builds the environment for an exec process.
+    /// The spec's env vars are used as the baseline, and env vars provided to the
+    /// builder, such as those from the CLI, override entries with the same key.
+    /// This follows runc's behavior.
+    /// See <https://github.com/youki-dev/youki/issues/3428>.
+    fn get_environment(&self, spec_env: Vec<String>) -> Vec<String> {
+        // Start with spec env, skipping any vars that the CLI overrides.
+        let mut env: Vec<String> = spec_env
+            .into_iter()
+            .filter(|entry| {
+                let key = entry.split('=').next().unwrap_or("");
+                !self.env.contains_key(key)
             })
             .collect();
-        // It is not possible in normal flow that path is None. The original container
-        // creation would have failed if path was absent. However we use Option
-        // just as a caution, and if neither exec cmd not original spec has PATH,
-        // the container creation will fail later which is ok
-        if let Some(p) = path {
-            if !env_exists {
-                env.push(p);
-            }
+
+        // Append CLI overrides.
+        for (k, v) in &self.env {
+            env.push(format!("{k}={v}"));
         }
+
         env
     }
 
@@ -643,15 +627,13 @@ impl TenantContainerBuilder {
 }
 
 #[cfg(test)]
-mod test {
-
+mod tests {
     use caps::Capability as Cap;
-    use oci_spec::runtime::{
-        Capabilities, Capability as SpecCap, LinuxCapabilities, ProcessBuilder, Spec, SpecBuilder,
-    };
+    use oci_spec::runtime::{Capabilities, Capability as SpecCap, SpecBuilder};
 
-    use super::{LibcontainerError, get_capabilities};
+    use super::*;
     use crate::capabilities::CapabilityExt;
+    use crate::syscall::syscall::SyscallType;
 
     fn get_spec(caps: LinuxCapabilities) -> Spec {
         SpecBuilder::default()
@@ -683,6 +665,19 @@ mod test {
         t
     }
 
+    /// Helper to build a minimal TenantContainerBuilder with the given CLI env.
+    fn builder_with_env(env: &[(&str, &str)]) -> TenantContainerBuilder {
+        let base = ContainerBuilder::new("test".to_string(), SyscallType::default());
+        let env_map: HashMap<String, String> = env
+            .iter()
+            .map(|(k, v)| (k.to_string(), v.to_string()))
+            .collect();
+
+        TenantContainerBuilder::new(base).with_env(env_map)
+    }
+
+    // --- capabilities tests ---
+
     // if there are no existing capabilities, then tenant can only
     // set effective, bounding and permitted caps ; not inheritable or ambient
     #[test]
@@ -794,4 +789,48 @@ mod test {
 
         Ok(())
     }
+
+    // --- environment tests ---
+
+    #[test]
+    fn env_inherits_spec_vars() {
+        let b = builder_with_env(&[]);
+        let spec_env = vec!["PATH=/usr/bin".to_string(), "AAA=bbb".to_string()];
+        let result = b.get_environment(spec_env);
+        assert!(result.contains(&"PATH=/usr/bin".to_string()));
+        assert!(result.contains(&"AAA=bbb".to_string()));
+    }
+
+    #[test]
+    fn builder_env_overrides_spec() {
+        let b = builder_with_env(&[("AAA", "override")]);
+        let spec_env = vec!["PATH=/usr/bin".to_string(), "AAA=bbb".to_string()];
+        let result = b.get_environment(spec_env);
+        assert!(result.contains(&"PATH=/usr/bin".to_string()));
+        assert!(result.contains(&"AAA=override".to_string()));
+        assert!(!result.contains(&"AAA=bbb".to_string()));
+    }
+
+    #[test]
+    fn builder_env_adds_new_vars() {
+        let b = builder_with_env(&[("NEW_VAR", "hello")]);
+        let spec_env = vec!["PATH=/usr/bin".to_string()];
+        let result = b.get_environment(spec_env);
+        assert!(result.contains(&"PATH=/usr/bin".to_string()));
+        assert!(result.contains(&"NEW_VAR=hello".to_string()));
+    }
+
+    #[test]
+    fn empty_spec_env_uses_builder_env_only() {
+        let b = builder_with_env(&[("FOO", "bar")]);
+        let result = b.get_environment(Vec::new());
+        assert_eq!(result, vec!["FOO=bar".to_string()]);
+    }
+
+    #[test]
+    fn no_env_at_all() {
+        let b = builder_with_env(&[]);
+        let result = b.get_environment(Vec::new());
+        assert!(result.is_empty());
+    }
 }

2026-07-25 17:13:33.811 | INFO     | metagpt.roles.di.role_zero:_act:292 - Commands: 
[{'command_name': 'Editor.edit_file_by_replace', 'args': {'file_name': '/home/aludy/scires/Cloud_Spec_Exp/external/worktrees/oci-metagpt-agentless-mini-rerun/metagpt/youki-3428/crates/libcontainer/src/container/tenant_builder.rs', 'first_replaced_line_number': 36, 'first_replaced_line_content': 'fn get_path_from_spec(spec: &Spec) -> Option<String> {', 'last_replaced_line_number': 54, 'last_replaced_line_content': '        .map(|s| s.to_string())', 'new_content': ''}}]
2026-07-25 17:13:33.812 | ERROR    | metagpt.roles.di.role_zero:_run_commands:407 - Error: The `last_replaced_line_number` does not match the `last_replaced_line_content`. Please correct the parameters.
The `last_replaced_line_number` is 54 and the corresponding content is "}".
But the `last_replaced_line_content ` is "        .map(|s| s.to_string())".
The content around the specified line is:
The 051 line is "        .iter()"
The 052 line is "        .next_back()"
The 053 line is "        .map(|s| s.to_string())"
The 054 line is "}"
The 055 line is ""
The 056 line is "/// Builder that can be used to configure the properties of a process"
The 057 line is "/// that will join an existing container sandbox"
Pay attention to the new content. Ensure that it aligns with the new parameters.
Traceback (most recent call last):
  File "/home/aludy/scires/Cloud_Spec_Exp/external/baselines/MetaGPT/metagpt/roles/di/role_zero.py", line 401, in _run_commands
    tool_output = tool_obj(**cmd["args"])
  File "/home/aludy/scires/Cloud_Spec_Exp/external/baselines/MetaGPT/metagpt/tools/libs/editor.py", line 813, in edit_file_by_replace
    raise ValueError(mismatch_error)
ValueError: Error: The `last_replaced_line_number` does not match the `last_replaced_line_content`. Please correct the parameters.
The `last_replaced_line_number` is 54 and the corresponding content is "}".
But the `last_replaced_line_content ` is "        .map(|s| s.to_string())".
The content around the specified line is:
The 051 line is "        .iter()"
The 052 line is "        .next_back()"
The 053 line is "        .map(|s| s.to_string())"
The 054 line is "}"
The 055 line is ""
The 056 line is "/// Builder that can be used to configure the properties of a process"
The 057 line is "/// that will join an existing container sandbox"
Pay attention to the new content. Ensure that it aligns with the new parameters.


Traceback (most recent call last):

  File "/home/aludy/scires/Cloud_Spec_Exp/baselines/metagpt/launch.py", line 307, in <module>
    raise SystemExit(main())
                     └ <function main at 0x7059dde46ef0>

  File "/home/aludy/scires/Cloud_Spec_Exp/baselines/metagpt/launch.py", line 277, in main
    result = generate_repo(**supported)
             │               └ {'idea': 'Fix OCI runtime bug case youki-3428.\n\nTarget runtime: youki\nTitle: [Bug]: config.json env is not inherited into ...
             └ <function generate_repo at 0x705925475cf0>

  File "/home/aludy/scires/Cloud_Spec_Exp/external/baselines/MetaGPT/metagpt/software_company.py", line 72, in generate_repo
    asyncio.run(company.run(n_round=n_round, idea=idea))
    │       │   │       │           │             └ 'Fix OCI runtime bug case youki-3428.\n\nTarget runtime: youki\nTitle: [Bug]: config.json env is not inherited into processes...
    │       │   │       │           └ 10
    │       │   │       └ <function serialize_decorator.<locals>.wrapper at 0x70591b3d01f0>
    │       │   └ Team(env=MGXEnv(), investment=3.0, idea='Fix OCI runtime bug case youki-3428.\n\nTarget runtime: youki\nTitle: [Bug]: config....
    │       └ <function run at 0x7059dba9d750>
    └ <module 'asyncio' from '/home/aludy/miniconda3/envs/metagpt/lib/python3.10/asyncio/__init__.py'>

  File "/home/aludy/miniconda3/envs/metagpt/lib/python3.10/asyncio/runners.py", line 44, in run
    return loop.run_until_complete(main)
           │    │                  └ <coroutine object serialize_decorator.<locals>.wrapper at 0x70591b0f3ca0>
           │    └ <function BaseEventLoop.run_until_complete at 0x7059dba9f130>
           └ <_UnixSelectorEventLoop running=True closed=False debug=False>
  File "/home/aludy/miniconda3/envs/metagpt/lib/python3.10/asyncio/base_events.py", line 636, in run_until_complete
    self.run_forever()
    │    └ <function BaseEventLoop.run_forever at 0x7059dba9f0a0>
    └ <_UnixSelectorEventLoop running=True closed=False debug=False>
  File "/home/aludy/miniconda3/envs/metagpt/lib/python3.10/asyncio/base_events.py", line 603, in run_forever
    self._run_once()
    │    └ <function BaseEventLoop._run_once at 0x7059dbaa0c10>
    └ <_UnixSelectorEventLoop running=True closed=False debug=False>
  File "/home/aludy/miniconda3/envs/metagpt/lib/python3.10/asyncio/base_events.py", line 1909, in _run_once
    handle._run()
    │      └ <function Handle._run at 0x7059dba50280>
    └ <Handle Task.task_wakeup(<Task finishe...> result=None>)>
  File "/home/aludy/miniconda3/envs/metagpt/lib/python3.10/asyncio/events.py", line 80, in _run
    self._context.run(self._callback, *self._args)
    │    │            │    │           │    └ <member '_args' of 'Handle' objects>
    │    │            │    │           └ <Handle Task.task_wakeup(<Task finishe...> result=None>)>
    │    │            │    └ <member '_callback' of 'Handle' objects>
    │    │            └ <Handle Task.task_wakeup(<Task finishe...> result=None>)>
    │    └ <member '_context' of 'Handle' objects>
    └ <Handle Task.task_wakeup(<Task finishe...> result=None>)>

  File "/home/aludy/scires/Cloud_Spec_Exp/external/baselines/MetaGPT/metagpt/utils/common.py", line 692, in wrapper
    return await func(self, *args, **kwargs)
                 │    │      │       └ {}
                 │    │      └ ()
                 │    └ Engineer2(private_context=Context(kwargs=AttrDict(), config=Config(extra_fields=None, project_path='/home/aludy/scires/Cloud_...
                 └ <function Role.run at 0x70591be925f0>

  File "/home/aludy/scires/Cloud_Spec_Exp/external/baselines/MetaGPT/metagpt/roles/role.py", line 548, in run
    rsp = await self.react()
                │    └ <function Role.react at 0x70591be924d0>
                └ Engineer2(private_context=Context(kwargs=AttrDict(), config=Config(extra_fields=None, project_path='/home/aludy/scires/Cloud_...

  File "/home/aludy/scires/Cloud_Spec_Exp/external/baselines/MetaGPT/metagpt/roles/role.py", line 515, in react
    rsp = await self._react()
                │    └ <function RoleZero._react at 0x70591bd91f30>
                └ Engineer2(private_context=Context(kwargs=AttrDict(), config=Config(extra_fields=None, project_path='/home/aludy/scires/Cloud_...

  File "/home/aludy/scires/Cloud_Spec_Exp/external/baselines/MetaGPT/metagpt/roles/di/role_zero.py", line 324, in _react
    rsp = await self._act()
                │    └ <function RoleZero._act at 0x70591bd91ea0>
                └ Engineer2(private_context=Context(kwargs=AttrDict(), config=Config(extra_fields=None, project_path='/home/aludy/scires/Cloud_...

  File "/home/aludy/scires/Cloud_Spec_Exp/external/baselines/MetaGPT/metagpt/roles/di/role_zero.py", line 293, in _act
    outputs = await self._run_commands(commands)
                    │    │             └ [{'command_name': 'Editor.edit_file_by_replace', 'args': {'file_name': '/home/aludy/scires/Cloud_Spec_Exp/external/worktrees/...
                    │    └ <function RoleZero._run_commands at 0x70591bd920e0>
                    └ Engineer2(private_context=Context(kwargs=AttrDict(), config=Config(extra_fields=None, project_path='/home/aludy/scires/Cloud_...

> File "/home/aludy/scires/Cloud_Spec_Exp/external/baselines/MetaGPT/metagpt/roles/di/role_zero.py", line 401, in _run_commands
    tool_output = tool_obj(**cmd["args"])
                  │          └ {'command_name': 'Editor.edit_file_by_replace', 'args': {'file_name': '/home/aludy/scires/Cloud_Spec_Exp/external/worktrees/o...
                  └ <bound method Editor.edit_file_by_replace of Editor(resource=EditorReporter(block=<BlockType.EDITOR: 'Editor'>, uuid=UUID('eb...

  File "/home/aludy/scires/Cloud_Spec_Exp/external/baselines/MetaGPT/metagpt/tools/libs/editor.py", line 813, in edit_file_by_replace
    raise ValueError(mismatch_error)
                     └ 'Error: The `last_replaced_line_number` does not match the `last_replaced_line_content`. Please correct the parameters.\nThe ...

ValueError: Error: The `last_replaced_line_number` does not match the `last_replaced_line_content`. Please correct the parameters.
The `last_replaced_line_number` is 54 and the corresponding content is "}".
But the `last_replaced_line_content ` is "        .map(|s| s.to_string())".
The content around the specified line is:
The 051 line is "        .iter()"
The 052 line is "        .next_back()"
The 053 line is "        .map(|s| s.to_string())"
The 054 line is "}"
The 055 line is ""
The 056 line is "/// Builder that can be used to configure the properties of a process"
The 057 line is "/// that will join an existing container sandbox"
Pay attention to the new content. Ensure that it aligns with the new parameters.

2026-07-25 17:13:33.877 | INFO     | metagpt.roles.di.role_zero:_act:294 - Commands outputs: 
Command Editor.edit_file_by_replace executed: Traceback (most recent call last):
  File "/home/aludy/scires/Cloud_Spec_Exp/external/baselines/MetaGPT/metagpt/roles/di/role_zero.py", line 401, in _run_commands
    tool_output = tool_obj(**cmd["args"])
  File "/home/aludy/scires/Cloud_Spec_Exp/external/baselines/MetaGPT/metagpt/tools/libs/editor.py", line 813, in edit_file_by_replace
    raise ValueError(mismatch_error)
ValueError: Error: The `last_replaced_line_number` does not match the `last_replaced_line_content`. Please correct the parameters.
The `last_replaced_line_number` is 54 and the corresponding content is "}".
But the `last_replaced_line_content ` is "        .map(|s| s.to_string())".
The content around the specified line is:
The 051 line is "        .iter()"
The 052 line is "        .next_back()"
The 053 line is "        .map(|s| s.to_string())"
The 054 line is "}"
The 055 line is ""
The 056 line is "/// Builder that can be used to configure the properties of a process"
The 057 line is "/// that will join an existing container sandbox"
Pay attention to the new content. Ensure that it aligns with the new parameters.


2026-07-25 17:13:37.449 | INFO     | metagpt.roles.di.role_zero:_act:292 - Commands: 
[{'command_name': 'Editor.edit_file_by_replace', 'args': {'file_name': '/home/aludy/scires/Cloud_Spec_Exp/external/worktrees/oci-metagpt-agentless-mini-rerun/metagpt/youki-3428/crates/libcontainer/src/container/tenant_builder.rs', 'first_replaced_line_number': 36, 'first_replaced_line_content': 'fn get_path_from_spec(spec: &Spec) -> Option<String> {', 'last_replaced_line_number': 54, 'last_replaced_line_content': '}', 'new_content': ''}}]
2026-07-25 17:13:37.450 | ERROR    | metagpt.roles.di.role_zero:_run_commands:407 - list index out of rangeTraceback (most recent call last):
  File "/home/aludy/scires/Cloud_Spec_Exp/external/baselines/MetaGPT/metagpt/tools/libs/editor.py", line 563, in _edit_file_impl
    original_lint_error, _ = self._lint_file(file_name)
  File "/home/aludy/scires/Cloud_Spec_Exp/external/baselines/MetaGPT/metagpt/tools/libs/editor.py", line 211, in _lint_file
    lint_error = linter.lint(str(file_path))
  File "/home/aludy/scires/Cloud_Spec_Exp/external/baselines/MetaGPT/metagpt/tools/libs/linter.py", line 98, in lint
    linkres = basic_lint(absolute_fname, code)
  File "/home/aludy/scires/Cloud_Spec_Exp/external/baselines/MetaGPT/metagpt/tools/libs/linter.py", line 158, in basic_lint
    parser = get_parser(lang)
  File "tree_sitter_languages/core.pyx", line 19, in tree_sitter_languages.core.get_parser
  File "tree_sitter_languages/core.pyx", line 14, in tree_sitter_languages.core.get_language
TypeError: __init__() takes exactly 1 argument (2 given)

During handling of the above exception, another exception occurred:

Traceback (most recent call last):
  File "/home/aludy/scires/Cloud_Spec_Exp/external/baselines/MetaGPT/metagpt/roles/di/role_zero.py", line 401, in _run_commands
    tool_output = tool_obj(**cmd["args"])
  File "/home/aludy/scires/Cloud_Spec_Exp/external/baselines/MetaGPT/metagpt/tools/libs/editor.py", line 814, in edit_file_by_replace
    ret_str = self._edit_file_impl(
  File "/home/aludy/scires/Cloud_Spec_Exp/external/baselines/MetaGPT/metagpt/tools/libs/editor.py", line 667, in _edit_file_impl
    guidance_message = self._get_indentation_info(content, start or len(lines))
  File "/home/aludy/scires/Cloud_Spec_Exp/external/baselines/MetaGPT/metagpt/tools/libs/editor.py", line 495, in _get_indentation_info
    pre_line = content_lines[first_line - 2] if first_line - 2 >= 0 else ""
IndexError: list index out of range

Traceback (most recent call last):

  File "/home/aludy/scires/Cloud_Spec_Exp/external/baselines/MetaGPT/metagpt/tools/libs/editor.py", line 563, in _edit_file_impl
    original_lint_error, _ = self._lint_file(file_name)
                             │    │          └ PosixPath('/home/aludy/scires/Cloud_Spec_Exp/external/worktrees/oci-metagpt-agentless-mini-rerun/metagpt/youki-3428/crates/li...
                             │    └ <function Editor._lint_file at 0x7059267c08b0>
                             └ Editor(resource=EditorReporter(block=<BlockType.EDITOR: 'Editor'>, uuid=UUID('eb4e28b7-db6b-4029-aaf4-970cc30c3f6b'), enable_...

  File "/home/aludy/scires/Cloud_Spec_Exp/external/baselines/MetaGPT/metagpt/tools/libs/editor.py", line 211, in _lint_file
    lint_error = linter.lint(str(file_path))
                 │      │        └ PosixPath('/home/aludy/scires/Cloud_Spec_Exp/external/worktrees/oci-metagpt-agentless-mini-rerun/metagpt/youki-3428/crates/li...
                 │      └ <function Linter.lint at 0x7059267cff40>
                 └ <metagpt.tools.libs.linter.Linter object at 0x70591a741d80>

  File "/home/aludy/scires/Cloud_Spec_Exp/external/baselines/MetaGPT/metagpt/tools/libs/linter.py", line 98, in lint
    linkres = basic_lint(absolute_fname, code)
              │          │               └ 'use std::collections::HashMap;\nuse std::convert::TryFrom;\nuse std::ffi::{OsStr, OsString};\nuse std::fs;\nuse std::io::Buf...
              │          └ '/home/aludy/scires/Cloud_Spec_Exp/external/worktrees/oci-metagpt-agentless-mini-rerun/metagpt/youki-3428/crates/libcontainer...
              └ <function basic_lint at 0x7059267c01f0>

  File "/home/aludy/scires/Cloud_Spec_Exp/external/baselines/MetaGPT/metagpt/tools/libs/linter.py", line 158, in basic_lint
    parser = get_parser(lang)
             │          └ 'rust'
             └ <cyfunction get_parser at 0x705926842dc0>

  File "tree_sitter_languages/core.pyx", line 19, in tree_sitter_languages.core.get_parser
  File "tree_sitter_languages/core.pyx", line 14, in tree_sitter_languages.core.get_language

TypeError: __init__() takes exactly 1 argument (2 given)


During handling of the above exception, another exception occurred:


Traceback (most recent call last):

  File "/home/aludy/scires/Cloud_Spec_Exp/baselines/metagpt/launch.py", line 307, in <module>
    raise SystemExit(main())
                     └ <function main at 0x7059dde46ef0>

  File "/home/aludy/scires/Cloud_Spec_Exp/baselines/metagpt/launch.py", line 277, in main
    result = generate_repo(**supported)
             │               └ {'idea': 'Fix OCI runtime bug case youki-3428.\n\nTarget runtime: youki\nTitle: [Bug]: config.json env is not inherited into ...
             └ <function generate_repo at 0x705925475cf0>

  File "/home/aludy/scires/Cloud_Spec_Exp/external/baselines/MetaGPT/metagpt/software_company.py", line 72, in generate_repo
    asyncio.run(company.run(n_round=n_round, idea=idea))
    │       │   │       │           │             └ 'Fix OCI runtime bug case youki-3428.\n\nTarget runtime: youki\nTitle: [Bug]: config.json env is not inherited into processes...
    │       │   │       │           └ 10
    │       │   │       └ <function serialize_decorator.<locals>.wrapper at 0x70591b3d01f0>
    │       │   └ Team(env=MGXEnv(), investment=3.0, idea='Fix OCI runtime bug case youki-3428.\n\nTarget runtime: youki\nTitle: [Bug]: config....
    │       └ <function run at 0x7059dba9d750>
    └ <module 'asyncio' from '/home/aludy/miniconda3/envs/metagpt/lib/python3.10/asyncio/__init__.py'>

  File "/home/aludy/miniconda3/envs/metagpt/lib/python3.10/asyncio/runners.py", line 44, in run
    return loop.run_until_complete(main)
           │    │                  └ <coroutine object serialize_decorator.<locals>.wrapper at 0x70591b0f3ca0>
           │    └ <function BaseEventLoop.run_until_complete at 0x7059dba9f130>
           └ <_UnixSelectorEventLoop running=True closed=False debug=False>
  File "/home/aludy/miniconda3/envs/metagpt/lib/python3.10/asyncio/base_events.py", line 636, in run_until_complete
    self.run_forever()
    │    └ <function BaseEventLoop.run_forever at 0x7059dba9f0a0>
    └ <_UnixSelectorEventLoop running=True closed=False debug=False>
  File "/home/aludy/miniconda3/envs/metagpt/lib/python3.10/asyncio/base_events.py", line 603, in run_forever
    self._run_once()
    │    └ <function BaseEventLoop._run_once at 0x7059dbaa0c10>
    └ <_UnixSelectorEventLoop running=True closed=False debug=False>
  File "/home/aludy/miniconda3/envs/metagpt/lib/python3.10/asyncio/base_events.py", line 1909, in _run_once
    handle._run()
    │      └ <function Handle._run at 0x7059dba50280>
    └ <Handle Task.task_wakeup(<Task finishe...> result=None>)>
  File "/home/aludy/miniconda3/envs/metagpt/lib/python3.10/asyncio/events.py", line 80, in _run
    self._context.run(self._callback, *self._args)
    │    │            │    │           │    └ <member '_args' of 'Handle' objects>
    │    │            │    │           └ <Handle Task.task_wakeup(<Task finishe...> result=None>)>
    │    │            │    └ <member '_callback' of 'Handle' objects>
    │    │            └ <Handle Task.task_wakeup(<Task finishe...> result=None>)>
    │    └ <member '_context' of 'Handle' objects>
    └ <Handle Task.task_wakeup(<Task finishe...> result=None>)>

  File "/home/aludy/scires/Cloud_Spec_Exp/external/baselines/MetaGPT/metagpt/utils/common.py", line 692, in wrapper
    return await func(self, *args, **kwargs)
                 │    │      │       └ {}
                 │    │      └ ()
                 │    └ Engineer2(private_context=Context(kwargs=AttrDict(), config=Config(extra_fields=None, project_path='/home/aludy/scires/Cloud_...
                 └ <function Role.run at 0x70591be925f0>

  File "/home/aludy/scires/Cloud_Spec_Exp/external/baselines/MetaGPT/metagpt/roles/role.py", line 548, in run
    rsp = await self.react()
                │    └ <function Role.react at 0x70591be924d0>
                └ Engineer2(private_context=Context(kwargs=AttrDict(), config=Config(extra_fields=None, project_path='/home/aludy/scires/Cloud_...

  File "/home/aludy/scires/Cloud_Spec_Exp/external/baselines/MetaGPT/metagpt/roles/role.py", line 515, in react
    rsp = await self._react()
                │    └ <function RoleZero._react at 0x70591bd91f30>
                └ Engineer2(private_context=Context(kwargs=AttrDict(), config=Config(extra_fields=None, project_path='/home/aludy/scires/Cloud_...

  File "/home/aludy/scires/Cloud_Spec_Exp/external/baselines/MetaGPT/metagpt/roles/di/role_zero.py", line 324, in _react
    rsp = await self._act()
                │    └ <function RoleZero._act at 0x70591bd91ea0>
                └ Engineer2(private_context=Context(kwargs=AttrDict(), config=Config(extra_fields=None, project_path='/home/aludy/scires/Cloud_...

  File "/home/aludy/scires/Cloud_Spec_Exp/external/baselines/MetaGPT/metagpt/roles/di/role_zero.py", line 293, in _act
    outputs = await self._run_commands(commands)
                    │    │             └ [{'command_name': 'Editor.edit_file_by_replace', 'args': {'file_name': '/home/aludy/scires/Cloud_Spec_Exp/external/worktrees/...
                    │    └ <function RoleZero._run_commands at 0x70591bd920e0>
                    └ Engineer2(private_context=Context(kwargs=AttrDict(), config=Config(extra_fields=None, project_path='/home/aludy/scires/Cloud_...

> File "/home/aludy/scires/Cloud_Spec_Exp/external/baselines/MetaGPT/metagpt/roles/di/role_zero.py", line 401, in _run_commands
    tool_output = tool_obj(**cmd["args"])
                  │          └ {'command_name': 'Editor.edit_file_by_replace', 'args': {'file_name': '/home/aludy/scires/Cloud_Spec_Exp/external/worktrees/o...
                  └ <bound method Editor.edit_file_by_replace of Editor(resource=EditorReporter(block=<BlockType.EDITOR: 'Editor'>, uuid=UUID('eb...

  File "/home/aludy/scires/Cloud_Spec_Exp/external/baselines/MetaGPT/metagpt/tools/libs/editor.py", line 814, in edit_file_by_replace
    ret_str = self._edit_file_impl(
              │    └ <function Editor._edit_file_impl at 0x7059267c1120>
              └ Editor(resource=EditorReporter(block=<BlockType.EDITOR: 'Editor'>, uuid=UUID('eb4e28b7-db6b-4029-aaf4-970cc30c3f6b'), enable_...

  File "/home/aludy/scires/Cloud_Spec_Exp/external/baselines/MetaGPT/metagpt/tools/libs/editor.py", line 667, in _edit_file_impl
    guidance_message = self._get_indentation_info(content, start or len(lines))
                       │    │                     │        └ 36
                       │    │                     └ ''
                       │    └ <function Editor._get_indentation_info at 0x7059267c1090>
                       └ Editor(resource=EditorReporter(block=<BlockType.EDITOR: 'Editor'>, uuid=UUID('eb4e28b7-db6b-4029-aaf4-970cc30c3f6b'), enable_...

  File "/home/aludy/scires/Cloud_Spec_Exp/external/baselines/MetaGPT/metagpt/tools/libs/editor.py", line 495, in _get_indentation_info
    pre_line = content_lines[first_line - 2] if first_line - 2 >= 0 else ""
               │             │                  └ 36
               │             └ 36
               └ ['']

IndexError: list index out of range
2026-07-25 17:13:37.500 | INFO     | metagpt.roles.di.role_zero:_act:294 - Commands outputs: 
Command Editor.edit_file_by_replace executed: Traceback (most recent call last):
  File "/home/aludy/scires/Cloud_Spec_Exp/external/baselines/MetaGPT/metagpt/tools/libs/editor.py", line 563, in _edit_file_impl
    original_lint_error, _ = self._lint_file(file_name)
  File "/home/aludy/scires/Cloud_Spec_Exp/external/baselines/MetaGPT/metagpt/tools/libs/editor.py", line 211, in _lint_file
    lint_error = linter.lint(str(file_path))
  File "/home/aludy/scires/Cloud_Spec_Exp/external/baselines/MetaGPT/metagpt/tools/libs/linter.py", line 98, in lint
    linkres = basic_lint(absolute_fname, code)
  File "/home/aludy/scires/Cloud_Spec_Exp/external/baselines/MetaGPT/metagpt/tools/libs/linter.py", line 158, in basic_lint
    parser = get_parser(lang)
  File "tree_sitter_languages/core.pyx", line 19, in tree_sitter_languages.core.get_parser
  File "tree_sitter_languages/core.pyx", line 14, in tree_sitter_languages.core.get_language
TypeError: __init__() takes exactly 1 argument (2 given)

During handling of the above exception, another exception occurred:

Traceback (most recent call last):
  File "/home/aludy/scires/Cloud_Spec_Exp/external/baselines/MetaGPT/metagpt/roles/di/role_zero.py", line 401, in _run_commands
    tool_output = tool_obj(**cmd["args"])
  File "/home/aludy/scires/Cloud_Spec_Exp/external/baselines/MetaGPT/metagpt/tools/libs/editor.py", line 814, in edit_file_by_replace
    ret_str = self._edit_file_impl(
  File "/home/aludy/scires/Cloud_Spec_Exp/external/baselines/MetaGPT/metagpt/tools/libs/editor.py", line 667, in _edit_file_impl
    guidance_message = self._get_indentation_info(content, start or len(lines))
  File "/home/aludy/scires/Cloud_Spec_Exp/external/baselines/MetaGPT/metagpt/tools/libs/editor.py", line 495, in _get_indentation_info
    pre_line = content_lines[first_line - 2] if first_line - 2 >= 0 else ""
IndexError: list index out of range

2026-07-25 17:13:42.416 | INFO     | metagpt.roles.di.role_zero:_act:292 - Commands: 
[{'command_name': 'Terminal.run_command', 'args': {'cmd': "cd /home/aludy/scires/Cloud_Spec_Exp/external/worktrees/oci-metagpt-agentless-mini-rerun/metagpt/youki-3428 && sed -i '36,54d' crates/libcontainer/src/container/tenant_builder.rs && head -35 crates/libcontainer/src/container/tenant_builder.rs"}}]
2026-07-25 17:13:42.420 | INFO     | metagpt.roles.di.role_zero:_act:294 - Commands outputs: 
Command Terminal.run_command executed:
[command]: cd /home/aludy/scires/Cloud_Spec_Exp/external/worktrees/oci-metagpt-agentless-mini-rerun/metagpt/youki-3428 && sed -i '36,54d' crates/libcontainer/src/container/tenant_builder.rs && head -35 crates/libcontainer/src/container/tenant_builder.rs 
[command output] : use std::collections::HashMap;
use std::convert::TryFrom;
use std::ffi::{OsStr, OsString};
use std::fs;
use std::io::BufReader;
use std::os::fd::{AsRawFd, OwnedFd};
use std::path::{Path, PathBuf};
use std::rc::Rc;
use std::str::FromStr;

use caps::Capability;
use nix::fcntl::OFlag;
use nix::unistd::{Pid, pipe2, read};
use oci_spec::runtime::{
    Capabilities as SpecCapabilities, Capability as SpecCapability, LinuxBuilder,
    LinuxCapabilities, LinuxCapabilitiesBuilder, LinuxNamespace, LinuxNamespaceBuilder,
    LinuxNamespaceType, LinuxSchedulerPolicy, Process, ProcessBuilder, Spec, UserBuilder,
};
use procfs::process::Namespace;

use super::Container;
use super::builder::ContainerBuilder;
use crate::capabilities::CapabilityExt;
use crate::container::builder_impl::ContainerBuilderImpl;
use crate::error::{ErrInvalidSpec, LibcontainerError, MissingSpecError};
use crate::notify_socket::NotifySocket;
use crate::process::args::ContainerType;
use crate::syscall::syscall::create_syscall;
use crate::user_ns::UserNamespaceConfig;
use crate::{tty, utils};

const NAMESPACE_TYPES: &[&str] = &["ipc", "uts", "net", "pid", "mnt", "cgroup"];
const TENANT_NOTIFY: &str = "tenant-notify-";
const TENANT_TTY: &str = "tenant-tty-";


2026-07-25 17:13:45.152 | INFO     | metagpt.roles.di.role_zero:_act:292 - Commands: 
[{'command_name': 'Editor.open_file', 'args': {'path': '/home/aludy/scires/Cloud_Spec_Exp/external/worktrees/oci-metagpt-agentless-mini-rerun/metagpt/youki-3428/crates/libcontainer/src/container/tenant_builder.rs', 'line_number': 35, 'context_lines': 200}}]
2026-07-25 17:13:45.153 | INFO     | metagpt.roles.di.role_zero:_act:294 - Commands outputs: 
Command Editor.open_file executed: [File: /home/aludy/scires/Cloud_Spec_Exp/external/worktrees/oci-metagpt-agentless-mini-rerun/metagpt/youki-3428/crates/libcontainer/src/container/tenant_builder.rs (778 lines total)]
(this is the beginning of the file)
001|use std::collections::HashMap;
002|use std::convert::TryFrom;
003|use std::ffi::{OsStr, OsString};
004|use std::fs;
005|use std::io::BufReader;
006|use std::os::fd::{AsRawFd, OwnedFd};
007|use std::path::{Path, PathBuf};
008|use std::rc::Rc;
009|use std::str::FromStr;
010|
011|use caps::Capability;
012|use nix::fcntl::OFlag;
013|use nix::unistd::{Pid, pipe2, read};
014|use oci_spec::runtime::{
015|    Capabilities as SpecCapabilities, Capability as SpecCapability, LinuxBuilder,
016|    LinuxCapabilities, LinuxCapabilitiesBuilder, LinuxNamespace, LinuxNamespaceBuilder,
017|    LinuxNamespaceType, LinuxSchedulerPolicy, Process, ProcessBuilder, Spec, UserBuilder,
018|};
019|use procfs::process::Namespace;
020|
021|use super::Container;
022|use super::builder::ContainerBuilder;
023|use crate::capabilities::CapabilityExt;
024|use crate::container::builder_impl::ContainerBuilderImpl;
025|use crate::error::{ErrInvalidSpec, LibcontainerError, MissingSpecError};
026|use crate::notify_socket::NotifySocket;
027|use crate::process::args::ContainerType;
028|use crate::syscall::syscall::create_syscall;
029|use crate::user_ns::UserNamespaceConfig;
030|use crate::{tty, utils};
031|
032|const NAMESPACE_TYPES: &[&str] = &["ipc", "uts", "net", "pid", "mnt", "cgroup"];
033|const TENANT_NOTIFY: &str = "tenant-notify-";
034|const TENANT_TTY: &str = "tenant-tty-";
035|
036|
037|/// Builder that can be used to configure the properties of a process
038|/// that will join an existing container sandbox
039|pub struct TenantContainerBuilder {
040|    base: ContainerBuilder,
041|    env: HashMap<String, String>,
042|    cwd: Option<PathBuf>,
043|    args: Vec<String>,
044|    no_new_privs: Option<bool>,
045|    capabilities: Vec<String>,
046|    process: Option<PathBuf>,
047|    detached: bool,
048|    as_sibling: bool,
049|    additional_gids: Vec<u32>,
050|    user: Option<u32>,
051|    group: Option<u32>,
052|}
053|
054|/// This is a helper function to get capabilities for tenant container, based on
055|/// additional capabilities provided by user and capabilities of existing container
056|/// extracted into separate function for easier testing
057|fn get_capabilities(
058|    additional: &[String],
059|    spec: &Spec,
060|) -> Result<LinuxCapabilities, LibcontainerError> {
061|    let mut caps: Vec<Capability> = Vec::with_capacity(additional.len());
062|    for cap in additional {
063|        caps.push(Capability::from_str(cap)?);
064|    }
065|    let caps: SpecCapabilities = caps.iter().map(|c| SpecCapability::from_cap(*c)).collect();
066|
067|    if let Some(spec_caps) = spec
068|        .process()
069|        .as_ref()
070|        .ok_or(MissingSpecError::Process)?
071|        .capabilities()
072|    {
073|        let mut capabilities_builder = LinuxCapabilitiesBuilder::default();
074|
075|        let bounding: SpecCapabilities = match spec_caps.bounding() {
076|            Some(bounding) => bounding.union(&caps).copied().collect(),
077|            None => SpecCapabilities::new().union(&caps).copied().collect(),
078|        };
079|        capabilities_builder = capabilities_builder.bounding(bounding);
080|
081|        let effective: SpecCapabilities = match spec_caps.effective() {
082|            Some(effective) => effective.union(&caps).copied().collect(),
083|            None => SpecCapabilities::new().union(&caps).copied().collect(),
084|        };
085|        capabilities_builder = capabilities_builder.effective(effective);
086|
087|        let permitted: SpecCapabilities = match spec_caps.permitted() {
088|            Some(permitted) => permitted.union(&caps).copied().collect(),
089|            None => SpecCapabilities::new().union(&caps).copied().collect(),
090|        };
091|        capabilities_builder = capabilities_builder.permitted(permitted);
092|
093|        // ambient capabilities are only useful when inherent capabilities
094|        // are set. Hence we check and set accordingly. Inherent capabilities
095|        // are never set from user as that can lead to vulnerability like
096|        // https://github.com/advisories/GHSA-f3fp-gc8g-vw66
097|        // Hence, we follow runc's code and set things similarly.
098|        let caps = if let Some(inheritable) = spec_caps.inheritable() {
099|            let ambient: SpecCapabilities = match spec_caps.ambient() {
100|                Some(ambient) => ambient.union(&caps).copied().collect(),
101|                None => SpecCapabilities::new().union(&caps).copied().collect(),
102|            };
103|            capabilities_builder = capabilities_builder.ambient(ambient);
104|            capabilities_builder = capabilities_builder.inheritable(inheritable.clone());
105|            capabilities_builder.build()?
106|        } else {
107|            let mut caps = capabilities_builder.build()?;
108|            // oci-spec-rs sets these to some default caps, so we reset them here
109|            caps.set_inheritable(None);
110|            caps.set_ambient(None);
111|            caps
112|        };
113|
114|        return Ok(caps);
115|    }
116|
117|    // If there are no caps in original container's spec,
118|    // we simply set given caps , excluding the inherent and ambient
119|    let mut caps = LinuxCapabilitiesBuilder::default()
120|        .bounding(caps.clone())
121|        .effective(caps.clone())
122|        .permitted(caps.clone())
123|        .build()?;
124|    caps.set_inheritable(None);
125|    caps.set_ambient(None);
126|    Ok(caps)
127|}
128|
129|impl TenantContainerBuilder {
130|    /// Generates the base configuration for a process that will join
131|    /// an existing container sandbox from which configuration methods
132|    /// can be chained
133|    pub(super) fn new(builder: ContainerBuilder) -> Self {
134|        Self {
135|            base: builder,
136|            env: HashMap::new(),
137|            cwd: None,
138|            args: Vec::new(),
139|            no_new_privs: None,
140|            capabilities: Vec::new(),
141|            process: None,
142|            detached: false,
143|            as_sibling: false,
144|            additional_gids: vec![],
145|            user: None,
146|            group: None,
147|        }
148|    }
149|
150|    /// Sets environment variables for the container
151|    pub fn with_env(mut self, env: HashMap<String, String>) -> Self {
152|        self.env = env;
153|        self
154|    }
155|
156|    /// Sets the working directory of the container
157|    pub fn with_cwd<P: Into<PathBuf>>(mut self, path: Option<P>) -> Self {
158|        self.cwd = path.map(|p| p.into());
159|        self
160|    }
161|
162|    /// Sets the command the container will be started with
163|    pub fn with_container_args(mut self, args: Vec<String>) -> Self {
164|        self.args = args;
165|        self
166|    }
167|
168|    pub fn with_no_new_privs(mut self, no_new_privs: bool) -> Self {
169|        self.no_new_privs = Some(no_new_privs);
170|        self
171|    }
172|
173|    pub fn with_capabilities(mut self, capabilities: Vec<String>) -> Self {
174|        self.capabilities = capabilities;
175|        self
176|    }
177|
178|    pub fn with_process<P: Into<PathBuf>>(mut self, path: Option<P>) -> Self {
179|        self.process = path.map(|p| p.into());
180|        self
181|    }
182|
183|    /// Sets if the init process should be run as a child or a sibling of
184|    /// the calling process
185|    pub fn as_sibling(mut self, as_sibling: bool) -> Self {
186|        self.as_sibling = as_sibling;
187|        self
188|    }
189|
190|    pub fn with_detach(mut self, detached: bool) -> Self {
191|        self.detached = detached;
192|        self
193|    }
194|
195|    pub fn with_additional_gids(mut self, gids: Vec<u32>) -> Self {
196|        self.additional_gids = gids;
197|        self
198|    }
199|
200|    pub fn with_user(mut self, user: Option<u32>) -> Self {
(578 more lines below)
2026-07-25 17:13:48.214 | INFO     | metagpt.roles.di.role_zero:_act:292 - Commands: 
[{'command_name': 'Editor.goto_line', 'args': {'line_number': 400}}]
2026-07-25 17:13:48.215 | INFO     | metagpt.roles.di.role_zero:_act:294 - Commands outputs: 
Command Editor.goto_line executed: [File: /home/aludy/scires/Cloud_Spec_Exp/external/worktrees/oci-metagpt-agentless-mini-rerun/metagpt/youki-3428/crates/libcontainer/src/container/tenant_builder.rs (778 lines total)]
(299 more lines above)
300|    }
301|
302|    fn load_init_spec(&self, container: &Container) -> Result<Spec, LibcontainerError> {
303|        let spec_path = container.bundle().join("config.json");
304|
305|        let mut spec = Spec::load(&spec_path).map_err(|err| {
306|            tracing::error!(path = ?spec_path, ?err, "failed to load spec");
307|            err
308|        })?;
309|
310|        Self::validate_spec(&spec)?;
311|
312|        spec.canonicalize_rootfs(container.bundle())?;
313|        Ok(spec)
314|    }
315|
316|    fn validate_spec(spec: &Spec) -> Result<(), LibcontainerError> {
317|        let version = spec.version();
318|        if !version.starts_with("1.") {
319|            tracing::error!(
320|                "runtime spec has incompatible version '{}'. Only 1.X.Y is supported",
321|                spec.version()
322|            );
323|            Err(ErrInvalidSpec::UnsupportedVersion)?;
324|        }
325|
326|        if let Some(process) = spec.process() {
327|            if let Some(io_priority) = process.io_priority() {
328|                let priority = io_priority.priority();
329|                let iop_class_res = serde_json::to_string(&io_priority.class());
330|                match iop_class_res {
331|                    Ok(iop_class) => {
332|                        if !(0..=7).contains(&priority) {
333|                            tracing::error!(
334|                                ?priority,
335|                                "io priority '{}' not between 0 and 7 (inclusive), class '{}' not in (IO_PRIO_CLASS_RT,IO_PRIO_CLASS_BE,IO_PRIO_CLASS_IDLE)",
336|                                priority,
337|                                iop_class
338|                            );
339|                            Err(ErrInvalidSpec::IoPriority)?;
340|                        }
341|                    }
342|                    Err(e) => {
343|                        tracing::error!(?priority, ?e, "failed to parse io priority class");
344|                        Err(ErrInvalidSpec::IoPriority)?;
345|                    }
346|                }
347|            }
348|
349|            if let Some(sc) = process.scheduler() {
350|                let policy = sc.policy();
351|                if let Some(nice) = sc.nice() {
352|                    // https://man7.org/linux/man-pages/man2/sched_setattr.2.html#top_of_page
353|                    if (*policy == LinuxSchedulerPolicy::SchedBatch
354|                        || *policy == LinuxSchedulerPolicy::SchedOther)
355|                        && (*nice < -20 || *nice > 19)
356|                    {
357|                        tracing::error!(
358|                            ?nice,
359|                            "invalid scheduler.nice: '{}', must be within -20 to 19",
360|                            nice
361|                        );
362|                        Err(ErrInvalidSpec::Scheduler)?;
363|                    }
364|                }
365|                if let Some(priority) = sc.priority() {
366|                    if *priority != 0
367|                        && (*policy != LinuxSchedulerPolicy::SchedFifo
368|                            && *policy != LinuxSchedulerPolicy::SchedRr)
369|                    {
370|                        tracing::error!(
371|                            ?policy,
372|                            "scheduler.priority can only be specified for SchedFIFO or SchedRR policy"
373|                        );
374|                        Err(ErrInvalidSpec::Scheduler)?;
375|                    }
376|                }
377|                if *policy != LinuxSchedulerPolicy::SchedDeadline {
378|                    if let Some(runtime) = sc.runtime() {
379|                        if *runtime != 0 {
380|                            tracing::error!(
381|                                ?runtime,
382|                                "scheduler runtime can only be specified for SchedDeadline policy"
383|                            );
384|                            Err(ErrInvalidSpec::Scheduler)?;
385|                        }
386|                    }
387|                    if let Some(deadline) = sc.deadline() {
388|                        if *deadline != 0 {
389|                            tracing::error!(
390|                                ?deadline,
391|                                "scheduler deadline can only be specified for SchedDeadline policy"
392|                            );
393|                            Err(ErrInvalidSpec::Scheduler)?;
394|                        }
395|                    }
396|                    if let Some(period) = sc.period() {
397|                        if *period != 0 {
398|                            tracing::error!(
399|                                ?period,
400|                                "scheduler period can only be specified for SchedDeadline policy"
401|                            );
402|                            Err(ErrInvalidSpec::Scheduler)?;
403|                        }
404|                    }
405|                }
406|            }
407|        }
408|
409|        if let Some(mounts) = spec.mounts() {
410|            utils::validate_mount_options(mounts)?;
411|        }
412|
413|        let syscall = create_syscall();
414|        utils::validate_spec_for_new_user_ns(spec, &*syscall)?;
415|        utils::validate_spec_for_net_devices(spec, &*syscall)
416|            .map_err(LibcontainerError::NetDevicesError)?;
417|
418|        Ok(())
419|    }
420|
421|    fn load_container_state(&self, container_dir: PathBuf) -> Result<Container, LibcontainerError> {
422|        let container = Container::load(container_dir)?;
423|        if !container.can_exec() {
424|            tracing::error!(status = ?container.status(), "cannot exec as container");
425|            return Err(LibcontainerError::IncorrectStatus(container.status()));
426|        }
427|
428|        Ok(container)
429|    }
430|
431|    fn adapt_spec_for_tenant(
432|        &self,
433|        spec: &mut Spec,
434|        container: &Container,
435|    ) -> Result<(), LibcontainerError> {
436|        let process = if let Some(process) = &self.process {
437|            self.get_process(process)?
438|        } else {
439|            let original_path_env = get_path_from_spec(spec);
440|            let mut process_builder = ProcessBuilder::default()
441|                .args(self.get_args()?)
442|                .env(self.get_environment(original_path_env));
443|            if let Some(cwd) = self.get_working_dir()? {
444|                process_builder = process_builder.cwd(cwd);
445|            }
446|
447|            if let Some(process) = spec.process() {
448|                if let Some(cpu_affinity) = process.exec_cpu_affinity() {
449|                    process_builder = process_builder.exec_cpu_affinity(cpu_affinity.clone());
450|                }
451|            }
452|
453|            if let Some(no_new_priv) = self.get_no_new_privileges() {
454|                process_builder = process_builder.no_new_privileges(no_new_priv);
455|            }
456|
457|            let capabilities = get_capabilities(&self.capabilities, spec)?;
458|            process_builder = process_builder.capabilities(capabilities);
459|
460|            let mut user_builder = UserBuilder::default();
461|
462|            if !self.additional_gids.is_empty() {
463|                user_builder = user_builder.additional_gids(self.additional_gids.clone());
464|            }
465|
466|            if let Some(uid) = self.user {
467|                user_builder = user_builder.uid(uid);
468|            }
469|
470|            if let Some(gid) = self.group {
471|                user_builder = user_builder.gid(gid);
472|            }
473|
474|            process_builder = process_builder.user(user_builder.build()?);
475|
476|            process_builder.build()?
477|        };
478|
479|        let container_pid = container.pid().ok_or(LibcontainerError::Other(
480|            "could not retrieve container init pid".into(),
481|        ))?;
482|
483|        let init_process = procfs::process::Process::new(container_pid.as_raw())?;
484|        let ns = self.get_namespaces(init_process.namespaces()?.0)?;
485|
486|        // it should never be the case that linux is not present in spec
487|        let spec_linux = spec.linux().as_ref().unwrap();
488|        let mut linux_builder = LinuxBuilder::default().namespaces(ns);
489|
490|        if let Some(cgroup_path) = spec_linux.cgroups_path() {
491|            linux_builder = linux_builder.cgroups_path(cgroup_path.clone());
492|        }
493|
494|        if let Some(personality) = spec_linux.personality() {
495|            linux_builder = linux_builder.personality(personality.clone());
496|        }
497|
498|        let linux = linux_builder.build()?;
499|        spec.set_process(Some(process)).set_linux(Some(linux));
500|
(278 more lines below)
2026-07-25 17:13:53.620 | INFO     | metagpt.roles.di.role_zero:_act:292 - Commands: 
[{'command_name': 'Editor.edit_file_by_replace', 'args': {'file_name': '/home/aludy/scires/Cloud_Spec_Exp/external/worktrees/oci-metagpt-agentless-mini-rerun/metagpt/youki-3428/crates/libcontainer/src/container/tenant_builder.rs', 'first_replaced_line_number': 439, 'first_replaced_line_content': '            let original_path_env = get_path_from_spec(spec);', 'last_replaced_line_number': 442, 'last_replaced_line_content': '                .env(self.get_environment(original_path_env));', 'new_content': "            // Use the spec's process env as the baseline for exec.\n            let spec_env = spec\n                .process()\n                .as_ref()\n                .and_then(|p| p.env().as_ref().cloned())\n                .unwrap_or_default();\n            let mut process_builder = ProcessBuilder::default()\n                .args(self.get_args()?)\n                .env(self.get_environment(spec_env));"}}]
2026-07-25 17:13:53.620 | ERROR    | metagpt.roles.di.role_zero:_run_commands:407 - list index out of rangeTraceback (most recent call last):
  File "/home/aludy/scires/Cloud_Spec_Exp/external/baselines/MetaGPT/metagpt/tools/libs/editor.py", line 563, in _edit_file_impl
    original_lint_error, _ = self._lint_file(file_name)
  File "/home/aludy/scires/Cloud_Spec_Exp/external/baselines/MetaGPT/metagpt/tools/libs/editor.py", line 211, in _lint_file
    lint_error = linter.lint(str(file_path))
  File "/home/aludy/scires/Cloud_Spec_Exp/external/baselines/MetaGPT/metagpt/tools/libs/linter.py", line 98, in lint
    linkres = basic_lint(absolute_fname, code)
  File "/home/aludy/scires/Cloud_Spec_Exp/external/baselines/MetaGPT/metagpt/tools/libs/linter.py", line 158, in basic_lint
    parser = get_parser(lang)
  File "tree_sitter_languages/core.pyx", line 19, in tree_sitter_languages.core.get_parser
  File "tree_sitter_languages/core.pyx", line 14, in tree_sitter_languages.core.get_language
TypeError: __init__() takes exactly 1 argument (2 given)

During handling of the above exception, another exception occurred:

Traceback (most recent call last):
  File "/home/aludy/scires/Cloud_Spec_Exp/external/baselines/MetaGPT/metagpt/roles/di/role_zero.py", line 401, in _run_commands
    tool_output = tool_obj(**cmd["args"])
  File "/home/aludy/scires/Cloud_Spec_Exp/external/baselines/MetaGPT/metagpt/tools/libs/editor.py", line 814, in edit_file_by_replace
    ret_str = self._edit_file_impl(
  File "/home/aludy/scires/Cloud_Spec_Exp/external/baselines/MetaGPT/metagpt/tools/libs/editor.py", line 667, in _edit_file_impl
    guidance_message = self._get_indentation_info(content, start or len(lines))
  File "/home/aludy/scires/Cloud_Spec_Exp/external/baselines/MetaGPT/metagpt/tools/libs/editor.py", line 495, in _get_indentation_info
    pre_line = content_lines[first_line - 2] if first_line - 2 >= 0 else ""
IndexError: list index out of range

Traceback (most recent call last):

  File "/home/aludy/scires/Cloud_Spec_Exp/external/baselines/MetaGPT/metagpt/tools/libs/editor.py", line 563, in _edit_file_impl
    original_lint_error, _ = self._lint_file(file_name)
                             │    │          └ PosixPath('/home/aludy/scires/Cloud_Spec_Exp/external/worktrees/oci-metagpt-agentless-mini-rerun/metagpt/youki-3428/crates/li...
                             │    └ <function Editor._lint_file at 0x7059267c08b0>
                             └ Editor(resource=EditorReporter(block=<BlockType.EDITOR: 'Editor'>, uuid=UUID('eb4e28b7-db6b-4029-aaf4-970cc30c3f6b'), enable_...

  File "/home/aludy/scires/Cloud_Spec_Exp/external/baselines/MetaGPT/metagpt/tools/libs/editor.py", line 211, in _lint_file
    lint_error = linter.lint(str(file_path))
                 │      │        └ PosixPath('/home/aludy/scires/Cloud_Spec_Exp/external/worktrees/oci-metagpt-agentless-mini-rerun/metagpt/youki-3428/crates/li...
                 │      └ <function Linter.lint at 0x7059267cff40>
                 └ <metagpt.tools.libs.linter.Linter object at 0x70591a7420e0>

  File "/home/aludy/scires/Cloud_Spec_Exp/external/baselines/MetaGPT/metagpt/tools/libs/linter.py", line 98, in lint
    linkres = basic_lint(absolute_fname, code)
              │          │               └ 'use std::collections::HashMap;\nuse std::convert::TryFrom;\nuse std::ffi::{OsStr, OsString};\nuse std::fs;\nuse std::io::Buf...
              │          └ '/home/aludy/scires/Cloud_Spec_Exp/external/worktrees/oci-metagpt-agentless-mini-rerun/metagpt/youki-3428/crates/libcontainer...
              └ <function basic_lint at 0x7059267c01f0>

  File "/home/aludy/scires/Cloud_Spec_Exp/external/baselines/MetaGPT/metagpt/tools/libs/linter.py", line 158, in basic_lint
    parser = get_parser(lang)
             │          └ 'rust'
             └ <cyfunction get_parser at 0x705926842dc0>

  File "tree_sitter_languages/core.pyx", line 19, in tree_sitter_languages.core.get_parser
  File "tree_sitter_languages/core.pyx", line 14, in tree_sitter_languages.core.get_language

TypeError: __init__() takes exactly 1 argument (2 given)


During handling of the above exception, another exception occurred:


Traceback (most recent call last):

  File "/home/aludy/scires/Cloud_Spec_Exp/baselines/metagpt/launch.py", line 307, in <module>
    raise SystemExit(main())
                     └ <function main at 0x7059dde46ef0>

  File "/home/aludy/scires/Cloud_Spec_Exp/baselines/metagpt/launch.py", line 277, in main
    result = generate_repo(**supported)
             │               └ {'idea': 'Fix OCI runtime bug case youki-3428.\n\nTarget runtime: youki\nTitle: [Bug]: config.json env is not inherited into ...
             └ <function generate_repo at 0x705925475cf0>

  File "/home/aludy/scires/Cloud_Spec_Exp/external/baselines/MetaGPT/metagpt/software_company.py", line 72, in generate_repo
    asyncio.run(company.run(n_round=n_round, idea=idea))
    │       │   │       │           │             └ 'Fix OCI runtime bug case youki-3428.\n\nTarget runtime: youki\nTitle: [Bug]: config.json env is not inherited into processes...
    │       │   │       │           └ 10
    │       │   │       └ <function serialize_decorator.<locals>.wrapper at 0x70591b3d01f0>
    │       │   └ Team(env=MGXEnv(), investment=3.0, idea='Fix OCI runtime bug case youki-3428.\n\nTarget runtime: youki\nTitle: [Bug]: config....
    │       └ <function run at 0x7059dba9d750>
    └ <module 'asyncio' from '/home/aludy/miniconda3/envs/metagpt/lib/python3.10/asyncio/__init__.py'>

  File "/home/aludy/miniconda3/envs/metagpt/lib/python3.10/asyncio/runners.py", line 44, in run
    return loop.run_until_complete(main)
           │    │                  └ <coroutine object serialize_decorator.<locals>.wrapper at 0x70591b0f3ca0>
           │    └ <function BaseEventLoop.run_until_complete at 0x7059dba9f130>
           └ <_UnixSelectorEventLoop running=True closed=False debug=False>
  File "/home/aludy/miniconda3/envs/metagpt/lib/python3.10/asyncio/base_events.py", line 636, in run_until_complete
    self.run_forever()
    │    └ <function BaseEventLoop.run_forever at 0x7059dba9f0a0>
    └ <_UnixSelectorEventLoop running=True closed=False debug=False>
  File "/home/aludy/miniconda3/envs/metagpt/lib/python3.10/asyncio/base_events.py", line 603, in run_forever
    self._run_once()
    │    └ <function BaseEventLoop._run_once at 0x7059dbaa0c10>
    └ <_UnixSelectorEventLoop running=True closed=False debug=False>
  File "/home/aludy/miniconda3/envs/metagpt/lib/python3.10/asyncio/base_events.py", line 1909, in _run_once
    handle._run()
    │      └ <function Handle._run at 0x7059dba50280>
    └ <Handle Task.task_wakeup(<Task finishe...> result=None>)>
  File "/home/aludy/miniconda3/envs/metagpt/lib/python3.10/asyncio/events.py", line 80, in _run
    self._context.run(self._callback, *self._args)
    │    │            │    │           │    └ <member '_args' of 'Handle' objects>
    │    │            │    │           └ <Handle Task.task_wakeup(<Task finishe...> result=None>)>
    │    │            │    └ <member '_callback' of 'Handle' objects>
    │    │            └ <Handle Task.task_wakeup(<Task finishe...> result=None>)>
    │    └ <member '_context' of 'Handle' objects>
    └ <Handle Task.task_wakeup(<Task finishe...> result=None>)>

  File "/home/aludy/scires/Cloud_Spec_Exp/external/baselines/MetaGPT/metagpt/utils/common.py", line 692, in wrapper
    return await func(self, *args, **kwargs)
                 │    │      │       └ {}
                 │    │      └ ()
                 │    └ Engineer2(private_context=Context(kwargs=AttrDict(), config=Config(extra_fields=None, project_path='/home/aludy/scires/Cloud_...
                 └ <function Role.run at 0x70591be925f0>

  File "/home/aludy/scires/Cloud_Spec_Exp/external/baselines/MetaGPT/metagpt/roles/role.py", line 548, in run
    rsp = await self.react()
                │    └ <function Role.react at 0x70591be924d0>
                └ Engineer2(private_context=Context(kwargs=AttrDict(), config=Config(extra_fields=None, project_path='/home/aludy/scires/Cloud_...

  File "/home/aludy/scires/Cloud_Spec_Exp/external/baselines/MetaGPT/metagpt/roles/role.py", line 515, in react
    rsp = await self._react()
                │    └ <function RoleZero._react at 0x70591bd91f30>
                └ Engineer2(private_context=Context(kwargs=AttrDict(), config=Config(extra_fields=None, project_path='/home/aludy/scires/Cloud_...

  File "/home/aludy/scires/Cloud_Spec_Exp/external/baselines/MetaGPT/metagpt/roles/di/role_zero.py", line 324, in _react
    rsp = await self._act()
                │    └ <function RoleZero._act at 0x70591bd91ea0>
                └ Engineer2(private_context=Context(kwargs=AttrDict(), config=Config(extra_fields=None, project_path='/home/aludy/scires/Cloud_...

  File "/home/aludy/scires/Cloud_Spec_Exp/external/baselines/MetaGPT/metagpt/roles/di/role_zero.py", line 293, in _act
    outputs = await self._run_commands(commands)
                    │    │             └ [{'command_name': 'Editor.edit_file_by_replace', 'args': {'file_name': '/home/aludy/scires/Cloud_Spec_Exp/external/worktrees/...
                    │    └ <function RoleZero._run_commands at 0x70591bd920e0>
                    └ Engineer2(private_context=Context(kwargs=AttrDict(), config=Config(extra_fields=None, project_path='/home/aludy/scires/Cloud_...

> File "/home/aludy/scires/Cloud_Spec_Exp/external/baselines/MetaGPT/metagpt/roles/di/role_zero.py", line 401, in _run_commands
    tool_output = tool_obj(**cmd["args"])
                  │          └ {'command_name': 'Editor.edit_file_by_replace', 'args': {'file_name': '/home/aludy/scires/Cloud_Spec_Exp/external/worktrees/o...
                  └ <bound method Editor.edit_file_by_replace of Editor(resource=EditorReporter(block=<BlockType.EDITOR: 'Editor'>, uuid=UUID('eb...

  File "/home/aludy/scires/Cloud_Spec_Exp/external/baselines/MetaGPT/metagpt/tools/libs/editor.py", line 814, in edit_file_by_replace
    ret_str = self._edit_file_impl(
              │    └ <function Editor._edit_file_impl at 0x7059267c1120>
              └ Editor(resource=EditorReporter(block=<BlockType.EDITOR: 'Editor'>, uuid=UUID('eb4e28b7-db6b-4029-aaf4-970cc30c3f6b'), enable_...

  File "/home/aludy/scires/Cloud_Spec_Exp/external/baselines/MetaGPT/metagpt/tools/libs/editor.py", line 667, in _edit_file_impl
    guidance_message = self._get_indentation_info(content, start or len(lines))
                       │    │                     │        └ 439
                       │    │                     └ "            // Use the spec's process env as the baseline for exec.\n            let spec_env = spec\n                .proce...
                       │    └ <function Editor._get_indentation_info at 0x7059267c1090>
                       └ Editor(resource=EditorReporter(block=<BlockType.EDITOR: 'Editor'>, uuid=UUID('eb4e28b7-db6b-4029-aaf4-970cc30c3f6b'), enable_...

  File "/home/aludy/scires/Cloud_Spec_Exp/external/baselines/MetaGPT/metagpt/tools/libs/editor.py", line 495, in _get_indentation_info
    pre_line = content_lines[first_line - 2] if first_line - 2 >= 0 else ""
               │             │                  └ 439
               │             └ 439
               └ ["            // Use the spec's process env as the baseline for exec.", '            let spec_env = spec', '                ....

IndexError: list index out of range
2026-07-25 17:13:53.674 | INFO     | metagpt.roles.di.role_zero:_act:294 - Commands outputs: 
Command Editor.edit_file_by_replace executed: Traceback (most recent call last):
  File "/home/aludy/scires/Cloud_Spec_Exp/external/baselines/MetaGPT/metagpt/tools/libs/editor.py", line 563, in _edit_file_impl
    original_lint_error, _ = self._lint_file(file_name)
  File "/home/aludy/scires/Cloud_Spec_Exp/external/baselines/MetaGPT/metagpt/tools/libs/editor.py", line 211, in _lint_file
    lint_error = linter.lint(str(file_path))
  File "/home/aludy/scires/Cloud_Spec_Exp/external/baselines/MetaGPT/metagpt/tools/libs/linter.py", line 98, in lint
    linkres = basic_lint(absolute_fname, code)
  File "/home/aludy/scires/Cloud_Spec_Exp/external/baselines/MetaGPT/metagpt/tools/libs/linter.py", line 158, in basic_lint
    parser = get_parser(lang)
  File "tree_sitter_languages/core.pyx", line 19, in tree_sitter_languages.core.get_parser
  File "tree_sitter_languages/core.pyx", line 14, in tree_sitter_languages.core.get_language
TypeError: __init__() takes exactly 1 argument (2 given)

During handling of the above exception, another exception occurred:

Traceback (most recent call last):
  File "/home/aludy/scires/Cloud_Spec_Exp/external/baselines/MetaGPT/metagpt/roles/di/role_zero.py", line 401, in _run_commands
    tool_output = tool_obj(**cmd["args"])
  File "/home/aludy/scires/Cloud_Spec_Exp/external/baselines/MetaGPT/metagpt/tools/libs/editor.py", line 814, in edit_file_by_replace
    ret_str = self._edit_file_impl(
  File "/home/aludy/scires/Cloud_Spec_Exp/external/baselines/MetaGPT/metagpt/tools/libs/editor.py", line 667, in _edit_file_impl
    guidance_message = self._get_indentation_info(content, start or len(lines))
  File "/home/aludy/scires/Cloud_Spec_Exp/external/baselines/MetaGPT/metagpt/tools/libs/editor.py", line 495, in _get_indentation_info
    pre_line = content_lines[first_line - 2] if first_line - 2 >= 0 else ""
IndexError: list index out of range

2026-07-25 17:13:56.667 | INFO     | metagpt.roles.di.role_zero:_act:292 - Commands: 
[{'command_name': 'Terminal.run_command', 'args': {'cmd': "cd /home/aludy/scires/Cloud_Spec_Exp/external/worktrees/oci-metagpt-agentless-mini-rerun/metagpt/youki-3428 && sed -n '436,477p' crates/libcontainer/src/container/tenant_builder.rs"}}]
2026-07-25 17:13:56.670 | INFO     | metagpt.roles.di.role_zero:_act:294 - Commands outputs: 
Command Terminal.run_command executed:
[command]: cd /home/aludy/scires/Cloud_Spec_Exp/external/worktrees/oci-metagpt-agentless-mini-rerun/metagpt/youki-3428 && sed -n '436,477p' crates/libcontainer/src/container/tenant_builder.rs 
[command output] :         let process = if let Some(process) = &self.process {
            self.get_process(process)?
        } else {
            let original_path_env = get_path_from_spec(spec);
            let mut process_builder = ProcessBuilder::default()
                .args(self.get_args()?)
                .env(self.get_environment(original_path_env));
            if let Some(cwd) = self.get_working_dir()? {
                process_builder = process_builder.cwd(cwd);
            }

            if let Some(process) = spec.process() {
                if let Some(cpu_affinity) = process.exec_cpu_affinity() {
                    process_builder = process_builder.exec_cpu_affinity(cpu_affinity.clone());
                }
            }

            if let Some(no_new_priv) = self.get_no_new_privileges() {
                process_builder = process_builder.no_new_privileges(no_new_priv);
            }

            let capabilities = get_capabilities(&self.capabilities, spec)?;
            process_builder = process_builder.capabilities(capabilities);

            let mut user_builder = UserBuilder::default();

            if !self.additional_gids.is_empty() {
                user_builder = user_builder.additional_gids(self.additional_gids.clone());
            }

            if let Some(uid) = self.user {
                user_builder = user_builder.uid(uid);
            }

            if let Some(gid) = self.group {
                user_builder = user_builder.gid(gid);
            }

            process_builder = process_builder.user(user_builder.build()?);

            process_builder.build()?
        };

2026-07-25 17:14:02.363 | INFO     | metagpt.roles.di.role_zero:_act:292 - Commands: 
[{'command_name': 'Terminal.run_command', 'args': {'cmd': 'cd /home/aludy/scires/Cloud_Spec_Exp/external/worktrees/oci-metagpt-agentless-mini-rerun/metagpt/youki-3428 && grep -n "let original_path_env = get_path_from_spec" crates/libcontainer/src/container/tenant_builder.rs'}}]
2026-07-25 17:14:02.365 | INFO     | metagpt.roles.di.role_zero:_act:294 - Commands outputs: 
Command Terminal.run_command executed:
[command]: cd /home/aludy/scires/Cloud_Spec_Exp/external/worktrees/oci-metagpt-agentless-mini-rerun/metagpt/youki-3428 && grep -n "let original_path_env = get_path_from_spec" crates/libcontainer/src/container/tenant_builder.rs 
[command output] : 439:            let original_path_env = get_path_from_spec(spec);

2026-07-25 17:14:06.693 | INFO     | metagpt.roles.di.role_zero:_act:292 - Commands: 
[{'command_name': 'Terminal.run_command', 'args': {'cmd': 'cd /home/aludy/scires/Cloud_Spec_Exp/external/worktrees/oci-metagpt-agentless-mini-rerun/metagpt/youki-3428 && grep -n "get_path_from_spec\\|get_environment" crates/libcontainer/src/container/tenant_builder.rs'}}]
2026-07-25 17:14:06.696 | INFO     | metagpt.roles.di.role_zero:_act:294 - Commands outputs: 
Command Terminal.run_command executed:
[command]: cd /home/aludy/scires/Cloud_Spec_Exp/external/worktrees/oci-metagpt-agentless-mini-rerun/metagpt/youki-3428 && grep -n "get_path_from_spec\|get_environment" crates/libcontainer/src/container/tenant_builder.rs 
[command output] : 439:            let original_path_env = get_path_from_spec(spec);
442:                .env(self.get_environment(original_path_env));
540:    fn get_environment(&self, path: Option<String>) -> Vec<String> {

2026-07-25 17:14:09.069 | INFO     | metagpt.roles.di.role_zero:_act:292 - Commands: 
[{'command_name': 'Terminal.run_command', 'args': {'cmd': "cd /home/aludy/scires/Cloud_Spec_Exp/external/worktrees/oci-metagpt-agentless-mini-rerun/metagpt/youki-3428 && sed -n '540,570p' crates/libcontainer/src/container/tenant_builder.rs"}}]
2026-07-25 17:14:09.071 | INFO     | metagpt.roles.di.role_zero:_act:294 - Commands outputs: 
Command Terminal.run_command executed:
[command]: cd /home/aludy/scires/Cloud_Spec_Exp/external/worktrees/oci-metagpt-agentless-mini-rerun/metagpt/youki-3428 && sed -n '540,570p' crates/libcontainer/src/container/tenant_builder.rs 
[command output] :     fn get_environment(&self, path: Option<String>) -> Vec<String> {
        let mut env_exists = false;
        let mut env: Vec<String> = self
            .env
            .iter()
            .map(|(k, v)| {
                if k == "PATH" {
                    env_exists = true;
                }
                format!("{k}={v}")
            })
            .collect();
        // It is not possible in normal flow that path is None. The original container
        // creation would have failed if path was absent. However we use Option
        // just as a caution, and if neither exec cmd not original spec has PATH,
        // the container creation will fail later which is ok
        if let Some(p) = path {
            if !env_exists {
                env.push(p);
            }
        }
        env
    }

    fn get_no_new_privileges(&self) -> Option<bool> {
        self.no_new_privs
    }

    fn get_namespaces(
        &self,
        init_namespaces: HashMap<OsString, Namespace>,

2026-07-25 17:14:15.216 | INFO     | metagpt.roles.di.role_zero:_act:292 - Commands: 
[{'command_name': 'Terminal.run_command', 'args': {'cmd': "cd /home/aludy/scires/Cloud_Spec_Exp/external/worktrees/oci-metagpt-agentless-mini-rerun/metagpt/youki-3428 && sed -i '439c\\            // Use the spec\\'s process env as the baseline for exec.\\n            let spec_env = spec\\n                .process()\\n                .as_ref()\\n                .and_then(|p| p.env().as_ref().cloned())\\n                .unwrap_or_default();\\n            let mut process_builder = ProcessBuilder::default()\\n                .args(self.get_args()?)\\n                .env(self.get_environment(spec_env));' crates/libcontainer/src/container/tenant_builder.rs"}}]
2026-07-25 17:14:15.218 | ERROR    | metagpt.utils.common:wrapper:683 - Exception occurs, start to serialize the project, exp:
Traceback (most recent call last):
  File "/home/aludy/scires/Cloud_Spec_Exp/external/baselines/MetaGPT/metagpt/utils/common.py", line 692, in wrapper
    return await func(self, *args, **kwargs)
  File "/home/aludy/scires/Cloud_Spec_Exp/external/baselines/MetaGPT/metagpt/roles/role.py", line 548, in run
    rsp = await self.react()
terminal_compat.TerminalProcessEOF: MetaGPT terminal shell reached EOF before the end marker (returncode=2, command="cd /home/aludy/scires/Cloud_Spec_Exp/external/worktrees/oci-metagpt-agentless-mini-rerun/metagpt/youki-3428 && sed -i '439c\\            // Use the spec\\'s process env as the baseline for exec.\\n            let spec_env = spec\\n                .process()\\n                .as_ref()\\n                .and_then(|p| p.env().as_ref().cloned())\\n                .unwrap_or_default();\\n            let mut process_builder = ProcessBuilder::default()\\n                .args(self.get_args()?)\\n                .env(self.get_environment(spec_env));' crates/libcontainer/src/container/tenant_builder.rs")

The above exception was the direct cause of the following exception:

Traceback (most recent call last):
  File "/home/aludy/scires/Cloud_Spec_Exp/external/baselines/MetaGPT/metagpt/utils/common.py", line 678, in wrapper
    result = await func(self, *args, **kwargs)
  File "/home/aludy/scires/Cloud_Spec_Exp/external/baselines/MetaGPT/metagpt/team.py", line 134, in run
    await self.env.run()
Exception: Traceback (most recent call last):
  File "/home/aludy/scires/Cloud_Spec_Exp/external/baselines/MetaGPT/metagpt/utils/common.py", line 692, in wrapper
    return await func(self, *args, **kwargs)
  File "/home/aludy/scires/Cloud_Spec_Exp/external/baselines/MetaGPT/metagpt/roles/role.py", line 548, in run
    rsp = await self.react()
  File "/home/aludy/scires/Cloud_Spec_Exp/external/baselines/MetaGPT/metagpt/roles/role.py", line 515, in react
    rsp = await self._react()
  File "/home/aludy/scires/Cloud_Spec_Exp/external/baselines/MetaGPT/metagpt/roles/di/role_zero.py", line 324, in _react
    rsp = await self._act()
  File "/home/aludy/scires/Cloud_Spec_Exp/external/baselines/MetaGPT/metagpt/roles/di/role_zero.py", line 293, in _act
    outputs = await self._run_commands(commands)
  File "/home/aludy/scires/Cloud_Spec_Exp/external/baselines/MetaGPT/metagpt/roles/di/role_zero.py", line 391, in _run_commands
    special_command_output = await self._run_special_command(cmd)
  File "/home/aludy/scires/Cloud_Spec_Exp/external/baselines/MetaGPT/metagpt/roles/di/role_zero.py", line 445, in _run_special_command
    tool_output = await tool_obj(**cmd["args"])
  File "/home/aludy/scires/Cloud_Spec_Exp/baselines/metagpt/terminal_compat.py", line 155, in compatible_run_command
    return await original_run_command(self, cmd, daemon=daemon)
  File "/home/aludy/scires/Cloud_Spec_Exp/external/baselines/MetaGPT/metagpt/tools/libs/terminal.py", line 105, in run_command
    output += await self._read_and_process_output(cmd)
  File "/home/aludy/scires/Cloud_Spec_Exp/baselines/metagpt/terminal_compat.py", line 122, in compatible_reader
    raise TerminalProcessEOF(
terminal_compat.TerminalProcessEOF: MetaGPT terminal shell reached EOF before the end marker (returncode=2, command="cd /home/aludy/scires/Cloud_Spec_Exp/external/worktrees/oci-metagpt-agentless-mini-rerun/metagpt/youki-3428 && sed -i '439c\\            // Use the spec\\'s process env as the baseline for exec.\\n            let spec_env = spec\\n                .process()\\n                .as_ref()\\n                .and_then(|p| p.env().as_ref().cloned())\\n                .unwrap_or_default();\\n            let mut process_builder = ProcessBuilder::default()\\n                .args(self.get_args()?)\\n                .env(self.get_environment(spec_env));' crates/libcontainer/src/container/tenant_builder.rs")


/home/aludy/miniconda3/envs/metagpt/lib/python3.10/site-packages/pydantic/_internal/_std_types_schema.py:319: UserWarning: Pydantic serializer warnings:
  Expected `enum` but got `str` with value `'react'` - serialized value may not be as expected
  return handler(v)
/home/aludy/scires/Cloud_Spec_Exp/external/baselines/MetaGPT/metagpt/base/base_serialization.py:26: UserWarning: Pydantic serializer warnings:
  Expected `enum` but got `str` with value `'react'` - serialized value may not be as expected
  ret = default_serializer(self)
