Starting MetaGPT incremental repair mode.
2026-07-25 14:25:03.483 | INFO     | metagpt.const:get_metagpt_root:25 - PROJECT_ROOT set from environment variable to /home/aludy/scires/Cloud_Spec_Exp/external/baselines/MetaGPT
2026-07-25 14:25:03.483 | INFO     | metagpt.const:get_metagpt_package_root:15 - Package root set to /home/aludy/scires/Cloud_Spec_Exp/external/baselines/MetaGPT
/home/aludy/miniconda3/envs/metagpt/lib/python3.10/site-packages/pydantic/main.py:214: UserWarning: A custom validator is returning a value other than `self`.
Returning anything other than `self` from a top level model validator isn't supported when validating via `__init__`.
See the `model_validator` docs (https://docs.pydantic.dev/latest/concepts/validators/#model-validators) for more details.
  warnings.warn(
2026-07-25 14:25:07.820 | INFO     | metagpt.team:invest:96 - Investment: $3.0.
2026-07-25 14:25:25.112 | INFO     | metagpt.roles.di.role_zero:_act:292 - Commands: 
[{'command_name': 'Plan.append_task', 'args': {'task_id': '1', 'dependent_task_ids': [], 'instruction': 'Fix OCI runtime bug case crun-353 in the crun runtime source code. The issue is about returning stderr of hooks in case of an error (upstream issue https://github.com/containers/crun/issues/353).\n\nWritable target repository: /home/aludy/scires/Cloud_Spec_Exp/external/worktrees/oci-metagpt-agentless-mini-rerun/metagpt/crun-353\n\nRequired first command: cd /home/aludy/scires/Cloud_Spec_Exp/external/worktrees/oci-metagpt-agentless-mini-rerun/metagpt/crun-353 && git rev-parse HEAD && git status --short\n\nBuild command: ./autogen.sh && ./configure && make -j$(nproc)\n\nCandidate runtime path after build: crun\n\nReproduction bundle (read-only): /home/aludy/scires/Cloud_Spec_Exp/external/oci-differential-dataset/cases/crun-353\nRootfs tar: /home/aludy/scires/Cloud_Spec_Exp/external/oci-differential-dataset/alpine-base.tar.gz\n\nSteps:\n1. Inspect the source code to understand hooks handling (search for hook stderr/error output code).\n2. The fix should ensure that when a hook fails, its stderr output is included in the error message returned to the caller.\n3. Use the git log to check PR #355 (b04df1c5317b) hook output redirection as reference; the parent commit 83367338c433 is the buggy baseline.\n4. Edit the relevant source file(s) in the writable target repository only using absolute paths.\n5. Build the runtime.\n6. Test with the reproduction: cd /home/aludy/scires/Cloud_Spec_Exp/external/oci-differential-dataset/cases/crun-353 && bash repro.sh and check that hook stderr is now included in error output.\n7. Run `git diff` to collect the patch output.', 'assignee': 'Alex'}}, {'command_name': 'TeamLeader.publish_team_message', 'args': {'content': 'Fix OCI runtime bug case crun-353 in the crun runtime source code. The issue is about returning stderr of hooks in case of an error (upstream issue https://github.com/containers/crun/issues/353).\n\nWritable target repository: /home/aludy/scires/Cloud_Spec_Exp/external/worktrees/oci-metagpt-agentless-mini-rerun/metagpt/crun-353\n\nRequired first command: cd /home/aludy/scires/Cloud_Spec_Exp/external/worktrees/oci-metagpt-agentless-mini-rerun/metagpt/crun-353 && git rev-parse HEAD && git status --short\n\nBuild command: ./autogen.sh && ./configure && make -j$(nproc)\n\nCandidate runtime path after build: crun\n\nReproduction bundle (read-only): /home/aludy/scires/Cloud_Spec_Exp/external/oci-differential-dataset/cases/crun-353\nRootfs tar: /home/aludy/scires/Cloud_Spec_Exp/external/oci-differential-dataset/alpine-base.tar.gz\n\nSteps:\n1. Inspect the source code to understand hooks handling (search for hook stderr/error output code).\n2. The fix should ensure that when a hook fails, its stderr output is included in the error message returned to the caller.\n3. Use the git log to check PR #355 (b04df1c5317b) hook output redirection as reference; the parent commit 83367338c433 is the buggy baseline.\n4. Edit the relevant source file(s) in the writable target repository only using absolute paths.\n5. Build the runtime.\n6. Test with the reproduction: cd /home/aludy/scires/Cloud_Spec_Exp/external/oci-differential-dataset/cases/crun-353 && bash repro.sh and check that hook stderr is now included in error output.\n7. Run `git diff` to collect the patch output.', 'send_to': 'Alex'}}, {'command_name': 'RoleZero.reply_to_human', 'args': {'content': 'I have assigned the crun-353 OCI runtime bug fix task to Alex (Engineer). Alex will inspect the source code, implement the fix to include hook stderr in error output, build the runtime, test it, and collect the git diff. The task includes all necessary paths, build commands, and reproduction instructions.'}}, {'command_name': 'end'}]
2026-07-25 14:25:25.112 | INFO     | metagpt.roles.di.role_zero:_act:294 - Commands outputs: 
Command Plan.append_task executed

Command TeamLeader.publish_team_message executed

Command RoleZero.reply_to_human executed: SUCCESS, human has received your reply. Refrain from resending duplicate messages.  If you no longer need to take action, use the command ‘end’ to stop.

Command end executed:
2026-07-25 14:25:25.116 | INFO     | metagpt.tools.libs.terminal:_check_state:65 - The terminal is at:
2026-07-25 14:25:28.251 | INFO     | metagpt.roles.di.role_zero:_act:292 - Commands: 
[{'command_name': 'Terminal.run_command', 'args': {'cmd': 'cd /home/aludy/scires/Cloud_Spec_Exp/external/worktrees/oci-metagpt-agentless-mini-rerun/metagpt/crun-353 && git rev-parse HEAD && git status --short'}}]
2026-07-25 14:25:28.259 | INFO     | metagpt.roles.di.role_zero:_act:294 - Commands outputs: 
Command Terminal.run_command executed:
[command]: cd /home/aludy/scires/Cloud_Spec_Exp/external/worktrees/oci-metagpt-agentless-mini-rerun/metagpt/crun-353 && git rev-parse HEAD && git status --short 
[command output] : 98bd9d36de5e32933b9ff95a787bdced99500020

2026-07-25 14:25:31.618 | INFO     | metagpt.roles.di.role_zero:_act:292 - Commands: 
[{'command_name': 'Terminal.run_command', 'args': {'cmd': 'cd /home/aludy/scires/Cloud_Spec_Exp/external/worktrees/oci-metagpt-agentless-mini-rerun/metagpt/crun-353 && git log --oneline -20'}}, {'command_name': 'Terminal.run_command', 'args': {'cmd': "cd /home/aludy/scires/Cloud_Spec_Exp/external/worktrees/oci-metagpt-agentless-mini-rerun/metagpt/crun-353 && find . -name '*.c' -o -name '*.h' | xargs grep -l 'hook' 2>/dev/null | head -20"}}]
2026-07-25 14:25:31.646 | INFO     | metagpt.roles.di.role_zero:_act:294 - Commands outputs: 
Command Terminal.run_command executed:
[command]: cd /home/aludy/scires/Cloud_Spec_Exp/external/worktrees/oci-metagpt-agentless-mini-rerun/metagpt/crun-353 && git log --oneline -20 
[command output] : 98bd9d36 container: drop argument
1b50cf7e workflows: run apt-get update
a2a241c7 seccomp: optimize common prefix comparison
feeac04f seccomp: honor errnoRet
a8532a0c libocispec: sync upstream
077bebbb Merge pull request #350 from giuseppe/fix-condition-oom
6689af4c Merge pull request #348 from giuseppe/systemd-ignore-existing-scope
f099c03a libcrun: fix OOM check on cgroupv2
c8e828c9 cgroup: use systemd scope if it already exists
591f4c9f Merge pull request #347 from giuseppe/exec-setuid-setgid
0d5e4584 exec: setuid/setgid before setting up the terminal
482b02a9 Merge pull request #343 from giuseppe/fix-userns-join
f8ee151f Merge pull request #342 from adrianreber/crun-checkpoint-5
67b7f45c Merge pull request #345 from giuseppe/fix-comparison-signed-unsigned
e0d31e52 Merge pull request #344 from giuseppe/malloc0-use-calloc
dc3a7ead criu: fix different signedness comparison
b741a7ad utils: use calloc instead of malloc+memset
f34f3ec0 linux: fix error when a user namespace cannot be joined
a84598a5 Recreate mountpoints during restore
941afd4b Merge pull request #339 from tdeva14/master


Command Terminal.run_command executed:
[command]: cd /home/aludy/scires/Cloud_Spec_Exp/external/worktrees/oci-metagpt-agentless-mini-rerun/metagpt/crun-353 && find . -name '*.c' -o -name '*.h' | xargs grep -l 'hook' 2>/dev/null | head -20 
[command output] : ./src/libcrun/container.c
./src/crun.c

2026-07-25 14:25:34.274 | INFO     | metagpt.roles.di.role_zero:_act:292 - Commands: 
[{'command_name': 'Editor.open_file', 'args': {'path': '/home/aludy/scires/Cloud_Spec_Exp/external/worktrees/oci-metagpt-agentless-mini-rerun/metagpt/crun-353/src/libcrun/container.c'}}, {'command_name': 'Terminal.run_command', 'args': {'cmd': "cd /home/aludy/scires/Cloud_Spec_Exp/external/worktrees/oci-metagpt-agentless-mini-rerun/metagpt/crun-353 && grep -n 'hook' src/libcrun/container.c | head -60"}}]
2026-07-25 14:25:34.278 | INFO     | metagpt.roles.di.role_zero:_act:294 - Commands outputs: 
Command Editor.open_file executed: [File: /home/aludy/scires/Cloud_Spec_Exp/external/worktrees/oci-metagpt-agentless-mini-rerun/metagpt/crun-353/src/libcrun/container.c (2656 lines total)]
(this is the beginning of the file)
001|/*
002| * crun - OCI runtime written in C
003| *
004| * Copyright (C) 2017, 2018, 2019 Giuseppe Scrivano <giuseppe@scrivano.org>
005| * crun is free software; you can redistribute it and/or modify
006| * it under the terms of the GNU Lesser General Public License as published by
007| * the Free Software Foundation; either version 2.1 of the License, or
008| * (at your option) any later version.
009| *
010| * crun is distributed in the hope that it will be useful,
011| * but WITHOUT ANY WARRANTY; without even the implied warranty of
012| * MERCHANTABILITY or FITNESS FOR A PARTICULAR PURPOSE.  See the
013| * GNU Lesser General Public License for more details.
014| *
015| * You should have received a copy of the GNU Lesser General Public License
016| * along with crun.  If not, see <http://www.gnu.org/licenses/>.
017| */
018|#define _GNU_SOURCE
019|
020|#include <config.h>
021|#include <runtime_spec_schema_config_schema.h>
022|#include <stdbool.h>
023|#include "container.h"
024|#include "utils.h"
025|#include "seccomp.h"
026|#include <stdbool.h>
027|#include <argp.h>
028|#include <unistd.h>
029|#include <sys/stat.h>
030|#include <sys/types.h>
031|#include <sched.h>
032|#include <sys/wait.h>
033|#include <string.h>
034|#include <fcntl.h>
035|#include "status.h"
036|#include "linux.h"
037|#include "terminal.h"
038|#include "cgroup.h"
039|#include <sys/prctl.h>
040|#include <sys/signalfd.h>
041|#include <sys/epoll.h>
042|#include <sys/socket.h>
043|#include <grp.h>
044|
045|#ifdef HAVE_SYSTEMD
046|# include <systemd/sd-daemon.h>
047|#endif
048|
049|#include <yajl/yajl_tree.h>
050|#include <yajl/yajl_gen.h>
051|
052|#define YAJL_STR(x) ((const unsigned char *) (x))
053|
054|enum
055|  {
056|    SYNC_SOCKET_SYNC_MESSAGE,
057|    SYNC_SOCKET_ERROR_MESSAGE,
058|    SYNC_SOCKET_WARNING_MESSAGE,
059|  };
060|
061|struct container_entrypoint_s
062|{
063|  libcrun_container_t *container;
064|  libcrun_context_t *context;
065|  int has_terminal_socket_pair;
066|  int terminal_socketpair[2];
067|
068|  /* Used by log_write_to_sync_socket.  */
069|  int sync_socket;
070|
071|  int seccomp_fd;
072|  int console_socket_fd;
073|};
074|
075|struct sync_socket_message_s
076|{
077|  int type;
078|  int error_value;
079|  char message[512];
080|};
081|
082|typedef runtime_spec_schema_defs_hook hook;
083|
084|static char spec_file[] = "\
085|  {\n\
086|	\"ociVersion\": \"1.0.0\",\n\
087|	\"process\": {\n\
088|		\"terminal\": true,\n\
089|		\"user\": {\n\
090|			\"uid\": 0,\n\
091|			\"gid\": 0\n\
092|		},\n\
093|		\"args\": [\n\
094|			\"sh\"\n\
095|		],\n\
096|		\"env\": [\n\
097|			\"PATH=/usr/local/sbin:/usr/local/bin:/usr/sbin:/usr/bin:/sbin:/bin\",\n\
098|			\"TERM=xterm\"\n\
099|		],\n\
100|		\"cwd\": \"/\",\n\
101|		\"capabilities\": {\n\
102|			\"bounding\": [\n\
103|				\"CAP_AUDIT_WRITE\",\n\
104|				\"CAP_KILL\",\n\
105|				\"CAP_NET_BIND_SERVICE\"\n\
106|			],\n\
107|			\"effective\": [\n\
108|				\"CAP_AUDIT_WRITE\",\n\
109|				\"CAP_KILL\",\n\
110|				\"CAP_NET_BIND_SERVICE\"\n\
111|			],\n\
112|			\"inheritable\": [\n\
113|				\"CAP_AUDIT_WRITE\",\n\
114|				\"CAP_KILL\",\n\
115|				\"CAP_NET_BIND_SERVICE\"\n\
116|			],\n\
117|			\"permitted\": [\n\
118|				\"CAP_AUDIT_WRITE\",\n\
119|				\"CAP_KILL\",\n\
120|				\"CAP_NET_BIND_SERVICE\"\n\
121|			],\n\
122|			\"ambient\": [\n\
123|				\"CAP_AUDIT_WRITE\",\n\
124|				\"CAP_KILL\",\n\
125|				\"CAP_NET_BIND_SERVICE\"\n\
126|			]\n\
127|		},\n\
128|		\"rlimits\": [\n\
129|			{\n\
130|				\"type\": \"RLIMIT_NOFILE\",\n\
131|				\"hard\": 1024,\n\
132|				\"soft\": 1024\n\
133|			}\n\
134|		],\n\
135|		\"noNewPrivileges\": true\n\
136|	},\n\
137|	\"root\": {\n\
138|		\"path\": \"rootfs\",\n\
139|		\"readonly\": true\n\
140|	},\n\
141|	\"hostname\": \"crun\",\n\
142|	\"mounts\": [\n\
143|		{\n\
144|			\"destination\": \"/proc\",\n\
145|			\"type\": \"proc\",\n\
146|			\"source\": \"proc\"\n\
147|		},\n\
148|		{\n\
149|			\"destination\": \"/dev\",\n\
150|			\"type\": \"tmpfs\",\n\
151|			\"source\": \"tmpfs\",\n\
152|			\"options\": [\n\
153|				\"nosuid\",\n\
154|				\"strictatime\",\n\
155|				\"mode=755\",\n\
156|				\"size=65536k\"\n\
157|			]\n\
158|		},\n\
159|		{\n\
160|			\"destination\": \"/dev/pts\",\n\
161|			\"type\": \"devpts\",\n\
162|			\"source\": \"devpts\",\n\
163|			\"options\": [\n\
164|				\"nosuid\",\n\
165|				\"noexec\",\n\
166|				\"newinstance\",\n\
167|				\"ptmxmode=0666\",\n\
168|				\"mode=0620\"\
169|%s\
170|			]\n\
171|		},\n\
172|		{\n\
173|			\"destination\": \"/dev/shm\",\n\
174|			\"type\": \"tmpfs\",\n\
175|			\"source\": \"shm\",\n\
176|			\"options\": [\n\
177|				\"nosuid\",\n\
178|				\"noexec\",\n\
179|				\"nodev\",\n\
180|				\"mode=1777\",\n\
181|				\"size=65536k\"\n\
182|			]\n\
183|		},\n\
184|		{\n\
185|			\"destination\": \"/dev/mqueue\",\n\
186|			\"type\": \"mqueue\",\n\
187|			\"source\": \"mqueue\",\n\
188|			\"options\": [\n\
189|				\"nosuid\",\n\
190|				\"noexec\",\n\
191|				\"nodev\"\n\
192|			]\n\
193|		},\n\
194|		{\n\
195|			\"destination\": \"/sys\",\n\
196|			\"type\": \"sysfs\",\n\
197|			\"source\": \"sysfs\",\n\
198|			\"options\": [\n\
199|				\"nosuid\",\n\
200|				\"noexec\",\n\
(2456 more lines below)

Command Terminal.run_command executed:
[command]: cd /home/aludy/scires/Cloud_Spec_Exp/external/worktrees/oci-metagpt-agentless-mini-rerun/metagpt/crun-353 && grep -n 'hook' src/libcrun/container.c | head -60 
[command output] : 82:typedef runtime_spec_schema_defs_hook hook;
484:do_hooks (runtime_spec_schema_config_schema *def,
490:          hook **hooks,
491:          size_t hooks_len,
533:  for (i = 0; i < hooks_len; i++)
535:      ret = run_process_with_stdin_timeout_envp (hooks[i]->path, hooks[i]->args, cwd, hooks[i]->timeout, hooks[i]->env, stdin, stdin_len, err);
539:            libcrun_warning ("error executing hook `%s` (exit code: %d)", hooks[i]->path, ret);
542:              libcrun_error (0, "error executing hook `%s` (exit code: %d)", hooks[i]->path, ret);
620:  if (def->hooks && def->hooks->create_container_len)
622:      ret = do_hooks (def, 0, container->context->id, false, NULL, "created",
623:                      (hook **) def->hooks->create_container,
624:                      def->hooks->create_container_len, err);
853:  if (def->hooks && def->hooks->start_container_len)
857:      ret = do_hooks (def, 0, container->context->id, false, NULL, "starting",
858:                      (hook **) def->hooks->start_container,
859:                      def->hooks->start_container_len, err);
893:run_poststop_hooks (libcrun_context_t *context, runtime_spec_schema_config_schema *def,
909:  if (def->hooks && def->hooks->poststop_len)
911:      ret = do_hooks (def, 0, id, true, status->bundle,
912:                      "stopped", (hook **) def->hooks->poststop,
913:                      def->hooks->poststop_len, err);
1012:  ret = run_poststop_hooks (context, def, &status, state_root, id, err);
1598:     prestart hooks.  */
1599:  if (def->hooks && def->hooks->prestart_len)
1601:      ret = do_hooks (def, pid, context->id, false, NULL, "created",
1602:                      (hook **) def->hooks->prestart,
1603:                      def->hooks->prestart_len, err);
1610:  if (def->hooks && def->hooks->create_runtime_len)
1612:      ret = do_hooks (def, pid, context->id, false, NULL, "created",
1613:                      (hook **) def->hooks->create_runtime,
1614:                      def->hooks->create_runtime_len, err);
1670:  if (def->hooks && def->hooks->poststart_len)
1672:      ret = do_hooks (def, pid, context->id, true, NULL, "running",
1673:                      (hook **) def->hooks->poststart,
1674:                      def->hooks->poststart_len, err);

2026-07-25 14:25:36.013 | INFO     | metagpt.roles.di.role_zero:_act:292 - Commands: 
[{'command_name': 'Editor.goto_line', 'args': {'line_number': 484}}]
2026-07-25 14:25:36.014 | INFO     | metagpt.roles.di.role_zero:_act:294 - Commands outputs: 
Command Editor.goto_line executed: [File: /home/aludy/scires/Cloud_Spec_Exp/external/worktrees/oci-metagpt-agentless-mini-rerun/metagpt/crun-353/src/libcrun/container.c (2656 lines total)]
(383 more lines above)
384|static libcrun_container_t *
385|make_container (runtime_spec_schema_config_schema *container_def)
386|{
387|  libcrun_container_t *container = xmalloc0 (sizeof (*container));
388|  container->container_def = container_def;
389|
390|  container->host_uid = geteuid ();
391|  container->host_gid = getegid ();
392|
393|  return container;
394|}
395|
396|libcrun_container_t *
397|libcrun_container_load_from_memory (const char *json, libcrun_error_t *err)
398|{
399|  runtime_spec_schema_config_schema *container_def;
400|  cleanup_free char *oci_error = NULL;
401|  container_def = runtime_spec_schema_config_schema_parse_data (json, NULL, &oci_error);
402|  if (container_def == NULL)
403|    {
404|      crun_make_error (err, 0, "load: %s", oci_error);
405|      return NULL;
406|    }
407|  return make_container (container_def);
408|}
409|
410|libcrun_container_t *
411|libcrun_container_load_from_file (const char *path, libcrun_error_t *err)
412|{
413|  runtime_spec_schema_config_schema *container_def;
414|  cleanup_free char *oci_error = NULL;
415|  container_def = runtime_spec_schema_config_schema_parse_file (path, NULL, &oci_error);
416|  if (container_def == NULL)
417|    {
418|      crun_make_error (err, 0, "load `%s`: %s", path, oci_error);
419|      return NULL;
420|    }
421|  return make_container (container_def);
422|}
423|
424|static
425|int block_signals (libcrun_error_t *err)
426|{
427|  int ret;
428|  sigset_t mask;
429|  sigfillset (&mask);
430|  ret = sigprocmask (SIG_BLOCK, &mask, NULL);
431|  if (UNLIKELY (ret < 0))
432|    return crun_make_error (err, errno, "sigprocmask");
433|  return 0;
434|}
435|
436|static
437|int unblock_signals (libcrun_error_t *err)
438|{
439|  int i;
440|  int ret;
441|  sigset_t mask;
442|  struct sigaction act = {};
443|
444|  sigfillset (&mask);
445|  ret = sigprocmask (SIG_UNBLOCK, &mask, NULL);
446|  if (UNLIKELY (ret < 0))
447|    return crun_make_error (err, errno, "sigprocmask");
448|
449|  act.sa_handler = SIG_DFL;
450|  for (i = 0; i < NSIG; i++)
451|    {
452|      ret = sigaction (i, &act, NULL);
453|      if (ret < 0 && errno != EINVAL)
454|        return crun_make_error (err, errno, "sigaction");
455|    }
456|
457|  return 0;
458|}
459|
460|/* must be used on the host before pivot_root(2).  */
461|static int
462|initialize_security (runtime_spec_schema_config_schema_process *proc, libcrun_error_t *err)
463|{
464|  int ret;
465|
466|  if (UNLIKELY (proc == NULL))
467|    return 0;
468|
469|  if (proc->apparmor_profile)
470|    {
471|      ret = libcrun_initialize_apparmor (err);
472|      if (UNLIKELY (ret < 0))
473|        return ret;
474|    }
475|
476|  ret = libcrun_initialize_selinux (err);
477|  if (UNLIKELY (ret < 0))
478|    return ret;
479|
480|  return 0;
481|}
482|
483|static int
484|do_hooks (runtime_spec_schema_config_schema *def,
485|          pid_t pid,
486|          const char *id,
487|          bool keep_going,
488|          const char *cwd,
489|          const char *status,
490|          hook **hooks,
491|          size_t hooks_len,
492|          libcrun_error_t *err)
493|{
494|  size_t i, stdin_len;
495|  int ret;
496|  cleanup_free char *stdin = NULL;
497|  const unsigned char *annotations = (const unsigned char *) "{}";
498|  cleanup_free char *cwd_allocated = NULL;
499|  const char *rootfs = def->root ? def->root->path : "";
500|  yajl_gen gen = NULL;
501|
502|  if (cwd == NULL)
503|    {
504|      cwd = cwd_allocated = get_current_dir_name ();
505|      if (cwd == NULL)
506|        OOM ();
507|    }
508|
509|  if (def && def->annotations && def->annotations->len)
510|    {
511|      size_t len;
512|
513|      gen = yajl_gen_alloc (NULL);
514|      if (gen == NULL)
515|        return crun_make_error (err, 0, "yajl_gen_alloc failed");
516|
517|      yajl_gen_map_open (gen);
518|      for (i = 0; i < def->annotations->len; i++)
519|        {
520|          const char *key = def->annotations->keys[i];
521|          const char *val = def->annotations->values[i];
522|
523|          yajl_gen_string (gen, YAJL_STR (key), strlen (key));
524|          yajl_gen_string (gen, YAJL_STR (val), strlen (val));
525|        }
526|      yajl_gen_map_close (gen);
527|
528|      yajl_gen_get_buf (gen, &annotations, &len);
529|    }
530|
531|  stdin_len = xasprintf (&stdin, "{\"ociVersion\":\"1.0\", \"id\":\"%s\", \"pid\":%i, \"root\":\"%s\", \"bundle\":\"%s\", \"status\":\"%s\", \"annotations\":%s}", id, pid, rootfs, cwd, status, annotations);
532|
533|  for (i = 0; i < hooks_len; i++)
534|    {
535|      ret = run_process_with_stdin_timeout_envp (hooks[i]->path, hooks[i]->args, cwd, hooks[i]->timeout, hooks[i]->env, stdin, stdin_len, err);
536|      if (UNLIKELY (ret != 0))
537|        {
538|          if (keep_going)
539|            libcrun_warning ("error executing hook `%s` (exit code: %d)", hooks[i]->path, ret);
540|          else
541|            {
542|              libcrun_error (0, "error executing hook `%s` (exit code: %d)", hooks[i]->path, ret);
543|              goto exit;
544|            }
545|        }
546|    }
547|
548|  ret = 0;
549|
550| exit:
551|  if (gen)
552|    yajl_gen_free (gen);
553|
554|  return ret;
555|}
556|
557|/* Initialize the environment where the container process runs.
558|   It is used by the container init process.  */
559|static int
560|container_init_setup (void *args, const char *notify_socket,
561|                      int sync_socket, const char **exec_path,
562|                      libcrun_error_t *err)
563|{
564|  struct container_entrypoint_s *entrypoint_args = args;
565|  libcrun_container_t *container = entrypoint_args->container;
566|  int ret;
567|  int has_terminal;
568|  cleanup_close int console_socket = -1;
569|  cleanup_close int console_socketpair = -1;
570|  runtime_spec_schema_config_schema *def = container->container_def;
571|  runtime_spec_schema_config_schema_process_capabilities *capabilities;
572|  cleanup_free char *rootfs = NULL;
573|  int no_new_privs;
574|
575|  ret = initialize_security (def->process, err);
576|  if (UNLIKELY (ret < 0))
577|    return ret;
578|
579|  ret = libcrun_configure_network (container, err);
580|  if (UNLIKELY (ret < 0))
581|    return ret;
582|
583|  rootfs = realpath (def->root->path, NULL);
584|  if (UNLIKELY (rootfs == NULL))
(2072 more lines below)
2026-07-25 14:25:38.716 | INFO     | metagpt.roles.di.role_zero:_act:292 - Commands: 
[{'command_name': 'Terminal.run_command', 'args': {'cmd': "cd /home/aludy/scires/Cloud_Spec_Exp/external/worktrees/oci-metagpt-agentless-mini-rerun/metagpt/crun-353 && grep -rn 'run_process_with_stdin_timeout_envp' --include='*.c' --include='*.h'"}}]
2026-07-25 14:25:38.719 | INFO     | metagpt.roles.di.role_zero:_act:294 - Commands outputs: 
Command Terminal.run_command executed:
[command]: cd /home/aludy/scires/Cloud_Spec_Exp/external/worktrees/oci-metagpt-agentless-mini-rerun/metagpt/crun-353 && grep -rn 'run_process_with_stdin_timeout_envp' --include='*.c' --include='*.h' 
[command output] : src/libcrun/utils.c:1274:run_process_with_stdin_timeout_envp (char *path,
src/libcrun/container.c:535:      ret = run_process_with_stdin_timeout_envp (hooks[i]->path, hooks[i]->args, cwd, hooks[i]->timeout, hooks[i]->env, stdin, stdin_len, err);
src/libcrun/utils.h:127:int run_process_with_stdin_timeout_envp (char *path, char **args, const char *cwd, int timeout, char **envp, char *stdin, size_t stdin_len, libcrun_error_t *err);

2026-07-25 14:25:40.698 | INFO     | metagpt.roles.di.role_zero:_act:292 - Commands: 
[{'command_name': 'Editor.goto_line', 'args': {'line_number': 1274}}, {'command_name': 'Editor.open_file', 'args': {'path': '/home/aludy/scires/Cloud_Spec_Exp/external/worktrees/oci-metagpt-agentless-mini-rerun/metagpt/crun-353/src/libcrun/utils.c'}}]
2026-07-25 14:25:40.699 | INFO     | metagpt.roles.di.role_zero:_act:294 - Commands outputs: 
Command Editor.goto_line executed: [File: /home/aludy/scires/Cloud_Spec_Exp/external/worktrees/oci-metagpt-agentless-mini-rerun/metagpt/crun-353/src/libcrun/container.c (2656 lines total)]
(1173 more lines above)
1174|      close_and_reset (&container_ready_fd);
1175|    }
1176|
1177|  sigfillset (&mask);
1178|  ret = sigprocmask (SIG_BLOCK, &mask, NULL);
1179|  if (UNLIKELY (ret < 0))
1180|    return crun_make_error (err, errno, "sigprocmask");
1181|
1182|  signalfd = create_signalfd (&mask, err);
1183|  if (UNLIKELY (signalfd < 0))
1184|    return signalfd;
1185|
1186|  ret = reap_subprocesses (pid, &container_exit_code, &last_process, err);
1187|  if (UNLIKELY (ret < 0))
1188|    return ret;
1189|
1190|  if (last_process)
1191|    return container_exit_code;
1192|
1193|  fds[fds_len++] = signalfd;
1194|  if (notify_socket >= 0)
1195|    fds[fds_len++] = notify_socket;
1196|  if (terminal_fd >= 0)
1197|    {
1198|      fds[fds_len++] = 0;
1199|      levelfds[levelfds_len++] = terminal_fd;
1200|    }
1201|  fds[fds_len++] = -1;
1202|  levelfds[levelfds_len++] = -1;
1203|
1204|  epollfd = epoll_helper (fds, levelfds, err);
1205|  if (UNLIKELY (epollfd < 0))
1206|    return epollfd;
1207|
1208|  while (1)
1209|    {
1210|      struct signalfd_siginfo si;
1211|      ssize_t res;
1212|      struct epoll_event events[10];
1213|      int i, nr_events;
1214|
1215|      nr_events = TEMP_FAILURE_RETRY (epoll_wait (epollfd, events, 10, -1));
1216|      if (UNLIKELY (nr_events < 0))
1217|        return crun_make_error (err, errno, "epoll_wait");
1218|
1219|      for (i = 0; i < nr_events; i++)
1220|        {
1221|          if (events[i].data.fd == 0)
1222|            {
1223|              ret = copy_from_fd_to_fd (0, terminal_fd, 0, err);
1224|              if (UNLIKELY (ret < 0))
1225|                return ret;
1226|            }
1227|          else if (events[i].data.fd == terminal_fd)
1228|            {
1229|              ret = set_blocking_fd (terminal_fd, 0, err);
1230|              if (UNLIKELY (ret < 0))
1231|                return ret;
1232|
1233|              ret = copy_from_fd_to_fd (terminal_fd, 1, 1, err);
1234|              if (UNLIKELY (ret < 0))
1235|                return ret;
1236|
1237|              ret = set_blocking_fd (terminal_fd, 1, err);
1238|              if (UNLIKELY (ret < 0))
1239|                return ret;
1240|            }
1241|          else if (events[i].data.fd == notify_socket)
1242|            {
1243|              ret = handle_notify_socket (notify_socket, err);
1244|              if (UNLIKELY (ret < 0))
1245|                return ret;
1246|              if (ret && context->detach)
1247|                return 0;
1248|            }
1249|          else if (events[i].data.fd == signalfd)
1250|            {
1251|              res = TEMP_FAILURE_RETRY (read (signalfd, &si, sizeof (si)));
1252|              if (UNLIKELY (res < 0))
1253|                return crun_make_error (err, errno, "read from signalfd");
1254|              if (si.ssi_signo == SIGCHLD)
1255|                {
1256|                  ret = reap_subprocesses (pid, &container_exit_code, &last_process, err);
1257|                  if (UNLIKELY (ret < 0))
1258|                    return ret;
1259|                  if (last_process)
1260|                    return container_exit_code;
1261|                }
1262|              else
1263|                {
1264|                  /* Send any other signal to the child process.  */
1265|                  ret = kill (pid, si.ssi_signo);
1266|                }
1267|            }
1268|          else
1269|            {
1270|              return crun_make_error (err, 0, "unknown fd from epoll_wait");
1271|            }
1272|        }
1273|    }
1274|
1275|  return 0;
1276|}
1277|
1278|static void
1279|flush_fd_to_err (libcrun_context_t *context, int terminal_fd)
1280|{
1281|  char buf[256];
1282|  int flags;
1283|  if (terminal_fd < 0 || stderr == NULL)
1284|    return;
1285|
1286|  flags = fcntl (terminal_fd, F_GETFL, 0);
1287|  if (flags == -1)
1288|    return;
1289|  if (fcntl (terminal_fd, F_SETFL, flags | O_NONBLOCK) < 0)
1290|    return;
1291|
1292|  for (;;)
1293|    {
1294|      int ret = TEMP_FAILURE_RETRY (read (terminal_fd, buf, sizeof (buf) - 1));
1295|      if (ret <= 0)
1296|        break;
1297|      buf[ret] = '\0';
1298|      if (context->output_handler)
1299|        context->output_handler (0, buf, false, context->output_handler_arg);
1300|    }
1301|  (void) fcntl (terminal_fd, F_SETFL, flags);
1302|  fflush (stderr);
1303|  fsync (1);
1304|  fsync (2);
1305|}
1306|
1307|static void
1308|cleanup_watch (libcrun_context_t *context, pid_t init_pid, runtime_spec_schema_config_schema *def, const char *id, int sync_socket, int terminal_fd)
1309|{
1310|  libcrun_error_t err = NULL;
1311|  container_delete_internal (context, def, id, 1, true, &err);
1312|  crun_error_release (&err);
1313|
1314|  if (init_pid)
1315|    kill (init_pid, SIGKILL);
1316|
1317|  sync_socket_wait_sync (context, sync_socket, true, &err);
1318|  if (err)
1319|    {
1320|      if (context->output_handler)
1321|        context->output_handler (err->status, err->msg, false, context->output_handler_arg);
1322|      crun_error_release (&err);
1323|    }
1324|
1325|  if (terminal_fd >= 0)
1326|    flush_fd_to_err (context, terminal_fd);
1327|}
1328|
1329|static int
1330|open_seccomp_output (const char *id, int *fd, bool readonly, const char *state_root, libcrun_error_t *err)
1331|{
1332|  int ret;
1333|  cleanup_free char *dest_path = NULL;
1334|  cleanup_free char *dir = NULL;
1335|
1336|  dir = libcrun_get_state_directory (state_root, id);
1337|  if (UNLIKELY (dir == NULL))
1338|        return crun_make_error (err, 0, "cannot get state directory");
1339|
1340|  xasprintf (&dest_path, "%s/seccomp.bpf", dir);
1341|
1342|  *fd = -1;
1343|  if (readonly)
1344|    {
1345|      ret = TEMP_FAILURE_RETRY (open (dest_path, O_RDONLY));
1346|      if (UNLIKELY (ret < 0))
1347|        {
1348|          if (errno == ENOENT)
1349|            return 0;
1350|          return crun_make_error (err, errno, "open seccomp.bpf");
1351|        }
1352|      *fd = ret;
1353|    }
1354|  else
1355|    {
1356|      ret = TEMP_FAILURE_RETRY (open (dest_path, O_RDWR | O_CREAT, 0700));
1357|      if (UNLIKELY (ret < 0))
1358|        return crun_make_error (err, errno, "open seccomp.bpf");
1359|      *fd = ret;
1360|    }
1361|
1362|  return 0;
1363|}
1364|
1365|/* Find the uid:gid that is mapped to root inside the container user namespace.  */
1366|static void
1367|get_root_in_the_userns_for_cgroups (runtime_spec_schema_config_schema *def, uid_t host_uid, gid_t host_gid, uid_t *uid, gid_t *gid)
1368|{
1369|  *uid = -1;
1370|  *gid = -1;
1371|
1372|  /* Not root in the namespace.  */
1373|  if (host_uid)
1374|    return;
(1282 more lines below)

Command Editor.open_file executed: [File: /home/aludy/scires/Cloud_Spec_Exp/external/worktrees/oci-metagpt-agentless-mini-rerun/metagpt/crun-353/src/libcrun/utils.c (1864 lines total)]
(this is the beginning of the file)
001|/*
002| * crun - OCI runtime written in C
003| *
004| * Copyright (C) 2017, 2018, 2019 Giuseppe Scrivano <giuseppe@scrivano.org>
005| * crun is free software; you can redistribute it and/or modify
006| * it under the terms of the GNU Lesser General Public License as published by
007| * the Free Software Foundation; either version 2.1 of the License, or
008| * (at your option) any later version.
009| *
010| * crun is distributed in the hope that it will be useful,
011| * but WITHOUT ANY WARRANTY; without even the implied warranty of
012| * MERCHANTABILITY or FITNESS FOR A PARTICULAR PURPOSE.  See the
013| * GNU Lesser General Public License for more details.
014| *
015| * You should have received a copy of the GNU Lesser General Public License
016| * along with crun.  If not, see <http://www.gnu.org/licenses/>.
017| */
018|
019|#define _GNU_SOURCE
020|#include <config.h>
021|#include "utils.h"
022|#include <stdarg.h>
023|#include <unistd.h>
024|#include <string.h>
025|#include <fcntl.h>
026|#include <sys/stat.h>
027|#include <sys/types.h>
028|#include <sys/un.h>
029|#include <sys/socket.h>
030|#include <sys/signalfd.h>
031|#include <sys/epoll.h>
032|#include <sys/syscall.h>
033|#include <sys/wait.h>
034|#include <pwd.h>
035|#include <grp.h>
036|#include <time.h>
037|#include <sys/time.h>
038|#include <sys/xattr.h>
039|#include <sys/sysmacros.h>
040|#include <sys/vfs.h>
041|#include <linux/magic.h>
042|#include <limits.h>
043|
044|#ifndef RESOLVE_IN_ROOT
045|# define RESOLVE_IN_ROOT		0x10
046|#endif
047|#ifndef __NR_openat2
048|# define __NR_openat2 437
049|#endif
050|
051|static int
052|syscall_openat2 (int dirfd, const char *path, uint64_t flags, uint64_t mode, uint64_t resolve)
053|{
054|  struct openat2_open_how
055|    {
056|      uint64_t flags;
057|      uint64_t mode;
058|      uint64_t resolve;
059|    }
060|  how =
061|    {
062|     .flags = flags,
063|     .mode = mode,
064|     .resolve = resolve,
065|    };
066|
067|  return (int) syscall (__NR_openat2, dirfd, path, &how, sizeof (how), 0);
068|}
069|
070|int
071|close_and_reset (int *fd)
072|{
073|  int ret = 0;
074|  if (*fd >= 0)
075|    {
076|      ret = TEMP_FAILURE_RETRY (close (*fd));
077|      if (LIKELY (ret == 0))
078|        *fd = -1;
079|    }
080|  return ret;
081|}
082|
083|void
084|cleanup_freep (void *p)
085|{
086|  void **pp = (void **) p;
087|  free (*pp);
088|}
089|
090|void
091|cleanup_filep (FILE **f)
092|{
093|  FILE *file = *f;
094|  if (file)
095|    (void) fclose (file);
096|}
097|
098|void
099|cleanup_closep (void *p)
100|{
101|  int *pp = p;
102|  if (*pp >= 0)
103|    TEMP_FAILURE_RETRY (close (*pp));
104|}
105|
106|void
107|cleanup_close_vecp (int **p)
108|{
109|  int *pp = *p;
110|  int i;
111|
112|  for (i = 0; pp[i] >= 0; i++)
113|    TEMP_FAILURE_RETRY (close (pp[i]));
114|}
115|
116|void
117|cleanup_dirp (DIR **p)
118|{
119|  DIR *dir = *p;
120|  if (dir)
121|    closedir (dir);
122|}
123|
124|void *
125|xmalloc (size_t size)
126|{
127|  void *res = malloc (size);
128|  if (UNLIKELY (res == NULL))
129|    OOM ();
130|  return res;
131|}
132|
133|void *
134|xmalloc0 (size_t size)
135|{
136|  void *res = calloc (1, size);
137|  if (UNLIKELY (res == NULL))
138|    OOM ();
139|  return res;
140|}
141|
142|void *
143|xrealloc (void *ptr, size_t size)
144|{
145|  void *res = realloc (ptr, size);
146|  if (UNLIKELY (res == NULL))
147|    OOM ();
148|  return res;
149|}
150|
151|char *
152|argp_mandatory_argument (char *arg, struct argp_state *state)
153|{
154|  if (arg)
155|    return arg;
156|  return state->argv[state->next++];
157|}
158|
159|int
160|crun_path_exists (const char *path, libcrun_error_t *err arg_unused)
161|{
162|  int ret = access (path, F_OK);
163|  if (ret < 0)
164|    return 0;
165|  return 1;
166|}
167|
168|int
169|xasprintf (char **str, const char *fmt, ...)
170|{
171|  int ret;
172|  va_list args_list;
173|
174|  va_start (args_list, fmt);
175|
176|  ret = vasprintf (str, fmt, args_list);
177|  if (UNLIKELY (ret < 0))
178|    OOM ();
179|
180|  va_end (args_list);
181|  return ret;
182|}
183|
184|char *
185|xstrdup (const char *str)
186|{
187|  char *ret;
188|  if (str == NULL)
189|    return NULL;
190|
191|  ret = strdup (str);
192|  if (ret == NULL)
193|    OOM ();
194|
195|  return ret;
196|}
197|
198|int
199|write_file_at (int dirfd, const char *name, const void *data, size_t len, libcrun_error_t *err)
200|{
(1664 more lines below)
2026-07-25 14:25:42.396 | INFO     | metagpt.roles.di.role_zero:_act:292 - Commands: 
[{'command_name': 'Editor.goto_line', 'args': {'line_number': 1274}}]
2026-07-25 14:25:42.397 | INFO     | metagpt.roles.di.role_zero:_act:294 - Commands outputs: 
Command Editor.goto_line executed: [File: /home/aludy/scires/Cloud_Spec_Exp/external/worktrees/oci-metagpt-agentless-mini-rerun/metagpt/crun-353/src/libcrun/utils.c (1864 lines total)]
(1173 more lines above)
1174|  const char *name;
1175|  struct passwd pwd;
1176|
1177|  buf_size = sysconf (_SC_GETPW_R_SIZE_MAX);
1178|  if (buf_size < 0)
1179|    buf_size = 1024;
1180|
1181|  buf = xmalloc (buf_size);
1182|  for (;;)
1183|    {
1184|      int ret;
1185|      struct passwd *ret_pw = NULL;
1186|
1187|      ret = getpwuid_r (id, &pwd, buf, buf_size, &ret_pw);
1188|      if (LIKELY (ret == 0))
1189|        {
1190|          if (ret_pw)
1191|            {
1192|              name = ret_pw->pw_name;
1193|              break;
1194|            }
1195|          return -1;
1196|        }
1197|
1198|      if (ret < 0 && errno != ERANGE)
1199|        return ret;
1200|
1201|      buf_size *= 2;
1202|      buf = xrealloc (buf, buf_size);
1203|    }
1204|
1205|  len_name = strlen (name);
1206|
1207|  input = fopen (is_uid ? "/etc/subuid" : "/etc/subgid", "r");
1208|  if (input == NULL)
1209|    return -1;
1210|
1211|  for (;;)
1212|    {
1213|      char *endptr;
1214|      ssize_t read = getline (&lineptr, &lenlineptr, input);
1215|      if (read < 0)
1216|        return -1;
1217|
1218|      if (read < (ssize_t) (len_name + 2))
1219|        continue;
1220|
1221|      if (memcmp (lineptr, name, len_name) || lineptr[len_name] != ':')
1222|        continue;
1223|
1224|      *from = strtoull (&lineptr[len_name + 1], &endptr, 10);
1225|
1226|      if (endptr >= &lineptr[read])
1227|        return -1;
1228|
1229|      *len = strtoull (&endptr[1], &endptr, 10);
1230|
1231|      return 0;
1232|    }
1233|}
1234|
1235|#define MIN(x,y) ((x)<(y)?(x):(y))
1236|
1237|size_t
1238|format_default_id_mapping (char **ret, uid_t container_id, uid_t host_id, int is_uid)
1239|{
1240|  uint32_t from, available;
1241|  cleanup_free char *buffer = NULL;
1242|  size_t written = 0;
1243|
1244|  *ret = NULL;
1245|
1246|  if (getsubidrange (host_id, is_uid, &from, &available) < 0)
1247|    return 0;
1248|
1249|  /* More than enough space for all the mappings.  */
1250|  buffer = xmalloc (15 * 5 * 3);
1251|
1252|  if (container_id > 0)
1253|    {
1254|      uint32_t used = MIN (container_id, available);
1255|      written += sprintf (buffer + written, "%d %d %d\n", 0, from, used);
1256|      from += used;
1257|      available -= used;
1258|    }
1259|
1260|  /* Host ID -> Container ID.  */
1261|  written += sprintf (buffer + written, "%d %d 1\n", container_id, host_id);
1262|
1263|  /* Last mapping: use any id that is left.  */
1264|  if (available)
1265|    written += sprintf (buffer + written, "%d %d %d\n", container_id + 1, from, available);
1266|
1267|  *ret = buffer;
1268|  buffer = NULL;
1269|  return written;
1270|}
1271|
1272|/* will leave SIGCHLD blocked if TIMEOUT is used.  */
1273|int
1274|run_process_with_stdin_timeout_envp (char *path,
1275|                                     char **args,
1276|                                     const char *cwd,
1277|                                     int timeout,
1278|                                     char **envp,
1279|                                     char *stdin,
1280|                                     size_t stdin_len,
1281|                                     libcrun_error_t *err)
1282|{
1283|  int stdin_pipe[2];
1284|  pid_t pid;
1285|  int ret;
1286|  cleanup_close int pipe_r = -1;
1287|  cleanup_close int pipe_w = -1;
1288|  sigset_t mask;
1289|
1290|  ret = pipe (stdin_pipe);
1291|  if (UNLIKELY (ret < 0))
1292|    return crun_make_error (err, errno, "pipe");
1293|  pipe_r = stdin_pipe[0];
1294|  pipe_w = stdin_pipe[1];
1295|
1296|  if (timeout > 0)
1297|    {
1298|      sigaddset (&mask, SIGCHLD);
1299|      ret = sigprocmask (SIG_BLOCK, &mask, NULL);
1300|      if (UNLIKELY (ret < 0))
1301|        return crun_make_error (err, errno, "sigprocmask");
1302|    }
1303|
1304|  pid = fork ();
1305|  if (UNLIKELY (pid < 0))
1306|    return crun_make_error (err, errno, "fork");
1307|
1308|  if (pid)
1309|    {
1310|      int r, status;
1311|
1312|      close_and_reset (&pipe_r);
1313|
1314|      ret = TEMP_FAILURE_RETRY (write (pipe_w, stdin, stdin_len));
1315|      if (UNLIKELY (ret < 0))
1316|        return crun_make_error (err, errno, "writing to pipe");
1317|
1318|      close_and_reset (&pipe_w);
1319|
1320|      if (timeout)
1321|        {
1322|          time_t start = time (NULL);
1323|          time_t now;
1324|          for (now = start; now - start < timeout; now = time (NULL))
1325|            {
1326|              siginfo_t info;
1327|              int elapsed = now - start;
1328|              struct timespec ts_timeout = { .tv_sec = timeout - elapsed, .tv_nsec = 0 };
1329|
1330|              ret = sigtimedwait (&mask, &info, &ts_timeout);
1331|              if (UNLIKELY (ret < 0 && errno != EAGAIN))
1332|                return crun_make_error (err, errno, "sigtimedwait");
1333|
1334|              if (info.si_signo == SIGCHLD && info.si_pid == pid)
1335|                goto read_waitpid;
1336|
1337|              if (ret < 0 && errno == EAGAIN)
1338|                goto timeout;
1339|            }
1340| timeout:
1341|          kill (pid, SIGKILL);
1342|          return crun_make_error (err, 0, "timeout expired for `%s`", path);
1343|        }
1344|
1345| read_waitpid:
1346|      r = TEMP_FAILURE_RETRY (waitpid (pid, &status, 0));
1347|      if (r < 0)
1348|        return crun_make_error (err, errno, "waitpid");
1349|      if (WIFEXITED (status))
1350|        return WEXITSTATUS (status);
1351|      if (WIFSIGNALED (status))
1352|        return 127 + WTERMSIG (status);
1353|    }
1354|  else
1355|    {
1356|      char *tmp_args[] = {path, NULL};
1357|      int out = open ("/dev/null", O_WRONLY);
1358|
1359|      if (UNLIKELY (out < 0))
1360|        _exit (EXIT_FAILURE);
1361|
1362|      TEMP_FAILURE_RETRY (close (pipe_w));
1363|      dup2 (pipe_r, 0);
1364|      TEMP_FAILURE_RETRY (close (pipe_r));
1365|
1366|      dup2 (out, 1);
1367|      dup2 (out, 2);
1368|      TEMP_FAILURE_RETRY (close (out));
1369|
1370|      if (args == NULL)
1371|        args = tmp_args;
1372|
1373|      if (cwd && chdir (cwd) < 0)
1374|        _exit (EXIT_FAILURE);
(490 more lines below)
2026-07-25 14:26:21.156 | INFO     | metagpt.roles.di.role_zero:_act:292 - Commands: 
[{'command_name': 'Editor.goto_line', 'args': {'line_number': 1350}}]
2026-07-25 14:26:21.158 | INFO     | metagpt.roles.di.role_zero:_act:294 - Commands outputs: 
Command Editor.goto_line executed: [File: /home/aludy/scires/Cloud_Spec_Exp/external/worktrees/oci-metagpt-agentless-mini-rerun/metagpt/crun-353/src/libcrun/utils.c (1864 lines total)]
(1249 more lines above)
1250|  buffer = xmalloc (15 * 5 * 3);
1251|
1252|  if (container_id > 0)
1253|    {
1254|      uint32_t used = MIN (container_id, available);
1255|      written += sprintf (buffer + written, "%d %d %d\n", 0, from, used);
1256|      from += used;
1257|      available -= used;
1258|    }
1259|
1260|  /* Host ID -> Container ID.  */
1261|  written += sprintf (buffer + written, "%d %d 1\n", container_id, host_id);
1262|
1263|  /* Last mapping: use any id that is left.  */
1264|  if (available)
1265|    written += sprintf (buffer + written, "%d %d %d\n", container_id + 1, from, available);
1266|
1267|  *ret = buffer;
1268|  buffer = NULL;
1269|  return written;
1270|}
1271|
1272|/* will leave SIGCHLD blocked if TIMEOUT is used.  */
1273|int
1274|run_process_with_stdin_timeout_envp (char *path,
1275|                                     char **args,
1276|                                     const char *cwd,
1277|                                     int timeout,
1278|                                     char **envp,
1279|                                     char *stdin,
1280|                                     size_t stdin_len,
1281|                                     libcrun_error_t *err)
1282|{
1283|  int stdin_pipe[2];
1284|  pid_t pid;
1285|  int ret;
1286|  cleanup_close int pipe_r = -1;
1287|  cleanup_close int pipe_w = -1;
1288|  sigset_t mask;
1289|
1290|  ret = pipe (stdin_pipe);
1291|  if (UNLIKELY (ret < 0))
1292|    return crun_make_error (err, errno, "pipe");
1293|  pipe_r = stdin_pipe[0];
1294|  pipe_w = stdin_pipe[1];
1295|
1296|  if (timeout > 0)
1297|    {
1298|      sigaddset (&mask, SIGCHLD);
1299|      ret = sigprocmask (SIG_BLOCK, &mask, NULL);
1300|      if (UNLIKELY (ret < 0))
1301|        return crun_make_error (err, errno, "sigprocmask");
1302|    }
1303|
1304|  pid = fork ();
1305|  if (UNLIKELY (pid < 0))
1306|    return crun_make_error (err, errno, "fork");
1307|
1308|  if (pid)
1309|    {
1310|      int r, status;
1311|
1312|      close_and_reset (&pipe_r);
1313|
1314|      ret = TEMP_FAILURE_RETRY (write (pipe_w, stdin, stdin_len));
1315|      if (UNLIKELY (ret < 0))
1316|        return crun_make_error (err, errno, "writing to pipe");
1317|
1318|      close_and_reset (&pipe_w);
1319|
1320|      if (timeout)
1321|        {
1322|          time_t start = time (NULL);
1323|          time_t now;
1324|          for (now = start; now - start < timeout; now = time (NULL))
1325|            {
1326|              siginfo_t info;
1327|              int elapsed = now - start;
1328|              struct timespec ts_timeout = { .tv_sec = timeout - elapsed, .tv_nsec = 0 };
1329|
1330|              ret = sigtimedwait (&mask, &info, &ts_timeout);
1331|              if (UNLIKELY (ret < 0 && errno != EAGAIN))
1332|                return crun_make_error (err, errno, "sigtimedwait");
1333|
1334|              if (info.si_signo == SIGCHLD && info.si_pid == pid)
1335|                goto read_waitpid;
1336|
1337|              if (ret < 0 && errno == EAGAIN)
1338|                goto timeout;
1339|            }
1340| timeout:
1341|          kill (pid, SIGKILL);
1342|          return crun_make_error (err, 0, "timeout expired for `%s`", path);
1343|        }
1344|
1345| read_waitpid:
1346|      r = TEMP_FAILURE_RETRY (waitpid (pid, &status, 0));
1347|      if (r < 0)
1348|        return crun_make_error (err, errno, "waitpid");
1349|      if (WIFEXITED (status))
1350|        return WEXITSTATUS (status);
1351|      if (WIFSIGNALED (status))
1352|        return 127 + WTERMSIG (status);
1353|    }
1354|  else
1355|    {
1356|      char *tmp_args[] = {path, NULL};
1357|      int out = open ("/dev/null", O_WRONLY);
1358|
1359|      if (UNLIKELY (out < 0))
1360|        _exit (EXIT_FAILURE);
1361|
1362|      TEMP_FAILURE_RETRY (close (pipe_w));
1363|      dup2 (pipe_r, 0);
1364|      TEMP_FAILURE_RETRY (close (pipe_r));
1365|
1366|      dup2 (out, 1);
1367|      dup2 (out, 2);
1368|      TEMP_FAILURE_RETRY (close (out));
1369|
1370|      if (args == NULL)
1371|        args = tmp_args;
1372|
1373|      if (cwd && chdir (cwd) < 0)
1374|        _exit (EXIT_FAILURE);
1375|
1376|      execvpe (path, args, envp);
1377|      _exit (EXIT_FAILURE);
1378|    }
1379|  return -1;
1380|}
1381|
1382|int
1383|close_fds_ge_than (int n, libcrun_error_t *err)
1384|{
1385|  cleanup_close int cfd = -1;
1386|  cleanup_dir DIR *dir = NULL;
1387|  int ret;
1388|  int fd;
1389|  struct statfs sfs;
1390|  struct dirent *next;
1391|
1392|  cfd = open ("/proc/self/fd", O_DIRECTORY | O_RDONLY | O_CLOEXEC);
1393|  if (UNLIKELY (cfd < 0))
1394|    return crun_make_error (err, errno, "open /proc/self/fd");
1395|
1396|  ret = fstatfs (cfd, &sfs);
1397|  if (UNLIKELY (ret < 0))
1398|    return crun_make_error (err, errno, "statfs `/proc/self/fd`");
1399|
1400|  if (sfs.f_type != PROC_SUPER_MAGIC)
1401|    return crun_make_error (err, 0, "the path `/proc/self/fd` is not on file system type `procfs`");
1402|
1403|  dir = fdopendir (cfd);
1404|  if (UNLIKELY (dir == NULL))
1405|    return crun_make_error (err, errno, "cannot fdopendir /proc/self/fd");
1406|
1407|  /* Now it is owned by dir.  */
1408|  cfd = -1;
1409|
1410|  fd = dirfd (dir);
1411|  for (next = readdir (dir); next; next = readdir (dir))
1412|    {
1413|      int val;
1414|      const char *name = next->d_name;
1415|      if (name[0] == '.')
1416|        continue;
1417|
1418|      val = strtoll (name, NULL, 10);
1419|      if (val < n || val == fd)
1420|        continue;
1421|
1422|      ret = fcntl (val, F_SETFD, FD_CLOEXEC);
1423|      if (UNLIKELY (ret < 0))
1424|        return crun_make_error (err, errno, "cannot set CLOEXEC fd for '/proc/self/fd/%s'", name);
1425|    }
1426|  return 0;
1427|}
1428|
1429|void
1430|get_current_timestamp (char *out)
1431|{
1432|  struct timeval tv;
1433|  struct tm now;
1434|  char timestamp[64];
1435|
1436|  gettimeofday (&tv, NULL);
1437|  gmtime_r (&tv.tv_sec, &now);
1438|  strftime (timestamp, sizeof (timestamp), "%Y-%m-%dT%H:%M:%S", &now);
1439|
1440|  sprintf (out, "%s.%09ldZ", timestamp, tv.tv_usec);
1441|}
1442|
1443|int
1444|set_blocking_fd (int fd, int blocking, libcrun_error_t *err)
1445|{
1446|  int ret, flags = fcntl (fd, F_GETFL, 0);
1447|  if (UNLIKELY (flags < 0))
1448|    return crun_make_error (err, errno, "fcntl");
1449|
1450|  ret = fcntl (fd, F_SETFL, blocking ? flags & ~O_NONBLOCK : flags | O_NONBLOCK);
(414 more lines below)
2026-07-25 14:26:49.708 | INFO     | metagpt.roles.di.role_zero:_act:292 - Commands: 
[{'command_name': 'Terminal.run_command', 'args': {'cmd': "cd /home/aludy/scires/Cloud_Spec_Exp/external/worktrees/oci-metagpt-agentless-mini-rerun/metagpt/crun-353 && grep -rn 'libcrun_error' src/libcrun/error.h 2>/dev/null | head -20"}}, {'command_name': 'Terminal.run_command', 'args': {'cmd': "cd /home/aludy/scires/Cloud_Spec_Exp/external/worktrees/oci-metagpt-agentless-mini-rerun/metagpt/crun-353 && grep -rn 'void libcrun_error' --include='*.h' --include='*.c' | head -10"}}]
2026-07-25 14:26:49.756 | INFO     | metagpt.roles.di.role_zero:_act:294 - Commands outputs: 
Command Terminal.run_command executed:
[command]: cd /home/aludy/scires/Cloud_Spec_Exp/external/worktrees/oci-metagpt-agentless-mini-rerun/metagpt/crun-353 && grep -rn 'libcrun_error' src/libcrun/error.h 2>/dev/null | head -20 
[command output] : 41:struct libcrun_error_s
46:typedef struct libcrun_error_s *libcrun_error_t;
64:int crun_make_error (libcrun_error_t *err, int status, const char *msg, ...);
66:int crun_error_get_errno (libcrun_error_t *err);
68:int crun_error_release (libcrun_error_t *err);
70:void crun_error_write_warning_and_release (FILE *out, libcrun_error_t **err);
74:void libcrun_error (int errno_, const char *msg, ...);
78:int crun_set_log_format (const char *format, libcrun_error_t *err);
81:                  const char *id, const char *log, libcrun_error_t *err);


Command Terminal.run_command executed:
[command]: cd /home/aludy/scires/Cloud_Spec_Exp/external/worktrees/oci-metagpt-agentless-mini-rerun/metagpt/crun-353 && grep -rn 'void libcrun_error' --include='*.h' --include='*.c' | head -10 
[command output] : src/libcrun/error.h:74:void libcrun_error (int errno_, const char *msg, ...);

2026-07-25 14:27:11.829 | ERROR    | metagpt.utils.common:parse_code:291 - ```json.*?\s+(.*?)\n``` not match following text:
2026-07-25 14:27:11.829 | ERROR    | metagpt.utils.common:parse_code:292 - 
2026-07-25 14:27:11.830 | WARNING  | metagpt.utils.role_zero_utils:parse_commands:115 - Failed to parse JSON for: . Trying to repair...
2026-07-25 14:27:30.213 | INFO     | metagpt.roles.di.role_zero:_act:292 - Commands: 
[{'command_name': 'Terminal.run_command', 'args': {'cmd': "cd /home/aludy/scires/Cloud_Spec_Exp/external/worktrees/oci-metagpt-agentless-mini-rerun/metagpt/crun-353 && git log --oneline | grep -i 'hook' | head -10"}}, {'command_name': 'Terminal.run_command', 'args': {'cmd': "cd /home/aludy/scires/Cloud_Spec_Exp/external/worktrees/oci-metagpt-agentless-mini-rerun/metagpt/crun-353 && git show b04df1c5317b 2>/dev/null --stat || echo 'commit not in this repo'"}}]
2026-07-25 14:27:30.302 | INFO     | metagpt.roles.di.role_zero:_act:294 - Commands outputs: 
Command Terminal.run_command executed:
[command]: cd /home/aludy/scires/Cloud_Spec_Exp/external/worktrees/oci-metagpt-agentless-mini-rerun/metagpt/crun-353 && git log --oneline | grep -i 'hook' | head -10 
[command output] : 40d11ce6 Merge pull request #222 from giuseppe/new-hooks
607699ee linux: honor new hook types
f8347730 Merge pull request #200 from giuseppe/fix-hook
f351bb30 utils: redirect stdout/stderr for hooks to /dev/null
148b8602 Merge pull request #132 from giuseppe/hooks-error
fb0a30c1 container: print an error when a hook fails
2b3b3c32 Merge pull request #130 from giuseppe/hooks-pass-null-env
76169b61 hooks: use definition from libocispec
53260fcb oci: include annotations in hooks stdin
b54d77a9 oci: include container status in hooks stdin


Command Terminal.run_command executed:
[command]: cd /home/aludy/scires/Cloud_Spec_Exp/external/worktrees/oci-metagpt-agentless-mini-rerun/metagpt/crun-353 && git show b04df1c5317b 2>/dev/null --stat || echo 'commit not in this repo' 
[command output] : commit b04df1c5317b8362de618028ca8ea4b271067ab4
Merge: 83367338 c7ac9320
Author: Daniel J Walsh <dwalsh@redhat.com>
Date:   Sun May 17 07:17:17 2020 -0400

    Merge pull request #355 from giuseppe/hooks-redirect
    
    container: allow hooks output to file

 .github/workflows/release.yaml |   1 +
 crun.1.md                      |  15 +++++
 src/libcrun/container.c        | 130 +++++++++++++++++++++++++++++++++--------
 src/libcrun/utils.c            |  24 ++++++--
 src/libcrun/utils.h            |   2 +-
 5 files changed, 141 insertions(+), 31 deletions(-)

2026-07-25 14:27:48.654 | INFO     | metagpt.roles.di.role_zero:_act:292 - Commands: 
[{'command_name': 'Editor.open_file', 'args': {'path': '/home/aludy/scires/Cloud_Spec_Exp/external/worktrees/oci-metagpt-agentless-mini-rerun/metagpt/crun-353/src/libcrun/utils.h'}}, {'command_name': 'Terminal.run_command', 'args': {'cmd': "cd /home/aludy/scires/Cloud_Spec_Exp/external/worktrees/oci-metagpt-agentless-mini-rerun/metagpt/crun-353 && grep -n 'run_process_with_stdin' src/libcrun/utils.h"}}]
2026-07-25 14:27:48.656 | INFO     | metagpt.roles.di.role_zero:_act:294 - Commands outputs: 
Command Editor.open_file executed: [File: /home/aludy/scires/Cloud_Spec_Exp/external/worktrees/oci-metagpt-agentless-mini-rerun/metagpt/crun-353/src/libcrun/utils.h (161 lines total)]
(this is the beginning of the file)
001|/*
002| * crun - OCI runtime written in C
003| *
004| * Copyright (C) 2017, 2018, 2019 Giuseppe Scrivano <giuseppe@scrivano.org>
005| * crun is free software; you can redistribute it and/or modify
006| * it under the terms of the GNU Lesser General Public License as published by
007| * the Free Software Foundation; either version 2.1 of the License, or
008| * (at your option) any later version.
009| *
010| * crun is distributed in the hope that it will be useful,
011| * but WITHOUT ANY WARRANTY; without even the implied warranty of
012| * MERCHANTABILITY or FITNESS FOR A PARTICULAR PURPOSE.  See the
013| * GNU Lesser General Public License for more details.
014| *
015| * You should have received a copy of the GNU Lesser General Public License
016| * along with crun.  If not, see <http://www.gnu.org/licenses/>.
017| */
018|#ifndef UTILS_H
019|# define UTILS_H
020|# include <config.h>
021|# include <stdio.h>
022|# include <stdlib.h>
023|# include <errno.h>
024|# include <argp.h>
025|# include "error.h"
026|# include <dirent.h>
027|# include <runtime_spec_schema_config_schema.h>
028|# include "container.h"
029|
030|# ifndef TEMP_FAILURE_RETRY
031|#  define TEMP_FAILURE_RETRY(expression)                                \
032|  (__extension__                                                        \
033|   ({ long int __result;                                                \
034|     do __result = (long int) (expression);                             \
035|     while (__result < 0 && errno == EINTR);                            \
036|     __result; }))
037|# endif
038|
039|
040|void cleanup_filep (FILE **f);
041|void cleanup_freep (void *p);
042|void cleanup_closep (void *p);
043|void cleanup_close_vecp (int **p);
044|void cleanup_dirp (DIR **p);
045|int close_and_reset (int *fd);
046|
047|# define cleanup_file __attribute__((cleanup (cleanup_filep)))
048|# define cleanup_free __attribute__((cleanup (cleanup_freep)))
049|# define cleanup_close __attribute__((cleanup (cleanup_closep)))
050|# define cleanup_close_vec __attribute__((cleanup (cleanup_close_vecp)))
051|# define cleanup_dir __attribute__((cleanup (cleanup_dirp)))
052|# define arg_unused __attribute__((unused))
053|
054|# define LIKELY(x) __builtin_expect((x),1)
055|# define UNLIKELY(x) __builtin_expect((x),0)
056|
057|void *xmalloc (size_t size);
058|
059|void *xmalloc0 (size_t size);
060|
061|void *xrealloc (void *ptr, size_t size);
062|
063|char *xstrdup (const char *str);
064|
065|int xasprintf (char **str, const char *fmt, ...);
066|
067|char *argp_mandatory_argument (char *arg, struct argp_state *state);
068|
069|int crun_path_exists (const char *path, libcrun_error_t *err);
070|
071|int write_file (const char *name, const void *data, size_t len, libcrun_error_t *err);
072|
073|int write_file_at (int dirfd, const char *name, const void *data, size_t len, libcrun_error_t *err);
074|
075|int crun_ensure_directory (const char *path, int mode, bool nofollow, libcrun_error_t *err);
076|
077|int crun_ensure_file (const char *path, int mode, bool nofollow, libcrun_error_t *err);
078|
079|int crun_ensure_directory_at (int dirfd, const char *path, int mode, bool nofollow, libcrun_error_t *err);
080|
081|int crun_ensure_file_at (int dirfd, const char *path, int mode, bool nofollow, libcrun_error_t *err);
082|
083|int crun_safe_ensure_directory_at (int dirfd, const char *dirpath, size_t dirpath_len, const char *path, int mode, libcrun_error_t *err);
084|
085|int crun_safe_ensure_file_at (int dirfd, const char *dirpath, size_t dirpath_len, const char *path, int mode, libcrun_error_t *err);
086|
087|int crun_dir_p (const char *path, bool nofollow, libcrun_error_t *err);
088|
089|int crun_dir_p_at (int dirfd, const char *path, bool nofollow, libcrun_error_t *err);
090|
091|int detach_process ();
092|
093|int create_file_if_missing_at (int dirfd, const char *file, libcrun_error_t *err);
094|
095|int check_running_in_user_namespace (libcrun_error_t *err);
096|
097|int set_selinux_exec_label (const char *label, libcrun_error_t *err);
098|
099|int add_selinux_mount_label (char **ret, const char *data, const char *label, libcrun_error_t *err);
100|
101|int set_apparmor_profile (const char *profile, libcrun_error_t *err);
102|
103|int read_all_fd (int fd, const char *description, char **out, size_t *len, libcrun_error_t *err);
104|
105|int read_all_file (const char *path, char **out, size_t *len, libcrun_error_t *err);
106|
107|int open_unix_domain_client_socket (const char *path, int dgram, libcrun_error_t *err);
108|
109|int open_unix_domain_socket (const char *path, int dgram, libcrun_error_t *err);
110|
111|int send_fd_to_socket (int server, int fd, libcrun_error_t *err);
112|
113|int create_socket_pair (int *pair, libcrun_error_t *err);
114|
115|int receive_fd_from_socket (int from, libcrun_error_t *err);
116|
117|int create_signalfd (sigset_t *mask, libcrun_error_t *err);
118|
119|int epoll_helper (int *fds, int *levelfds, libcrun_error_t *err);
120|
121|int copy_from_fd_to_fd (int src, int dst, int consume, libcrun_error_t *err);
122|
123|int run_process (char **args, libcrun_error_t *err);
124|
125|size_t format_default_id_mapping (char **ret, uid_t container_id, uid_t host_id, int is_uid);
126|
127|int run_process_with_stdin_timeout_envp (char *path, char **args, const char *cwd, int timeout, char **envp, char *stdin, size_t stdin_len, libcrun_error_t *err);
128|
129|int close_fds_ge_than (int n, libcrun_error_t *err);
130|
131|void get_current_timestamp (char *out);
132|
133|int set_blocking_fd (int fd, int blocking, libcrun_error_t *err);
134|
135|int parse_json_file (yajl_val *out, const char *jsondata, struct parser_context *ctx, libcrun_error_t *err);
136|
137|int has_prefix (const char *str, const char *prefix);
138|
139|const char *find_executable (const char *executable_path, const char *cwd);
140|
141|int copy_recursive_fd_to_fd (int srcfd, int destfd, const char *srcname, const char *destname, libcrun_error_t *err);
142|
143|int set_home_env (uid_t uid);
144|
145|int libcrun_initialize_selinux (libcrun_error_t *err);
146|
147|int libcrun_initialize_apparmor (libcrun_error_t *err);
148|
149|const char *find_annotation (libcrun_container_t *container, const char *name);
150|
151|int get_file_type_at (int dirfd, mode_t *mode, bool nofollow, const char *path);
152|
153|int get_file_type (mode_t *mode, bool nofollow, const char *path);
154|
155|int get_file_type_fd (int fd, mode_t *mode);
156|
157|int str2sig (const char *name);
158|
159|int safe_openat (int dirfd, const char *rootfs, size_t rootfs_len, const char *path, int flags, int mode, libcrun_error_t *err);
160|
161|#endif
(this is the end of the file)

Command Terminal.run_command executed:
[command]: cd /home/aludy/scires/Cloud_Spec_Exp/external/worktrees/oci-metagpt-agentless-mini-rerun/metagpt/crun-353 && grep -n 'run_process_with_stdin' src/libcrun/utils.h 
[command output] : 127:int run_process_with_stdin_timeout_envp (char *path, char **args, const char *cwd, int timeout, char **envp, char *stdin, size_t stdin_len, libcrun_error_t *err);

2026-07-25 14:28:05.550 | INFO     | metagpt.roles.di.role_zero:_act:292 - Commands: 
[{'command_name': 'Plan.append_task', 'args': {'task_id': '1', 'dependent_task_ids': [], 'instruction': 'Modify run_process_with_stdin_timeout_envp in utils.c to capture hook stderr via pipe and include in error on failure', 'assignee': 'Alex'}}, {'command_name': 'Plan.append_task', 'args': {'task_id': '2', 'dependent_task_ids': ['1'], 'instruction': 'Modify do_hooks in container.c to use error from run_process_with_stdin_timeout_envp instead of just logging exit code', 'assignee': 'Alex'}}, {'command_name': 'Plan.append_task', 'args': {'task_id': '3', 'dependent_task_ids': ['1', '2'], 'instruction': 'Build the crun runtime and test with repro.sh, then collect git diff', 'assignee': 'Alex'}}]
2026-07-25 14:28:05.550 | INFO     | metagpt.roles.di.role_zero:_act:294 - Commands outputs: 
Command Plan.append_task executed

Command Plan.append_task executed

Command Plan.append_task executed
2026-07-25 14:28:35.063 | ERROR    | metagpt.utils.common:parse_code:291 - ```json.*?\s+(.*?)\n``` not match following text:
2026-07-25 14:28:35.063 | ERROR    | metagpt.utils.common:parse_code:292 - Now I understand the issue. The `run_process_with_stdin_timeout_envp` function redirects the hook's stderr to `/dev/null` (line 1367), so when a hook fails, the diagnostic stderr output is lost. I need to:

1. Create a stderr pipe to capture the hook's stderr
2. Include the captured stderr in the error message when the hook fails
3. Update the caller in `do_hooks` to use the error set by the function

Let me start Task 1: Modify `run_process_with_stdin_timeout_envp` in utils.c.

```json
[
    {
        "command_name": "Editor.edit_file_by_replace",
        "args": {
            "file_name": "/home/aludy/scires/Cloud_Spec_Exp/external/worktrees/oci-metagpt-agentless-mini-rerun/metagpt/crun-353/src/libcrun/utils.c",
            "first_replaced_line_number": 1272,
            "first_replaced_line_content": "/* will leave SIGCHLD blocked if TIMEOUT is used.  */",
            "last_replaced_line_number": 1380,
            "last_replaced_line_content": "}",
            "new_content": "/* will leave SIGCHLD blocked if TIMEOUT is used.  */\nint\nrun_process_with_stdin_timeout_envp (char *path,\n                                     char **args,\n                                     const char *cwd,\n                                     int timeout,\n                                     char **envp,\n                                     char *stdin,\n                                     size_t stdin_len,\n                                     libcrun_error_t *err)\n{\n  int stdin_pipe[2];\n  int stderr_pipe[2];\n  pid_t pid;\n  int ret;\n  cleanup_close int pipe_r = -1;\n  cleanup_close int pipe_w = -1;\n  cleanup_close int stderr_r = -1;\n  cleanup_close int stderr_w = -1;\n  sigset_t mask;\n\n  ret = pipe (stdin_pipe);\n  if (UNLIKELY (ret < 0))\n    return crun_make_error (err, errno, \"pipe\");\n  pipe_r = stdin_pipe[0];\n  pipe_w = stdin_pipe[1];\n\n  ret = pipe (stderr_pipe);\n  if (UNLIKELY (ret < 0))\n    return crun_make_error (err, errno, \"pipe\");\n  stderr_r = stderr
2026-07-25 14:28:35.063 | WARNING  | metagpt.utils.role_zero_utils:parse_commands:115 - Failed to parse JSON for: Now I understand the issue. The `run_process_with_stdin_timeout_envp` function redirects the hook's stderr to `/dev/null` (line 1367), so when a hook fails, the diagnostic stderr output is lost. I need to:

1. Create a stderr pipe to capture the hook's stderr
2. Include the captured stderr in the error message when the hook fails
3. Update the caller in `do_hooks` to use the error set by the function

Let me start Task 1: Modify `run_process_with_stdin_timeout_envp` in utils.c.

```json
[
    {
        "command_name": "Editor.edit_file_by_replace",
        "args": {
            "file_name": "/home/aludy/scires/Cloud_Spec_Exp/external/worktrees/oci-metagpt-agentless-mini-rerun/metagpt/crun-353/src/libcrun/utils.c",
            "first_replaced_line_number": 1272,
            "first_replaced_line_content": "/* will leave SIGCHLD blocked if TIMEOUT is used.  */",
            "last_replaced_line_number": 1380,
            "last_replaced_line_content": "}",
            "new_content": "/* will leave SIGCHLD blocked if TIMEOUT is used.  */\nint\nrun_process_with_stdin_timeout_envp (char *path,\n                                     char **args,\n                                     const char *cwd,\n                                     int timeout,\n                                     char **envp,\n                                     char *stdin,\n                                     size_t stdin_len,\n                                     libcrun_error_t *err)\n{\n  int stdin_pipe[2];\n  int stderr_pipe[2];\n  pid_t pid;\n  int ret;\n  cleanup_close int pipe_r = -1;\n  cleanup_close int pipe_w = -1;\n  cleanup_close int stderr_r = -1;\n  cleanup_close int stderr_w = -1;\n  sigset_t mask;\n\n  ret = pipe (stdin_pipe);\n  if (UNLIKELY (ret < 0))\n    return crun_make_error (err, errno, \"pipe\");\n  pipe_r = stdin_pipe[0];\n  pipe_w = stdin_pipe[1];\n\n  ret = pipe (stderr_pipe);\n  if (UNLIKELY (ret < 0))\n    return crun_make_error (err, errno, \"pipe\");\n  stderr_r = stderr. Trying to repair...
2026-07-25 14:28:59.400 | ERROR    | metagpt.utils.common:parse_code:291 - ```json.*?\s+(.*?)\n``` not match following text:
2026-07-25 14:28:59.401 | ERROR    | metagpt.utils.common:parse_code:292 - [
    {
        "command_name": "Editor.edit_file_by_replace",
        "args": {
            "file_name": "/home/aludy/scires/Cloud_Spec_Exp/external/worktrees/oci-metagpt-agentless-mini-rerun/metagpt/crun-353/src/libcrun/utils.c",
            "first_replaced_line_number": 1272,
            "first_replaced_line_content": "/* will leave SIGCHLD blocked if TIMEOUT is used.  */",
            "last_replaced_line_number": 1380,
            "last_replaced_line_content": "}",
            "new_content": "/* will leave SIGCHLD blocked if TIMEOUT is used.  */\nint\nrun_process_with_stdin_timeout_envp (char *path,\n                                     char **args,\n                                     const char *cwd,\n                                     int timeout,\n                                     char **envp,\n                                     char *stdin,\n                                     size_t stdin_len,\n                                     libcrun_error_t *err)\n{\n  int stdin_pipe[2];\n  int stderr_pipe[2];\n  pid_t pid;\n  int ret;\n  cleanup_close int pipe_r = -1;\n  cleanup_close int pipe_w = -1;\n  cleanup_close int stderr_r = -1;\n  cleanup_close int stderr_w = -1;\n  sigset_t mask;\n\n  ret = pipe (stdin_pipe);\n  if (UNLIKELY (ret < 0))\n    return crun_make_error (err, errno, \"pipe\");\n  pipe_r = stdin_pipe[0];\n  pipe_w = stdin_pipe[1];\n\n  ret = pipe (stderr_pipe);\n  if (UNLIKELY (ret < 0))\n    return crun_make_error (err, errno, \"pipe\");\n  stderr_r = stderr"
        }
    }
]
2026-07-25 14:28:59.401 | INFO     | metagpt.roles.di.role_zero:_act:292 - Commands: 
[{'command_name': 'Editor.edit_file_by_replace', 'args': {'file_name': '/home/aludy/scires/Cloud_Spec_Exp/external/worktrees/oci-metagpt-agentless-mini-rerun/metagpt/crun-353/src/libcrun/utils.c', 'first_replaced_line_number': 1272, 'first_replaced_line_content': '/* will leave SIGCHLD blocked if TIMEOUT is used.  */', 'last_replaced_line_number': 1380, 'last_replaced_line_content': '}', 'new_content': '/* will leave SIGCHLD blocked if TIMEOUT is used.  */\nint\nrun_process_with_stdin_timeout_envp (char *path,\n                                     char **args,\n                                     const char *cwd,\n                                     int timeout,\n                                     char **envp,\n                                     char *stdin,\n                                     size_t stdin_len,\n                                     libcrun_error_t *err)\n{\n  int stdin_pipe[2];\n  int stderr_pipe[2];\n  pid_t pid;\n  int ret;\n  cleanup_close int pipe_r = -1;\n  cleanup_close int pipe_w = -1;\n  cleanup_close int stderr_r = -1;\n  cleanup_close int stderr_w = -1;\n  sigset_t mask;\n\n  ret = pipe (stdin_pipe);\n  if (UNLIKELY (ret < 0))\n    return crun_make_error (err, errno, "pipe");\n  pipe_r = stdin_pipe[0];\n  pipe_w = stdin_pipe[1];\n\n  ret = pipe (stderr_pipe);\n  if (UNLIKELY (ret < 0))\n    return crun_make_error (err, errno, "pipe");\n  stderr_r = stderr'}}]
2026-07-25 14:28:59.425 | ERROR    | metagpt.roles.di.role_zero:_run_commands:407 - list index out of rangeTraceback (most recent call last):
  File "/home/aludy/scires/Cloud_Spec_Exp/external/baselines/MetaGPT/metagpt/tools/libs/editor.py", line 563, in _edit_file_impl
    original_lint_error, _ = self._lint_file(file_name)
  File "/home/aludy/scires/Cloud_Spec_Exp/external/baselines/MetaGPT/metagpt/tools/libs/editor.py", line 211, in _lint_file
    lint_error = linter.lint(str(file_path))
  File "/home/aludy/scires/Cloud_Spec_Exp/external/baselines/MetaGPT/metagpt/tools/libs/linter.py", line 98, in lint
    linkres = basic_lint(absolute_fname, code)
  File "/home/aludy/scires/Cloud_Spec_Exp/external/baselines/MetaGPT/metagpt/tools/libs/linter.py", line 158, in basic_lint
    parser = get_parser(lang)
  File "tree_sitter_languages/core.pyx", line 19, in tree_sitter_languages.core.get_parser
  File "tree_sitter_languages/core.pyx", line 14, in tree_sitter_languages.core.get_language
TypeError: __init__() takes exactly 1 argument (2 given)

During handling of the above exception, another exception occurred:

Traceback (most recent call last):
  File "/home/aludy/scires/Cloud_Spec_Exp/external/baselines/MetaGPT/metagpt/roles/di/role_zero.py", line 401, in _run_commands
    tool_output = tool_obj(**cmd["args"])
  File "/home/aludy/scires/Cloud_Spec_Exp/external/baselines/MetaGPT/metagpt/tools/libs/editor.py", line 814, in edit_file_by_replace
    ret_str = self._edit_file_impl(
  File "/home/aludy/scires/Cloud_Spec_Exp/external/baselines/MetaGPT/metagpt/tools/libs/editor.py", line 667, in _edit_file_impl
    guidance_message = self._get_indentation_info(content, start or len(lines))
  File "/home/aludy/scires/Cloud_Spec_Exp/external/baselines/MetaGPT/metagpt/tools/libs/editor.py", line 495, in _get_indentation_info
    pre_line = content_lines[first_line - 2] if first_line - 2 >= 0 else ""
IndexError: list index out of range

Traceback (most recent call last):

  File "/home/aludy/scires/Cloud_Spec_Exp/external/baselines/MetaGPT/metagpt/tools/libs/editor.py", line 563, in _edit_file_impl
    original_lint_error, _ = self._lint_file(file_name)
                             │    │          └ PosixPath('/home/aludy/scires/Cloud_Spec_Exp/external/worktrees/oci-metagpt-agentless-mini-rerun/metagpt/crun-353/src/libcrun...
                             │    └ <function Editor._lint_file at 0x7840452808b0>
                             └ Editor(resource=EditorReporter(block=<BlockType.EDITOR: 'Editor'>, uuid=UUID('03d87e42-d683-49f7-9841-451591b69ce2'), enable_...

  File "/home/aludy/scires/Cloud_Spec_Exp/external/baselines/MetaGPT/metagpt/tools/libs/editor.py", line 211, in _lint_file
    lint_error = linter.lint(str(file_path))
                 │      │        └ PosixPath('/home/aludy/scires/Cloud_Spec_Exp/external/worktrees/oci-metagpt-agentless-mini-rerun/metagpt/crun-353/src/libcrun...
                 │      └ <function Linter.lint at 0x78404528ff40>
                 └ <metagpt.tools.libs.linter.Linter object at 0x7840391e64d0>

  File "/home/aludy/scires/Cloud_Spec_Exp/external/baselines/MetaGPT/metagpt/tools/libs/linter.py", line 98, in lint
    linkres = basic_lint(absolute_fname, code)
              │          │               └ '/*\n * crun - OCI runtime written in C\n *\n * Copyright (C) 2017, 2018, 2019 Giuseppe Scrivano <giuseppe@scrivano.org>\n * ...
              │          └ '/home/aludy/scires/Cloud_Spec_Exp/external/worktrees/oci-metagpt-agentless-mini-rerun/metagpt/crun-353/src/libcrun/utils.c'
              └ <function basic_lint at 0x7840452801f0>

  File "/home/aludy/scires/Cloud_Spec_Exp/external/baselines/MetaGPT/metagpt/tools/libs/linter.py", line 158, in basic_lint
    parser = get_parser(lang)
             │          └ 'c'
             └ <cyfunction get_parser at 0x7840452facf0>

  File "tree_sitter_languages/core.pyx", line 19, in tree_sitter_languages.core.get_parser
  File "tree_sitter_languages/core.pyx", line 14, in tree_sitter_languages.core.get_language

TypeError: __init__() takes exactly 1 argument (2 given)


During handling of the above exception, another exception occurred:


Traceback (most recent call last):

  File "/home/aludy/scires/Cloud_Spec_Exp/baselines/metagpt/launch.py", line 307, in <module>
    raise SystemExit(main())
                     └ <function main at 0x7840fc942ef0>

  File "/home/aludy/scires/Cloud_Spec_Exp/baselines/metagpt/launch.py", line 277, in main
    result = generate_repo(**supported)
             │               └ {'idea': 'Fix OCI runtime bug case crun-353.\n\nTarget runtime: crun\nTitle: return stderr of hooks in case of an error\nUpst...
             └ <function generate_repo at 0x784043ecdcf0>

  File "/home/aludy/scires/Cloud_Spec_Exp/external/baselines/MetaGPT/metagpt/software_company.py", line 72, in generate_repo
    asyncio.run(company.run(n_round=n_round, idea=idea))
    │       │   │       │           │             └ 'Fix OCI runtime bug case crun-353.\n\nTarget runtime: crun\nTitle: return stderr of hooks in case of an error\nUpstream issu...
    │       │   │       │           └ 10
    │       │   │       └ <function serialize_decorator.<locals>.wrapper at 0x784039e901f0>
    │       │   └ Team(env=MGXEnv(), investment=3.0, idea='Fix OCI runtime bug case crun-353.\n\nTarget runtime: crun\nTitle: return stderr of ...
    │       └ <function run at 0x7840fa591750>
    └ <module 'asyncio' from '/home/aludy/miniconda3/envs/metagpt/lib/python3.10/asyncio/__init__.py'>

  File "/home/aludy/miniconda3/envs/metagpt/lib/python3.10/asyncio/runners.py", line 44, in run
    return loop.run_until_complete(main)
           │    │                  └ <coroutine object serialize_decorator.<locals>.wrapper at 0x784039dab610>
           │    └ <function BaseEventLoop.run_until_complete at 0x7840fa593130>
           └ <_UnixSelectorEventLoop running=True closed=False debug=False>
  File "/home/aludy/miniconda3/envs/metagpt/lib/python3.10/asyncio/base_events.py", line 636, in run_until_complete
    self.run_forever()
    │    └ <function BaseEventLoop.run_forever at 0x7840fa5930a0>
    └ <_UnixSelectorEventLoop running=True closed=False debug=False>
  File "/home/aludy/miniconda3/envs/metagpt/lib/python3.10/asyncio/base_events.py", line 603, in run_forever
    self._run_once()
    │    └ <function BaseEventLoop._run_once at 0x7840fa594c10>
    └ <_UnixSelectorEventLoop running=True closed=False debug=False>
  File "/home/aludy/miniconda3/envs/metagpt/lib/python3.10/asyncio/base_events.py", line 1909, in _run_once
    handle._run()
    │      └ <function Handle._run at 0x7840fa544280>
    └ <Handle <TaskStepMethWrapper object at 0x7840392486d0>()>
  File "/home/aludy/miniconda3/envs/metagpt/lib/python3.10/asyncio/events.py", line 80, in _run
    self._context.run(self._callback, *self._args)
    │    │            │    │           │    └ <member '_args' of 'Handle' objects>
    │    │            │    │           └ <Handle <TaskStepMethWrapper object at 0x7840392486d0>()>
    │    │            │    └ <member '_callback' of 'Handle' objects>
    │    │            └ <Handle <TaskStepMethWrapper object at 0x7840392486d0>()>
    │    └ <member '_context' of 'Handle' objects>
    └ <Handle <TaskStepMethWrapper object at 0x7840392486d0>()>

  File "/home/aludy/scires/Cloud_Spec_Exp/external/baselines/MetaGPT/metagpt/utils/common.py", line 692, in wrapper
    return await func(self, *args, **kwargs)
                 │    │      │       └ {}
                 │    │      └ ()
                 │    └ Engineer2(private_context=Context(kwargs=AttrDict(), config=Config(extra_fields=None, project_path='/home/aludy/scires/Cloud_...
                 └ <function Role.run at 0x78403aa3e5f0>

  File "/home/aludy/scires/Cloud_Spec_Exp/external/baselines/MetaGPT/metagpt/roles/role.py", line 548, in run
    rsp = await self.react()
                │    └ <function Role.react at 0x78403aa3e4d0>
                └ Engineer2(private_context=Context(kwargs=AttrDict(), config=Config(extra_fields=None, project_path='/home/aludy/scires/Cloud_...

  File "/home/aludy/scires/Cloud_Spec_Exp/external/baselines/MetaGPT/metagpt/roles/role.py", line 515, in react
    rsp = await self._react()
                │    └ <function RoleZero._react at 0x78403a879f30>
                └ Engineer2(private_context=Context(kwargs=AttrDict(), config=Config(extra_fields=None, project_path='/home/aludy/scires/Cloud_...

  File "/home/aludy/scires/Cloud_Spec_Exp/external/baselines/MetaGPT/metagpt/roles/di/role_zero.py", line 324, in _react
    rsp = await self._act()
                │    └ <function RoleZero._act at 0x78403a879ea0>
                └ Engineer2(private_context=Context(kwargs=AttrDict(), config=Config(extra_fields=None, project_path='/home/aludy/scires/Cloud_...

  File "/home/aludy/scires/Cloud_Spec_Exp/external/baselines/MetaGPT/metagpt/roles/di/role_zero.py", line 293, in _act
    outputs = await self._run_commands(commands)
                    │    │             └ [{'command_name': 'Editor.edit_file_by_replace', 'args': {'file_name': '/home/aludy/scires/Cloud_Spec_Exp/external/worktrees/...
                    │    └ <function RoleZero._run_commands at 0x78403a87a0e0>
                    └ Engineer2(private_context=Context(kwargs=AttrDict(), config=Config(extra_fields=None, project_path='/home/aludy/scires/Cloud_...

> File "/home/aludy/scires/Cloud_Spec_Exp/external/baselines/MetaGPT/metagpt/roles/di/role_zero.py", line 401, in _run_commands
    tool_output = tool_obj(**cmd["args"])
                  │          └ {'command_name': 'Editor.edit_file_by_replace', 'args': {'file_name': '/home/aludy/scires/Cloud_Spec_Exp/external/worktrees/o...
                  └ <bound method Editor.edit_file_by_replace of Editor(resource=EditorReporter(block=<BlockType.EDITOR: 'Editor'>, uuid=UUID('03...

  File "/home/aludy/scires/Cloud_Spec_Exp/external/baselines/MetaGPT/metagpt/tools/libs/editor.py", line 814, in edit_file_by_replace
    ret_str = self._edit_file_impl(
              │    └ <function Editor._edit_file_impl at 0x784045281120>
              └ Editor(resource=EditorReporter(block=<BlockType.EDITOR: 'Editor'>, uuid=UUID('03d87e42-d683-49f7-9841-451591b69ce2'), enable_...

  File "/home/aludy/scires/Cloud_Spec_Exp/external/baselines/MetaGPT/metagpt/tools/libs/editor.py", line 667, in _edit_file_impl
    guidance_message = self._get_indentation_info(content, start or len(lines))
                       │    │                     │        └ 1272
                       │    │                     └ '/* will leave SIGCHLD blocked if TIMEOUT is used.  */\nint\nrun_process_with_stdin_timeout_envp (char *path,\n              ...
                       │    └ <function Editor._get_indentation_info at 0x784045281090>
                       └ Editor(resource=EditorReporter(block=<BlockType.EDITOR: 'Editor'>, uuid=UUID('03d87e42-d683-49f7-9841-451591b69ce2'), enable_...

  File "/home/aludy/scires/Cloud_Spec_Exp/external/baselines/MetaGPT/metagpt/tools/libs/editor.py", line 495, in _get_indentation_info
    pre_line = content_lines[first_line - 2] if first_line - 2 >= 0 else ""
               │             │                  └ 1272
               │             └ 1272
               └ ['/* will leave SIGCHLD blocked if TIMEOUT is used.  */', 'int', 'run_process_with_stdin_timeout_envp (char *path,', '       ...

IndexError: list index out of range
2026-07-25 14:28:59.522 | INFO     | metagpt.roles.di.role_zero:_act:294 - Commands outputs: 
Command Editor.edit_file_by_replace executed: Traceback (most recent call last):
  File "/home/aludy/scires/Cloud_Spec_Exp/external/baselines/MetaGPT/metagpt/tools/libs/editor.py", line 563, in _edit_file_impl
    original_lint_error, _ = self._lint_file(file_name)
  File "/home/aludy/scires/Cloud_Spec_Exp/external/baselines/MetaGPT/metagpt/tools/libs/editor.py", line 211, in _lint_file
    lint_error = linter.lint(str(file_path))
  File "/home/aludy/scires/Cloud_Spec_Exp/external/baselines/MetaGPT/metagpt/tools/libs/linter.py", line 98, in lint
    linkres = basic_lint(absolute_fname, code)
  File "/home/aludy/scires/Cloud_Spec_Exp/external/baselines/MetaGPT/metagpt/tools/libs/linter.py", line 158, in basic_lint
    parser = get_parser(lang)
  File "tree_sitter_languages/core.pyx", line 19, in tree_sitter_languages.core.get_parser
  File "tree_sitter_languages/core.pyx", line 14, in tree_sitter_languages.core.get_language
TypeError: __init__() takes exactly 1 argument (2 given)

During handling of the above exception, another exception occurred:

Traceback (most recent call last):
  File "/home/aludy/scires/Cloud_Spec_Exp/external/baselines/MetaGPT/metagpt/roles/di/role_zero.py", line 401, in _run_commands
    tool_output = tool_obj(**cmd["args"])
  File "/home/aludy/scires/Cloud_Spec_Exp/external/baselines/MetaGPT/metagpt/tools/libs/editor.py", line 814, in edit_file_by_replace
    ret_str = self._edit_file_impl(
  File "/home/aludy/scires/Cloud_Spec_Exp/external/baselines/MetaGPT/metagpt/tools/libs/editor.py", line 667, in _edit_file_impl
    guidance_message = self._get_indentation_info(content, start or len(lines))
  File "/home/aludy/scires/Cloud_Spec_Exp/external/baselines/MetaGPT/metagpt/tools/libs/editor.py", line 495, in _get_indentation_info
    pre_line = content_lines[first_line - 2] if first_line - 2 >= 0 else ""
IndexError: list index out of range

2026-07-25 14:29:03.798 | INFO     | metagpt.roles.di.role_zero:_act:292 - Commands: 
[{'command_name': 'Editor.open_file', 'args': {'path': '/home/aludy/scires/Cloud_Spec_Exp/external/worktrees/oci-metagpt-agentless-mini-rerun/metagpt/crun-353/src/libcrun/utils.c', 'line_number': 1272, 'context_lines': 120}}]
2026-07-25 14:29:03.799 | INFO     | metagpt.roles.di.role_zero:_act:294 - Commands outputs: 
Command Editor.open_file executed: [File: /home/aludy/scires/Cloud_Spec_Exp/external/worktrees/oci-metagpt-agentless-mini-rerun/metagpt/crun-353/src/libcrun/utils.c (1864 lines total)]
(1211 more lines above)
1212|    {
1213|      char *endptr;
1214|      ssize_t read = getline (&lineptr, &lenlineptr, input);
1215|      if (read < 0)
1216|        return -1;
1217|
1218|      if (read < (ssize_t) (len_name + 2))
1219|        continue;
1220|
1221|      if (memcmp (lineptr, name, len_name) || lineptr[len_name] != ':')
1222|        continue;
1223|
1224|      *from = strtoull (&lineptr[len_name + 1], &endptr, 10);
1225|
1226|      if (endptr >= &lineptr[read])
1227|        return -1;
1228|
1229|      *len = strtoull (&endptr[1], &endptr, 10);
1230|
1231|      return 0;
1232|    }
1233|}
1234|
1235|#define MIN(x,y) ((x)<(y)?(x):(y))
1236|
1237|size_t
1238|format_default_id_mapping (char **ret, uid_t container_id, uid_t host_id, int is_uid)
1239|{
1240|  uint32_t from, available;
1241|  cleanup_free char *buffer = NULL;
1242|  size_t written = 0;
1243|
1244|  *ret = NULL;
1245|
1246|  if (getsubidrange (host_id, is_uid, &from, &available) < 0)
1247|    return 0;
1248|
1249|  /* More than enough space for all the mappings.  */
1250|  buffer = xmalloc (15 * 5 * 3);
1251|
1252|  if (container_id > 0)
1253|    {
1254|      uint32_t used = MIN (container_id, available);
1255|      written += sprintf (buffer + written, "%d %d %d\n", 0, from, used);
1256|      from += used;
1257|      available -= used;
1258|    }
1259|
1260|  /* Host ID -> Container ID.  */
1261|  written += sprintf (buffer + written, "%d %d 1\n", container_id, host_id);
1262|
1263|  /* Last mapping: use any id that is left.  */
1264|  if (available)
1265|    written += sprintf (buffer + written, "%d %d %d\n", container_id + 1, from, available);
1266|
1267|  *ret = buffer;
1268|  buffer = NULL;
1269|  return written;
1270|}
1271|
1272|/* will leave SIGCHLD blocked if TIMEOUT is used.  */
1273|int
1274|run_process_with_stdin_timeout_envp (char *path,
1275|                                     char **args,
1276|                                     const char *cwd,
1277|                                     int timeout,
1278|                                     char **envp,
1279|                                     char *stdin,
1280|                                     size_t stdin_len,
1281|                                     libcrun_error_t *err)
1282|{
1283|  int stdin_pipe[2];
1284|  pid_t pid;
1285|  int ret;
1286|  cleanup_close int pipe_r = -1;
1287|  cleanup_close int pipe_w = -1;
1288|  sigset_t mask;
1289|
1290|  ret = pipe (stdin_pipe);
1291|  if (UNLIKELY (ret < 0))
1292|    return crun_make_error (err, errno, "pipe");
1293|  pipe_r = stdin_pipe[0];
1294|  pipe_w = stdin_pipe[1];
1295|
1296|  if (timeout > 0)
1297|    {
1298|      sigaddset (&mask, SIGCHLD);
1299|      ret = sigprocmask (SIG_BLOCK, &mask, NULL);
1300|      if (UNLIKELY (ret < 0))
1301|        return crun_make_error (err, errno, "sigprocmask");
1302|    }
1303|
1304|  pid = fork ();
1305|  if (UNLIKELY (pid < 0))
1306|    return crun_make_error (err, errno, "fork");
1307|
1308|  if (pid)
1309|    {
1310|      int r, status;
1311|
1312|      close_and_reset (&pipe_r);
1313|
1314|      ret = TEMP_FAILURE_RETRY (write (pipe_w, stdin, stdin_len));
1315|      if (UNLIKELY (ret < 0))
1316|        return crun_make_error (err, errno, "writing to pipe");
1317|
1318|      close_and_reset (&pipe_w);
1319|
1320|      if (timeout)
1321|        {
1322|          time_t start = time (NULL);
1323|          time_t now;
1324|          for (now = start; now - start < timeout; now = time (NULL))
1325|            {
1326|              siginfo_t info;
1327|              int elapsed = now - start;
1328|              struct timespec ts_timeout = { .tv_sec = timeout - elapsed, .tv_nsec = 0 };
1329|
1330|              ret = sigtimedwait (&mask, &info, &ts_timeout);
1331|              if (UNLIKELY (ret < 0 && errno != EAGAIN))
1332|                return crun_make_error (err, errno, "sigtimedwait");
(532 more lines below)
2026-07-25 14:29:08.736 | INFO     | metagpt.roles.di.role_zero:_act:292 - Commands: 
[{'command_name': 'Editor.open_file', 'args': {'path': '/home/aludy/scires/Cloud_Spec_Exp/external/worktrees/oci-metagpt-agentless-mini-rerun/metagpt/crun-353/src/libcrun/container.c', 'line_number': 500, 'context_lines': 80}}]
2026-07-25 14:29:08.737 | INFO     | metagpt.roles.di.role_zero:_act:294 - Commands outputs: 
Command Editor.open_file executed: [File: /home/aludy/scires/Cloud_Spec_Exp/external/worktrees/oci-metagpt-agentless-mini-rerun/metagpt/crun-353/src/libcrun/container.c (2656 lines total)]
(459 more lines above)
460|/* must be used on the host before pivot_root(2).  */
461|static int
462|initialize_security (runtime_spec_schema_config_schema_process *proc, libcrun_error_t *err)
463|{
464|  int ret;
465|
466|  if (UNLIKELY (proc == NULL))
467|    return 0;
468|
469|  if (proc->apparmor_profile)
470|    {
471|      ret = libcrun_initialize_apparmor (err);
472|      if (UNLIKELY (ret < 0))
473|        return ret;
474|    }
475|
476|  ret = libcrun_initialize_selinux (err);
477|  if (UNLIKELY (ret < 0))
478|    return ret;
479|
480|  return 0;
481|}
482|
483|static int
484|do_hooks (runtime_spec_schema_config_schema *def,
485|          pid_t pid,
486|          const char *id,
487|          bool keep_going,
488|          const char *cwd,
489|          const char *status,
490|          hook **hooks,
491|          size_t hooks_len,
492|          libcrun_error_t *err)
493|{
494|  size_t i, stdin_len;
495|  int ret;
496|  cleanup_free char *stdin = NULL;
497|  const unsigned char *annotations = (const unsigned char *) "{}";
498|  cleanup_free char *cwd_allocated = NULL;
499|  const char *rootfs = def->root ? def->root->path : "";
500|  yajl_gen gen = NULL;
501|
502|  if (cwd == NULL)
503|    {
504|      cwd = cwd_allocated = get_current_dir_name ();
505|      if (cwd == NULL)
506|        OOM ();
507|    }
508|
509|  if (def && def->annotations && def->annotations->len)
510|    {
511|      size_t len;
512|
513|      gen = yajl_gen_alloc (NULL);
514|      if (gen == NULL)
515|        return crun_make_error (err, 0, "yajl_gen_alloc failed");
516|
517|      yajl_gen_map_open (gen);
518|      for (i = 0; i < def->annotations->len; i++)
519|        {
520|          const char *key = def->annotations->keys[i];
521|          const char *val = def->annotations->values[i];
522|
523|          yajl_gen_string (gen, YAJL_STR (key), strlen (key));
524|          yajl_gen_string (gen, YAJL_STR (val), strlen (val));
525|        }
526|      yajl_gen_map_close (gen);
527|
528|      yajl_gen_get_buf (gen, &annotations, &len);
529|    }
530|
531|  stdin_len = xasprintf (&stdin, "{\"ociVersion\":\"1.0\", \"id\":\"%s\", \"pid\":%i, \"root\":\"%s\", \"bundle\":\"%s\", \"status\":\"%s\", \"annotations\":%s}", id, pid, rootfs, cwd, status, annotations);
532|
533|  for (i = 0; i < hooks_len; i++)
534|    {
535|      ret = run_process_with_stdin_timeout_envp (hooks[i]->path, hooks[i]->args, cwd, hooks[i]->timeout, hooks[i]->env, stdin, stdin_len, err);
536|      if (UNLIKELY (ret != 0))
537|        {
538|          if (keep_going)
539|            libcrun_warning ("error executing hook `%s` (exit code: %d)", hooks[i]->path, ret);
540|          else
(2116 more lines below)
2026-07-25 14:29:12.178 | INFO     | metagpt.roles.di.role_zero:_act:292 - Commands: 
[{'command_name': 'Editor.goto_line', 'args': {'line_number': 540}}]
2026-07-25 14:29:12.179 | INFO     | metagpt.roles.di.role_zero:_act:294 - Commands outputs: 
Command Editor.goto_line executed: [File: /home/aludy/scires/Cloud_Spec_Exp/external/worktrees/oci-metagpt-agentless-mini-rerun/metagpt/crun-353/src/libcrun/container.c (2656 lines total)]
(439 more lines above)
440|  int ret;
441|  sigset_t mask;
442|  struct sigaction act = {};
443|
444|  sigfillset (&mask);
445|  ret = sigprocmask (SIG_UNBLOCK, &mask, NULL);
446|  if (UNLIKELY (ret < 0))
447|    return crun_make_error (err, errno, "sigprocmask");
448|
449|  act.sa_handler = SIG_DFL;
450|  for (i = 0; i < NSIG; i++)
451|    {
452|      ret = sigaction (i, &act, NULL);
453|      if (ret < 0 && errno != EINVAL)
454|        return crun_make_error (err, errno, "sigaction");
455|    }
456|
457|  return 0;
458|}
459|
460|/* must be used on the host before pivot_root(2).  */
461|static int
462|initialize_security (runtime_spec_schema_config_schema_process *proc, libcrun_error_t *err)
463|{
464|  int ret;
465|
466|  if (UNLIKELY (proc == NULL))
467|    return 0;
468|
469|  if (proc->apparmor_profile)
470|    {
471|      ret = libcrun_initialize_apparmor (err);
472|      if (UNLIKELY (ret < 0))
473|        return ret;
474|    }
475|
476|  ret = libcrun_initialize_selinux (err);
477|  if (UNLIKELY (ret < 0))
478|    return ret;
479|
480|  return 0;
481|}
482|
483|static int
484|do_hooks (runtime_spec_schema_config_schema *def,
485|          pid_t pid,
486|          const char *id,
487|          bool keep_going,
488|          const char *cwd,
489|          const char *status,
490|          hook **hooks,
491|          size_t hooks_len,
492|          libcrun_error_t *err)
493|{
494|  size_t i, stdin_len;
495|  int ret;
496|  cleanup_free char *stdin = NULL;
497|  const unsigned char *annotations = (const unsigned char *) "{}";
498|  cleanup_free char *cwd_allocated = NULL;
499|  const char *rootfs = def->root ? def->root->path : "";
500|  yajl_gen gen = NULL;
501|
502|  if (cwd == NULL)
503|    {
504|      cwd = cwd_allocated = get_current_dir_name ();
505|      if (cwd == NULL)
506|        OOM ();
507|    }
508|
509|  if (def && def->annotations && def->annotations->len)
510|    {
511|      size_t len;
512|
513|      gen = yajl_gen_alloc (NULL);
514|      if (gen == NULL)
515|        return crun_make_error (err, 0, "yajl_gen_alloc failed");
516|
517|      yajl_gen_map_open (gen);
518|      for (i = 0; i < def->annotations->len; i++)
519|        {
520|          const char *key = def->annotations->keys[i];
521|          const char *val = def->annotations->values[i];
522|
523|          yajl_gen_string (gen, YAJL_STR (key), strlen (key));
524|          yajl_gen_string (gen, YAJL_STR (val), strlen (val));
525|        }
526|      yajl_gen_map_close (gen);
527|
528|      yajl_gen_get_buf (gen, &annotations, &len);
529|    }
530|
531|  stdin_len = xasprintf (&stdin, "{\"ociVersion\":\"1.0\", \"id\":\"%s\", \"pid\":%i, \"root\":\"%s\", \"bundle\":\"%s\", \"status\":\"%s\", \"annotations\":%s}", id, pid, rootfs, cwd, status, annotations);
532|
533|  for (i = 0; i < hooks_len; i++)
534|    {
535|      ret = run_process_with_stdin_timeout_envp (hooks[i]->path, hooks[i]->args, cwd, hooks[i]->timeout, hooks[i]->env, stdin, stdin_len, err);
536|      if (UNLIKELY (ret != 0))
537|        {
538|          if (keep_going)
539|            libcrun_warning ("error executing hook `%s` (exit code: %d)", hooks[i]->path, ret);
540|          else
541|            {
542|              libcrun_error (0, "error executing hook `%s` (exit code: %d)", hooks[i]->path, ret);
543|              goto exit;
544|            }
545|        }
546|    }
547|
548|  ret = 0;
549|
550| exit:
551|  if (gen)
552|    yajl_gen_free (gen);
553|
554|  return ret;
555|}
556|
557|/* Initialize the environment where the container process runs.
558|   It is used by the container init process.  */
559|static int
560|container_init_setup (void *args, const char *notify_socket,
561|                      int sync_socket, const char **exec_path,
562|                      libcrun_error_t *err)
563|{
564|  struct container_entrypoint_s *entrypoint_args = args;
565|  libcrun_container_t *container = entrypoint_args->container;
566|  int ret;
567|  int has_terminal;
568|  cleanup_close int console_socket = -1;
569|  cleanup_close int console_socketpair = -1;
570|  runtime_spec_schema_config_schema *def = container->container_def;
571|  runtime_spec_schema_config_schema_process_capabilities *capabilities;
572|  cleanup_free char *rootfs = NULL;
573|  int no_new_privs;
574|
575|  ret = initialize_security (def->process, err);
576|  if (UNLIKELY (ret < 0))
577|    return ret;
578|
579|  ret = libcrun_configure_network (container, err);
580|  if (UNLIKELY (ret < 0))
581|    return ret;
582|
583|  rootfs = realpath (def->root->path, NULL);
584|  if (UNLIKELY (rootfs == NULL))
585|    {
586|      /* If realpath failed for any reason, try the relative directory.  */
587|      rootfs = xstrdup (def->root->path);
588|    }
589|
590|  if (entrypoint_args->terminal_socketpair[0] >= 0)
591|    {
592|      close_and_reset (&entrypoint_args->terminal_socketpair[0]);
593|      console_socketpair = entrypoint_args->terminal_socketpair[1];
594|    }
595|
596|  ret = sync_socket_wait_sync (NULL, sync_socket, false, err);
597|  if (UNLIKELY (ret < 0))
598|    return ret;
599|
600|  has_terminal = container->container_def->process && container->container_def->process->terminal;
601|  if (has_terminal && entrypoint_args->context->console_socket)
602|    console_socket = entrypoint_args->console_socket_fd;
603|
604|  ret = libcrun_set_sysctl (container, err);
605|  if (UNLIKELY (ret < 0))
606|    return ret;
607|
608|  ret = libcrun_set_mounts (container, rootfs, err);
609|  if (UNLIKELY (ret < 0))
610|    return ret;
611|
612|  ret = sync_socket_send_sync (sync_socket, false, err);
613|  if (UNLIKELY (ret < 0))
614|    return ret;
615|
616|  ret = sync_socket_wait_sync (NULL, sync_socket, false, err);
617|  if (UNLIKELY (ret < 0))
618|    return ret;
619|
620|  if (def->hooks && def->hooks->create_container_len)
621|    {
622|      ret = do_hooks (def, 0, container->context->id, false, NULL, "created",
623|                      (hook **) def->hooks->create_container,
624|                      def->hooks->create_container_len, err);
625|      if (UNLIKELY (ret != 0))
626|        return ret;
627|    }
628|
629|  if (def->process)
630|    {
631|      ret = libcrun_set_selinux_exec_label (def->process, err);
632|      if (UNLIKELY (ret < 0))
633|        return ret;
634|
635|      ret = libcrun_set_apparmor_profile (def->process, err);
636|      if (UNLIKELY (ret < 0))
637|        return ret;
638|    }
639|
640|  ret = close_fds_ge_than (entrypoint_args->context->preserve_fds + 3, err);
(2016 more lines below)
2026-07-25 14:29:18.891 | INFO     | metagpt.roles.di.role_zero:_act:292 - Commands: 
[{'command_name': 'Editor.open_file', 'args': {'path': '/home/aludy/scires/Cloud_Spec_Exp/external/worktrees/oci-metagpt-agentless-mini-rerun/metagpt/crun-353/src/libcrun/utils.c', 'line_number': 1330, 'context_lines': 200}}]
2026-07-25 14:29:18.892 | INFO     | metagpt.roles.di.role_zero:_act:294 - Commands outputs: 
Command Editor.open_file executed: [File: /home/aludy/scires/Cloud_Spec_Exp/external/worktrees/oci-metagpt-agentless-mini-rerun/metagpt/crun-353/src/libcrun/utils.c (1864 lines total)]
(1229 more lines above)
1230|
1231|      return 0;
1232|    }
1233|}
1234|
1235|#define MIN(x,y) ((x)<(y)?(x):(y))
1236|
1237|size_t
1238|format_default_id_mapping (char **ret, uid_t container_id, uid_t host_id, int is_uid)
1239|{
1240|  uint32_t from, available;
1241|  cleanup_free char *buffer = NULL;
1242|  size_t written = 0;
1243|
1244|  *ret = NULL;
1245|
1246|  if (getsubidrange (host_id, is_uid, &from, &available) < 0)
1247|    return 0;
1248|
1249|  /* More than enough space for all the mappings.  */
1250|  buffer = xmalloc (15 * 5 * 3);
1251|
1252|  if (container_id > 0)
1253|    {
1254|      uint32_t used = MIN (container_id, available);
1255|      written += sprintf (buffer + written, "%d %d %d\n", 0, from, used);
1256|      from += used;
1257|      available -= used;
1258|    }
1259|
1260|  /* Host ID -> Container ID.  */
1261|  written += sprintf (buffer + written, "%d %d 1\n", container_id, host_id);
1262|
1263|  /* Last mapping: use any id that is left.  */
1264|  if (available)
1265|    written += sprintf (buffer + written, "%d %d %d\n", container_id + 1, from, available);
1266|
1267|  *ret = buffer;
1268|  buffer = NULL;
1269|  return written;
1270|}
1271|
1272|/* will leave SIGCHLD blocked if TIMEOUT is used.  */
1273|int
1274|run_process_with_stdin_timeout_envp (char *path,
1275|                                     char **args,
1276|                                     const char *cwd,
1277|                                     int timeout,
1278|                                     char **envp,
1279|                                     char *stdin,
1280|                                     size_t stdin_len,
1281|                                     libcrun_error_t *err)
1282|{
1283|  int stdin_pipe[2];
1284|  pid_t pid;
1285|  int ret;
1286|  cleanup_close int pipe_r = -1;
1287|  cleanup_close int pipe_w = -1;
1288|  sigset_t mask;
1289|
1290|  ret = pipe (stdin_pipe);
1291|  if (UNLIKELY (ret < 0))
1292|    return crun_make_error (err, errno, "pipe");
1293|  pipe_r = stdin_pipe[0];
1294|  pipe_w = stdin_pipe[1];
1295|
1296|  if (timeout > 0)
1297|    {
1298|      sigaddset (&mask, SIGCHLD);
1299|      ret = sigprocmask (SIG_BLOCK, &mask, NULL);
1300|      if (UNLIKELY (ret < 0))
1301|        return crun_make_error (err, errno, "sigprocmask");
1302|    }
1303|
1304|  pid = fork ();
1305|  if (UNLIKELY (pid < 0))
1306|    return crun_make_error (err, errno, "fork");
1307|
1308|  if (pid)
1309|    {
1310|      int r, status;
1311|
1312|      close_and_reset (&pipe_r);
1313|
1314|      ret = TEMP_FAILURE_RETRY (write (pipe_w, stdin, stdin_len));
1315|      if (UNLIKELY (ret < 0))
1316|        return crun_make_error (err, errno, "writing to pipe");
1317|
1318|      close_and_reset (&pipe_w);
1319|
1320|      if (timeout)
1321|        {
1322|          time_t start = time (NULL);
1323|          time_t now;
1324|          for (now = start; now - start < timeout; now = time (NULL))
1325|            {
1326|              siginfo_t info;
1327|              int elapsed = now - start;
1328|              struct timespec ts_timeout = { .tv_sec = timeout - elapsed, .tv_nsec = 0 };
1329|
1330|              ret = sigtimedwait (&mask, &info, &ts_timeout);
1331|              if (UNLIKELY (ret < 0 && errno != EAGAIN))
1332|                return crun_make_error (err, errno, "sigtimedwait");
1333|
1334|              if (info.si_signo == SIGCHLD && info.si_pid == pid)
1335|                goto read_waitpid;
1336|
1337|              if (ret < 0 && errno == EAGAIN)
1338|                goto timeout;
1339|            }
1340| timeout:
1341|          kill (pid, SIGKILL);
1342|          return crun_make_error (err, 0, "timeout expired for `%s`", path);
1343|        }
1344|
1345| read_waitpid:
1346|      r = TEMP_FAILURE_RETRY (waitpid (pid, &status, 0));
1347|      if (r < 0)
1348|        return crun_make_error (err, errno, "waitpid");
1349|      if (WIFEXITED (status))
1350|        return WEXITSTATUS (status);
1351|      if (WIFSIGNALED (status))
1352|        return 127 + WTERMSIG (status);
1353|    }
1354|  else
1355|    {
1356|      char *tmp_args[] = {path, NULL};
1357|      int out = open ("/dev/null", O_WRONLY);
1358|
1359|      if (UNLIKELY (out < 0))
1360|        _exit (EXIT_FAILURE);
1361|
1362|      TEMP_FAILURE_RETRY (close (pipe_w));
1363|      dup2 (pipe_r, 0);
1364|      TEMP_FAILURE_RETRY (close (pipe_r));
1365|
1366|      dup2 (out, 1);
1367|      dup2 (out, 2);
1368|      TEMP_FAILURE_RETRY (close (out));
1369|
1370|      if (args == NULL)
1371|        args = tmp_args;
1372|
1373|      if (cwd && chdir (cwd) < 0)
1374|        _exit (EXIT_FAILURE);
1375|
1376|      execvpe (path, args, envp);
1377|      _exit (EXIT_FAILURE);
1378|    }
1379|  return -1;
1380|}
1381|
1382|int
1383|close_fds_ge_than (int n, libcrun_error_t *err)
1384|{
1385|  cleanup_close int cfd = -1;
1386|  cleanup_dir DIR *dir = NULL;
1387|  int ret;
1388|  int fd;
1389|  struct statfs sfs;
1390|  struct dirent *next;
1391|
1392|  cfd = open ("/proc/self/fd", O_DIRECTORY | O_RDONLY | O_CLOEXEC);
1393|  if (UNLIKELY (cfd < 0))
1394|    return crun_make_error (err, errno, "open /proc/self/fd");
1395|
1396|  ret = fstatfs (cfd, &sfs);
1397|  if (UNLIKELY (ret < 0))
1398|    return crun_make_error (err, errno, "statfs `/proc/self/fd`");
1399|
1400|  if (sfs.f_type != PROC_SUPER_MAGIC)
1401|    return crun_make_error (err, 0, "the path `/proc/self/fd` is not on file system type `procfs`");
1402|
1403|  dir = fdopendir (cfd);
1404|  if (UNLIKELY (dir == NULL))
1405|    return crun_make_error (err, errno, "cannot fdopendir /proc/self/fd");
1406|
1407|  /* Now it is owned by dir.  */
1408|  cfd = -1;
1409|
1410|  fd = dirfd (dir);
1411|  for (next = readdir (dir); next; next = readdir (dir))
1412|    {
1413|      int val;
1414|      const char *name = next->d_name;
1415|      if (name[0] == '.')
1416|        continue;
1417|
1418|      val = strtoll (name, NULL, 10);
1419|      if (val < n || val == fd)
1420|        continue;
1421|
1422|      ret = fcntl (val, F_SETFD, FD_CLOEXEC);
1423|      if (UNLIKELY (ret < 0))
1424|        return crun_make_error (err, errno, "cannot set CLOEXEC fd for '/proc/self/fd/%s'", name);
1425|    }
1426|  return 0;
1427|}
1428|
1429|void
1430|get_current_timestamp (char *out)
(434 more lines below)
2026-07-25 14:29:43.297 | INFO     | metagpt.roles.di.role_zero:_act:292 - Commands: 
[{'command_name': 'Editor.insert_content_at_line', 'args': {'file_name': '/home/aludy/scires/Cloud_Spec_Exp/external/worktrees/oci-metagpt-agentless-mini-rerun/metagpt/crun-353/src/libcrun/utils.c', 'line_number': 1288, 'insert_content': '  cleanup_close int stderr_r = -1;\n  cleanup_close int stderr_w = -1;\n  int stderr_pipe[2];'}}]
2026-07-25 14:29:43.316 | ERROR    | metagpt.roles.di.role_zero:_run_commands:407 - list index out of rangeTraceback (most recent call last):
  File "/home/aludy/scires/Cloud_Spec_Exp/external/baselines/MetaGPT/metagpt/tools/libs/editor.py", line 563, in _edit_file_impl
    original_lint_error, _ = self._lint_file(file_name)
  File "/home/aludy/scires/Cloud_Spec_Exp/external/baselines/MetaGPT/metagpt/tools/libs/editor.py", line 211, in _lint_file
    lint_error = linter.lint(str(file_path))
  File "/home/aludy/scires/Cloud_Spec_Exp/external/baselines/MetaGPT/metagpt/tools/libs/linter.py", line 98, in lint
    linkres = basic_lint(absolute_fname, code)
  File "/home/aludy/scires/Cloud_Spec_Exp/external/baselines/MetaGPT/metagpt/tools/libs/linter.py", line 158, in basic_lint
    parser = get_parser(lang)
  File "tree_sitter_languages/core.pyx", line 19, in tree_sitter_languages.core.get_parser
  File "tree_sitter_languages/core.pyx", line 14, in tree_sitter_languages.core.get_language
TypeError: __init__() takes exactly 1 argument (2 given)

During handling of the above exception, another exception occurred:

Traceback (most recent call last):
  File "/home/aludy/scires/Cloud_Spec_Exp/external/baselines/MetaGPT/metagpt/roles/di/role_zero.py", line 401, in _run_commands
    tool_output = tool_obj(**cmd["args"])
  File "/home/aludy/scires/Cloud_Spec_Exp/external/baselines/MetaGPT/metagpt/tools/libs/editor.py", line 964, in insert_content_at_line
    ret_str = self._edit_file_impl(
  File "/home/aludy/scires/Cloud_Spec_Exp/external/baselines/MetaGPT/metagpt/tools/libs/editor.py", line 667, in _edit_file_impl
    guidance_message = self._get_indentation_info(content, start or len(lines))
  File "/home/aludy/scires/Cloud_Spec_Exp/external/baselines/MetaGPT/metagpt/tools/libs/editor.py", line 495, in _get_indentation_info
    pre_line = content_lines[first_line - 2] if first_line - 2 >= 0 else ""
IndexError: list index out of range

Traceback (most recent call last):

  File "/home/aludy/scires/Cloud_Spec_Exp/external/baselines/MetaGPT/metagpt/tools/libs/editor.py", line 563, in _edit_file_impl
    original_lint_error, _ = self._lint_file(file_name)
                             │    │          └ PosixPath('/home/aludy/scires/Cloud_Spec_Exp/external/worktrees/oci-metagpt-agentless-mini-rerun/metagpt/crun-353/src/libcrun...
                             │    └ <function Editor._lint_file at 0x7840452808b0>
                             └ Editor(resource=EditorReporter(block=<BlockType.EDITOR: 'Editor'>, uuid=UUID('03d87e42-d683-49f7-9841-451591b69ce2'), enable_...

  File "/home/aludy/scires/Cloud_Spec_Exp/external/baselines/MetaGPT/metagpt/tools/libs/editor.py", line 211, in _lint_file
    lint_error = linter.lint(str(file_path))
                 │      │        └ PosixPath('/home/aludy/scires/Cloud_Spec_Exp/external/worktrees/oci-metagpt-agentless-mini-rerun/metagpt/crun-353/src/libcrun...
                 │      └ <function Linter.lint at 0x78404528ff40>
                 └ <metagpt.tools.libs.linter.Linter object at 0x7840391ca290>

  File "/home/aludy/scires/Cloud_Spec_Exp/external/baselines/MetaGPT/metagpt/tools/libs/linter.py", line 98, in lint
    linkres = basic_lint(absolute_fname, code)
              │          │               └ '/*\n * crun - OCI runtime written in C\n *\n * Copyright (C) 2017, 2018, 2019 Giuseppe Scrivano <giuseppe@scrivano.org>\n * ...
              │          └ '/home/aludy/scires/Cloud_Spec_Exp/external/worktrees/oci-metagpt-agentless-mini-rerun/metagpt/crun-353/src/libcrun/utils.c'
              └ <function basic_lint at 0x7840452801f0>

  File "/home/aludy/scires/Cloud_Spec_Exp/external/baselines/MetaGPT/metagpt/tools/libs/linter.py", line 158, in basic_lint
    parser = get_parser(lang)
             │          └ 'c'
             └ <cyfunction get_parser at 0x7840452facf0>

  File "tree_sitter_languages/core.pyx", line 19, in tree_sitter_languages.core.get_parser
  File "tree_sitter_languages/core.pyx", line 14, in tree_sitter_languages.core.get_language

TypeError: __init__() takes exactly 1 argument (2 given)


During handling of the above exception, another exception occurred:


Traceback (most recent call last):

  File "/home/aludy/scires/Cloud_Spec_Exp/baselines/metagpt/launch.py", line 307, in <module>
    raise SystemExit(main())
                     └ <function main at 0x7840fc942ef0>

  File "/home/aludy/scires/Cloud_Spec_Exp/baselines/metagpt/launch.py", line 277, in main
    result = generate_repo(**supported)
             │               └ {'idea': 'Fix OCI runtime bug case crun-353.\n\nTarget runtime: crun\nTitle: return stderr of hooks in case of an error\nUpst...
             └ <function generate_repo at 0x784043ecdcf0>

  File "/home/aludy/scires/Cloud_Spec_Exp/external/baselines/MetaGPT/metagpt/software_company.py", line 72, in generate_repo
    asyncio.run(company.run(n_round=n_round, idea=idea))
    │       │   │       │           │             └ 'Fix OCI runtime bug case crun-353.\n\nTarget runtime: crun\nTitle: return stderr of hooks in case of an error\nUpstream issu...
    │       │   │       │           └ 10
    │       │   │       └ <function serialize_decorator.<locals>.wrapper at 0x784039e901f0>
    │       │   └ Team(env=MGXEnv(), investment=3.0, idea='Fix OCI runtime bug case crun-353.\n\nTarget runtime: crun\nTitle: return stderr of ...
    │       └ <function run at 0x7840fa591750>
    └ <module 'asyncio' from '/home/aludy/miniconda3/envs/metagpt/lib/python3.10/asyncio/__init__.py'>

  File "/home/aludy/miniconda3/envs/metagpt/lib/python3.10/asyncio/runners.py", line 44, in run
    return loop.run_until_complete(main)
           │    │                  └ <coroutine object serialize_decorator.<locals>.wrapper at 0x784039dab610>
           │    └ <function BaseEventLoop.run_until_complete at 0x7840fa593130>
           └ <_UnixSelectorEventLoop running=True closed=False debug=False>
  File "/home/aludy/miniconda3/envs/metagpt/lib/python3.10/asyncio/base_events.py", line 636, in run_until_complete
    self.run_forever()
    │    └ <function BaseEventLoop.run_forever at 0x7840fa5930a0>
    └ <_UnixSelectorEventLoop running=True closed=False debug=False>
  File "/home/aludy/miniconda3/envs/metagpt/lib/python3.10/asyncio/base_events.py", line 603, in run_forever
    self._run_once()
    │    └ <function BaseEventLoop._run_once at 0x7840fa594c10>
    └ <_UnixSelectorEventLoop running=True closed=False debug=False>
  File "/home/aludy/miniconda3/envs/metagpt/lib/python3.10/asyncio/base_events.py", line 1909, in _run_once
    handle._run()
    │      └ <function Handle._run at 0x7840fa544280>
    └ <Handle Task.task_wakeup(<Task finishe...> result=None>)>
  File "/home/aludy/miniconda3/envs/metagpt/lib/python3.10/asyncio/events.py", line 80, in _run
    self._context.run(self._callback, *self._args)
    │    │            │    │           │    └ <member '_args' of 'Handle' objects>
    │    │            │    │           └ <Handle Task.task_wakeup(<Task finishe...> result=None>)>
    │    │            │    └ <member '_callback' of 'Handle' objects>
    │    │            └ <Handle Task.task_wakeup(<Task finishe...> result=None>)>
    │    └ <member '_context' of 'Handle' objects>
    └ <Handle Task.task_wakeup(<Task finishe...> result=None>)>

  File "/home/aludy/scires/Cloud_Spec_Exp/external/baselines/MetaGPT/metagpt/utils/common.py", line 692, in wrapper
    return await func(self, *args, **kwargs)
                 │    │      │       └ {}
                 │    │      └ ()
                 │    └ Engineer2(private_context=Context(kwargs=AttrDict(), config=Config(extra_fields=None, project_path='/home/aludy/scires/Cloud_...
                 └ <function Role.run at 0x78403aa3e5f0>

  File "/home/aludy/scires/Cloud_Spec_Exp/external/baselines/MetaGPT/metagpt/roles/role.py", line 548, in run
    rsp = await self.react()
                │    └ <function Role.react at 0x78403aa3e4d0>
                └ Engineer2(private_context=Context(kwargs=AttrDict(), config=Config(extra_fields=None, project_path='/home/aludy/scires/Cloud_...

  File "/home/aludy/scires/Cloud_Spec_Exp/external/baselines/MetaGPT/metagpt/roles/role.py", line 515, in react
    rsp = await self._react()
                │    └ <function RoleZero._react at 0x78403a879f30>
                └ Engineer2(private_context=Context(kwargs=AttrDict(), config=Config(extra_fields=None, project_path='/home/aludy/scires/Cloud_...

  File "/home/aludy/scires/Cloud_Spec_Exp/external/baselines/MetaGPT/metagpt/roles/di/role_zero.py", line 324, in _react
    rsp = await self._act()
                │    └ <function RoleZero._act at 0x78403a879ea0>
                └ Engineer2(private_context=Context(kwargs=AttrDict(), config=Config(extra_fields=None, project_path='/home/aludy/scires/Cloud_...

  File "/home/aludy/scires/Cloud_Spec_Exp/external/baselines/MetaGPT/metagpt/roles/di/role_zero.py", line 293, in _act
    outputs = await self._run_commands(commands)
                    │    │             └ [{'command_name': 'Editor.insert_content_at_line', 'args': {'file_name': '/home/aludy/scires/Cloud_Spec_Exp/external/worktree...
                    │    └ <function RoleZero._run_commands at 0x78403a87a0e0>
                    └ Engineer2(private_context=Context(kwargs=AttrDict(), config=Config(extra_fields=None, project_path='/home/aludy/scires/Cloud_...

> File "/home/aludy/scires/Cloud_Spec_Exp/external/baselines/MetaGPT/metagpt/roles/di/role_zero.py", line 401, in _run_commands
    tool_output = tool_obj(**cmd["args"])
                  │          └ {'command_name': 'Editor.insert_content_at_line', 'args': {'file_name': '/home/aludy/scires/Cloud_Spec_Exp/external/worktrees...
                  └ <bound method Editor.insert_content_at_line of Editor(resource=EditorReporter(block=<BlockType.EDITOR: 'Editor'>, uuid=UUID('...

  File "/home/aludy/scires/Cloud_Spec_Exp/external/baselines/MetaGPT/metagpt/tools/libs/editor.py", line 964, in insert_content_at_line
    ret_str = self._edit_file_impl(
              │    └ <function Editor._edit_file_impl at 0x784045281120>
              └ Editor(resource=EditorReporter(block=<BlockType.EDITOR: 'Editor'>, uuid=UUID('03d87e42-d683-49f7-9841-451591b69ce2'), enable_...

  File "/home/aludy/scires/Cloud_Spec_Exp/external/baselines/MetaGPT/metagpt/tools/libs/editor.py", line 667, in _edit_file_impl
    guidance_message = self._get_indentation_info(content, start or len(lines))
                       │    │                     │        └ 1288
                       │    │                     └ '  cleanup_close int stderr_r = -1;\n  cleanup_close int stderr_w = -1;\n  int stderr_pipe[2];'
                       │    └ <function Editor._get_indentation_info at 0x784045281090>
                       └ Editor(resource=EditorReporter(block=<BlockType.EDITOR: 'Editor'>, uuid=UUID('03d87e42-d683-49f7-9841-451591b69ce2'), enable_...

  File "/home/aludy/scires/Cloud_Spec_Exp/external/baselines/MetaGPT/metagpt/tools/libs/editor.py", line 495, in _get_indentation_info
    pre_line = content_lines[first_line - 2] if first_line - 2 >= 0 else ""
               │             │                  └ 1288
               │             └ 1288
               └ ['  cleanup_close int stderr_r = -1;', '  cleanup_close int stderr_w = -1;', '  int stderr_pipe[2];']

IndexError: list index out of range
2026-07-25 14:29:43.416 | INFO     | metagpt.roles.di.role_zero:_act:294 - Commands outputs: 
Command Editor.insert_content_at_line executed: Traceback (most recent call last):
  File "/home/aludy/scires/Cloud_Spec_Exp/external/baselines/MetaGPT/metagpt/tools/libs/editor.py", line 563, in _edit_file_impl
    original_lint_error, _ = self._lint_file(file_name)
  File "/home/aludy/scires/Cloud_Spec_Exp/external/baselines/MetaGPT/metagpt/tools/libs/editor.py", line 211, in _lint_file
    lint_error = linter.lint(str(file_path))
  File "/home/aludy/scires/Cloud_Spec_Exp/external/baselines/MetaGPT/metagpt/tools/libs/linter.py", line 98, in lint
    linkres = basic_lint(absolute_fname, code)
  File "/home/aludy/scires/Cloud_Spec_Exp/external/baselines/MetaGPT/metagpt/tools/libs/linter.py", line 158, in basic_lint
    parser = get_parser(lang)
  File "tree_sitter_languages/core.pyx", line 19, in tree_sitter_languages.core.get_parser
  File "tree_sitter_languages/core.pyx", line 14, in tree_sitter_languages.core.get_language
TypeError: __init__() takes exactly 1 argument (2 given)

During handling of the above exception, another exception occurred:

Traceback (most recent call last):
  File "/home/aludy/scires/Cloud_Spec_Exp/external/baselines/MetaGPT/metagpt/roles/di/role_zero.py", line 401, in _run_commands
    tool_output = tool_obj(**cmd["args"])
  File "/home/aludy/scires/Cloud_Spec_Exp/external/baselines/MetaGPT/metagpt/tools/libs/editor.py", line 964, in insert_content_at_line
    ret_str = self._edit_file_impl(
  File "/home/aludy/scires/Cloud_Spec_Exp/external/baselines/MetaGPT/metagpt/tools/libs/editor.py", line 667, in _edit_file_impl
    guidance_message = self._get_indentation_info(content, start or len(lines))
  File "/home/aludy/scires/Cloud_Spec_Exp/external/baselines/MetaGPT/metagpt/tools/libs/editor.py", line 495, in _get_indentation_info
    pre_line = content_lines[first_line - 2] if first_line - 2 >= 0 else ""
IndexError: list index out of range

2026-07-25 14:29:56.679 | INFO     | metagpt.roles.di.role_zero:_act:292 - Commands: 
[{'command_name': 'Terminal.run_command', 'args': {'cmd': "cd /home/aludy/scires/Cloud_Spec_Exp/external/worktrees/oci-metagpt-agentless-mini-rerun/metagpt/crun-353 && sed -n '1283,1295p' src/libcrun/utils.c"}}]
2026-07-25 14:29:56.683 | INFO     | metagpt.roles.di.role_zero:_act:294 - Commands outputs: 
Command Terminal.run_command executed:
[command]: cd /home/aludy/scires/Cloud_Spec_Exp/external/worktrees/oci-metagpt-agentless-mini-rerun/metagpt/crun-353 && sed -n '1283,1295p' src/libcrun/utils.c 
[command output] :   int stdin_pipe[2];
  pid_t pid;
  int ret;
  cleanup_close int pipe_r = -1;
  cleanup_close int pipe_w = -1;
  sigset_t mask;

  ret = pipe (stdin_pipe);
  if (UNLIKELY (ret < 0))
    return crun_make_error (err, errno, "pipe");
  pipe_r = stdin_pipe[0];
  pipe_w = stdin_pipe[1];


Timeout (0:05:00)!
Thread 0x00007840391ba6c0 (most recent call first):
  File "/home/aludy/miniconda3/envs/metagpt/lib/python3.10/asyncio/unix_events.py", line 1392 in _do_waitpid
  File "/home/aludy/miniconda3/envs/metagpt/lib/python3.10/threading.py", line 953 in run
  File "/home/aludy/miniconda3/envs/metagpt/lib/python3.10/threading.py", line 1016 in _bootstrap_inner
  File "/home/aludy/miniconda3/envs/metagpt/lib/python3.10/threading.py", line 973 in _bootstrap

Thread 0x0000784039abb6c0 (most recent call first):
  File "/home/aludy/miniconda3/envs/metagpt/lib/python3.10/concurrent/futures/thread.py", line 81 in _worker
  File "/home/aludy/miniconda3/envs/metagpt/lib/python3.10/threading.py", line 953 in run
  File "/home/aludy/miniconda3/envs/metagpt/lib/python3.10/threading.py", line 1016 in _bootstrap_inner
  File "/home/aludy/miniconda3/envs/metagpt/lib/python3.10/threading.py", line 973 in _bootstrap

Thread 0x00007840fd0e5740 (most recent call first):
  File "/home/aludy/miniconda3/envs/metagpt/lib/python3.10/selectors.py", line 469 in select
  File "/home/aludy/miniconda3/envs/metagpt/lib/python3.10/asyncio/base_events.py", line 1871 in _run_once
  File "/home/aludy/miniconda3/envs/metagpt/lib/python3.10/asyncio/base_events.py", line 603 in run_forever
  File "/home/aludy/miniconda3/envs/metagpt/lib/python3.10/asyncio/base_events.py", line 636 in run_until_complete
  File "/home/aludy/miniconda3/envs/metagpt/lib/python3.10/asyncio/runners.py", line 44 in run
  File "/home/aludy/scires/Cloud_Spec_Exp/external/baselines/MetaGPT/metagpt/software_company.py", line 72 in generate_repo
  File "/home/aludy/scires/Cloud_Spec_Exp/baselines/metagpt/launch.py", line 277 in main
  File "/home/aludy/scires/Cloud_Spec_Exp/baselines/metagpt/launch.py", line 307 in <module>
2026-07-25 14:30:13.901 | INFO     | metagpt.roles.di.role_zero:_act:292 - Commands: 
[{'command_name': 'Terminal.run_command', 'args': {'cmd': "cd /home/aludy/scires/Cloud_Spec_Exp/external/worktrees/oci-metagpt-agentless-mini-rerun/metagpt/crun-353 && sed -n '1354,1378p' src/libcrun/utils.c"}}, {'command_name': 'Terminal.run_command', 'args': {'cmd': "cd /home/aludy/scires/Cloud_Spec_Exp/external/worktrees/oci-metagpt-agentless-mini-rerun/metagpt/crun-353 && grep -rn 'void libcrun_error' src/libcrun/error.c src/libcrun/error.h 2>/dev/null | head -10"}}]
2026-07-25 14:30:13.905 | INFO     | metagpt.roles.di.role_zero:_act:294 - Commands outputs: 
Command Terminal.run_command executed:
[command]: cd /home/aludy/scires/Cloud_Spec_Exp/external/worktrees/oci-metagpt-agentless-mini-rerun/metagpt/crun-353 && sed -n '1354,1378p' src/libcrun/utils.c 
[command output] :   else
    {
      char *tmp_args[] = {path, NULL};
      int out = open ("/dev/null", O_WRONLY);

      if (UNLIKELY (out < 0))
        _exit (EXIT_FAILURE);

      TEMP_FAILURE_RETRY (close (pipe_w));
      dup2 (pipe_r, 0);
      TEMP_FAILURE_RETRY (close (pipe_r));

      dup2 (out, 1);
      dup2 (out, 2);
      TEMP_FAILURE_RETRY (close (out));

      if (args == NULL)
        args = tmp_args;

      if (cwd && chdir (cwd) < 0)
        _exit (EXIT_FAILURE);

      execvpe (path, args, envp);
      _exit (EXIT_FAILURE);
    }


Command Terminal.run_command executed:
[command]: cd /home/aludy/scires/Cloud_Spec_Exp/external/worktrees/oci-metagpt-agentless-mini-rerun/metagpt/crun-353 && grep -rn 'void libcrun_error' src/libcrun/error.c src/libcrun/error.h 2>/dev/null | head -10 
[command output] : src/libcrun/error.h:74:void libcrun_error (int errno_, const char *msg, ...);

2026-07-25 14:30:25.670 | INFO     | metagpt.roles.di.role_zero:_act:292 - Commands: 
[{'command_name': 'Editor.edit_file_by_replace', 'args': {'file_name': '/home/aludy/scires/Cloud_Spec_Exp/external/worktrees/oci-metagpt-agentless-mini-rerun/metagpt/crun-353/src/libcrun/utils.c', 'first_replaced_line_number': 1288, 'first_replaced_line_content': '  sigset_t mask;', 'last_replaced_line_number': 1288, 'last_replaced_line_content': '  sigset_t mask;', 'new_content': '  int stderr_pipe[2];\n  cleanup_close int stderr_r = -1;\n  cleanup_close int stderr_w = -1;\n  sigset_t mask;'}}]
2026-07-25 14:30:25.671 | ERROR    | metagpt.roles.di.role_zero:_run_commands:407 - list index out of rangeTraceback (most recent call last):
  File "/home/aludy/scires/Cloud_Spec_Exp/external/baselines/MetaGPT/metagpt/tools/libs/editor.py", line 563, in _edit_file_impl
    original_lint_error, _ = self._lint_file(file_name)
  File "/home/aludy/scires/Cloud_Spec_Exp/external/baselines/MetaGPT/metagpt/tools/libs/editor.py", line 211, in _lint_file
    lint_error = linter.lint(str(file_path))
  File "/home/aludy/scires/Cloud_Spec_Exp/external/baselines/MetaGPT/metagpt/tools/libs/linter.py", line 98, in lint
    linkres = basic_lint(absolute_fname, code)
  File "/home/aludy/scires/Cloud_Spec_Exp/external/baselines/MetaGPT/metagpt/tools/libs/linter.py", line 158, in basic_lint
    parser = get_parser(lang)
  File "tree_sitter_languages/core.pyx", line 19, in tree_sitter_languages.core.get_parser
  File "tree_sitter_languages/core.pyx", line 14, in tree_sitter_languages.core.get_language
TypeError: __init__() takes exactly 1 argument (2 given)

During handling of the above exception, another exception occurred:

Traceback (most recent call last):
  File "/home/aludy/scires/Cloud_Spec_Exp/external/baselines/MetaGPT/metagpt/roles/di/role_zero.py", line 401, in _run_commands
    tool_output = tool_obj(**cmd["args"])
  File "/home/aludy/scires/Cloud_Spec_Exp/external/baselines/MetaGPT/metagpt/tools/libs/editor.py", line 814, in edit_file_by_replace
    ret_str = self._edit_file_impl(
  File "/home/aludy/scires/Cloud_Spec_Exp/external/baselines/MetaGPT/metagpt/tools/libs/editor.py", line 667, in _edit_file_impl
    guidance_message = self._get_indentation_info(content, start or len(lines))
  File "/home/aludy/scires/Cloud_Spec_Exp/external/baselines/MetaGPT/metagpt/tools/libs/editor.py", line 495, in _get_indentation_info
    pre_line = content_lines[first_line - 2] if first_line - 2 >= 0 else ""
IndexError: list index out of range

Traceback (most recent call last):

  File "/home/aludy/scires/Cloud_Spec_Exp/external/baselines/MetaGPT/metagpt/tools/libs/editor.py", line 563, in _edit_file_impl
    original_lint_error, _ = self._lint_file(file_name)
                             │    │          └ PosixPath('/home/aludy/scires/Cloud_Spec_Exp/external/worktrees/oci-metagpt-agentless-mini-rerun/metagpt/crun-353/src/libcrun...
                             │    └ <function Editor._lint_file at 0x7840452808b0>
                             └ Editor(resource=EditorReporter(block=<BlockType.EDITOR: 'Editor'>, uuid=UUID('03d87e42-d683-49f7-9841-451591b69ce2'), enable_...

  File "/home/aludy/scires/Cloud_Spec_Exp/external/baselines/MetaGPT/metagpt/tools/libs/editor.py", line 211, in _lint_file
    lint_error = linter.lint(str(file_path))
                 │      │        └ PosixPath('/home/aludy/scires/Cloud_Spec_Exp/external/worktrees/oci-metagpt-agentless-mini-rerun/metagpt/crun-353/src/libcrun...
                 │      └ <function Linter.lint at 0x78404528ff40>
                 └ <metagpt.tools.libs.linter.Linter object at 0x784039b19150>

  File "/home/aludy/scires/Cloud_Spec_Exp/external/baselines/MetaGPT/metagpt/tools/libs/linter.py", line 98, in lint
    linkres = basic_lint(absolute_fname, code)
              │          │               └ '/*\n * crun - OCI runtime written in C\n *\n * Copyright (C) 2017, 2018, 2019 Giuseppe Scrivano <giuseppe@scrivano.org>\n * ...
              │          └ '/home/aludy/scires/Cloud_Spec_Exp/external/worktrees/oci-metagpt-agentless-mini-rerun/metagpt/crun-353/src/libcrun/utils.c'
              └ <function basic_lint at 0x7840452801f0>

  File "/home/aludy/scires/Cloud_Spec_Exp/external/baselines/MetaGPT/metagpt/tools/libs/linter.py", line 158, in basic_lint
    parser = get_parser(lang)
             │          └ 'c'
             └ <cyfunction get_parser at 0x7840452facf0>

  File "tree_sitter_languages/core.pyx", line 19, in tree_sitter_languages.core.get_parser
  File "tree_sitter_languages/core.pyx", line 14, in tree_sitter_languages.core.get_language

TypeError: __init__() takes exactly 1 argument (2 given)


During handling of the above exception, another exception occurred:


Traceback (most recent call last):

  File "/home/aludy/scires/Cloud_Spec_Exp/baselines/metagpt/launch.py", line 307, in <module>
    raise SystemExit(main())
                     └ <function main at 0x7840fc942ef0>

  File "/home/aludy/scires/Cloud_Spec_Exp/baselines/metagpt/launch.py", line 277, in main
    result = generate_repo(**supported)
             │               └ {'idea': 'Fix OCI runtime bug case crun-353.\n\nTarget runtime: crun\nTitle: return stderr of hooks in case of an error\nUpst...
             └ <function generate_repo at 0x784043ecdcf0>

  File "/home/aludy/scires/Cloud_Spec_Exp/external/baselines/MetaGPT/metagpt/software_company.py", line 72, in generate_repo
    asyncio.run(company.run(n_round=n_round, idea=idea))
    │       │   │       │           │             └ 'Fix OCI runtime bug case crun-353.\n\nTarget runtime: crun\nTitle: return stderr of hooks in case of an error\nUpstream issu...
    │       │   │       │           └ 10
    │       │   │       └ <function serialize_decorator.<locals>.wrapper at 0x784039e901f0>
    │       │   └ Team(env=MGXEnv(), investment=3.0, idea='Fix OCI runtime bug case crun-353.\n\nTarget runtime: crun\nTitle: return stderr of ...
    │       └ <function run at 0x7840fa591750>
    └ <module 'asyncio' from '/home/aludy/miniconda3/envs/metagpt/lib/python3.10/asyncio/__init__.py'>

  File "/home/aludy/miniconda3/envs/metagpt/lib/python3.10/asyncio/runners.py", line 44, in run
    return loop.run_until_complete(main)
           │    │                  └ <coroutine object serialize_decorator.<locals>.wrapper at 0x784039dab610>
           │    └ <function BaseEventLoop.run_until_complete at 0x7840fa593130>
           └ <_UnixSelectorEventLoop running=True closed=False debug=False>
  File "/home/aludy/miniconda3/envs/metagpt/lib/python3.10/asyncio/base_events.py", line 636, in run_until_complete
    self.run_forever()
    │    └ <function BaseEventLoop.run_forever at 0x7840fa5930a0>
    └ <_UnixSelectorEventLoop running=True closed=False debug=False>
  File "/home/aludy/miniconda3/envs/metagpt/lib/python3.10/asyncio/base_events.py", line 603, in run_forever
    self._run_once()
    │    └ <function BaseEventLoop._run_once at 0x7840fa594c10>
    └ <_UnixSelectorEventLoop running=True closed=False debug=False>
  File "/home/aludy/miniconda3/envs/metagpt/lib/python3.10/asyncio/base_events.py", line 1909, in _run_once
    handle._run()
    │      └ <function Handle._run at 0x7840fa544280>
    └ <Handle Task.task_wakeup(<Task finishe...> result=None>)>
  File "/home/aludy/miniconda3/envs/metagpt/lib/python3.10/asyncio/events.py", line 80, in _run
    self._context.run(self._callback, *self._args)
    │    │            │    │           │    └ <member '_args' of 'Handle' objects>
    │    │            │    │           └ <Handle Task.task_wakeup(<Task finishe...> result=None>)>
    │    │            │    └ <member '_callback' of 'Handle' objects>
    │    │            └ <Handle Task.task_wakeup(<Task finishe...> result=None>)>
    │    └ <member '_context' of 'Handle' objects>
    └ <Handle Task.task_wakeup(<Task finishe...> result=None>)>

  File "/home/aludy/scires/Cloud_Spec_Exp/external/baselines/MetaGPT/metagpt/utils/common.py", line 692, in wrapper
    return await func(self, *args, **kwargs)
                 │    │      │       └ {}
                 │    │      └ ()
                 │    └ Engineer2(private_context=Context(kwargs=AttrDict(), config=Config(extra_fields=None, project_path='/home/aludy/scires/Cloud_...
                 └ <function Role.run at 0x78403aa3e5f0>

  File "/home/aludy/scires/Cloud_Spec_Exp/external/baselines/MetaGPT/metagpt/roles/role.py", line 548, in run
    rsp = await self.react()
                │    └ <function Role.react at 0x78403aa3e4d0>
                └ Engineer2(private_context=Context(kwargs=AttrDict(), config=Config(extra_fields=None, project_path='/home/aludy/scires/Cloud_...

  File "/home/aludy/scires/Cloud_Spec_Exp/external/baselines/MetaGPT/metagpt/roles/role.py", line 515, in react
    rsp = await self._react()
                │    └ <function RoleZero._react at 0x78403a879f30>
                └ Engineer2(private_context=Context(kwargs=AttrDict(), config=Config(extra_fields=None, project_path='/home/aludy/scires/Cloud_...

  File "/home/aludy/scires/Cloud_Spec_Exp/external/baselines/MetaGPT/metagpt/roles/di/role_zero.py", line 324, in _react
    rsp = await self._act()
                │    └ <function RoleZero._act at 0x78403a879ea0>
                └ Engineer2(private_context=Context(kwargs=AttrDict(), config=Config(extra_fields=None, project_path='/home/aludy/scires/Cloud_...

  File "/home/aludy/scires/Cloud_Spec_Exp/external/baselines/MetaGPT/metagpt/roles/di/role_zero.py", line 293, in _act
    outputs = await self._run_commands(commands)
                    │    │             └ [{'command_name': 'Editor.edit_file_by_replace', 'args': {'file_name': '/home/aludy/scires/Cloud_Spec_Exp/external/worktrees/...
                    │    └ <function RoleZero._run_commands at 0x78403a87a0e0>
                    └ Engineer2(private_context=Context(kwargs=AttrDict(), config=Config(extra_fields=None, project_path='/home/aludy/scires/Cloud_...

> File "/home/aludy/scires/Cloud_Spec_Exp/external/baselines/MetaGPT/metagpt/roles/di/role_zero.py", line 401, in _run_commands
    tool_output = tool_obj(**cmd["args"])
                  │          └ {'command_name': 'Editor.edit_file_by_replace', 'args': {'file_name': '/home/aludy/scires/Cloud_Spec_Exp/external/worktrees/o...
                  └ <bound method Editor.edit_file_by_replace of Editor(resource=EditorReporter(block=<BlockType.EDITOR: 'Editor'>, uuid=UUID('03...

  File "/home/aludy/scires/Cloud_Spec_Exp/external/baselines/MetaGPT/metagpt/tools/libs/editor.py", line 814, in edit_file_by_replace
    ret_str = self._edit_file_impl(
              │    └ <function Editor._edit_file_impl at 0x784045281120>
              └ Editor(resource=EditorReporter(block=<BlockType.EDITOR: 'Editor'>, uuid=UUID('03d87e42-d683-49f7-9841-451591b69ce2'), enable_...

  File "/home/aludy/scires/Cloud_Spec_Exp/external/baselines/MetaGPT/metagpt/tools/libs/editor.py", line 667, in _edit_file_impl
    guidance_message = self._get_indentation_info(content, start or len(lines))
                       │    │                     │        └ 1288
                       │    │                     └ '  int stderr_pipe[2];\n  cleanup_close int stderr_r = -1;\n  cleanup_close int stderr_w = -1;\n  sigset_t mask;'
                       │    └ <function Editor._get_indentation_info at 0x784045281090>
                       └ Editor(resource=EditorReporter(block=<BlockType.EDITOR: 'Editor'>, uuid=UUID('03d87e42-d683-49f7-9841-451591b69ce2'), enable_...

  File "/home/aludy/scires/Cloud_Spec_Exp/external/baselines/MetaGPT/metagpt/tools/libs/editor.py", line 495, in _get_indentation_info
    pre_line = content_lines[first_line - 2] if first_line - 2 >= 0 else ""
               │             │                  └ 1288
               │             └ 1288
               └ ['  int stderr_pipe[2];', '  cleanup_close int stderr_r = -1;', '  cleanup_close int stderr_w = -1;', '  sigset_t mask;']

IndexError: list index out of range
2026-07-25 14:30:25.770 | INFO     | metagpt.roles.di.role_zero:_act:294 - Commands outputs: 
Command Editor.edit_file_by_replace executed: Traceback (most recent call last):
  File "/home/aludy/scires/Cloud_Spec_Exp/external/baselines/MetaGPT/metagpt/tools/libs/editor.py", line 563, in _edit_file_impl
    original_lint_error, _ = self._lint_file(file_name)
  File "/home/aludy/scires/Cloud_Spec_Exp/external/baselines/MetaGPT/metagpt/tools/libs/editor.py", line 211, in _lint_file
    lint_error = linter.lint(str(file_path))
  File "/home/aludy/scires/Cloud_Spec_Exp/external/baselines/MetaGPT/metagpt/tools/libs/linter.py", line 98, in lint
    linkres = basic_lint(absolute_fname, code)
  File "/home/aludy/scires/Cloud_Spec_Exp/external/baselines/MetaGPT/metagpt/tools/libs/linter.py", line 158, in basic_lint
    parser = get_parser(lang)
  File "tree_sitter_languages/core.pyx", line 19, in tree_sitter_languages.core.get_parser
  File "tree_sitter_languages/core.pyx", line 14, in tree_sitter_languages.core.get_language
TypeError: __init__() takes exactly 1 argument (2 given)

During handling of the above exception, another exception occurred:

Traceback (most recent call last):
  File "/home/aludy/scires/Cloud_Spec_Exp/external/baselines/MetaGPT/metagpt/roles/di/role_zero.py", line 401, in _run_commands
    tool_output = tool_obj(**cmd["args"])
  File "/home/aludy/scires/Cloud_Spec_Exp/external/baselines/MetaGPT/metagpt/tools/libs/editor.py", line 814, in edit_file_by_replace
    ret_str = self._edit_file_impl(
  File "/home/aludy/scires/Cloud_Spec_Exp/external/baselines/MetaGPT/metagpt/tools/libs/editor.py", line 667, in _edit_file_impl
    guidance_message = self._get_indentation_info(content, start or len(lines))
  File "/home/aludy/scires/Cloud_Spec_Exp/external/baselines/MetaGPT/metagpt/tools/libs/editor.py", line 495, in _get_indentation_info
    pre_line = content_lines[first_line - 2] if first_line - 2 >= 0 else ""
IndexError: list index out of range

2026-07-25 14:30:33.253 | INFO     | metagpt.roles.di.role_zero:_act:292 - Commands: 
[{'command_name': 'Terminal.run_command', 'args': {'cmd': "cd /home/aludy/scires/Cloud_Spec_Exp/external/worktrees/oci-metagpt-agentless-mini-rerun/metagpt/crun-353 && sed -i '1288a\\  int stderr_pipe[2];\\n  cleanup_close int stderr_r = -1;\\n  cleanup_close int stderr_w = -1;' src/libcrun/utils.c"}}]
2026-07-25 14:30:33.276 | INFO     | metagpt.roles.di.role_zero:_act:294 - Commands outputs: 
Command Terminal.run_command executed:
[command]: cd /home/aludy/scires/Cloud_Spec_Exp/external/worktrees/oci-metagpt-agentless-mini-rerun/metagpt/crun-353 && sed -i '1288a\  int stderr_pipe[2];\n  cleanup_close int stderr_r = -1;\n  cleanup_close int stderr_w = -1;' src/libcrun/utils.c 
[command output] :  (pay attention to this.)
2026-07-25 14:30:35.407 | INFO     | metagpt.roles.di.role_zero:_act:292 - Commands: 
[{'command_name': 'Terminal.run_command', 'args': {'cmd': "cd /home/aludy/scires/Cloud_Spec_Exp/external/worktrees/oci-metagpt-agentless-mini-rerun/metagpt/crun-353 && sed -n '1286,1305p' src/libcrun/utils.c"}}]
2026-07-25 14:30:35.409 | INFO     | metagpt.roles.di.role_zero:_act:294 - Commands outputs: 
Command Terminal.run_command executed:
[command]: cd /home/aludy/scires/Cloud_Spec_Exp/external/worktrees/oci-metagpt-agentless-mini-rerun/metagpt/crun-353 && sed -n '1286,1305p' src/libcrun/utils.c 
[command output] :   cleanup_close int pipe_r = -1;
  cleanup_close int pipe_w = -1;
  sigset_t mask;
  int stderr_pipe[2];
  cleanup_close int stderr_r = -1;
  cleanup_close int stderr_w = -1;

  ret = pipe (stdin_pipe);
  if (UNLIKELY (ret < 0))
    return crun_make_error (err, errno, "pipe");
  pipe_r = stdin_pipe[0];
  pipe_w = stdin_pipe[1];

  if (timeout > 0)
    {
      sigaddset (&mask, SIGCHLD);
      ret = sigprocmask (SIG_BLOCK, &mask, NULL);
      if (UNLIKELY (ret < 0))
        return crun_make_error (err, errno, "sigprocmask");
    }

2026-07-25 14:30:38.127 | INFO     | metagpt.roles.di.role_zero:_act:292 - Commands: 
[{'command_name': 'Terminal.run_command', 'args': {'cmd': "cd /home/aludy/scires/Cloud_Spec_Exp/external/worktrees/oci-metagpt-agentless-mini-rerun/metagpt/crun-353 && sed -n '1293,1305p' src/libcrun/utils.c"}}]
2026-07-25 14:30:38.130 | INFO     | metagpt.roles.di.role_zero:_act:294 - Commands outputs: 
Command Terminal.run_command executed:
[command]: cd /home/aludy/scires/Cloud_Spec_Exp/external/worktrees/oci-metagpt-agentless-mini-rerun/metagpt/crun-353 && sed -n '1293,1305p' src/libcrun/utils.c 
[command output] :   ret = pipe (stdin_pipe);
  if (UNLIKELY (ret < 0))
    return crun_make_error (err, errno, "pipe");
  pipe_r = stdin_pipe[0];
  pipe_w = stdin_pipe[1];

  if (timeout > 0)
    {
      sigaddset (&mask, SIGCHLD);
      ret = sigprocmask (SIG_BLOCK, &mask, NULL);
      if (UNLIKELY (ret < 0))
        return crun_make_error (err, errno, "sigprocmask");
    }

2026-07-25 14:30:41.519 | INFO     | metagpt.roles.di.role_zero:_act:292 - Commands: 
[{'command_name': 'Terminal.run_command', 'args': {'cmd': "cd /home/aludy/scires/Cloud_Spec_Exp/external/worktrees/oci-metagpt-agentless-mini-rerun/metagpt/crun-353 && sed -n '1300,1315p' src/libcrun/utils.c"}}]
2026-07-25 14:30:41.521 | INFO     | metagpt.roles.di.role_zero:_act:294 - Commands outputs: 
Command Terminal.run_command executed:
[command]: cd /home/aludy/scires/Cloud_Spec_Exp/external/worktrees/oci-metagpt-agentless-mini-rerun/metagpt/crun-353 && sed -n '1300,1315p' src/libcrun/utils.c 
[command output] :     {
      sigaddset (&mask, SIGCHLD);
      ret = sigprocmask (SIG_BLOCK, &mask, NULL);
      if (UNLIKELY (ret < 0))
        return crun_make_error (err, errno, "sigprocmask");
    }

  pid = fork ();
  if (UNLIKELY (pid < 0))
    return crun_make_error (err, errno, "fork");

  if (pid)
    {
      int r, status;

      close_and_reset (&pipe_r);

2026-07-25 14:30:44.532 | INFO     | metagpt.roles.di.role_zero:_act:292 - Commands: 
[{'command_name': 'Terminal.run_command', 'args': {'cmd': "cd /home/aludy/scires/Cloud_Spec_Exp/external/worktrees/oci-metagpt-agentless-mini-rerun/metagpt/crun-353 && sed -n '1293,1315p' src/libcrun/utils.c"}}]
2026-07-25 14:30:44.535 | INFO     | metagpt.roles.di.role_zero:_act:294 - Commands outputs: 
Command Terminal.run_command executed:
[command]: cd /home/aludy/scires/Cloud_Spec_Exp/external/worktrees/oci-metagpt-agentless-mini-rerun/metagpt/crun-353 && sed -n '1293,1315p' src/libcrun/utils.c 
[command output] :   ret = pipe (stdin_pipe);
  if (UNLIKELY (ret < 0))
    return crun_make_error (err, errno, "pipe");
  pipe_r = stdin_pipe[0];
  pipe_w = stdin_pipe[1];

  if (timeout > 0)
    {
      sigaddset (&mask, SIGCHLD);
      ret = sigprocmask (SIG_BLOCK, &mask, NULL);
      if (UNLIKELY (ret < 0))
        return crun_make_error (err, errno, "sigprocmask");
    }

  pid = fork ();
  if (UNLIKELY (pid < 0))
    return crun_make_error (err, errno, "fork");

  if (pid)
    {
      int r, status;

      close_and_reset (&pipe_r);

2026-07-25 14:30:47.934 | INFO     | metagpt.roles.di.role_zero:_act:292 - Commands: 
[{'command_name': 'Terminal.run_command', 'args': {'cmd': "cd /home/aludy/scires/Cloud_Spec_Exp/external/worktrees/oci-metagpt-agentless-mini-rerun/metagpt/crun-353 && awk 'NR>=1293 && NR<=1315' src/libcrun/utils.c"}}]
2026-07-25 14:30:47.979 | INFO     | metagpt.roles.di.role_zero:_act:294 - Commands outputs: 
Command Terminal.run_command executed:
[command]: cd /home/aludy/scires/Cloud_Spec_Exp/external/worktrees/oci-metagpt-agentless-mini-rerun/metagpt/crun-353 && awk 'NR>=1293 && NR<=1315' src/libcrun/utils.c 
[command output] :   ret = pipe (stdin_pipe);
  if (UNLIKELY (ret < 0))
    return crun_make_error (err, errno, "pipe");
  pipe_r = stdin_pipe[0];
  pipe_w = stdin_pipe[1];

  if (timeout > 0)
    {
      sigaddset (&mask, SIGCHLD);
      ret = sigprocmask (SIG_BLOCK, &mask, NULL);
      if (UNLIKELY (ret < 0))
        return crun_make_error (err, errno, "sigprocmask");
    }

  pid = fork ();
  if (UNLIKELY (pid < 0))
    return crun_make_error (err, errno, "fork");

  if (pid)
    {
      int r, status;

      close_and_reset (&pipe_r);

2026-07-25 14:30:51.087 | INFO     | metagpt.roles.di.role_zero:_act:292 - Commands: 
[{'command_name': 'Terminal.run_command', 'args': {'cmd': "cd /home/aludy/scires/Cloud_Spec_Exp/external/worktrees/oci-metagpt-agentless-mini-rerun/metagpt/crun-353 && sed -n '1293,1297p' src/libcrun/utils.c"}}]
2026-07-25 14:30:51.089 | INFO     | metagpt.roles.di.role_zero:_act:294 - Commands outputs: 
Command Terminal.run_command executed:
[command]: cd /home/aludy/scires/Cloud_Spec_Exp/external/worktrees/oci-metagpt-agentless-mini-rerun/metagpt/crun-353 && sed -n '1293,1297p' src/libcrun/utils.c 
[command output] :   ret = pipe (stdin_pipe);
  if (UNLIKELY (ret < 0))
    return crun_make_error (err, errno, "pipe");
  pipe_r = stdin_pipe[0];
  pipe_w = stdin_pipe[1];

2026-07-25 14:31:00.059 | WARNING  | metagpt.utils.role_zero_utils:parse_commands:115 - Failed to parse JSON for: I've already successfully added the stderr pipe variable declarations. Now I need to add the stderr pipe creation and modify the child/parent sections. Let me use Python to make these precise edits since sed line numbers would be confusing.

```json
[
    {
        "command_name": "Terminal.run_command",
        "args": {
            "cmd": "cd /home/aludy/scires/Cloud_Spec_Exp/external/worktrees/oci-metagpt-agentless-mini-rerun/metagpt/crun-353 && python3 -c \"
with open('src/libcrun/utils.c', 'r') as f:
    lines = f.readlines()

# Find the key positions
stderr_pipe_insert = None
child_section_start = None
stdin_pipe_end = None

for i, line in enumerate(lines):
    if 'pipe_w = stdin_pipe[1];' in line:
        stdin_pipe_end = i
    if lines[i].strip() == 'else' and i > 0 and '}' in lines[i-1]:
        child_section_start = i
    if 'int stderr_pipe[2];' in line:
        stderr_pipe_insert = i

print('stdin_pipe_end:', stdin_pipe_end)
print('child_section_start:', child_section_start)
print('stderr_pipe_insert:', stderr_pipe_insert)
\""
        ]
    }
]
```. Trying to repair...
2026-07-25 14:31:36.495 | INFO     | metagpt.roles.di.role_zero:_act:292 - Commands: 
[{'command_name': 'Terminal.run_command', 'args': {'cmd': 'cd /home/aludy/scires/Cloud_Spec_Exp/external/worktrees/oci-metagpt-agentless-mini-rerun/metagpt/crun-353 && python3 -c "\nwith open(\'src/libcrun/utils.c\', \'r\') as f:\n    lines = f.readlines()\n\n# Find the key positions\nstderr_pipe_insert = None\nchild_section_start = None\nstdin_pipe_end = None\n\nfor i, line in enumerate(lines):\n    if \'pipe_w = stdin_pipe[1];\' in line:\n        stdin_pipe_end = i\n    if lines[i].strip() == \'else\' and i > 0 and \'}\' in lines[i-1]:\n        child_section_start = i\n    if \'int stderr_pipe[2];\' in line:\n        stderr_pipe_insert = i\n\nprint(\'stdin_pipe_end:\', stdin_pipe_end)\nprint(\'child_section_start:\', child_section_start)\nprint(\'stderr_pipe_insert:\', stderr_pipe_insert)\n"'}}]
2026-07-25 14:31:36.562 | INFO     | metagpt.roles.di.role_zero:_act:294 - Commands outputs: 
Command Terminal.run_command executed:
[command]: cd /home/aludy/scires/Cloud_Spec_Exp/external/worktrees/oci-metagpt-agentless-mini-rerun/metagpt/crun-353 && python3 -c "
with open('src/libcrun/utils.c', 'r') as f:
    lines = f.readlines()

# Find the key positions
stderr_pipe_insert = None
child_section_start = None
stdin_pipe_end = None

for i, line in enumerate(lines):
    if 'pipe_w = stdin_pipe[1];' in line:
        stdin_pipe_end = i
    if lines[i].strip() == 'else' and i > 0 and '}' in lines[i-1]:
        child_section_start = i
    if 'int stderr_pipe[2];' in line:
        stderr_pipe_insert = i

print('stdin_pipe_end:', stdin_pipe_end)
print('child_section_start:', child_section_start)
print('stderr_pipe_insert:', stderr_pipe_insert)
" 
[command output] : stdin_pipe_end: 1296
child_section_start: 1356
stderr_pipe_insert: 1288

2026-07-25 14:31:45.473 | INFO     | metagpt.roles.di.role_zero:_act:292 - Commands: 
[{'command_name': 'Terminal.run_command', 'args': {'cmd': 'cd /home/aludy/scires/Cloud_Spec_Exp/external/worktrees/oci-metagpt-agentless-mini-rerun/metagpt/crun-353 && python3 << \'PYEOF\'\nwith open(\'src/libcrun/utils.c\', \'r\') as f:\n    content = f.read()\n\n# 1. Add stderr pipe creation after stdin pipe setup\nold1 = "  pipe_r = stdin_pipe[0];\\n  pipe_w = stdin_pipe[1];"\nnew1 = "  pipe_r = stdin_pipe[0];\\n  pipe_w = stdin_pipe[1];\\n\\n  ret = pipe (stderr_pipe);\\n  if (UNLIKELY (ret < 0))\\n    return crun_make_error (err, errno, \\"pipe\\");\\n  stderr_r = stderr_pipe[0];\\n  stderr_w = stderr_pipe[1];"\ncontent = content.replace(old1, new1, 1)\n\n# 2. In child section: redirect stderr to stderr_w instead of /dev/null\nold_child2 = "      dup2 (out, 2);"\nnew_child2 = "      dup2 (stderr_w, 2);"\ncontent = content.replace(old_child2, new_child2, 1)\n\n# 3. In parent: after waitpid, when exit code != 0, read stderr and include in error\n# Find the parent section and modify\nold_parent = "      r = TEMP_FAILURE_RETRY (waitpid (pid, &status, 0));\\\n      if (r < 0)\\\n        return crun_make_error (err, errno, \\"waitpid\\");\\\n      if (WIFEXITED (status))\\\n        return WEXITSTATUS (status);\\\n      if (WIFSIGNALED (status))\\\n        return 127 + WTERMSIG (status);"\n\nnew_parent = "      char stderr_buf[4096] = {0};\\\n      ssize_t nread;\\\n      r = TEMP_FAILURE_RETRY (waitpid (pid, &status, 0));\\\n      if (r < 0)\\\n        return crun_make_error (err, errno, \\"waitpid\\");\\\n      close_and_reset (&stderr_w);\\\n      nread = TEMP_FAILURE_RETRY (read (stderr_r, stderr_buf, sizeof (stderr_buf) - 1));\\\n      if (nread > 0)\\\n        stderr_buf[nread] = \'\\\\0\';\\\n      if (WIFEXITED (status))\\\n        {\\\n          int exit_code = WEXITSTATUS (status);\\\n          if (exit_code != 0 && nread > 0)\\\n            return crun_make_error (err, 0, \\"error executing `%s`: %s\\", path, stderr_buf);\\\n          return exit_code;\\\n        }\\\n      if (WIFSIGNALED (status))\\\n        {\\\n          int sig_code = 127 + WTERMSIG (status);\\\n          if (nread > 0)\\\n            return crun_make_error (err, 0, \\"error executing `%s` (signal %d): %s\\", path, WTERMSIG (status), stderr_buf);\\\n          return sig_code;\\\n        }"\n\ncontent = content.replace(old_parent, new_parent, 1)\n\nwith open(\'src/libcrun/utils.c\', \'w\') as f:\n    f.write(content)\nprint("Done")\nPYEOF'}}]
2026-07-25 14:31:45.494 | INFO     | metagpt.roles.di.role_zero:_act:294 - Commands outputs: 
Command Terminal.run_command executed:
[command]: cd /home/aludy/scires/Cloud_Spec_Exp/external/worktrees/oci-metagpt-agentless-mini-rerun/metagpt/crun-353 && python3 << 'PYEOF'
with open('src/libcrun/utils.c', 'r') as f:
    content = f.read()

# 1. Add stderr pipe creation after stdin pipe setup
old1 = "  pipe_r = stdin_pipe[0];\n  pipe_w = stdin_pipe[1];"
new1 = "  pipe_r = stdin_pipe[0];\n  pipe_w = stdin_pipe[1];\n\n  ret = pipe (stderr_pipe);\n  if (UNLIKELY (ret < 0))\n    return crun_make_error (err, errno, \"pipe\");\n  stderr_r = stderr_pipe[0];\n  stderr_w = stderr_pipe[1];"
content = content.replace(old1, new1, 1)

# 2. In child section: redirect stderr to stderr_w instead of /dev/null
old_child2 = "      dup2 (out, 2);"
new_child2 = "      dup2 (stderr_w, 2);"
content = content.replace(old_child2, new_child2, 1)

# 3. In parent: after waitpid, when exit code != 0, read stderr and include in error
# Find the parent section and modify
old_parent = "      r = TEMP_FAILURE_RETRY (waitpid (pid, &status, 0));\
      if (r < 0)\
        return crun_make_error (err, errno, \"waitpid\");\
      if (WIFEXITED (status))\
        return WEXITSTATUS (status);\
      if (WIFSIGNALED (status))\
        return 127 + WTERMSIG (status);"

new_parent = "      char stderr_buf[4096] = {0};\
      ssize_t nread;\
      r = TEMP_FAILURE_RETRY (waitpid (pid, &status, 0));\
      if (r < 0)\
        return crun_make_error (err, errno, \"waitpid\");\
      close_and_reset (&stderr_w);\
      nread = TEMP_FAILURE_RETRY (read (stderr_r, stderr_buf, sizeof (stderr_buf) - 1));\
      if (nread > 0)\
        stderr_buf[nread] = '\\0';\
      if (WIFEXITED (status))\
        {\
          int exit_code = WEXITSTATUS (status);\
          if (exit_code != 0 && nread > 0)\
            return crun_make_error (err, 0, \"error executing `%s`: %s\", path, stderr_buf);\
          return exit_code;\
        }\
      if (WIFSIGNALED (status))\
        {\
          int sig_code = 127 + WTERMSIG (status);\
          if (nread > 0)\
            return crun_make_error (err, 0, \"error executing `%s` (signal %d): %s\", path, WTERMSIG (status), stderr_buf);\
          return sig_code;\
        }"

content = content.replace(old_parent, new_parent, 1)

with open('src/libcrun/utils.c', 'w') as f:
    f.write(content)
print("Done")
PYEOF 
[command output] : Done
 (pay attention to this.)
2026-07-25 14:31:48.113 | INFO     | metagpt.roles.di.role_zero:_act:292 - Commands: 
[{'command_name': 'Terminal.run_command', 'args': {'cmd': "cd /home/aludy/scires/Cloud_Spec_Exp/external/worktrees/oci-metagpt-agentless-mini-rerun/metagpt/crun-353 && sed -n '1283,1400p' src/libcrun/utils.c"}}]
2026-07-25 14:31:48.116 | INFO     | metagpt.roles.di.role_zero:_act:294 - Commands outputs: 
Command Terminal.run_command executed:
[command]: cd /home/aludy/scires/Cloud_Spec_Exp/external/worktrees/oci-metagpt-agentless-mini-rerun/metagpt/crun-353 && sed -n '1283,1400p' src/libcrun/utils.c 
[command output] :   int stdin_pipe[2];
  pid_t pid;
  int ret;
  cleanup_close int pipe_r = -1;
  cleanup_close int pipe_w = -1;
  sigset_t mask;
  int stderr_pipe[2];
  cleanup_close int stderr_r = -1;
  cleanup_close int stderr_w = -1;

  ret = pipe (stdin_pipe);
  if (UNLIKELY (ret < 0))
    return crun_make_error (err, errno, "pipe");
  pipe_r = stdin_pipe[0];
  pipe_w = stdin_pipe[1];

  ret = pipe (stderr_pipe);
  if (UNLIKELY (ret < 0))
    return crun_make_error (err, errno, "pipe");
  stderr_r = stderr_pipe[0];
  stderr_w = stderr_pipe[1];

  if (timeout > 0)
    {
      sigaddset (&mask, SIGCHLD);
      ret = sigprocmask (SIG_BLOCK, &mask, NULL);
      if (UNLIKELY (ret < 0))
        return crun_make_error (err, errno, "sigprocmask");
    }

  pid = fork ();
  if (UNLIKELY (pid < 0))
    return crun_make_error (err, errno, "fork");

  if (pid)
    {
      int r, status;

      close_and_reset (&pipe_r);

      ret = TEMP_FAILURE_RETRY (write (pipe_w, stdin, stdin_len));
      if (UNLIKELY (ret < 0))
        return crun_make_error (err, errno, "writing to pipe");

      close_and_reset (&pipe_w);

      if (timeout)
        {
          time_t start = time (NULL);
          time_t now;
          for (now = start; now - start < timeout; now = time (NULL))
            {
              siginfo_t info;
              int elapsed = now - start;
              struct timespec ts_timeout = { .tv_sec = timeout - elapsed, .tv_nsec = 0 };

              ret = sigtimedwait (&mask, &info, &ts_timeout);
              if (UNLIKELY (ret < 0 && errno != EAGAIN))
                return crun_make_error (err, errno, "sigtimedwait");

              if (info.si_signo == SIGCHLD && info.si_pid == pid)
                goto read_waitpid;

              if (ret < 0 && errno == EAGAIN)
                goto timeout;
            }
 timeout:
          kill (pid, SIGKILL);
          return crun_make_error (err, 0, "timeout expired for `%s`", path);
        }

 read_waitpid:
      r = TEMP_FAILURE_RETRY (waitpid (pid, &status, 0));
      if (r < 0)
        return crun_make_error (err, errno, "waitpid");
      if (WIFEXITED (status))
        return WEXITSTATUS (status);
      if (WIFSIGNALED (status))
        return 127 + WTERMSIG (status);
    }
  else
    {
      char *tmp_args[] = {path, NULL};
      int out = open ("/dev/null", O_WRONLY);

      if (UNLIKELY (out < 0))
        _exit (EXIT_FAILURE);

      TEMP_FAILURE_RETRY (close (pipe_w));
      dup2 (pipe_r, 0);
      TEMP_FAILURE_RETRY (close (pipe_r));

      dup2 (out, 1);
      dup2 (stderr_w, 2);
      TEMP_FAILURE_RETRY (close (out));

      if (args == NULL)
        args = tmp_args;

      if (cwd && chdir (cwd) < 0)
        _exit (EXIT_FAILURE);

      execvpe (path, args, envp);
      _exit (EXIT_FAILURE);
    }
  return -1;
}

int
close_fds_ge_than (int n, libcrun_error_t *err)
{
  cleanup_close int cfd = -1;
  cleanup_dir DIR *dir = NULL;
  int ret;
  int fd;
  struct statfs sfs;
  struct dirent *next;


2026-07-25 14:31:55.046 | INFO     | metagpt.roles.di.role_zero:_act:292 - Commands: 
[{'command_name': 'Terminal.run_command', 'args': {'cmd': "cd /home/aludy/scires/Cloud_Spec_Exp/external/worktrees/oci-metagpt-agentless-mini-rerun/metagpt/crun-353 && python3 << 'PYEOF'\nwith open('src/libcrun/utils.c', 'r') as f:\n    lines = f.readlines()\n\n# Find the 'read_waitpid:' section and replace it\nfor i, line in enumerate(lines):\n    if 'read_waitpid:' in line:\n        read_waitpid_line = i\n        break\n\nprint('read_waitpid found at line:', read_waitpid_line + 1)\n\n# Show the next 15 lines (the parent waitpid/exit handling)\nfor j in range(read_waitpid_line, min(read_waitpid_line + 20, len(lines))):\n    print(f'{j+1}: {lines[j]}', end='')\nPYEOF"}}]
2026-07-25 14:31:55.065 | INFO     | metagpt.roles.di.role_zero:_act:294 - Commands outputs: 
Command Terminal.run_command executed:
[command]: cd /home/aludy/scires/Cloud_Spec_Exp/external/worktrees/oci-metagpt-agentless-mini-rerun/metagpt/crun-353 && python3 << 'PYEOF'
with open('src/libcrun/utils.c', 'r') as f:
    lines = f.readlines()

# Find the 'read_waitpid:' section and replace it
for i, line in enumerate(lines):
    if 'read_waitpid:' in line:
        read_waitpid_line = i
        break

print('read_waitpid found at line:', read_waitpid_line + 1)

# Show the next 15 lines (the parent waitpid/exit handling)
for j in range(read_waitpid_line, min(read_waitpid_line + 20, len(lines))):
    print(f'{j+1}: {lines[j]}', end='')
PYEOF 
[command output] : read_waitpid found at line: 1354
1354:  read_waitpid:
1355:       r = TEMP_FAILURE_RETRY (waitpid (pid, &status, 0));
1356:       if (r < 0)
1357:         return crun_make_error (err, errno, "waitpid");
1358:       if (WIFEXITED (status))
1359:         return WEXITSTATUS (status);
1360:       if (WIFSIGNALED (status))
1361:         return 127 + WTERMSIG (status);
1362:     }
1363:   else
1364:     {
1365:       char *tmp_args[] = {path, NULL};
1366:       int out = open ("/dev/null", O_WRONLY);
1367: 
1368:       if (UNLIKELY (out < 0))
1369:         _exit (EXIT_FAILURE);
1370: 
1371:       TEMP_FAILURE_RETRY (close (pipe_w));
1372:       dup2 (pipe_r, 0);
1373:       TEMP_FAILURE_RETRY (close (pipe_r));

2026-07-25 14:32:00.864 | INFO     | metagpt.roles.di.role_zero:_act:292 - Commands: 
[{'command_name': 'Editor.edit_file_by_replace', 'args': {'file_name': '/home/aludy/scires/Cloud_Spec_Exp/external/worktrees/oci-metagpt-agentless-mini-rerun/metagpt/crun-353/src/libcrun/utils.c', 'first_replaced_line_number': 1354, 'first_replaced_line_content': '      r = TEMP_FAILURE_RETRY (waitpid (pid, &status, 0));', 'last_replaced_line_number': 1361, 'last_replaced_line_content': '        return 127 + WTERMSIG (status);', 'new_content': '      char stderr_buf[4096];\n      ssize_t nread;\n      r = TEMP_FAILURE_RETRY (waitpid (pid, &status, 0));\n      if (r < 0)\n        return crun_make_error (err, errno, "waitpid");\n      close_and_reset (&stderr_w);\n      nread = TEMP_FAILURE_RETRY (read (stderr_r, stderr_buf, sizeof (stderr_buf) - 1));\n      if (nread < 0)\n        nread = 0;\n      stderr_buf[nread] = \'\\0\';\n      if (WIFEXITED (status))\n        {\n          int exit_code = WEXITSTATUS (status);\n          if (exit_code != 0 && nread > 0)\n            return crun_make_error (err, 0, "error executing `%s`: %s", path, stderr_buf);\n          return exit_code;\n        }\n      if (WIFSIGNALED (status))\n        return 127 + WTERMSIG (status);'}}]
2026-07-25 14:32:00.865 | ERROR    | metagpt.roles.di.role_zero:_run_commands:407 - Error: The `first_replaced_line_number` does not match the `first_replaced_line_content`. Please correct the parameters.
The `first_replaced_line_number` is 1354 and the corresponding content is " read_waitpid:".
But the `first_replaced_line_content ` is "      r = TEMP_FAILURE_RETRY (waitpid (pid, &status, 0));".
The content around the specified line is:
The 1351 line is "          return crun_make_error (err, 0, "timeout expired for `%s`", path);"
The 1352 line is "        }"
The 1353 line is ""
The 1354 line is " read_waitpid:"
The 1355 line is "      r = TEMP_FAILURE_RETRY (waitpid (pid, &status, 0));"
The 1356 line is "      if (r < 0)"
The 1357 line is "        return crun_make_error (err, errno, "waitpid");"
Pay attention to the new content. Ensure that it aligns with the new parameters.
Traceback (most recent call last):
  File "/home/aludy/scires/Cloud_Spec_Exp/external/baselines/MetaGPT/metagpt/roles/di/role_zero.py", line 401, in _run_commands
    tool_output = tool_obj(**cmd["args"])
  File "/home/aludy/scires/Cloud_Spec_Exp/external/baselines/MetaGPT/metagpt/tools/libs/editor.py", line 813, in edit_file_by_replace
    raise ValueError(mismatch_error)
ValueError: Error: The `first_replaced_line_number` does not match the `first_replaced_line_content`. Please correct the parameters.
The `first_replaced_line_number` is 1354 and the corresponding content is " read_waitpid:".
But the `first_replaced_line_content ` is "      r = TEMP_FAILURE_RETRY (waitpid (pid, &status, 0));".
The content around the specified line is:
The 1351 line is "          return crun_make_error (err, 0, "timeout expired for `%s`", path);"
The 1352 line is "        }"
The 1353 line is ""
The 1354 line is " read_waitpid:"
The 1355 line is "      r = TEMP_FAILURE_RETRY (waitpid (pid, &status, 0));"
The 1356 line is "      if (r < 0)"
The 1357 line is "        return crun_make_error (err, errno, "waitpid");"
Pay attention to the new content. Ensure that it aligns with the new parameters.


Traceback (most recent call last):

  File "/home/aludy/scires/Cloud_Spec_Exp/baselines/metagpt/launch.py", line 307, in <module>
    raise SystemExit(main())
                     └ <function main at 0x7840fc942ef0>

  File "/home/aludy/scires/Cloud_Spec_Exp/baselines/metagpt/launch.py", line 277, in main
    result = generate_repo(**supported)
             │               └ {'idea': 'Fix OCI runtime bug case crun-353.\n\nTarget runtime: crun\nTitle: return stderr of hooks in case of an error\nUpst...
             └ <function generate_repo at 0x784043ecdcf0>

  File "/home/aludy/scires/Cloud_Spec_Exp/external/baselines/MetaGPT/metagpt/software_company.py", line 72, in generate_repo
    asyncio.run(company.run(n_round=n_round, idea=idea))
    │       │   │       │           │             └ 'Fix OCI runtime bug case crun-353.\n\nTarget runtime: crun\nTitle: return stderr of hooks in case of an error\nUpstream issu...
    │       │   │       │           └ 10
    │       │   │       └ <function serialize_decorator.<locals>.wrapper at 0x784039e901f0>
    │       │   └ Team(env=MGXEnv(), investment=3.0, idea='Fix OCI runtime bug case crun-353.\n\nTarget runtime: crun\nTitle: return stderr of ...
    │       └ <function run at 0x7840fa591750>
    └ <module 'asyncio' from '/home/aludy/miniconda3/envs/metagpt/lib/python3.10/asyncio/__init__.py'>

  File "/home/aludy/miniconda3/envs/metagpt/lib/python3.10/asyncio/runners.py", line 44, in run
    return loop.run_until_complete(main)
           │    │                  └ <coroutine object serialize_decorator.<locals>.wrapper at 0x784039dab610>
           │    └ <function BaseEventLoop.run_until_complete at 0x7840fa593130>
           └ <_UnixSelectorEventLoop running=True closed=False debug=False>
  File "/home/aludy/miniconda3/envs/metagpt/lib/python3.10/asyncio/base_events.py", line 636, in run_until_complete
    self.run_forever()
    │    └ <function BaseEventLoop.run_forever at 0x7840fa5930a0>
    └ <_UnixSelectorEventLoop running=True closed=False debug=False>
  File "/home/aludy/miniconda3/envs/metagpt/lib/python3.10/asyncio/base_events.py", line 603, in run_forever
    self._run_once()
    │    └ <function BaseEventLoop._run_once at 0x7840fa594c10>
    └ <_UnixSelectorEventLoop running=True closed=False debug=False>
  File "/home/aludy/miniconda3/envs/metagpt/lib/python3.10/asyncio/base_events.py", line 1909, in _run_once
    handle._run()
    │      └ <function Handle._run at 0x7840fa544280>
    └ <Handle Task.task_wakeup(<Task finishe...> result=None>)>
  File "/home/aludy/miniconda3/envs/metagpt/lib/python3.10/asyncio/events.py", line 80, in _run
    self._context.run(self._callback, *self._args)
    │    │            │    │           │    └ <member '_args' of 'Handle' objects>
    │    │            │    │           └ <Handle Task.task_wakeup(<Task finishe...> result=None>)>
    │    │            │    └ <member '_callback' of 'Handle' objects>
    │    │            └ <Handle Task.task_wakeup(<Task finishe...> result=None>)>
    │    └ <member '_context' of 'Handle' objects>
    └ <Handle Task.task_wakeup(<Task finishe...> result=None>)>

  File "/home/aludy/scires/Cloud_Spec_Exp/external/baselines/MetaGPT/metagpt/utils/common.py", line 692, in wrapper
    return await func(self, *args, **kwargs)
                 │    │      │       └ {}
                 │    │      └ ()
                 │    └ Engineer2(private_context=Context(kwargs=AttrDict(), config=Config(extra_fields=None, project_path='/home/aludy/scires/Cloud_...
                 └ <function Role.run at 0x78403aa3e5f0>

  File "/home/aludy/scires/Cloud_Spec_Exp/external/baselines/MetaGPT/metagpt/roles/role.py", line 548, in run
    rsp = await self.react()
                │    └ <function Role.react at 0x78403aa3e4d0>
                └ Engineer2(private_context=Context(kwargs=AttrDict(), config=Config(extra_fields=None, project_path='/home/aludy/scires/Cloud_...

  File "/home/aludy/scires/Cloud_Spec_Exp/external/baselines/MetaGPT/metagpt/roles/role.py", line 515, in react
    rsp = await self._react()
                │    └ <function RoleZero._react at 0x78403a879f30>
                └ Engineer2(private_context=Context(kwargs=AttrDict(), config=Config(extra_fields=None, project_path='/home/aludy/scires/Cloud_...

  File "/home/aludy/scires/Cloud_Spec_Exp/external/baselines/MetaGPT/metagpt/roles/di/role_zero.py", line 324, in _react
    rsp = await self._act()
                │    └ <function RoleZero._act at 0x78403a879ea0>
                └ Engineer2(private_context=Context(kwargs=AttrDict(), config=Config(extra_fields=None, project_path='/home/aludy/scires/Cloud_...

  File "/home/aludy/scires/Cloud_Spec_Exp/external/baselines/MetaGPT/metagpt/roles/di/role_zero.py", line 293, in _act
    outputs = await self._run_commands(commands)
                    │    │             └ [{'command_name': 'Editor.edit_file_by_replace', 'args': {'file_name': '/home/aludy/scires/Cloud_Spec_Exp/external/worktrees/...
                    │    └ <function RoleZero._run_commands at 0x78403a87a0e0>
                    └ Engineer2(private_context=Context(kwargs=AttrDict(), config=Config(extra_fields=None, project_path='/home/aludy/scires/Cloud_...

> File "/home/aludy/scires/Cloud_Spec_Exp/external/baselines/MetaGPT/metagpt/roles/di/role_zero.py", line 401, in _run_commands
    tool_output = tool_obj(**cmd["args"])
                  │          └ {'command_name': 'Editor.edit_file_by_replace', 'args': {'file_name': '/home/aludy/scires/Cloud_Spec_Exp/external/worktrees/o...
                  └ <bound method Editor.edit_file_by_replace of Editor(resource=EditorReporter(block=<BlockType.EDITOR: 'Editor'>, uuid=UUID('03...

  File "/home/aludy/scires/Cloud_Spec_Exp/external/baselines/MetaGPT/metagpt/tools/libs/editor.py", line 813, in edit_file_by_replace
    raise ValueError(mismatch_error)
                     └ 'Error: The `first_replaced_line_number` does not match the `first_replaced_line_content`. Please correct the parameters.\nTh...

ValueError: Error: The `first_replaced_line_number` does not match the `first_replaced_line_content`. Please correct the parameters.
The `first_replaced_line_number` is 1354 and the corresponding content is " read_waitpid:".
But the `first_replaced_line_content ` is "      r = TEMP_FAILURE_RETRY (waitpid (pid, &status, 0));".
The content around the specified line is:
The 1351 line is "          return crun_make_error (err, 0, "timeout expired for `%s`", path);"
The 1352 line is "        }"
The 1353 line is ""
The 1354 line is " read_waitpid:"
The 1355 line is "      r = TEMP_FAILURE_RETRY (waitpid (pid, &status, 0));"
The 1356 line is "      if (r < 0)"
The 1357 line is "        return crun_make_error (err, errno, "waitpid");"
Pay attention to the new content. Ensure that it aligns with the new parameters.

2026-07-25 14:32:00.977 | INFO     | metagpt.roles.di.role_zero:_act:294 - Commands outputs: 
Command Editor.edit_file_by_replace executed: Traceback (most recent call last):
  File "/home/aludy/scires/Cloud_Spec_Exp/external/baselines/MetaGPT/metagpt/roles/di/role_zero.py", line 401, in _run_commands
    tool_output = tool_obj(**cmd["args"])
  File "/home/aludy/scires/Cloud_Spec_Exp/external/baselines/MetaGPT/metagpt/tools/libs/editor.py", line 813, in edit_file_by_replace
    raise ValueError(mismatch_error)
ValueError: Error: The `first_replaced_line_number` does not match the `first_replaced_line_content`. Please correct the parameters.
The `first_replaced_line_number` is 1354 and the corresponding content is " read_waitpid:".
But the `first_replaced_line_content ` is "      r = TEMP_FAILURE_RETRY (waitpid (pid, &status, 0));".
The content around the specified line is:
The 1351 line is "          return crun_make_error (err, 0, "timeout expired for `%s`", path);"
The 1352 line is "        }"
The 1353 line is ""
The 1354 line is " read_waitpid:"
The 1355 line is "      r = TEMP_FAILURE_RETRY (waitpid (pid, &status, 0));"
The 1356 line is "      if (r < 0)"
The 1357 line is "        return crun_make_error (err, errno, "waitpid");"
Pay attention to the new content. Ensure that it aligns with the new parameters.


2026-07-25 14:32:12.500 | INFO     | metagpt.roles.di.role_zero:_act:292 - Commands: 
[{'command_name': 'Terminal.run_command', 'args': {'cmd': 'cd /home/aludy/scires/Cloud_Spec_Exp/external/worktrees/oci-metagpt-agentless-mini-rerun/metagpt/crun-353 && python3 << \'PYEOF\'\nwith open(\'src/libcrun/utils.c\', \'r\') as f:\n    lines = f.readlines()\n\n# Find the read_waitpid section\nfor i, line in enumerate(lines):\n    if \'read_waitpid:\' in line:\n        # lines 1354-1361 (0-indexed: 1353-1360)\n        # Replace with new stderr-reading code\n        new_lines = []\n        # Keep all lines before read_waitpid\n        new_lines.extend(lines[:i])\n        # Add new stderr handling code\n        new_lines.append(\' read_waitpid:\\n\')\n        new_lines.append(\'      char stderr_buf[4096];\\n\')\n        new_lines.append(\'      ssize_t nread;\\n\')\n        new_lines.append(\'      r = TEMP_FAILURE_RETRY (waitpid (pid, &status, 0));\\n\')\n        new_lines.append(\'      if (r < 0)\\n\')\n        new_lines.append(\'        return crun_make_error (err, errno, "waitpid");\\n\')\n        new_lines.append(\'      close_and_reset (&stderr_w);\\n\')\n        new_lines.append(\'      nread = TEMP_FAILURE_RETRY (read (stderr_r, stderr_buf, sizeof (stderr_buf) - 1));\\n\')\n        new_lines.append(\'      if (nread < 0)\\n\')\n        new_lines.append(\'        nread = 0;\\n\')\n        new_lines.append(\'      stderr_buf[nread] = \\\'\\\\0\\\';\\n\')\n        new_lines.append(\'      if (WIFEXITED (status))\\n\')\n        new_lines.append(\'        {\\n\')\n        new_lines.append(\'          int exit_code = WEXITSTATUS (status);\\n\')\n        new_lines.append(\'          if (exit_code != 0 && nread > 0)\\n\')\n        new_lines.append(\'            return crun_make_error (err, 0, "error executing `%s`: %s", path, stderr_buf);\\n\')\n        new_lines.append(\'          return exit_code;\\n\')\n        new_lines.append(\'        }\\n\')\n        new_lines.append(\'      if (WIFSIGNALED (status))\\n\')\n        new_lines.append(\'        return 127 + WTERMSIG (status);\\n\')\n        # Skip the old read_waitpid block (lines 1354-1361 in original)\n        skip_to = i + 8  # 8 lines: read_waitpid, waitpid, 2x if, 2x if, 2x if\n        new_lines.extend(lines[skip_to:])\n        \n        with open(\'src/libcrun/utils.c\', \'w\') as f:\n            f.writelines(new_lines)\n        print(\'Done: replaced parent section with stderr capture\')\n        break\nelse:\n    print(\'ERROR: read_waitpid not found\')\nPYEOF'}}]
2026-07-25 14:32:12.519 | INFO     | metagpt.roles.di.role_zero:_act:294 - Commands outputs: 
Command Terminal.run_command executed:
[command]: cd /home/aludy/scires/Cloud_Spec_Exp/external/worktrees/oci-metagpt-agentless-mini-rerun/metagpt/crun-353 && python3 << 'PYEOF'
with open('src/libcrun/utils.c', 'r') as f:
    lines = f.readlines()

# Find the read_waitpid section
for i, line in enumerate(lines):
    if 'read_waitpid:' in line:
        # lines 1354-1361 (0-indexed: 1353-1360)
        # Replace with new stderr-reading code
        new_lines = []
        # Keep all lines before read_waitpid
        new_lines.extend(lines[:i])
        # Add new stderr handling code
        new_lines.append(' read_waitpid:\n')
        new_lines.append('      char stderr_buf[4096];\n')
        new_lines.append('      ssize_t nread;\n')
        new_lines.append('      r = TEMP_FAILURE_RETRY (waitpid (pid, &status, 0));\n')
        new_lines.append('      if (r < 0)\n')
        new_lines.append('        return crun_make_error (err, errno, "waitpid");\n')
        new_lines.append('      close_and_reset (&stderr_w);\n')
        new_lines.append('      nread = TEMP_FAILURE_RETRY (read (stderr_r, stderr_buf, sizeof (stderr_buf) - 1));\n')
        new_lines.append('      if (nread < 0)\n')
        new_lines.append('        nread = 0;\n')
        new_lines.append('      stderr_buf[nread] = \'\\0\';\n')
        new_lines.append('      if (WIFEXITED (status))\n')
        new_lines.append('        {\n')
        new_lines.append('          int exit_code = WEXITSTATUS (status);\n')
        new_lines.append('          if (exit_code != 0 && nread > 0)\n')
        new_lines.append('            return crun_make_error (err, 0, "error executing `%s`: %s", path, stderr_buf);\n')
        new_lines.append('          return exit_code;\n')
        new_lines.append('        }\n')
        new_lines.append('      if (WIFSIGNALED (status))\n')
        new_lines.append('        return 127 + WTERMSIG (status);\n')
        # Skip the old read_waitpid block (lines 1354-1361 in original)
        skip_to = i + 8  # 8 lines: read_waitpid, waitpid, 2x if, 2x if, 2x if
        new_lines.extend(lines[skip_to:])
        
        with open('src/libcrun/utils.c', 'w') as f:
            f.writelines(new_lines)
        print('Done: replaced parent section with stderr capture')
        break
else:
    print('ERROR: read_waitpid not found')
PYEOF 
[command output] : Done: replaced parent section with stderr capture

2026-07-25 14:32:15.134 | INFO     | metagpt.roles.di.role_zero:_act:292 - Commands: 
[{'command_name': 'Terminal.run_command', 'args': {'cmd': "cd /home/aludy/scires/Cloud_Spec_Exp/external/worktrees/oci-metagpt-agentless-mini-rerun/metagpt/crun-353 && sed -n '1283,1380p' src/libcrun/utils.c"}}]
2026-07-25 14:32:15.138 | INFO     | metagpt.roles.di.role_zero:_act:294 - Commands outputs: 
Command Terminal.run_command executed:
[command]: cd /home/aludy/scires/Cloud_Spec_Exp/external/worktrees/oci-metagpt-agentless-mini-rerun/metagpt/crun-353 && sed -n '1283,1380p' src/libcrun/utils.c 
[command output] :   int stdin_pipe[2];
  pid_t pid;
  int ret;
  cleanup_close int pipe_r = -1;
  cleanup_close int pipe_w = -1;
  sigset_t mask;
  int stderr_pipe[2];
  cleanup_close int stderr_r = -1;
  cleanup_close int stderr_w = -1;

  ret = pipe (stdin_pipe);
  if (UNLIKELY (ret < 0))
    return crun_make_error (err, errno, "pipe");
  pipe_r = stdin_pipe[0];
  pipe_w = stdin_pipe[1];

  ret = pipe (stderr_pipe);
  if (UNLIKELY (ret < 0))
    return crun_make_error (err, errno, "pipe");
  stderr_r = stderr_pipe[0];
  stderr_w = stderr_pipe[1];

  if (timeout > 0)
    {
      sigaddset (&mask, SIGCHLD);
      ret = sigprocmask (SIG_BLOCK, &mask, NULL);
      if (UNLIKELY (ret < 0))
        return crun_make_error (err, errno, "sigprocmask");
    }

  pid = fork ();
  if (UNLIKELY (pid < 0))
    return crun_make_error (err, errno, "fork");

  if (pid)
    {
      int r, status;

      close_and_reset (&pipe_r);

      ret = TEMP_FAILURE_RETRY (write (pipe_w, stdin, stdin_len));
      if (UNLIKELY (ret < 0))
        return crun_make_error (err, errno, "writing to pipe");

      close_and_reset (&pipe_w);

      if (timeout)
        {
          time_t start = time (NULL);
          time_t now;
          for (now = start; now - start < timeout; now = time (NULL))
            {
              siginfo_t info;
              int elapsed = now - start;
              struct timespec ts_timeout = { .tv_sec = timeout - elapsed, .tv_nsec = 0 };

              ret = sigtimedwait (&mask, &info, &ts_timeout);
              if (UNLIKELY (ret < 0 && errno != EAGAIN))
                return crun_make_error (err, errno, "sigtimedwait");

              if (info.si_signo == SIGCHLD && info.si_pid == pid)
                goto read_waitpid;

              if (ret < 0 && errno == EAGAIN)
                goto timeout;
            }
 timeout:
          kill (pid, SIGKILL);
          return crun_make_error (err, 0, "timeout expired for `%s`", path);
        }

 read_waitpid:
      char stderr_buf[4096];
      ssize_t nread;
      r = TEMP_FAILURE_RETRY (waitpid (pid, &status, 0));
      if (r < 0)
        return crun_make_error (err, errno, "waitpid");
      close_and_reset (&stderr_w);
      nread = TEMP_FAILURE_RETRY (read (stderr_r, stderr_buf, sizeof (stderr_buf) - 1));
      if (nread < 0)
        nread = 0;
      stderr_buf[nread] = '\0';
      if (WIFEXITED (status))
        {
          int exit_code = WEXITSTATUS (status);
          if (exit_code != 0 && nread > 0)
            return crun_make_error (err, 0, "error executing `%s`: %s", path, stderr_buf);
          return exit_code;
        }
      if (WIFSIGNALED (status))
        return 127 + WTERMSIG (status);
    }
  else
    {
      char *tmp_args[] = {path, NULL};
      int out = open ("/dev/null", O_WRONLY);

      if (UNLIKELY (out < 0))

2026-07-25 14:32:37.924 | INFO     | metagpt.roles.di.role_zero:_act:292 - Commands: 
[{'command_name': 'Plan.finish_current_task', 'args': {}}, {'command_name': 'Plan.replace_task', 'args': {'task_id': '2', 'new_dependent_task_ids': ['1'], 'new_instruction': 'No changes needed in container.c - the run_process_with_stdin_timeout_envp already sets *err with captured stderr, and do_hooks does not overwrite *err', 'new_assignee': 'Alex'}}, {'command_name': 'Plan.finish_current_task', 'args': {}}]
2026-07-25 14:32:37.924 | INFO     | metagpt.roles.di.role_zero:_act:294 - Commands outputs: 
Command Plan.finish_current_task executed:Current task is finished. If you no longer need to take action, use the command ‘end’ to stop.

Command Plan.replace_task executed

Command Plan.finish_current_task executed:Current task is finished. If you no longer need to take action, use the command ‘end’ to stop.
2026-07-25 14:32:44.812 | INFO     | metagpt.roles.di.role_zero:_act:292 - Commands: 
[{'command_name': 'Terminal.run_command', 'args': {'cmd': 'cd /home/aludy/scires/Cloud_Spec_Exp/external/worktrees/oci-metagpt-agentless-mini-rerun/metagpt/crun-353 && ./autogen.sh && ./configure && make -j$(nproc) 2>&1 | tail -40'}}]
2026-07-25 14:34:31.924 | INFO     | metagpt.roles.di.role_zero:_act:294 - Commands outputs: 
Command Terminal.run_command executed:
[command]: cd /home/aludy/scires/Cloud_Spec_Exp/external/worktrees/oci-metagpt-agentless-mini-rerun/metagpt/crun-353 && ./autogen.sh && ./configure && make -j$(nproc) 2>&1 | tail -40 
[command output] : Cloning into '/home/aludy/scires/Cloud_Spec_Exp/external/worktrees/oci-metagpt-agentless-mini-rerun/metagpt/crun-353/libocispec'...
Submodule path 'libocispec': checked out '69a096a965ae47c5a83832b87e1d0a5178ca0b30'
Submodule 'image-spec' (https://github.com/opencontainers/image-spec) registered for path 'libocispec/image-spec'
Submodule 'runtime-spec' (https://github.com/opencontainers/runtime-spec) registered for path 'libocispec/runtime-spec'
Cloning into '/home/aludy/scires/Cloud_Spec_Exp/external/worktrees/oci-metagpt-agentless-mini-rerun/metagpt/crun-353/libocispec/image-spec'...
Cloning into '/home/aludy/scires/Cloud_Spec_Exp/external/worktrees/oci-metagpt-agentless-mini-rerun/metagpt/crun-353/libocispec/runtime-spec'...
Submodule path 'libocispec/image-spec': checked out '79b036d80240ae530a8de15e1d21c7ab9292c693'
Submodule path 'libocispec/runtime-spec': checked out '2086147713ebe64cd12681960914e81eadbbe1d9'
libtoolize: putting auxiliary files in AC_CONFIG_AUX_DIR, 'build-aux'.
libtoolize: copying file 'build-aux/ltmain.sh'
libtoolize: putting macros in AC_CONFIG_MACRO_DIRS, 'm4'.
libtoolize: copying file 'm4/libtool.m4'
libtoolize: copying file 'm4/ltoptions.m4'
libtoolize: copying file 'm4/ltsugar.m4'
libtoolize: copying file 'm4/ltversion.m4'
libtoolize: copying file 'm4/lt~obsolete.m4'
libtoolize: Consider adding '-I m4' to ACLOCAL_AMFLAGS in Makefile.am.
configure.ac:3: warning: The macro `AC_CONFIG_HEADER' is obsolete.
configure.ac:3: You should run autoupdate.
./lib/autoconf/status.m4:719: AC_CONFIG_HEADER is expanded from...
configure.ac:3: the top level
configure.ac:7: installing 'build-aux/compile'
configure.ac:9: installing 'build-aux/config.guess'
configure.ac:9: installing 'build-aux/config.sub'
configure.ac:11: installing 'build-aux/install-sh'
configure.ac:11: installing 'build-aux/missing'
Makefile.am: installing 'build-aux/depcomp'
parallel-tests: installing 'build-aux/test-driver'
libtoolize: putting auxiliary files in AC_CONFIG_AUX_DIR, 'build-aux'.
libtoolize: copying file 'build-aux/ltmain.sh'
libtoolize: putting macros in AC_CONFIG_MACRO_DIRS, 'm4'.
libtoolize: copying file 'm4/libtool.m4'
libtoolize: copying file 'm4/ltoptions.m4'
libtoolize: copying file 'm4/ltsugar.m4'
libtoolize: copying file 'm4/ltversion.m4'
libtoolize: copying file 'm4/lt~obsolete.m4'
libtoolize: 'AC_PROG_RANLIB' is rendered obsolete by 'LT_INIT'
configure.ac:12: installing 'build-aux/compile'
configure.ac:12: installing 'build-aux/config.guess'
configure.ac:12: installing 'build-aux/config.sub'
configure.ac:14: installing 'build-aux/install-sh'
configure.ac:14: installing 'build-aux/missing'
configure.ac:8: installing 'build-aux/tap-driver.sh'
Makefile.am: installing 'build-aux/depcomp'
checking for ranlib... ranlib
checking build system type... x86_64-pc-linux-gnu
checking host system type... x86_64-pc-linux-gnu
checking how to print strings... printf
checking for gcc... gcc
checking whether the C compiler works... yes
checking for C compiler default output file name... a.out
checking for suffix of executables... 
checking whether we are cross compiling... no
checking for suffix of object files... o
checking whether the compiler supports GNU C... yes
checking whether gcc accepts -g... yes
checking for gcc option to enable C11 features... none needed
checking whether gcc understands -c and -o together... yes
checking for a sed that does not truncate output... /usr/bin/sed
checking for grep that handles long lines and -e... /usr/bin/grep
checking for egrep... /usr/bin/grep -E
checking for fgrep... /usr/bin/grep -F
checking for ld used by gcc... /usr/bin/ld
checking if the linker (/usr/bin/ld) is GNU ld... yes
checking for BSD- or MS-compatible name lister (nm)... /usr/bin/nm -B
checking the name lister (/usr/bin/nm -B) interface... BSD nm
checking whether ln -s works... yes
checking the maximum length of command line arguments... 1572864
checking how to convert x86_64-pc-linux-gnu file names to x86_64-pc-linux-gnu format... func_convert_file_noop
checking how to convert x86_64-pc-linux-gnu file names to toolchain format... func_convert_file_noop
checking for /usr/bin/ld option to reload object files... -r
checking for file... file
checking for objdump... objdump
checking how to recognize dependent libraries... pass_all
checking for dlltool... no
checking how to associate runtime and link libraries... printf %s\n
checking for ar... ar
checking for archiver @FILE support... @
checking for strip... strip
checking for ranlib... (cached) ranlib
checking for gawk... gawk
checking command to parse /usr/bin/nm -B output from gcc object... ok
checking for sysroot... no
checking for a working dd... /usr/bin/dd
checking how to truncate binary pipes... /usr/bin/dd bs=4096 count=1
checking for mt... no
checking if : is a manifest tool... no
checking for stdio.h... yes
checking for stdlib.h... yes
checking for string.h... yes
checking for inttypes.h... yes
checking for stdint.h... yes
checking for strings.h... yes
checking for sys/stat.h... yes
checking for sys/types.h... yes
checking for unistd.h... yes
checking for dlfcn.h... yes
checking for objdir... .libs
checking if gcc supports -fno-rtti -fno-exceptions... no
checking for gcc option to produce PIC... -fPIC -DPIC
checking if gcc PIC flag -fPIC -DPIC works... yes
checking if gcc static flag -static works... yes
checking if gcc supports -c -o file.o... yes
checking if gcc supports -c -o file.o... (cached) yes
checking whether the gcc linker (/usr/bin/ld -m elf_x86_64) supports shared libraries... yes
checking dynamic linker characteristics... GNU/Linux ld.so
checking how to hardcode library paths into programs... immediate
checking whether stripping libraries is possible... yes
checking if libtool supports shared libraries... yes
checking whether to build shared libraries... no
checking whether to build static libraries... yes
checking for a BSD-compatible install... /usr/bin/install -c
checking whether build environment is sane... yes
checking for a race-free mkdir -p... /usr/bin/mkdir -p
checking whether make sets $(MAKE)... yes
checking whether make supports the include directive... yes (GNU style)
checking whether make supports nested variables... yes
checking whether UID '1000' is supported by ustar format... yes
checking whether GID '1000' is supported by ustar format... yes
checking how to create a ustar tar archive... gnutar
checking dependency style of gcc... gcc3
checking whether to enable maintainer-specific portions of Makefiles... yes
checking whether make supports nested variables... (cached) yes
checking for gawk... (cached) gawk
checking for a sed that does not truncate output... (cached) /usr/bin/sed
checking for gcc... (cached) gcc
checking whether the compiler supports GNU C... (cached) yes
checking whether gcc accepts -g... (cached) yes
checking for gcc option to enable C11 features... (cached) none needed
checking whether gcc understands -c and -o together... (cached) yes
checking for a Python interpreter with version >= 3... python
checking for python... /home/aludy/miniconda3/envs/metagpt/bin/python
checking for python version... 3.10
checking for python platform... linux
checking for GNU default python prefix... ${prefix}
checking for GNU default python exec_prefix... ${exec_prefix}
checking for python script directory (pythondir)... ${PYTHON_PREFIX}/lib/python3.10/site-packages
checking for python extension module directory (pyexecdir)... ${PYTHON_EXEC_PREFIX}/lib/python3.10/site-packages
checking for go-md2man... /usr/bin/go-md2man
checking for error.h... yes
checking for copy_file_range... yes
checking for fgetxattr... yes
checking for statx... yes
checking for fgetpwent_r... yes
checking for issetugid... no
checking for sys/capability.h... yes
checking for library containing cap_from_name... -lcap
checking for seccomp.h... yes
checking for library containing seccomp_rule_add... -lseccomp
checking for library containing seccomp_arch_resolve_name... none required
checking for systemd/sd-bus.h... yes
checking for library containing sd_listen_fds... -lsystemd
checking for linux/bpf.h... yes
checking compilation for eBPF... yes
checking for library containing yajl_tree_get... -lyajl
checking for pkg-config... /usr/bin/pkg-config
checking pkg-config is at least version 0.9.0... yes
checking for yajl >= 2.0.0... yes
checking for criu >= 3.13... no
CRIU headers not found, building without CRIU support
checking for gperf... no
checking for library containing argp_parse... none required
checking that generated files are newer than configure... done
configure: creating ./config.status
config.status: creating Makefile
config.status: creating rpm/crun.spec
config.status: creating config.h
config.status: executing libtool commands
config.status: executing depfiles commands
=== configuring in libocispec (/home/aludy/scires/Cloud_Spec_Exp/external/worktrees/oci-metagpt-agentless-mini-rerun/metagpt/crun-353/libocispec)
configure: running /bin/bash ./configure --disable-option-checking '--prefix=/usr/local'  --cache-file=/dev/null --srcdir=.
checking for gcc... gcc
checking whether the C compiler works... yes
checking for C compiler default output file name... a.out
checking for suffix of executables... 
checking whether we are cross compiling... no
checking for suffix of object files... o
checking whether the compiler supports GNU C... yes
checking whether gcc accepts -g... yes
checking for gcc option to enable C11 features... none needed
checking whether gcc understands -c and -o together... yes
checking for stdio.h... yes
checking for stdlib.h... yes
checking for string.h... yes
checking for inttypes.h... yes
checking for stdint.h... yes
checking for strings.h... yes
checking for sys/stat.h... yes
checking for sys/types.h... yes
checking for unistd.h... yes
checking for wchar.h... yes
checking for minix/config.h... no
checking whether it is safe to define __EXTENSIONS__... yes
checking whether _XOPEN_SOURCE should be defined... no
checking build system type... x86_64-pc-linux-gnu
checking host system type... x86_64-pc-linux-gnu
checking how to print strings... printf
checking for a sed that does not truncate output... /usr/bin/sed
checking for grep that handles long lines and -e... /usr/bin/grep
checking for egrep... /usr/bin/grep -E
checking for fgrep... /usr/bin/grep -F
checking for ld used by gcc... /usr/bin/ld
checking if the linker (/usr/bin/ld) is GNU ld... yes
checking for BSD- or MS-compatible name lister (nm)... /usr/bin/nm -B
checking the name lister (/usr/bin/nm -B) interface... BSD nm
checking whether ln -s works... yes
checking the maximum length of command line arguments... 1572864
checking how to convert x86_64-pc-linux-gnu file names to x86_64-pc-linux-gnu format... func_convert_file_noop
checking how to convert x86_64-pc-linux-gnu file names to toolchain format... func_convert_file_noop
checking for /usr/bin/ld option to reload object files... -r
checking for file... file
checking for objdump... objdump
checking how to recognize dependent libraries... pass_all
checking for dlltool... no
checking how to associate runtime and link libraries... printf %s\n
checking for ar... ar
checking for archiver @FILE support... @
checking for strip... strip
checking for ranlib... ranlib
checking for gawk... gawk
checking command to parse /usr/bin/nm -B output from gcc object... ok
checking for sysroot... no
checking for a working dd... /usr/bin/dd
checking how to truncate binary pipes... /usr/bin/dd bs=4096 count=1
checking for mt... no
checking if : is a manifest tool... no
checking for dlfcn.h... yes
checking for objdir... .libs
checking if gcc supports -fno-rtti -fno-exceptions... no
checking for gcc option to produce PIC... -fPIC -DPIC
checking if gcc PIC flag -fPIC -DPIC works... yes
checking if gcc static flag -static works... yes
checking if gcc supports -c -o file.o... yes
checking if gcc supports -c -o file.o... (cached) yes
checking whether the gcc linker (/usr/bin/ld -m elf_x86_64) supports shared libraries... yes
checking dynamic linker characteristics... GNU/Linux ld.so
checking how to hardcode library paths into programs... immediate
checking whether stripping libraries is possible... yes
checking if libtool supports shared libraries... yes
checking whether to build shared libraries... no
checking whether to build static libraries... yes
checking for a BSD-compatible install... /usr/bin/install -c
checking whether build environment is sane... yes
checking for a race-free mkdir -p... /usr/bin/mkdir -p
checking whether make sets $(MAKE)... yes
checking whether make supports the include directive... yes (GNU style)
checking whether make supports nested variables... yes
checking whether UID '1000' is supported by ustar format... yes
checking whether GID '1000' is supported by ustar format... yes
checking how to create a ustar tar archive... gnutar
checking dependency style of gcc... gcc3
checking whether to enable maintainer-specific portions of Makefiles... yes
checking whether make supports nested variables... (cached) yes
checking for a sed that does not truncate output... (cached) /usr/bin/sed
checking for gcc... (cached) gcc
checking whether the compiler supports GNU C... (cached) yes
checking whether gcc accepts -g... (cached) yes
checking for gcc option to enable C11 features... (cached) none needed
checking whether gcc understands -c and -o together... (cached) yes
checking for a Python interpreter with version >= 3... python
checking for python... /home/aludy/miniconda3/envs/metagpt/bin/python
checking for python version... 3.10
checking for python platform... linux
checking for GNU default python prefix... ${prefix}
checking for GNU default python exec_prefix... ${exec_prefix}
checking for python script directory (pythondir)... ${PYTHON_PREFIX}/lib/python3.10/site-packages
checking for python extension module directory (pyexecdir)... ${PYTHON_EXEC_PREFIX}/lib/python3.10/site-packages
checking for pkg-config... /usr/bin/pkg-config
checking pkg-config is at least version 0.9.0... yes
checking for yajl >= 2.1.0... yes
checking that generated files are newer than configure... done
configure: creating ./config.status
config.status: creating Makefile
config.status: creating config.h
config.status: executing libtool commands
config.status: executing depfiles commands
/usr/bin/go-md2man -in /home/aludy/scires/Cloud_Spec_Exp/external/worktrees/oci-metagpt-agentless-mini-rerun/metagpt/crun-353/crun.1.md -out crun.1
  CC       src/crun-crun.o
  CC       src/crun-run.o
  CC       src/crun-delete.o
  CC       src/crun-kill.o
  CC       src/crun-pause.o
  CC       src/crun-unpause.o
  CC       src/crun-spec.o
  CC       src/crun-exec.o
  CC       src/crun-list.o
  CC       src/crun-create.o
  CC       src/crun-start.o
  CC       src/crun-state.o
  CC       src/crun-update.o
  CC       src/crun-ps.o
  CC       src/crun-checkpoint.o
  CC       src/crun-restore.o
  CC       src/libcrun/libcrun_la-utils.lo
  CC       src/libcrun/libcrun_la-cloned_binary.lo
  CC       src/libcrun/libcrun_la-container.lo
  CC       src/libcrun/libcrun_la-cgroup.lo
  CC       src/libcrun/libcrun_la-criu.lo
  CC       src/libcrun/libcrun_la-linux.lo
  CC       src/libcrun/libcrun_la-seccomp.lo
  CC       src/libcrun/libcrun_la-ebpf.lo
  CC       src/libcrun/libcrun_la-error.lo
  CC       src/libcrun/libcrun_la-status.lo
  CC       src/libcrun/libcrun_la-chroot_realpath.lo
  CC       src/libcrun/libcrun_la-terminal.lo
  CC       src/libcrun/libcrun_la-signals.lo
  CC       tests/init.o
  CC       tests/tests_libcrun_utils-tests_libcrun_utils.o
  CC       tests/tests_libcrun_errors-tests_libcrun_errors.o
  CCLD     tests/init
  CCLD     libcrun.la
  CCLD     crun
  CCLD     tests/tests_libcrun_utils
  CCLD     tests/tests_libcrun_errors
make[2]: Leaving directory '/home/aludy/scires/Cloud_Spec_Exp/external/worktrees/oci-metagpt-agentless-mini-rerun/metagpt/crun-353'
make[1]: Leaving directory '/home/aludy/scires/Cloud_Spec_Exp/external/worktrees/oci-metagpt-agentless-mini-rerun/metagpt/crun-353'

2026-07-25 14:34:34.781 | INFO     | metagpt.roles.di.role_zero:_act:292 - Commands: 
[{'command_name': 'Terminal.run_command', 'args': {'cmd': 'cd /home/aludy/scires/Cloud_Spec_Exp/external/oci-differential-dataset/cases/crun-353 && RUNTIME=/home/aludy/scires/Cloud_Spec_Exp/external/worktrees/oci-metagpt-agentless-mini-rerun/metagpt/crun-353/crun bash repro.sh 2>&1'}}]
2026-07-25 14:34:35.036 | INFO     | metagpt.roles.di.role_zero:_act:294 - Commands outputs: 
Command Terminal.run_command executed:
[command]: cd /home/aludy/scires/Cloud_Spec_Exp/external/oci-differential-dataset/cases/crun-353 && RUNTIME=/home/aludy/scires/Cloud_Spec_Exp/external/worktrees/oci-metagpt-agentless-mini-rerun/metagpt/crun-353/crun bash repro.sh 2>&1 
[command output] : error executing hook `/bin/sh` (exit code: -1)
error executing `/bin/sh`: hook-stderr-353


2026-07-25 14:34:53.435 | INFO     | metagpt.roles.di.role_zero:_act:292 - Commands: 
[{'command_name': 'Terminal.run_command', 'args': {'cmd': "cat /home/aludy/scires/Cloud_Spec_Exp/external/oci-differential-dataset/cases/crun-353/expected_diff.txt 2>/dev/null || echo 'file not found'"}}, {'command_name': 'Terminal.run_command', 'args': {'cmd': 'cd /home/aludy/scires/Cloud_Spec_Exp/external/worktrees/oci-metagpt-agentless-mini-rerun/metagpt/crun-353 && git diff'}}]
2026-07-25 14:34:53.468 | INFO     | metagpt.roles.di.role_zero:_act:294 - Commands outputs: 
Command Terminal.run_command executed:
[command]: cat /home/aludy/scires/Cloud_Spec_Exp/external/oci-differential-dataset/cases/crun-353/expected_diff.txt 2>/dev/null || echo 'file not found' 
[command output] : Issue ID: crun-353
Upstream URL: https://github.com/containers/crun/issues/353
Category: POSIX-platform Hooks

Payload under test:
process args: ["/bin/sh", "-c", "echo hook-stderr-353-main"]; linux.resources.devices: [{"allow": false, "access": "rwm"}]; hooks: prestart

Expected differential behavior:
A correct runtime includes the failing hook stderr in its error output. The affected behavior drops that diagnostic.

Validation procedure:
1. Run this case with a known-good or reference runtime.
2. Run the same `buggy_config.json` with the runtime version suspected to contain the historical issue.
3. Compare exit status, stdout, stderr, and documented side effects.
4. Treat missing host features, missing cgroup controllers, missing seccomp support, missing runtime binaries, or insufficient privileges as environment failures rather than successful reproductions.


Command Terminal.run_command executed:
[command]: cd /home/aludy/scires/Cloud_Spec_Exp/external/worktrees/oci-metagpt-agentless-mini-rerun/metagpt/crun-353 && git diff 
[command output] : diff --git a/src/libcrun/utils.c b/src/libcrun/utils.c
index 5ba1fed9..dcb204e2 100644
--- a/src/libcrun/utils.c
+++ b/src/libcrun/utils.c
@@ -1286,6 +1286,9 @@ run_process_with_stdin_timeout_envp (char *path,
   cleanup_close int pipe_r = -1;
   cleanup_close int pipe_w = -1;
   sigset_t mask;
+  int stderr_pipe[2];
+  cleanup_close int stderr_r = -1;
+  cleanup_close int stderr_w = -1;
 
   ret = pipe (stdin_pipe);
   if (UNLIKELY (ret < 0))
@@ -1293,6 +1296,12 @@ run_process_with_stdin_timeout_envp (char *path,
   pipe_r = stdin_pipe[0];
   pipe_w = stdin_pipe[1];
 
+  ret = pipe (stderr_pipe);
+  if (UNLIKELY (ret < 0))
+    return crun_make_error (err, errno, "pipe");
+  stderr_r = stderr_pipe[0];
+  stderr_w = stderr_pipe[1];
+
   if (timeout > 0)
     {
       sigaddset (&mask, SIGCHLD);
@@ -1343,11 +1352,23 @@ run_process_with_stdin_timeout_envp (char *path,
         }
 
  read_waitpid:
+      char stderr_buf[4096];
+      ssize_t nread;
       r = TEMP_FAILURE_RETRY (waitpid (pid, &status, 0));
       if (r < 0)
         return crun_make_error (err, errno, "waitpid");
+      close_and_reset (&stderr_w);
+      nread = TEMP_FAILURE_RETRY (read (stderr_r, stderr_buf, sizeof (stderr_buf) - 1));
+      if (nread < 0)
+        nread = 0;
+      stderr_buf[nread] = '\0';
       if (WIFEXITED (status))
-        return WEXITSTATUS (status);
+        {
+          int exit_code = WEXITSTATUS (status);
+          if (exit_code != 0 && nread > 0)
+            return crun_make_error (err, 0, "error executing `%s`: %s", path, stderr_buf);
+          return exit_code;
+        }
       if (WIFSIGNALED (status))
         return 127 + WTERMSIG (status);
     }
@@ -1364,7 +1385,7 @@ run_process_with_stdin_timeout_envp (char *path,
       TEMP_FAILURE_RETRY (close (pipe_r));
 
       dup2 (out, 1);
-      dup2 (out, 2);
+      dup2 (stderr_w, 2);
       TEMP_FAILURE_RETRY (close (out));
 
       if (args == NULL)

2026-07-25 14:34:53.469 | WARNING  | metagpt.roles.di.role_zero:_react:330 - reached max_react_loop: 40
