Starting MetaGPT incremental repair mode.
2026-07-25 17:00:29.064 | INFO     | metagpt.const:get_metagpt_root:25 - PROJECT_ROOT set from environment variable to /home/aludy/scires/Cloud_Spec_Exp/external/baselines/MetaGPT
2026-07-25 17:00:29.065 | INFO     | metagpt.const:get_metagpt_package_root:15 - Package root set to /home/aludy/scires/Cloud_Spec_Exp/external/baselines/MetaGPT
/home/aludy/miniconda3/envs/metagpt/lib/python3.10/site-packages/pydantic/main.py:214: UserWarning: A custom validator is returning a value other than `self`.
Returning anything other than `self` from a top level model validator isn't supported when validating via `__init__`.
See the `model_validator` docs (https://docs.pydantic.dev/latest/concepts/validators/#model-validators) for more details.
  warnings.warn(
2026-07-25 17:00:32.094 | INFO     | metagpt.team:invest:96 - Investment: $3.0.
2026-07-25 17:00:50.318 | INFO     | metagpt.roles.di.role_zero:_act:292 - Commands: 
[{'command_name': 'Plan.append_task', 'args': {'task_id': '1', 'dependent_task_ids': [], 'instruction': 'Fix OCI runtime bug youki-3293: Ambient capabilities are not applied as expected.\n\n1. Navigate to writable target repository:\n   cd /home/aludy/scires/Cloud_Spec_Exp/external/worktrees/oci-metagpt-agentless-mini-rerun/metagpt/youki-3293\n2. Run: git rev-parse HEAD && git status --short\n3. Inspect the codebase to understand how ambient capabilities are set (look for the relevant source files, likely in src/ or libcrun/ areas). Reference the upstream fix commit ed3d6f6ffd82 description but do not read that commit directly unless needed.\n4. Reproduction bundle (read-only): /home/aludy/scires/Cloud_Spec_Exp/external/oci-differential-dataset/cases/youki-3293\n   Rootfs tar: /home/aludy/scires/Cloud_Spec_Exp/external/oci-differential-dataset/alpine-base.tar.gz\n5. Edit the source code to apply ambient capabilities correctly during container process initialization.\n6. Build: cargo build --release\n7. After build, candidate runtime: target/release/youki\n8. Test reproduction from the bundle directory using buggy_config.json and repro.sh (with RUNTIME pointing to built binary). Compare with expected_diff.txt.\n9. Collect git diff of all changes made.\n\nAll edits must be inside the writable target repository only. Use absolute paths when calling Editor tools.', 'assignee': 'Alex', 'task_type': ''}}, {'command_name': 'TeamLeader.publish_message', 'args': {'content': 'Fix OCI runtime bug youki-3293: Ambient capabilities are not applied as expected.\n\n1. Navigate to writable target repository:\n   cd /home/aludy/scires/Cloud_Spec_Exp/external/worktrees/oci-metagpt-agentless-mini-rerun/metagpt/youki-3293\n2. Run: git rev-parse HEAD && git status --short\n3. Inspect the codebase to understand how ambient capabilities are set (look for the relevant source files, likely in src/ or libcrun/ areas). Reference the upstream fix commit ed3d6f6ffd82 description but do not read that commit directly unless needed.\n4. Reproduction bundle (read-only): /home/aludy/scires/Cloud_Spec_Exp/external/oci-differential-dataset/cases/youki-3293\n   Rootfs tar: /home/aludy/scires/Cloud_Spec_Exp/external/oci-differential-dataset/alpine-base.tar.gz\n5. Edit the source code to apply ambient capabilities correctly during container process initialization.\n6. Build: cargo build --release\n7. After build, candidate runtime: target/release/youki\n8. Test reproduction from the bundle directory using buggy_config.json and repro.sh (with RUNTIME pointing to built binary). Compare with expected_diff.txt.\n9. Collect git diff of all changes made.\n\nAll edits must be inside the writable target repository only. Use absolute paths when calling Editor tools.', 'send_to': 'Alex'}}, {'command_name': 'RoleZero.reply_to_human', 'args': {'content': "I have assigned the task to Alex (Engineer). He will inspect the youki repository at the writable target path, understand the ambient capabilities bug, implement the fix based on the upstream commit guidance, build the project, and test the reproduction case. I'll track his progress and update you."}}, {'command_name': 'end'}]
2026-07-25 17:00:50.319 | INFO     | metagpt.roles.di.role_zero:_act:294 - Commands outputs: 
Command Plan.append_task executed

Command TeamLeader.publish_message executed

Command RoleZero.reply_to_human executed: SUCCESS, human has received your reply. Refrain from resending duplicate messages.  If you no longer need to take action, use the command ‘end’ to stop.

Command end executed:
2026-07-25 17:00:50.321 | INFO     | metagpt.tools.libs.terminal:_check_state:65 - The terminal is at:
2026-07-25 17:00:54.017 | INFO     | metagpt.roles.di.role_zero:_act:292 - Commands: 
[{'command_name': 'Terminal.run_command', 'args': {'cmd': 'cd /home/aludy/scires/Cloud_Spec_Exp/external/worktrees/oci-metagpt-agentless-mini-rerun/metagpt/youki-3293 && git rev-parse HEAD && git status --short'}}]
2026-07-25 17:00:54.054 | INFO     | metagpt.roles.di.role_zero:_act:294 - Commands outputs: 
Command Terminal.run_command executed:
[command]: cd /home/aludy/scires/Cloud_Spec_Exp/external/worktrees/oci-metagpt-agentless-mini-rerun/metagpt/youki-3293 && git rev-parse HEAD && git status --short 
[command output] : 8e95bdecc36d89df019d18ced33da75a656f3e0a

2026-07-25 17:00:57.421 | INFO     | metagpt.roles.di.role_zero:_act:292 - Commands: 
[{'command_name': 'Terminal.run_command', 'args': {'cmd': 'cd /home/aludy/scires/Cloud_Spec_Exp/external/worktrees/oci-metagpt-agentless-mini-rerun/metagpt/youki-3293 && ls -la'}}]
2026-07-25 17:00:57.425 | INFO     | metagpt.roles.di.role_zero:_act:294 - Commands outputs: 
Command Terminal.run_command executed:
[command]: cd /home/aludy/scires/Cloud_Spec_Exp/external/worktrees/oci-metagpt-agentless-mini-rerun/metagpt/youki-3293 && ls -la 
[command output] : total 520
drwxr-xr-x 13 aludy aludy   4096 Jul 25 17:00 .
drwxr-xr-x 30 aludy aludy   4096 Jul 25 17:00 ..
drwxr-xr-x  2 aludy aludy   4096 Jul 25 17:00 .cargo
-rw-r--r--  1 aludy aludy    211 Jul 25 17:00 .codecov.yml
drwxr-xr-x  2 aludy aludy   4096 Jul 25 17:00 .devcontainer
-rw-r--r--  1 aludy aludy     93 Jul 25 17:00 .git
-rw-r--r--  1 aludy aludy    231 Jul 25 17:00 .git-blame-ignore-revs
drwxr-xr-x  4 aludy aludy   4096 Jul 25 17:00 .github
-rw-r--r--  1 aludy aludy    207 Jul 25 17:00 .gitignore
-rw-r--r--  1 aludy aludy    420 Jul 25 17:00 .gitmodules
-rw-r--r--  1 aludy aludy    149 Jul 25 17:00 .tagpr
-rw-r--r--  1 aludy aludy    663 Jul 25 17:00 .typos.toml
-rw-r--r--  1 aludy aludy 225132 Jul 25 17:00 CHANGELOG.md
-rw-r--r--  1 aludy aludy     76 Jul 25 17:00 CODE-OF-CONDUCT.md
-rw-r--r--  1 aludy aludy 155395 Jul 25 17:00 Cargo.lock
-rw-r--r--  1 aludy aludy    165 Jul 25 17:00 Cargo.toml
-rw-r--r--  1 aludy aludy    380 Jul 25 17:00 Cross.toml
-rw-r--r--  1 aludy aludy  11344 Jul 25 17:00 LICENSE
-rw-r--r--  1 aludy aludy   1787 Jul 25 17:00 MigrationGuide.md
-rw-r--r--  1 aludy aludy  10965 Jul 25 17:00 README.md
-rw-r--r--  1 aludy aludy    233 Jul 25 17:00 SECURITY.md
-rw-r--r--  1 aludy aludy   7001 Jul 25 17:00 Vagrantfile
drwxr-xr-x  6 aludy aludy   4096 Jul 25 17:00 crates
drwxr-xr-x  2 aludy aludy   4096 Jul 25 17:00 cross
drwxr-xr-x  4 aludy aludy   4096 Jul 25 17:00 docs
drwxr-xr-x  4 aludy aludy   4096 Jul 25 17:00 experiment
drwxr-xr-x  2 aludy aludy   4096 Jul 25 17:00 hack
-rw-r--r--  1 aludy aludy   5963 Jul 25 17:00 justfile
-rw-r--r--  1 aludy aludy     47 Jul 25 17:00 rust-toolchain.toml
-rw-r--r--  1 aludy aludy    359 Jul 25 17:00 rustfmt.toml
drwxr-xr-x  2 aludy aludy   4096 Jul 25 17:00 scripts
drwxr-xr-x  8 aludy aludy   4096 Jul 25 17:00 tests
drwxr-xr-x  3 aludy aludy   4096 Jul 25 17:00 tools

2026-07-25 17:00:59.187 | INFO     | metagpt.roles.di.role_zero:_act:292 - Commands: 
[{'command_name': 'Terminal.run_command', 'args': {'cmd': "cd /home/aludy/scires/Cloud_Spec_Exp/external/worktrees/oci-metagpt-agentless-mini-rerun/metagpt/youki-3293 && find . -type f -name '*.rs' | grep -i cap"}}]
2026-07-25 17:00:59.191 | INFO     | metagpt.roles.di.role_zero:_act:294 - Commands outputs: 
Command Terminal.run_command executed:
[command]: cd /home/aludy/scires/Cloud_Spec_Exp/external/worktrees/oci-metagpt-agentless-mini-rerun/metagpt/youki-3293 && find . -type f -name '*.rs' | grep -i cap 
[command output] : ./crates/libcontainer/src/capabilities.rs
./tests/contest/contest/src/tests/process_capabilities_fail/process_capabilities_fail_test.rs
./tests/contest/contest/src/tests/process_capabilities_fail/mod.rs

2026-07-25 17:01:01.185 | INFO     | metagpt.roles.di.role_zero:_act:292 - Commands: 
[{'command_name': 'Editor.open_file', 'args': {'path': '/home/aludy/scires/Cloud_Spec_Exp/external/worktrees/oci-metagpt-agentless-mini-rerun/metagpt/youki-3293/crates/libcontainer/src/capabilities.rs'}}]
2026-07-25 17:01:01.186 | INFO     | metagpt.roles.di.role_zero:_act:294 - Commands outputs: 
Command Editor.open_file executed: [File: /home/aludy/scires/Cloud_Spec_Exp/external/worktrees/oci-metagpt-agentless-mini-rerun/metagpt/youki-3293/crates/libcontainer/src/capabilities.rs (670 lines total)]
(this is the beginning of the file)
001|//! Handles Management of Capabilities
002|use caps::{Capability as CapsCapability, *};
003|use oci_spec::runtime::{Capabilities, Capability as SpecCapability, LinuxCapabilities};
004|
005|use crate::syscall::{Syscall, SyscallError};
006|
007|/// Converts a list of capability types to capabilities has set
008|fn to_set(caps: &Capabilities) -> CapsHashSet {
009|    let mut capabilities = CapsHashSet::new();
010|
011|    for c in caps {
012|        let cap = c.to_cap();
013|        capabilities.insert(cap);
014|    }
015|    capabilities
016|}
017|
018|pub trait CapabilityExt {
019|    /// Convert self to caps::Capability
020|    fn to_cap(&self) -> caps::Capability;
021|    /// Convert caps::Capability to self
022|    fn from_cap(c: CapsCapability) -> Self;
023|}
024|
025|impl CapabilityExt for SpecCapability {
026|    /// Convert oci::runtime::Capability to caps::Capability
027|    fn to_cap(&self) -> caps::Capability {
028|        match self {
029|            SpecCapability::AuditControl => CapsCapability::CAP_AUDIT_CONTROL,
030|            SpecCapability::AuditRead => CapsCapability::CAP_AUDIT_READ,
031|            SpecCapability::AuditWrite => CapsCapability::CAP_AUDIT_WRITE,
032|            SpecCapability::BlockSuspend => CapsCapability::CAP_BLOCK_SUSPEND,
033|            SpecCapability::Bpf => CapsCapability::CAP_BPF,
034|            SpecCapability::CheckpointRestore => CapsCapability::CAP_CHECKPOINT_RESTORE,
035|            SpecCapability::Chown => CapsCapability::CAP_CHOWN,
036|            SpecCapability::DacOverride => CapsCapability::CAP_DAC_OVERRIDE,
037|            SpecCapability::DacReadSearch => CapsCapability::CAP_DAC_READ_SEARCH,
038|            SpecCapability::Fowner => CapsCapability::CAP_FOWNER,
039|            SpecCapability::Fsetid => CapsCapability::CAP_FSETID,
040|            SpecCapability::IpcLock => CapsCapability::CAP_IPC_LOCK,
041|            SpecCapability::IpcOwner => CapsCapability::CAP_IPC_OWNER,
042|            SpecCapability::Kill => CapsCapability::CAP_KILL,
043|            SpecCapability::Lease => CapsCapability::CAP_LEASE,
044|            SpecCapability::LinuxImmutable => CapsCapability::CAP_LINUX_IMMUTABLE,
045|            SpecCapability::MacAdmin => CapsCapability::CAP_MAC_ADMIN,
046|            SpecCapability::MacOverride => CapsCapability::CAP_MAC_OVERRIDE,
047|            SpecCapability::Mknod => CapsCapability::CAP_MKNOD,
048|            SpecCapability::NetAdmin => CapsCapability::CAP_NET_ADMIN,
049|            SpecCapability::NetBindService => CapsCapability::CAP_NET_BIND_SERVICE,
050|            SpecCapability::NetBroadcast => CapsCapability::CAP_NET_BROADCAST,
051|            SpecCapability::NetRaw => CapsCapability::CAP_NET_RAW,
052|            SpecCapability::Perfmon => CapsCapability::CAP_PERFMON,
053|            SpecCapability::Setgid => CapsCapability::CAP_SETGID,
054|            SpecCapability::Setfcap => CapsCapability::CAP_SETFCAP,
055|            SpecCapability::Setpcap => CapsCapability::CAP_SETPCAP,
056|            SpecCapability::Setuid => CapsCapability::CAP_SETUID,
057|            SpecCapability::SysAdmin => CapsCapability::CAP_SYS_ADMIN,
058|            SpecCapability::SysBoot => CapsCapability::CAP_SYS_BOOT,
059|            SpecCapability::SysChroot => CapsCapability::CAP_SYS_CHROOT,
060|            SpecCapability::SysModule => CapsCapability::CAP_SYS_MODULE,
061|            SpecCapability::SysNice => CapsCapability::CAP_SYS_NICE,
062|            SpecCapability::SysPacct => CapsCapability::CAP_SYS_PACCT,
063|            SpecCapability::SysPtrace => CapsCapability::CAP_SYS_PTRACE,
064|            SpecCapability::SysRawio => CapsCapability::CAP_SYS_RAWIO,
065|            SpecCapability::SysResource => CapsCapability::CAP_SYS_RESOURCE,
066|            SpecCapability::SysTime => CapsCapability::CAP_SYS_TIME,
067|            SpecCapability::SysTtyConfig => CapsCapability::CAP_SYS_TTY_CONFIG,
068|            SpecCapability::Syslog => CapsCapability::CAP_SYSLOG,
069|            SpecCapability::WakeAlarm => CapsCapability::CAP_WAKE_ALARM,
070|        }
071|    }
072|
073|    /// Convert caps::Capability to oci::runtime::Capability
074|    fn from_cap(c: CapsCapability) -> SpecCapability {
075|        match c {
076|            CapsCapability::CAP_AUDIT_CONTROL => SpecCapability::AuditControl,
077|            CapsCapability::CAP_AUDIT_READ => SpecCapability::AuditRead,
078|            CapsCapability::CAP_AUDIT_WRITE => SpecCapability::AuditWrite,
079|            CapsCapability::CAP_BLOCK_SUSPEND => SpecCapability::BlockSuspend,
080|            CapsCapability::CAP_BPF => SpecCapability::Bpf,
081|            CapsCapability::CAP_CHECKPOINT_RESTORE => SpecCapability::CheckpointRestore,
082|            CapsCapability::CAP_CHOWN => SpecCapability::Chown,
083|            CapsCapability::CAP_DAC_OVERRIDE => SpecCapability::DacOverride,
084|            CapsCapability::CAP_DAC_READ_SEARCH => SpecCapability::DacReadSearch,
085|            CapsCapability::CAP_FOWNER => SpecCapability::Fowner,
086|            CapsCapability::CAP_FSETID => SpecCapability::Fsetid,
087|            CapsCapability::CAP_IPC_LOCK => SpecCapability::IpcLock,
088|            CapsCapability::CAP_IPC_OWNER => SpecCapability::IpcOwner,
089|            CapsCapability::CAP_KILL => SpecCapability::Kill,
090|            CapsCapability::CAP_LEASE => SpecCapability::Lease,
091|            CapsCapability::CAP_LINUX_IMMUTABLE => SpecCapability::LinuxImmutable,
092|            CapsCapability::CAP_MAC_ADMIN => SpecCapability::MacAdmin,
093|            CapsCapability::CAP_MAC_OVERRIDE => SpecCapability::MacOverride,
094|            CapsCapability::CAP_MKNOD => SpecCapability::Mknod,
095|            CapsCapability::CAP_NET_ADMIN => SpecCapability::NetAdmin,
096|            CapsCapability::CAP_NET_BIND_SERVICE => SpecCapability::NetBindService,
097|            CapsCapability::CAP_NET_BROADCAST => SpecCapability::NetBroadcast,
098|            CapsCapability::CAP_NET_RAW => SpecCapability::NetRaw,
099|            CapsCapability::CAP_PERFMON => SpecCapability::Perfmon,
100|            CapsCapability::CAP_SETGID => SpecCapability::Setgid,
101|            CapsCapability::CAP_SETFCAP => SpecCapability::Setfcap,
102|            CapsCapability::CAP_SETPCAP => SpecCapability::Setpcap,
103|            CapsCapability::CAP_SETUID => SpecCapability::Setuid,
104|            CapsCapability::CAP_SYS_ADMIN => SpecCapability::SysAdmin,
105|            CapsCapability::CAP_SYS_BOOT => SpecCapability::SysBoot,
106|            CapsCapability::CAP_SYS_CHROOT => SpecCapability::SysChroot,
107|            CapsCapability::CAP_SYS_MODULE => SpecCapability::SysModule,
108|            CapsCapability::CAP_SYS_NICE => SpecCapability::SysNice,
109|            CapsCapability::CAP_SYS_PACCT => SpecCapability::SysPacct,
110|            CapsCapability::CAP_SYS_PTRACE => SpecCapability::SysPtrace,
111|            CapsCapability::CAP_SYS_RAWIO => SpecCapability::SysRawio,
112|            CapsCapability::CAP_SYS_RESOURCE => SpecCapability::SysResource,
113|            CapsCapability::CAP_SYS_TIME => SpecCapability::SysTime,
114|            CapsCapability::CAP_SYS_TTY_CONFIG => SpecCapability::SysTtyConfig,
115|            CapsCapability::CAP_SYSLOG => SpecCapability::Syslog,
116|            CapsCapability::CAP_WAKE_ALARM => SpecCapability::WakeAlarm,
117|            CapsCapability::__Nonexhaustive => unreachable!("invalid capability"),
118|        }
119|    }
120|}
121|
122|/// reset capabilities of process calling this to effective capabilities
123|/// effective capability set is set of capabilities used by kernel to perform checks
124|/// see <https://man7.org/linux/man-pages/man7/capabilities.7.html> for more information
125|pub fn reset_effective<S: Syscall + ?Sized>(syscall: &S) -> Result<(), SyscallError> {
126|    tracing::debug!("reset all caps");
127|    // permitted capabilities are all the capabilities that we are allowed to acquire
128|    let permitted = caps::read(None, CapSet::Permitted)?;
129|    syscall.set_capability(CapSet::Effective, &permitted)?;
130|    Ok(())
131|}
132|
133|/// Drop any extra granted capabilities, and reset to defaults which are in oci specification
134|pub fn drop_privileges<S: Syscall + ?Sized>(
135|    cs: &LinuxCapabilities,
136|    syscall: &S,
137|) -> Result<(), SyscallError> {
138|    tracing::debug!("dropping bounding capabilities to {:?}", cs.bounding());
139|    if let Some(bounding) = cs.bounding() {
140|        syscall.set_capability(CapSet::Bounding, &to_set(bounding))?;
141|    }
142|
143|    if let Some(effective) = cs.effective() {
144|        syscall.set_capability(CapSet::Effective, &to_set(effective))?;
145|    }
146|
147|    if let Some(permitted) = cs.permitted() {
148|        syscall.set_capability(CapSet::Permitted, &to_set(permitted))?;
149|    }
150|
151|    if let Some(inheritable) = cs.inheritable() {
152|        syscall.set_capability(CapSet::Inheritable, &to_set(inheritable))?;
153|    }
154|
155|    if let Some(ambient) = cs.ambient() {
156|        // check specifically for ambient, as those might not always be available
157|        if let Err(e) = syscall.set_capability(CapSet::Ambient, &to_set(ambient)) {
158|            tracing::warn!("failed to set ambient capabilities: {}", e);
159|        }
160|    }
161|
162|    Ok(())
163|}
164|
165|#[cfg(test)]
166|mod tests {
167|    use std::collections::HashSet;
168|
169|    use oci_spec::runtime::LinuxCapabilitiesBuilder;
170|
171|    use super::*;
172|    use crate::syscall::test::TestHelperSyscall;
173|
174|    #[test]
175|    fn test_reset_effective() {
176|        let test_command = TestHelperSyscall::default();
177|        let permitted_caps = caps::read(None, CapSet::Permitted).unwrap();
178|        assert!(reset_effective(&test_command).is_ok());
179|        let set_capability_args: Vec<_> = test_command
180|            .get_set_capability_args()
181|            .into_iter()
182|            .map(|(_capset, caps)| caps)
183|            .collect();
184|        assert_eq!(set_capability_args, vec![permitted_caps]);
185|    }
186|
187|    #[test]
188|    fn test_convert_oci_spec_to_caps_type() {
189|        struct Testcase {
190|            input: SpecCapability,
191|            want: CapsCapability,
192|        }
193|
194|        let tests = vec![
195|            Testcase {
196|                input: SpecCapability::AuditControl,
197|                want: CapsCapability::CAP_AUDIT_CONTROL,
198|            },
199|            Testcase {
200|                input: SpecCapability::AuditRead,
(470 more lines below)
2026-07-25 17:01:04.185 | ERROR    | metagpt.utils.common:parse_code:291 - ```json.*?\s+(.*?)\n``` not match following text:
2026-07-25 17:01:04.185 | ERROR    | metagpt.utils.common:parse_code:292 - 
2026-07-25 17:01:04.185 | WARNING  | metagpt.utils.role_zero_utils:parse_commands:115 - Failed to parse JSON for: . Trying to repair...
2026-07-25 17:01:23.437 | INFO     | metagpt.roles.di.role_zero:_act:292 - Commands: 
[{'command_name': 'Terminal.run_command', 'args': {'cmd': 'cd /home/aludy/scires/Cloud_Spec_Exp/external/worktrees/oci-metagpt-agentless-mini-rerun/metagpt/youki-3293 && grep -rn "drop_privileges" --include=\'*.rs\''}}]
2026-07-25 17:01:23.443 | INFO     | metagpt.roles.di.role_zero:_act:294 - Commands outputs: 
Command Terminal.run_command executed:
[command]: cd /home/aludy/scires/Cloud_Spec_Exp/external/worktrees/oci-metagpt-agentless-mini-rerun/metagpt/youki-3293 && grep -rn "drop_privileges" --include='*.rs' 
[command output] : crates/libcontainer/src/capabilities.rs:134:pub fn drop_privileges<S: Syscall + ?Sized>(
crates/libcontainer/src/capabilities.rs:548:    fn test_drop_privileges() {
crates/libcontainer/src/capabilities.rs:552:            // be aware that the calling sequence in the drop_privileges function
crates/libcontainer/src/capabilities.rs:621:                drop_privileges(&test.input, &test_command).is_ok(),
crates/libcontainer/src/capabilities.rs:622:                "{}, drop_privileges is not ok",
crates/libcontainer/src/process/init/process.rs:345:        capabilities::drop_privileges(caps, ctx.syscall.as_ref()).map_err(|err| {

2026-07-25 17:01:26.592 | INFO     | metagpt.roles.di.role_zero:_act:292 - Commands: 
[{'command_name': 'Editor.open_file', 'args': {'path': '/home/aludy/scires/Cloud_Spec_Exp/external/worktrees/oci-metagpt-agentless-mini-rerun/metagpt/youki-3293/crates/libcontainer/src/process/init/process.rs'}}]
2026-07-25 17:01:26.593 | INFO     | metagpt.roles.di.role_zero:_act:294 - Commands outputs: 
Command Editor.open_file executed: [File: /home/aludy/scires/Cloud_Spec_Exp/external/worktrees/oci-metagpt-agentless-mini-rerun/metagpt/youki-3293/crates/libcontainer/src/process/init/process.rs (1319 lines total)]
(this is the beginning of the file)
001|use std::collections::HashMap;
002|use std::io::{Read, Write};
003|use std::os::unix::io::AsRawFd;
004|use std::path::{Path, PathBuf};
005|use std::{env, fs, mem};
006|
007|use nc;
008|use nix::mount::{MntFlags, MsFlags};
009|use nix::sched::CloneFlags;
010|use nix::sys::stat::Mode;
011|use nix::unistd::{self, Gid, Uid, close, dup2, setsid};
012|use oci_spec::runtime::{
013|    IOPriorityClass, LinuxIOPriority, LinuxNamespaceType, LinuxNetDevice, LinuxPersonalityDomain,
014|    LinuxSchedulerFlag, LinuxSchedulerPolicy, Scheduler, Spec, User,
015|};
016|use pathrs::flags::OpenFlags;
017|use pathrs::procfs::{ProcfsBase, ProcfsHandle, ProcfsHandleBuilder};
018|
019|use super::Result;
020|use super::context::InitContext;
021|use super::error::InitProcessError;
022|use crate::config::PersonalityDomain;
023|use crate::error::MissingSpecError;
024|use crate::namespaces::Namespaces;
025|use crate::network::address::AddressClient;
026|use crate::network::link::LinkClient;
027|use crate::network::network_device::{resolve_device_name, setup_addresses_in_network_namespace};
028|use crate::network::wrapper::create_network_client;
029|use crate::process::args::{ContainerArgs, ContainerType};
030|use crate::process::channel;
031|use crate::rootfs::RootFS;
032|use crate::rootfs::device::{open_device_fd, verify_dev_null};
033|#[cfg(feature = "libseccomp")]
034|use crate::seccomp;
035|use crate::syscall::{Syscall, SyscallError};
036|use crate::user_ns::UserNamespaceConfig;
037|use crate::{apparmor, capabilities, hooks, tty, utils};
038|
039|// Some variables are unused in the case where libseccomp feature is not enabled.
040|#[allow(unused_variables)]
041|pub fn container_init_process(
042|    args: &ContainerArgs,
043|    main_sender: &mut channel::MainSender,
044|    init_receiver: &mut channel::InitReceiver,
045|) -> Result<()> {
046|    let mut ctx = InitContext::try_from(args)?;
047|
048|    setsid().map_err(|err| {
049|        tracing::error!(?err, "failed to setsid to create a session");
050|        InitProcessError::NixOther(err)
051|    })?;
052|
053|    set_io_priority(ctx.syscall.as_ref(), ctx.process.io_priority())?;
054|
055|    setup_scheduler(ctx.process.scheduler())?;
056|
057|    // set up tty if specified
058|    if let Some(csocketfd) = args.console_socket {
059|        tty::setup_console(csocketfd).map_err(|err| {
060|            tracing::error!(?err, "failed to set up tty");
061|            InitProcessError::Tty(err)
062|        })?;
063|    } else {
064|        if let Some(stdin) = args.stdin {
065|            dup2(stdin, 0).map_err(InitProcessError::NixOther)?;
066|            close(stdin).map_err(InitProcessError::NixOther)?;
067|        }
068|        if let Some(stdout) = args.stdout {
069|            dup2(stdout, 1).map_err(InitProcessError::NixOther)?;
070|            close(stdout).map_err(InitProcessError::NixOther)?;
071|        }
072|        if let Some(stderr) = args.stderr {
073|            dup2(stderr, 2).map_err(InitProcessError::NixOther)?;
074|            close(stderr).map_err(InitProcessError::NixOther)?;
075|        }
076|    }
077|
078|    apply_rest_namespaces(&ctx.ns, ctx.spec, ctx.syscall.as_ref())?;
079|
080|    if let Some(true) = ctx.process.no_new_privileges() {
081|        let _ = prctl::set_no_new_privileges(true);
082|    }
083|
084|    if matches!(args.container_type, ContainerType::InitContainer) {
085|        let in_user_ns = utils::is_in_new_userns().map_err(InitProcessError::Io)?;
086|        let bind_service = ctx.ns.get(LinuxNamespaceType::User)?.is_some() || in_user_ns;
087|        let rootfs = RootFS::new();
088|        rootfs
089|            .prepare_rootfs(
090|                ctx.spec,
091|                ctx.rootfs,
092|                bind_service,
093|                ctx.ns.get(LinuxNamespaceType::Cgroup)?.is_some(),
094|            )
095|            .map_err(|err| {
096|                tracing::error!(?err, "failed to prepare rootfs");
097|                InitProcessError::RootFS(err)
098|            })?;
099|
100|        if let Some(hooks) = ctx.hooks {
101|            // send a request to the main process to run prestart and create_runtime hooks.
102|            // prestart and create_runtime hook needs to be called after the namespace setup, but
103|            // before pivot_root is called. This runs in the runtime(not container) namespaces.
104|            main_sender.hook_request()?;
105|            init_receiver.wait_for_hook_request_done()?;
106|
107|            // create_container hook needs to be called after the namespace setup, but
108|            // before pivot_root is called. This runs in the container namespaces.
109|            hooks::run_hooks(hooks.create_container().as_ref(), ctx.container, None, None)
110|                .map_err(|err| {
111|                    tracing::error!(?err, "failed to run create container hooks");
112|                    InitProcessError::Hooks(err)
113|                })?;
114|        }
115|
116|        // Entering into the rootfs jail. If mount namespace is specified, then
117|        // we use pivot_root, but if we are on the host mount namespace, we will
118|        // use simple chroot. Scary things will happen if you try to pivot_root
119|        // in the host mount namespace...
120|        do_pivot_root(ctx.syscall.as_ref(), &ctx.ns, args.no_pivot, ctx.rootfs)?;
121|
122|        // As we have changed the root mount, from here on
123|        // logs are no longer visible in journalctl
124|        // so make sure that you bubble up any errors
125|        // and do not call unwrap() as any panics would not be correctly logged
126|        rootfs
127|            .adjust_root_mount_propagation(ctx.linux)
128|            .map_err(|err| {
129|                tracing::error!(?err, "failed to adjust root mount propagation");
130|                InitProcessError::RootFS(err)
131|            })?;
132|
133|        reopen_dev_null().map_err(|err| {
134|            tracing::error!(?err, "failed to reopen /dev/null");
135|            err
136|        })?;
137|
138|        if let Some(kernel_params) = ctx.linux.sysctl() {
139|            sysctl(kernel_params)?;
140|        }
141|    }
142|
143|    if let Some(personality) = ctx.linux.personality() {
144|        if let Some(flags) = personality.flags() {
145|            if !flags.is_empty() {
146|                tracing::error!("personality flag has not supported at this time");
147|                return Err(InitProcessError::UnsupportedPersonalityFlag);
148|            }
149|        }
150|
151|        let domain = match personality.domain() {
152|            // https://github.com/opencontainers/runtime-spec/blob/main/config-linux.md#personality
153|            LinuxPersonalityDomain::PerLinux => PersonalityDomain::Linux,
154|            LinuxPersonalityDomain::PerLinux32 => PersonalityDomain::Linux32,
155|        };
156|
157|        ctx.syscall.personality(domain).map_err(|err| {
158|            tracing::error!(?err, "failed to set linux personality ");
159|            InitProcessError::SyscallOther(err)
160|        })?;
161|    }
162|
163|    if let Some(profile) = ctx.process.apparmor_profile() {
164|        apparmor::apply_profile(profile).map_err(|err| {
165|            tracing::error!(?err, "failed to apply apparmor profile");
166|            InitProcessError::AppArmor(err)
167|        })?;
168|    }
169|
170|    if ctx.rootfs_ro {
171|        ctx.syscall
172|            .mount(
173|                None,
174|                Path::new("/"),
175|                None,
176|                MsFlags::MS_RDONLY | MsFlags::MS_REMOUNT | MsFlags::MS_BIND,
177|                None,
178|            )
179|            .map_err(|err| {
180|                tracing::error!(?err, "failed to remount root `/` as readonly");
181|                InitProcessError::SyscallOther(err)
182|            })?;
183|    }
184|
185|    if let Some(umask) = ctx.process.user().umask() {
186|        match Mode::from_bits(umask) {
187|            Some(mode) => {
188|                nix::sys::stat::umask(mode);
189|            }
190|            None => {
191|                return Err(InitProcessError::InvalidUmask(umask));
192|            }
193|        }
194|    }
195|
196|    if let Some(paths) = ctx.linux.readonly_paths() {
197|        // mount readonly path
198|        for path in paths {
199|            readonly_path(Path::new(path), ctx.syscall.as_ref()).map_err(|err| {
200|                tracing::error!(?err, ?path, "failed to set readonly path");
(1119 more lines below)
2026-07-25 17:01:29.286 | INFO     | metagpt.roles.di.role_zero:_act:292 - Commands: 
[{'command_name': 'Editor.goto_line', 'args': {'line_number': 300}}]
2026-07-25 17:01:29.287 | INFO     | metagpt.roles.di.role_zero:_act:294 - Commands outputs: 
Command Editor.goto_line executed: [File: /home/aludy/scires/Cloud_Spec_Exp/external/worktrees/oci-metagpt-agentless-mini-rerun/metagpt/youki-3293/crates/libcontainer/src/process/init/process.rs (1319 lines total)]
(199 more lines above)
200|                tracing::error!(?err, ?path, "failed to set readonly path");
201|                err
202|            })?;
203|        }
204|    }
205|
206|    if let Some(paths) = ctx.linux.masked_paths() {
207|        // mount masked paths
208|        masked_paths(paths, ctx.linux.mount_label(), ctx.syscall.as_ref()).map_err(|err| {
209|            tracing::error!(?err, "failed to set masked paths");
210|            err
211|        })?;
212|    }
213|
214|    let cwd = format!("{}", ctx.process.cwd().display());
215|    let do_chdir = if cwd.is_empty() {
216|        false
217|    } else {
218|        // This chdir must run before setting up the user.
219|        // This may allow the user running youki to access directories
220|        // that the container user cannot access.
221|        match unistd::chdir(ctx.process.cwd()) {
222|            std::result::Result::Ok(_) => false,
223|            Err(nix::Error::EPERM) => true,
224|            Err(e) => {
225|                tracing::error!(?e, "failed to chdir");
226|                return Err(InitProcessError::NixOther(e));
227|            }
228|        }
229|    };
230|
231|    set_supplementary_gids(
232|        ctx.process.user(),
233|        &args.user_ns_config,
234|        ctx.syscall.as_ref(),
235|    )
236|    .map_err(|err| {
237|        tracing::error!(?err, "failed to set supplementary gids");
238|        err
239|    })?;
240|
241|    ctx.syscall
242|        .set_id(
243|            Uid::from_raw(ctx.process.user().uid()),
244|            Gid::from_raw(ctx.process.user().gid()),
245|        )
246|        .map_err(|err| {
247|            let uid = ctx.process.user().uid();
248|            let gid = ctx.process.user().gid();
249|            tracing::error!(?err, ?uid, ?gid, "failed to set uid and gid");
250|            InitProcessError::SyscallOther(err)
251|        })?;
252|
253|    // Take care of LISTEN_FDS used for systemd-active-socket. If the value is
254|    // not 0, then we have to preserve those fds as well, and set up the correct
255|    // environment variables.
256|    let preserve_fds: i32 = match env::var("LISTEN_FDS") {
257|        std::result::Result::Ok(listen_fds_str) => {
258|            let listen_fds = match listen_fds_str.parse::<i32>() {
259|                std::result::Result::Ok(v) => v,
260|                Err(error) => {
261|                    tracing::warn!(
262|                        "LISTEN_FDS entered is not a fd. Ignore the value. {:?}",
263|                        error
264|                    );
265|
266|                    0
267|                }
268|            };
269|
270|            // The LISTEN_FDS will have to be passed to container init process.
271|            // The LISTEN_PID will be set to PID 1. Based on the spec, if
272|            // LISTEN_FDS is 0, the variable should be unset, so we just ignore
273|            // it here, if it is 0.
274|            if listen_fds > 0 {
275|                ctx.envs
276|                    .insert("LISTEN_FDS".to_owned(), listen_fds.to_string());
277|                ctx.envs.insert("LISTEN_PID".to_owned(), 1.to_string());
278|            }
279|
280|            args.preserve_fds + listen_fds
281|        }
282|        Err(env::VarError::NotPresent) => args.preserve_fds,
283|        Err(env::VarError::NotUnicode(value)) => {
284|            tracing::warn!(
285|                "LISTEN_FDS entered is malformed: {:?}. Ignore the value.",
286|                &value
287|            );
288|            args.preserve_fds
289|        }
290|    };
291|
292|    // Cleanup any extra file descriptors, so the new container process will not
293|    // leak a file descriptor from before execve gets executed. The first 3 fd will
294|    // stay open: stdio, stdout, and stderr. We would further preserve the next
295|    // "preserve_fds" number of fds. Set the rest of fd with CLOEXEC flag, so they
296|    // will be closed after execve into the container payload. We can't close the
297|    // fds immediately since we at least still need it for the pipe used to wait on
298|    // starting the container.
299|    //
300|    // Note: this should happen very late, in order to avoid accidentally leaking FDs
301|    // Please refer to https://github.com/opencontainers/runc/security/advisories/GHSA-xr7r-f8xq-vfvv for more details.
302|    ctx.syscall.close_range(preserve_fds).map_err(|err| {
303|        tracing::error!(?err, "failed to cleanup extra fds");
304|        InitProcessError::SyscallOther(err)
305|    })?;
306|
307|    // Setup some operations in the network namespace.
308|    // This is done here before dropping capabilities because we need to be able to add IP addresses to the device
309|    // and set up the device.
310|    if let Some(network_devices) = ctx.linux.net_devices() {
311|        configure_container_network_devices(network_devices, main_sender, init_receiver).map_err(
312|            |err| {
313|                tracing::error!(?err, "failed to setup net_device");
314|                err
315|            },
316|        )?;
317|    }
318|
319|    // Without no new privileges, seccomp is a privileged operation. We have to
320|    // do this before dropping capabilities. Otherwise, we should do it later,
321|    // as close to exec as possible.
322|    #[cfg(feature = "libseccomp")]
323|    if let Some(seccomp) = ctx.linux.seccomp() {
324|        if ctx.process.no_new_privileges().is_none() {
325|            let notify_fd = seccomp::initialize_seccomp(seccomp).map_err(|err| {
326|                tracing::error!(?err, "failed to initialize seccomp");
327|                err
328|            })?;
329|            sync_seccomp(notify_fd, main_sender, init_receiver).map_err(|err| {
330|                tracing::error!(?err, "failed to sync seccomp");
331|                err
332|            })?;
333|        }
334|    }
335|    #[cfg(not(feature = "libseccomp"))]
336|    if ctx.process.no_new_privileges().is_none() {
337|        tracing::warn!("seccomp not available, unable to enforce no_new_privileges!")
338|    }
339|
340|    capabilities::reset_effective(ctx.syscall.as_ref()).map_err(|err| {
341|        tracing::error!(?err, "failed to reset effective capabilities");
342|        InitProcessError::SyscallOther(err)
343|    })?;
344|    if let Some(caps) = ctx.process.capabilities() {
345|        capabilities::drop_privileges(caps, ctx.syscall.as_ref()).map_err(|err| {
346|            tracing::error!(?err, "failed to drop capabilities");
347|            InitProcessError::SyscallOther(err)
348|        })?;
349|    }
350|
351|    // Change directory to process.cwd if process.cwd is not empty
352|    if do_chdir {
353|        unistd::chdir(ctx.process.cwd()).map_err(|err| {
354|            let cwd = ctx.process.cwd();
355|            tracing::error!(?err, ?cwd, "failed to chdir to cwd");
356|            InitProcessError::NixOther(err)
357|        })?;
358|    }
359|
360|    // Ensure that the current working directory is actually inside the container.
361|    verify_cwd().map_err(|err| {
362|        tracing::error!(?err, "failed to verify cwd");
363|        err
364|    })?;
365|
366|    // Initialize seccomp profile right before we are ready to execute the
367|    // payload so as few syscalls will happen between here and payload exec. The
368|    // notify socket will still need network related syscalls.
369|    #[cfg(feature = "libseccomp")]
370|    if let Some(seccomp) = ctx.linux.seccomp() {
371|        if ctx.process.no_new_privileges().is_some() {
372|            let notify_fd = seccomp::initialize_seccomp(seccomp).map_err(|err| {
373|                tracing::error!(?err, "failed to initialize seccomp");
374|                err
375|            })?;
376|            sync_seccomp(notify_fd, main_sender, init_receiver).map_err(|err| {
377|                tracing::error!(?err, "failed to sync seccomp");
378|                err
379|            })?;
380|        }
381|    }
382|    #[cfg(not(feature = "libseccomp"))]
383|    if ctx.process.no_new_privileges().is_some() {
384|        tracing::warn!("seccomp not available, unable to set seccomp privileges!")
385|    }
386|
387|    // add HOME into envs if not exists
388|    if !ctx.envs.contains_key("HOME") {
389|        if let Some(dir_home) = utils::get_user_home(ctx.process.user().uid()) {
390|            ctx.envs
391|                .insert("HOME".to_owned(), dir_home.to_string_lossy().to_string());
392|        }
393|    }
394|
395|    args.executor.validate(ctx.spec)?;
396|    args.executor.setup_envs(ctx.envs)?;
397|
398|    // Notify main process that the init process is ready to execute the
399|    // payload.  Note, because we are already inside the pid namespace, the pid
400|    // outside the pid namespace should be recorded by the intermediate process
(919 more lines below)
2026-07-25 17:01:38.829 | INFO     | metagpt.roles.di.role_zero:_act:292 - Commands: 
[{'command_name': 'Terminal.run_command', 'args': {'cmd': 'cat /home/aludy/scires/Cloud_Spec_Exp/external/oci-differential-dataset/cases/youki-3293/buggy_config.json'}}]
2026-07-25 17:01:38.852 | INFO     | metagpt.roles.di.role_zero:_act:294 - Commands outputs: 
Command Terminal.run_command executed:
[command]: cat /home/aludy/scires/Cloud_Spec_Exp/external/oci-differential-dataset/cases/youki-3293/buggy_config.json 
[command output] : {
	"ociVersion": "1.3.0",
	"process": {
		"terminal": false,
		"user": {
			"uid": 0,
			"gid": 0
		},
		"args": [
      "sh", "-c", "grep '^CapAmb' /proc/self/status | awk '{print $2}'"
    ],
		"env": [
			"PATH=/usr/local/sbin:/usr/local/bin:/usr/sbin:/usr/bin:/sbin:/bin",
			"TERM=xterm"
		],
		"cwd": "/",
		"capabilities": {
      "bounding": ["CAP_NET_BIND_SERVICE", "CAP_AUDIT_WRITE", "CAP_KILL"],
      "effective": ["CAP_NET_BIND_SERVICE", "CAP_AUDIT_WRITE", "CAP_KILL"],
      "inheritable": ["CAP_NET_BIND_SERVICE", "CAP_AUDIT_WRITE", "CAP_KILL"],
      "permitted": ["CAP_NET_BIND_SERVICE", "CAP_AUDIT_WRITE", "CAP_KILL"],
      "ambient": [
        "CAP_NET_BIND_SERVICE",
        "CAP_AUDIT_WRITE",
        "CAP_KILL",
        "CAP_SYSLOG"
      ]
    },
		"rlimits": [
			{
				"type": "RLIMIT_NOFILE",
				"hard": 1024,
				"soft": 1024
			}
		],
		"noNewPrivileges": true
	},
	"root": {
		"path": "rootfs",
		"readonly": true
	},
	"hostname": "runc",
	"mounts": [
		{
			"destination": "/proc",
			"type": "proc",
			"source": "proc"
		},
		{
			"destination": "/dev",
			"type": "tmpfs",
			"source": "tmpfs",
			"options": [
				"nosuid",
				"strictatime",
				"mode=755",
				"size=65536k"
			]
		},
		{
			"destination": "/dev/pts",
			"type": "devpts",
			"source": "devpts",
			"options": [
				"nosuid",
				"noexec",
				"newinstance",
				"ptmxmode=0666",
				"mode=0620",
				"gid=5"
			]
		},
		{
			"destination": "/dev/shm",
			"type": "tmpfs",
			"source": "shm",
			"options": [
				"nosuid",
				"noexec",
				"nodev",
				"mode=1777",
				"size=65536k"
			]
		},
		{
			"destination": "/dev/mqueue",
			"type": "mqueue",
			"source": "mqueue",
			"options": [
				"nosuid",
				"noexec",
				"nodev"
			]
		},
		{
			"destination": "/sys",
			"type": "sysfs",
			"source": "sysfs",
			"options": [
				"nosuid",
				"noexec",
				"nodev",
				"ro"
			]
		},
		{
			"destination": "/sys/fs/cgroup",
			"type": "cgroup",
			"source": "cgroup",
			"options": [
				"nosuid",
				"noexec",
				"nodev",
				"relatime",
				"ro"
			]
		}
	],
	"linux": {
		"resources": {
			"devices": [
				{
					"allow": false,
					"access": "rwm"
				}
			]
		},
		"namespaces": [
			{
				"type": "pid"
			},
			{
				"type": "network"
			},
			{
				"type": "ipc"
			},
			{
				"type": "uts"
			},
			{
				"type": "mount"
			}
		],
		"maskedPaths": [
			"/proc/acpi",
			"/proc/asound",
			"/proc/kcore",
			"/proc/keys",
			"/proc/latency_stats",
			"/proc/timer_list",
			"/proc/timer_stats",
			"/proc/sched_debug",
			"/sys/firmware",
			"/proc/scsi"
		],
		"readonlyPaths": [
			"/proc/bus",
			"/proc/fs",
			"/proc/irq",
			"/proc/sys",
			"/proc/sysrq-trigger"
		]
	}
}
2026-07-25 17:01:44.023 | INFO     | metagpt.roles.di.role_zero:_act:292 - Commands: 
[{'command_name': 'Terminal.run_command', 'args': {'cmd': 'cd /home/aludy/scires/Cloud_Spec_Exp/external/worktrees/oci-metagpt-agentless-mini-rerun/metagpt/youki-3293 && git log --oneline --all | head -20'}}]
2026-07-25 17:01:44.031 | INFO     | metagpt.roles.di.role_zero:_act:294 - Commands outputs: 
Command Terminal.run_command executed:
[command]: cd /home/aludy/scires/Cloud_Spec_Exp/external/worktrees/oci-metagpt-agentless-mini-rerun/metagpt/youki-3293 && git log --oneline --all | head -20 
[command output] : 522374c1 Merge pull request #3617 from youki-dev/dependabot/cargo/patch-100a063d0e
7888e7c1 chore(deps): bump the patch group with 2 updates
cf9e9030 Merge pull request #3616 from youki-dev/dependabot/cargo/patch-06c80407db
a9f88898 Merge pull request #3615 from youki-dev/dependabot/cargo/wasmtime-240e50f509
3e31ca7b chore(deps): bump uuid from 1.23.3 to 1.23.4 in the patch group
3ee304d2 chore(deps): bump the wasmtime group with 2 updates
01faebe0 [tagpr] update CHANGELOG.md
0cfed085 [tagpr] prepare for the next release
ed53c19f test(contest): add cpu update integration tests for cgroup v2 (#3592)
6c9152e2 chore(deps): bump the wasmtime group with 2 updates (#3613)
8a0e5c4f test: convert mount_into_container and cgroup_v2 tests to fd-based mock (#3606)
423e6861 chore(deps): bump rust-criu from 0.5.0 to 0.6.1 (#3610)
4e6dd49e fix(utils): reject network device names exceeding the kernel limit according to the kernel reference (#3608)
3c20fcb6 [ID-Mapped Mount] add idmapped mount spec validation (#3572)
5da6cc96 test: Implement libcontainer config methods failure test cases (#3602)
2b8621da Merge pull request #3601 from youki-dev/dependabot/cargo/patch-5d03fe4f98
f721c2b7 chore(deps): bump pathrs from 0.2.4 to 0.2.5 in the patch group
7cc04812 fix: validation differences between youki and runc (#3556)
2f032f11 Merge pull request #3598 from youki-dev/dependabot/cargo/patch-ab39f97599
55c9fbd2 chore(deps): bump which from 8.0.3 to 8.0.4 in the patch group

2026-07-25 17:02:03.784 | INFO     | metagpt.roles.di.role_zero:_act:292 - Commands: 
[{'command_name': 'Terminal.run_command', 'args': {'cmd': "cd /home/aludy/scires/Cloud_Spec_Exp/external/worktrees/oci-metagpt-agentless-mini-rerun/metagpt/youki-3293 && find . -path '*/syscall/linux.rs' -o -path '*/syscall/mod.rs' | head -5"}}]
2026-07-25 17:02:03.788 | INFO     | metagpt.roles.di.role_zero:_act:294 - Commands outputs: 
Command Terminal.run_command executed:
[command]: cd /home/aludy/scires/Cloud_Spec_Exp/external/worktrees/oci-metagpt-agentless-mini-rerun/metagpt/youki-3293 && find . -path '*/syscall/linux.rs' -o -path '*/syscall/mod.rs' | head -5 
[command output] : ./crates/libcontainer/src/syscall/mod.rs
./crates/libcontainer/src/syscall/linux.rs

2026-07-25 17:02:23.714 | INFO     | metagpt.roles.di.role_zero:_act:292 - Commands: 
[{'command_name': 'Terminal.run_command', 'args': {'cmd': 'cat /home/aludy/scires/Cloud_Spec_Exp/external/oci-differential-dataset/cases/youki-3293/expected_diff.txt'}}]
2026-07-25 17:02:23.716 | INFO     | metagpt.roles.di.role_zero:_act:294 - Commands outputs: 
Command Terminal.run_command executed:
[command]: cat /home/aludy/scires/Cloud_Spec_Exp/external/oci-differential-dataset/cases/youki-3293/expected_diff.txt 
[command output] : Issue ID: youki-3293
Upstream URL: https://github.com/youki-dev/youki/issues/3293
Category: Linux-specific Configuration

Payload under test:
process args: ["sh", "-c", "grep '^CapAmb' /proc/self/status | awk '{print $2}'"]; linux.resources.devices: [{"allow": false, "access": "rwm"}]

Expected differential behavior:
Run the same buggy_config.json with a reference runtime and an affected runtime. A valid reproduction is a stable difference in exit status, stdout, stderr, runtime state, or documented side effects for the same OCI payload.

Validation procedure:
1. Run this case with a known-good or reference runtime.
2. Run the same `buggy_config.json` with the runtime version suspected to contain the historical issue.
3. Compare exit status, stdout, stderr, and documented side effects.
4. Treat missing host features, missing cgroup controllers, missing seccomp support, missing runtime binaries, or insufficient privileges as environment failures rather than successful reproductions.

2026-07-25 17:02:37.083 | ERROR    | metagpt.utils.common:parse_code:291 - ```json.*?\s+(.*?)\n``` not match following text:
2026-07-25 17:02:37.083 | ERROR    | metagpt.utils.common:parse_code:292 - 
2026-07-25 17:02:37.083 | WARNING  | metagpt.utils.role_zero_utils:parse_commands:115 - Failed to parse JSON for: . Trying to repair...
2026-07-25 17:03:02.226 | INFO     | metagpt.roles.di.role_zero:_act:292 - Commands: 
[{'command_name': 'Editor.read', 'args': {'path': '/home/aludy/scires/Cloud_Spec_Exp/external/worktrees/oci-metagpt-agentless-mini-rerun/metagpt/youki-3293/crates/libcontainer/src/process/init/process.rs'}}]
2026-07-25 17:03:02.563 | INFO     | metagpt.roles.di.role_zero:_act:294 - Commands outputs: 
Command Editor.read executed: file_path='/home/aludy/scires/Cloud_Spec_Exp/external/worktrees/oci-metagpt-agentless-mini-rerun/metagpt/youki-3293/crates/libcontainer/src/process/init/process.rs' block_content='The file is too large to read. Use `Editor.similarity_search` to read the file instead.'
2026-07-25 17:03:24.494 | INFO     | metagpt.roles.di.role_zero:_act:292 - Commands: 
[{'command_name': 'Editor.open_file', 'args': {'path': '/home/aludy/scires/Cloud_Spec_Exp/external/worktrees/oci-metagpt-agentless-mini-rerun/metagpt/youki-3293/crates/libcontainer/src/process/init/process.rs', 'line_number': 75, 'context_lines': 15}}]
2026-07-25 17:03:24.494 | INFO     | metagpt.roles.di.role_zero:_act:294 - Commands outputs: 
Command Editor.open_file executed: [File: /home/aludy/scires/Cloud_Spec_Exp/external/worktrees/oci-metagpt-agentless-mini-rerun/metagpt/youki-3293/crates/libcontainer/src/process/init/process.rs (1319 lines total)]
(67 more lines above)
068|        if let Some(stdout) = args.stdout {
069|            dup2(stdout, 1).map_err(InitProcessError::NixOther)?;
070|            close(stdout).map_err(InitProcessError::NixOther)?;
071|        }
072|        if let Some(stderr) = args.stderr {
073|            dup2(stderr, 2).map_err(InitProcessError::NixOther)?;
074|            close(stderr).map_err(InitProcessError::NixOther)?;
075|        }
076|    }
077|
078|    apply_rest_namespaces(&ctx.ns, ctx.spec, ctx.syscall.as_ref())?;
079|
080|    if let Some(true) = ctx.process.no_new_privileges() {
081|        let _ = prctl::set_no_new_privileges(true);
082|    }
(1237 more lines below)
2026-07-25 17:03:41.771 | INFO     | metagpt.roles.di.role_zero:_act:292 - Commands: 
[{'command_name': 'Editor.edit_file_by_replace', 'args': {'file_name': '/home/aludy/scires/Cloud_Spec_Exp/external/worktrees/oci-metagpt-agentless-mini-rerun/metagpt/youki-3293/crates/libcontainer/src/process/init/process.rs', 'first_replaced_line_number': 80, 'first_replaced_line_content': '    if let Some(true) = ctx.process.no_new_privileges() {', 'last_replaced_line_number': 82, 'last_replaced_line_content': '    }', 'new_content': ''}}]
2026-07-25 17:03:41.772 | ERROR    | metagpt.roles.di.role_zero:_run_commands:407 - list index out of rangeTraceback (most recent call last):
  File "/home/aludy/scires/Cloud_Spec_Exp/external/baselines/MetaGPT/metagpt/tools/libs/editor.py", line 563, in _edit_file_impl
    original_lint_error, _ = self._lint_file(file_name)
  File "/home/aludy/scires/Cloud_Spec_Exp/external/baselines/MetaGPT/metagpt/tools/libs/editor.py", line 211, in _lint_file
    lint_error = linter.lint(str(file_path))
  File "/home/aludy/scires/Cloud_Spec_Exp/external/baselines/MetaGPT/metagpt/tools/libs/linter.py", line 98, in lint
    linkres = basic_lint(absolute_fname, code)
  File "/home/aludy/scires/Cloud_Spec_Exp/external/baselines/MetaGPT/metagpt/tools/libs/linter.py", line 158, in basic_lint
    parser = get_parser(lang)
  File "tree_sitter_languages/core.pyx", line 19, in tree_sitter_languages.core.get_parser
  File "tree_sitter_languages/core.pyx", line 14, in tree_sitter_languages.core.get_language
TypeError: __init__() takes exactly 1 argument (2 given)

During handling of the above exception, another exception occurred:

Traceback (most recent call last):
  File "/home/aludy/scires/Cloud_Spec_Exp/external/baselines/MetaGPT/metagpt/roles/di/role_zero.py", line 401, in _run_commands
    tool_output = tool_obj(**cmd["args"])
  File "/home/aludy/scires/Cloud_Spec_Exp/external/baselines/MetaGPT/metagpt/tools/libs/editor.py", line 814, in edit_file_by_replace
    ret_str = self._edit_file_impl(
  File "/home/aludy/scires/Cloud_Spec_Exp/external/baselines/MetaGPT/metagpt/tools/libs/editor.py", line 667, in _edit_file_impl
    guidance_message = self._get_indentation_info(content, start or len(lines))
  File "/home/aludy/scires/Cloud_Spec_Exp/external/baselines/MetaGPT/metagpt/tools/libs/editor.py", line 495, in _get_indentation_info
    pre_line = content_lines[first_line - 2] if first_line - 2 >= 0 else ""
IndexError: list index out of range

Traceback (most recent call last):

  File "/home/aludy/scires/Cloud_Spec_Exp/external/baselines/MetaGPT/metagpt/tools/libs/editor.py", line 563, in _edit_file_impl
    original_lint_error, _ = self._lint_file(file_name)
                             │    │          └ PosixPath('/home/aludy/scires/Cloud_Spec_Exp/external/worktrees/oci-metagpt-agentless-mini-rerun/metagpt/youki-3293/crates/li...
                             │    └ <function Editor._lint_file at 0x7317ee8388b0>
                             └ Editor(resource=EditorReporter(block=<BlockType.EDITOR: 'Editor'>, uuid=UUID('59b4369d-c1cb-4166-bc98-93e2af580e82'), enable_...

  File "/home/aludy/scires/Cloud_Spec_Exp/external/baselines/MetaGPT/metagpt/tools/libs/editor.py", line 211, in _lint_file
    lint_error = linter.lint(str(file_path))
                 │      │        └ PosixPath('/home/aludy/scires/Cloud_Spec_Exp/external/worktrees/oci-metagpt-agentless-mini-rerun/metagpt/youki-3293/crates/li...
                 │      └ <function Linter.lint at 0x7317ee867f40>
                 └ <metagpt.tools.libs.linter.Linter object at 0x7317e27880a0>

  File "/home/aludy/scires/Cloud_Spec_Exp/external/baselines/MetaGPT/metagpt/tools/libs/linter.py", line 98, in lint
    linkres = basic_lint(absolute_fname, code)
              │          │               └ 'use std::collections::HashMap;\nuse std::io::{Read, Write};\nuse std::os::unix::io::AsRawFd;\nuse std::path::{Path, PathBuf}...
              │          └ '/home/aludy/scires/Cloud_Spec_Exp/external/worktrees/oci-metagpt-agentless-mini-rerun/metagpt/youki-3293/crates/libcontainer...
              └ <function basic_lint at 0x7317ee8381f0>

  File "/home/aludy/scires/Cloud_Spec_Exp/external/baselines/MetaGPT/metagpt/tools/libs/linter.py", line 158, in basic_lint
    parser = get_parser(lang)
             │          └ 'rust'
             └ <cyfunction get_parser at 0x7317ee8d2dc0>

  File "tree_sitter_languages/core.pyx", line 19, in tree_sitter_languages.core.get_parser
  File "tree_sitter_languages/core.pyx", line 14, in tree_sitter_languages.core.get_language

TypeError: __init__() takes exactly 1 argument (2 given)


During handling of the above exception, another exception occurred:


Traceback (most recent call last):

  File "/home/aludy/scires/Cloud_Spec_Exp/baselines/metagpt/launch.py", line 307, in <module>
    raise SystemExit(main())
                     └ <function main at 0x7318a5efaef0>

  File "/home/aludy/scires/Cloud_Spec_Exp/baselines/metagpt/launch.py", line 277, in main
    result = generate_repo(**supported)
             │               └ {'idea': 'Fix OCI runtime bug case youki-3293.\n\nTarget runtime: youki\nTitle: [Bug]: Ambient capabilities are not applied a...
             └ <function generate_repo at 0x7317ed521cf0>

  File "/home/aludy/scires/Cloud_Spec_Exp/external/baselines/MetaGPT/metagpt/software_company.py", line 72, in generate_repo
    asyncio.run(company.run(n_round=n_round, idea=idea))
    │       │   │       │           │             └ 'Fix OCI runtime bug case youki-3293.\n\nTarget runtime: youki\nTitle: [Bug]: Ambient capabilities are not applied as expecte...
    │       │   │       │           └ 10
    │       │   │       └ <function serialize_decorator.<locals>.wrapper at 0x7317e343c1f0>
    │       │   └ Team(env=MGXEnv(), investment=3.0, idea='Fix OCI runtime bug case youki-3293.\n\nTarget runtime: youki\nTitle: [Bug]: Ambient...
    │       └ <function run at 0x7318a3b99750>
    └ <module 'asyncio' from '/home/aludy/miniconda3/envs/metagpt/lib/python3.10/asyncio/__init__.py'>

  File "/home/aludy/miniconda3/envs/metagpt/lib/python3.10/asyncio/runners.py", line 44, in run
    return loop.run_until_complete(main)
           │    │                  └ <coroutine object serialize_decorator.<locals>.wrapper at 0x7317e3357ca0>
           │    └ <function BaseEventLoop.run_until_complete at 0x7318a3b9b130>
           └ <_UnixSelectorEventLoop running=True closed=False debug=False>
  File "/home/aludy/miniconda3/envs/metagpt/lib/python3.10/asyncio/base_events.py", line 636, in run_until_complete
    self.run_forever()
    │    └ <function BaseEventLoop.run_forever at 0x7318a3b9b0a0>
    └ <_UnixSelectorEventLoop running=True closed=False debug=False>
  File "/home/aludy/miniconda3/envs/metagpt/lib/python3.10/asyncio/base_events.py", line 603, in run_forever
    self._run_once()
    │    └ <function BaseEventLoop._run_once at 0x7318a3b9cc10>
    └ <_UnixSelectorEventLoop running=True closed=False debug=False>
  File "/home/aludy/miniconda3/envs/metagpt/lib/python3.10/asyncio/base_events.py", line 1909, in _run_once
    handle._run()
    │      └ <function Handle._run at 0x7318a3b4c280>
    └ <Handle Task.task_wakeup(<Task finishe...> result=None>)>
  File "/home/aludy/miniconda3/envs/metagpt/lib/python3.10/asyncio/events.py", line 80, in _run
    self._context.run(self._callback, *self._args)
    │    │            │    │           │    └ <member '_args' of 'Handle' objects>
    │    │            │    │           └ <Handle Task.task_wakeup(<Task finishe...> result=None>)>
    │    │            │    └ <member '_callback' of 'Handle' objects>
    │    │            └ <Handle Task.task_wakeup(<Task finishe...> result=None>)>
    │    └ <member '_context' of 'Handle' objects>
    └ <Handle Task.task_wakeup(<Task finishe...> result=None>)>

  File "/home/aludy/scires/Cloud_Spec_Exp/external/baselines/MetaGPT/metagpt/utils/common.py", line 692, in wrapper
    return await func(self, *args, **kwargs)
                 │    │      │       └ {}
                 │    │      └ ()
                 │    └ Engineer2(private_context=Context(kwargs=AttrDict(), config=Config(extra_fields=None, project_path='/home/aludy/scires/Cloud_...
                 └ <function Role.run at 0x7317e40065f0>

  File "/home/aludy/scires/Cloud_Spec_Exp/external/baselines/MetaGPT/metagpt/roles/role.py", line 548, in run
    rsp = await self.react()
                │    └ <function Role.react at 0x7317e40064d0>
                └ Engineer2(private_context=Context(kwargs=AttrDict(), config=Config(extra_fields=None, project_path='/home/aludy/scires/Cloud_...

  File "/home/aludy/scires/Cloud_Spec_Exp/external/baselines/MetaGPT/metagpt/roles/role.py", line 515, in react
    rsp = await self._react()
                │    └ <function RoleZero._react at 0x7317e3e2df30>
                └ Engineer2(private_context=Context(kwargs=AttrDict(), config=Config(extra_fields=None, project_path='/home/aludy/scires/Cloud_...

  File "/home/aludy/scires/Cloud_Spec_Exp/external/baselines/MetaGPT/metagpt/roles/di/role_zero.py", line 324, in _react
    rsp = await self._act()
                │    └ <function RoleZero._act at 0x7317e3e2dea0>
                └ Engineer2(private_context=Context(kwargs=AttrDict(), config=Config(extra_fields=None, project_path='/home/aludy/scires/Cloud_...

  File "/home/aludy/scires/Cloud_Spec_Exp/external/baselines/MetaGPT/metagpt/roles/di/role_zero.py", line 293, in _act
    outputs = await self._run_commands(commands)
                    │    │             └ [{'command_name': 'Editor.edit_file_by_replace', 'args': {'file_name': '/home/aludy/scires/Cloud_Spec_Exp/external/worktrees/...
                    │    └ <function RoleZero._run_commands at 0x7317e3e2e0e0>
                    └ Engineer2(private_context=Context(kwargs=AttrDict(), config=Config(extra_fields=None, project_path='/home/aludy/scires/Cloud_...

> File "/home/aludy/scires/Cloud_Spec_Exp/external/baselines/MetaGPT/metagpt/roles/di/role_zero.py", line 401, in _run_commands
    tool_output = tool_obj(**cmd["args"])
                  │          └ {'command_name': 'Editor.edit_file_by_replace', 'args': {'file_name': '/home/aludy/scires/Cloud_Spec_Exp/external/worktrees/o...
                  └ <bound method Editor.edit_file_by_replace of Editor(resource=EditorReporter(block=<BlockType.EDITOR: 'Editor'>, uuid=UUID('59...

  File "/home/aludy/scires/Cloud_Spec_Exp/external/baselines/MetaGPT/metagpt/tools/libs/editor.py", line 814, in edit_file_by_replace
    ret_str = self._edit_file_impl(
              │    └ <function Editor._edit_file_impl at 0x7317ee839120>
              └ Editor(resource=EditorReporter(block=<BlockType.EDITOR: 'Editor'>, uuid=UUID('59b4369d-c1cb-4166-bc98-93e2af580e82'), enable_...

  File "/home/aludy/scires/Cloud_Spec_Exp/external/baselines/MetaGPT/metagpt/tools/libs/editor.py", line 667, in _edit_file_impl
    guidance_message = self._get_indentation_info(content, start or len(lines))
                       │    │                     │        └ 80
                       │    │                     └ ''
                       │    └ <function Editor._get_indentation_info at 0x7317ee839090>
                       └ Editor(resource=EditorReporter(block=<BlockType.EDITOR: 'Editor'>, uuid=UUID('59b4369d-c1cb-4166-bc98-93e2af580e82'), enable_...

  File "/home/aludy/scires/Cloud_Spec_Exp/external/baselines/MetaGPT/metagpt/tools/libs/editor.py", line 495, in _get_indentation_info
    pre_line = content_lines[first_line - 2] if first_line - 2 >= 0 else ""
               │             │                  └ 80
               │             └ 80
               └ ['']

IndexError: list index out of range
2026-07-25 17:03:41.825 | INFO     | metagpt.roles.di.role_zero:_act:294 - Commands outputs: 
Command Editor.edit_file_by_replace executed: Traceback (most recent call last):
  File "/home/aludy/scires/Cloud_Spec_Exp/external/baselines/MetaGPT/metagpt/tools/libs/editor.py", line 563, in _edit_file_impl
    original_lint_error, _ = self._lint_file(file_name)
  File "/home/aludy/scires/Cloud_Spec_Exp/external/baselines/MetaGPT/metagpt/tools/libs/editor.py", line 211, in _lint_file
    lint_error = linter.lint(str(file_path))
  File "/home/aludy/scires/Cloud_Spec_Exp/external/baselines/MetaGPT/metagpt/tools/libs/linter.py", line 98, in lint
    linkres = basic_lint(absolute_fname, code)
  File "/home/aludy/scires/Cloud_Spec_Exp/external/baselines/MetaGPT/metagpt/tools/libs/linter.py", line 158, in basic_lint
    parser = get_parser(lang)
  File "tree_sitter_languages/core.pyx", line 19, in tree_sitter_languages.core.get_parser
  File "tree_sitter_languages/core.pyx", line 14, in tree_sitter_languages.core.get_language
TypeError: __init__() takes exactly 1 argument (2 given)

During handling of the above exception, another exception occurred:

Traceback (most recent call last):
  File "/home/aludy/scires/Cloud_Spec_Exp/external/baselines/MetaGPT/metagpt/roles/di/role_zero.py", line 401, in _run_commands
    tool_output = tool_obj(**cmd["args"])
  File "/home/aludy/scires/Cloud_Spec_Exp/external/baselines/MetaGPT/metagpt/tools/libs/editor.py", line 814, in edit_file_by_replace
    ret_str = self._edit_file_impl(
  File "/home/aludy/scires/Cloud_Spec_Exp/external/baselines/MetaGPT/metagpt/tools/libs/editor.py", line 667, in _edit_file_impl
    guidance_message = self._get_indentation_info(content, start or len(lines))
  File "/home/aludy/scires/Cloud_Spec_Exp/external/baselines/MetaGPT/metagpt/tools/libs/editor.py", line 495, in _get_indentation_info
    pre_line = content_lines[first_line - 2] if first_line - 2 >= 0 else ""
IndexError: list index out of range

2026-07-25 17:03:47.666 | INFO     | metagpt.roles.di.role_zero:_act:292 - Commands: 
[{'command_name': 'Editor.edit_file_by_replace', 'args': {'file_name': '/home/aludy/scires/Cloud_Spec_Exp/external/worktrees/oci-metagpt-agentless-mini-rerun/metagpt/youki-3293/crates/libcontainer/src/process/init/process.rs', 'first_replaced_line_number': 80, 'first_replaced_line_content': '    if let Some(true) = ctx.process.no_new_privileges() {', 'last_replaced_line_number': 82, 'last_replaced_line_content': '        let _ = prctl::set_no_new_privileges(true);', 'new_content': ' '}}]
2026-07-25 17:03:47.667 | ERROR    | metagpt.roles.di.role_zero:_run_commands:407 - Error: The `last_replaced_line_number` does not match the `last_replaced_line_content`. Please correct the parameters.
The `last_replaced_line_number` is 82 and the corresponding content is "    }".
But the `last_replaced_line_content ` is "        let _ = prctl::set_no_new_privileges(true);".
The content around the specified line is:
The 079 line is ""
The 080 line is "    if let Some(true) = ctx.process.no_new_privileges() {"
The 081 line is "        let _ = prctl::set_no_new_privileges(true);"
The 082 line is "    }"
The 083 line is ""
The 084 line is "    if matches!(args.container_type, ContainerType::InitContainer) {"
The 085 line is "        let in_user_ns = utils::is_in_new_userns().map_err(InitProcessError::Io)?;"
Pay attention to the new content. Ensure that it aligns with the new parameters.
Traceback (most recent call last):
  File "/home/aludy/scires/Cloud_Spec_Exp/external/baselines/MetaGPT/metagpt/roles/di/role_zero.py", line 401, in _run_commands
    tool_output = tool_obj(**cmd["args"])
  File "/home/aludy/scires/Cloud_Spec_Exp/external/baselines/MetaGPT/metagpt/tools/libs/editor.py", line 813, in edit_file_by_replace
    raise ValueError(mismatch_error)
ValueError: Error: The `last_replaced_line_number` does not match the `last_replaced_line_content`. Please correct the parameters.
The `last_replaced_line_number` is 82 and the corresponding content is "    }".
But the `last_replaced_line_content ` is "        let _ = prctl::set_no_new_privileges(true);".
The content around the specified line is:
The 079 line is ""
The 080 line is "    if let Some(true) = ctx.process.no_new_privileges() {"
The 081 line is "        let _ = prctl::set_no_new_privileges(true);"
The 082 line is "    }"
The 083 line is ""
The 084 line is "    if matches!(args.container_type, ContainerType::InitContainer) {"
The 085 line is "        let in_user_ns = utils::is_in_new_userns().map_err(InitProcessError::Io)?;"
Pay attention to the new content. Ensure that it aligns with the new parameters.


Traceback (most recent call last):

  File "/home/aludy/scires/Cloud_Spec_Exp/baselines/metagpt/launch.py", line 307, in <module>
    raise SystemExit(main())
                     └ <function main at 0x7318a5efaef0>

  File "/home/aludy/scires/Cloud_Spec_Exp/baselines/metagpt/launch.py", line 277, in main
    result = generate_repo(**supported)
             │               └ {'idea': 'Fix OCI runtime bug case youki-3293.\n\nTarget runtime: youki\nTitle: [Bug]: Ambient capabilities are not applied a...
             └ <function generate_repo at 0x7317ed521cf0>

  File "/home/aludy/scires/Cloud_Spec_Exp/external/baselines/MetaGPT/metagpt/software_company.py", line 72, in generate_repo
    asyncio.run(company.run(n_round=n_round, idea=idea))
    │       │   │       │           │             └ 'Fix OCI runtime bug case youki-3293.\n\nTarget runtime: youki\nTitle: [Bug]: Ambient capabilities are not applied as expecte...
    │       │   │       │           └ 10
    │       │   │       └ <function serialize_decorator.<locals>.wrapper at 0x7317e343c1f0>
    │       │   └ Team(env=MGXEnv(), investment=3.0, idea='Fix OCI runtime bug case youki-3293.\n\nTarget runtime: youki\nTitle: [Bug]: Ambient...
    │       └ <function run at 0x7318a3b99750>
    └ <module 'asyncio' from '/home/aludy/miniconda3/envs/metagpt/lib/python3.10/asyncio/__init__.py'>

  File "/home/aludy/miniconda3/envs/metagpt/lib/python3.10/asyncio/runners.py", line 44, in run
    return loop.run_until_complete(main)
           │    │                  └ <coroutine object serialize_decorator.<locals>.wrapper at 0x7317e3357ca0>
           │    └ <function BaseEventLoop.run_until_complete at 0x7318a3b9b130>
           └ <_UnixSelectorEventLoop running=True closed=False debug=False>
  File "/home/aludy/miniconda3/envs/metagpt/lib/python3.10/asyncio/base_events.py", line 636, in run_until_complete
    self.run_forever()
    │    └ <function BaseEventLoop.run_forever at 0x7318a3b9b0a0>
    └ <_UnixSelectorEventLoop running=True closed=False debug=False>
  File "/home/aludy/miniconda3/envs/metagpt/lib/python3.10/asyncio/base_events.py", line 603, in run_forever
    self._run_once()
    │    └ <function BaseEventLoop._run_once at 0x7318a3b9cc10>
    └ <_UnixSelectorEventLoop running=True closed=False debug=False>
  File "/home/aludy/miniconda3/envs/metagpt/lib/python3.10/asyncio/base_events.py", line 1909, in _run_once
    handle._run()
    │      └ <function Handle._run at 0x7318a3b4c280>
    └ <Handle Task.task_wakeup(<Task finishe...> result=None>)>
  File "/home/aludy/miniconda3/envs/metagpt/lib/python3.10/asyncio/events.py", line 80, in _run
    self._context.run(self._callback, *self._args)
    │    │            │    │           │    └ <member '_args' of 'Handle' objects>
    │    │            │    │           └ <Handle Task.task_wakeup(<Task finishe...> result=None>)>
    │    │            │    └ <member '_callback' of 'Handle' objects>
    │    │            └ <Handle Task.task_wakeup(<Task finishe...> result=None>)>
    │    └ <member '_context' of 'Handle' objects>
    └ <Handle Task.task_wakeup(<Task finishe...> result=None>)>

  File "/home/aludy/scires/Cloud_Spec_Exp/external/baselines/MetaGPT/metagpt/utils/common.py", line 692, in wrapper
    return await func(self, *args, **kwargs)
                 │    │      │       └ {}
                 │    │      └ ()
                 │    └ Engineer2(private_context=Context(kwargs=AttrDict(), config=Config(extra_fields=None, project_path='/home/aludy/scires/Cloud_...
                 └ <function Role.run at 0x7317e40065f0>

  File "/home/aludy/scires/Cloud_Spec_Exp/external/baselines/MetaGPT/metagpt/roles/role.py", line 548, in run
    rsp = await self.react()
                │    └ <function Role.react at 0x7317e40064d0>
                └ Engineer2(private_context=Context(kwargs=AttrDict(), config=Config(extra_fields=None, project_path='/home/aludy/scires/Cloud_...

  File "/home/aludy/scires/Cloud_Spec_Exp/external/baselines/MetaGPT/metagpt/roles/role.py", line 515, in react
    rsp = await self._react()
                │    └ <function RoleZero._react at 0x7317e3e2df30>
                └ Engineer2(private_context=Context(kwargs=AttrDict(), config=Config(extra_fields=None, project_path='/home/aludy/scires/Cloud_...

  File "/home/aludy/scires/Cloud_Spec_Exp/external/baselines/MetaGPT/metagpt/roles/di/role_zero.py", line 324, in _react
    rsp = await self._act()
                │    └ <function RoleZero._act at 0x7317e3e2dea0>
                └ Engineer2(private_context=Context(kwargs=AttrDict(), config=Config(extra_fields=None, project_path='/home/aludy/scires/Cloud_...

  File "/home/aludy/scires/Cloud_Spec_Exp/external/baselines/MetaGPT/metagpt/roles/di/role_zero.py", line 293, in _act
    outputs = await self._run_commands(commands)
                    │    │             └ [{'command_name': 'Editor.edit_file_by_replace', 'args': {'file_name': '/home/aludy/scires/Cloud_Spec_Exp/external/worktrees/...
                    │    └ <function RoleZero._run_commands at 0x7317e3e2e0e0>
                    └ Engineer2(private_context=Context(kwargs=AttrDict(), config=Config(extra_fields=None, project_path='/home/aludy/scires/Cloud_...

> File "/home/aludy/scires/Cloud_Spec_Exp/external/baselines/MetaGPT/metagpt/roles/di/role_zero.py", line 401, in _run_commands
    tool_output = tool_obj(**cmd["args"])
                  │          └ {'command_name': 'Editor.edit_file_by_replace', 'args': {'file_name': '/home/aludy/scires/Cloud_Spec_Exp/external/worktrees/o...
                  └ <bound method Editor.edit_file_by_replace of Editor(resource=EditorReporter(block=<BlockType.EDITOR: 'Editor'>, uuid=UUID('59...

  File "/home/aludy/scires/Cloud_Spec_Exp/external/baselines/MetaGPT/metagpt/tools/libs/editor.py", line 813, in edit_file_by_replace
    raise ValueError(mismatch_error)
                     └ 'Error: The `last_replaced_line_number` does not match the `last_replaced_line_content`. Please correct the parameters.\nThe ...

ValueError: Error: The `last_replaced_line_number` does not match the `last_replaced_line_content`. Please correct the parameters.
The `last_replaced_line_number` is 82 and the corresponding content is "    }".
But the `last_replaced_line_content ` is "        let _ = prctl::set_no_new_privileges(true);".
The content around the specified line is:
The 079 line is ""
The 080 line is "    if let Some(true) = ctx.process.no_new_privileges() {"
The 081 line is "        let _ = prctl::set_no_new_privileges(true);"
The 082 line is "    }"
The 083 line is ""
The 084 line is "    if matches!(args.container_type, ContainerType::InitContainer) {"
The 085 line is "        let in_user_ns = utils::is_in_new_userns().map_err(InitProcessError::Io)?;"
Pay attention to the new content. Ensure that it aligns with the new parameters.

2026-07-25 17:03:47.715 | INFO     | metagpt.roles.di.role_zero:_act:294 - Commands outputs: 
Command Editor.edit_file_by_replace executed: Traceback (most recent call last):
  File "/home/aludy/scires/Cloud_Spec_Exp/external/baselines/MetaGPT/metagpt/roles/di/role_zero.py", line 401, in _run_commands
    tool_output = tool_obj(**cmd["args"])
  File "/home/aludy/scires/Cloud_Spec_Exp/external/baselines/MetaGPT/metagpt/tools/libs/editor.py", line 813, in edit_file_by_replace
    raise ValueError(mismatch_error)
ValueError: Error: The `last_replaced_line_number` does not match the `last_replaced_line_content`. Please correct the parameters.
The `last_replaced_line_number` is 82 and the corresponding content is "    }".
But the `last_replaced_line_content ` is "        let _ = prctl::set_no_new_privileges(true);".
The content around the specified line is:
The 079 line is ""
The 080 line is "    if let Some(true) = ctx.process.no_new_privileges() {"
The 081 line is "        let _ = prctl::set_no_new_privileges(true);"
The 082 line is "    }"
The 083 line is ""
The 084 line is "    if matches!(args.container_type, ContainerType::InitContainer) {"
The 085 line is "        let in_user_ns = utils::is_in_new_userns().map_err(InitProcessError::Io)?;"
Pay attention to the new content. Ensure that it aligns with the new parameters.


2026-07-25 17:03:50.818 | INFO     | metagpt.roles.di.role_zero:_act:292 - Commands: 
[{'command_name': 'Editor.edit_file_by_replace', 'args': {'file_name': '/home/aludy/scires/Cloud_Spec_Exp/external/worktrees/oci-metagpt-agentless-mini-rerun/metagpt/youki-3293/crates/libcontainer/src/process/init/process.rs', 'first_replaced_line_number': 80, 'first_replaced_line_content': '    if let Some(true) = ctx.process.no_new_privileges() {', 'last_replaced_line_number': 82, 'last_replaced_line_content': '    }', 'new_content': '    // placeholder_for_nnp'}}]
2026-07-25 17:03:50.819 | ERROR    | metagpt.roles.di.role_zero:_run_commands:407 - list index out of rangeTraceback (most recent call last):
  File "/home/aludy/scires/Cloud_Spec_Exp/external/baselines/MetaGPT/metagpt/tools/libs/editor.py", line 563, in _edit_file_impl
    original_lint_error, _ = self._lint_file(file_name)
  File "/home/aludy/scires/Cloud_Spec_Exp/external/baselines/MetaGPT/metagpt/tools/libs/editor.py", line 211, in _lint_file
    lint_error = linter.lint(str(file_path))
  File "/home/aludy/scires/Cloud_Spec_Exp/external/baselines/MetaGPT/metagpt/tools/libs/linter.py", line 98, in lint
    linkres = basic_lint(absolute_fname, code)
  File "/home/aludy/scires/Cloud_Spec_Exp/external/baselines/MetaGPT/metagpt/tools/libs/linter.py", line 158, in basic_lint
    parser = get_parser(lang)
  File "tree_sitter_languages/core.pyx", line 19, in tree_sitter_languages.core.get_parser
  File "tree_sitter_languages/core.pyx", line 14, in tree_sitter_languages.core.get_language
TypeError: __init__() takes exactly 1 argument (2 given)

During handling of the above exception, another exception occurred:

Traceback (most recent call last):
  File "/home/aludy/scires/Cloud_Spec_Exp/external/baselines/MetaGPT/metagpt/roles/di/role_zero.py", line 401, in _run_commands
    tool_output = tool_obj(**cmd["args"])
  File "/home/aludy/scires/Cloud_Spec_Exp/external/baselines/MetaGPT/metagpt/tools/libs/editor.py", line 814, in edit_file_by_replace
    ret_str = self._edit_file_impl(
  File "/home/aludy/scires/Cloud_Spec_Exp/external/baselines/MetaGPT/metagpt/tools/libs/editor.py", line 667, in _edit_file_impl
    guidance_message = self._get_indentation_info(content, start or len(lines))
  File "/home/aludy/scires/Cloud_Spec_Exp/external/baselines/MetaGPT/metagpt/tools/libs/editor.py", line 495, in _get_indentation_info
    pre_line = content_lines[first_line - 2] if first_line - 2 >= 0 else ""
IndexError: list index out of range

Traceback (most recent call last):

  File "/home/aludy/scires/Cloud_Spec_Exp/external/baselines/MetaGPT/metagpt/tools/libs/editor.py", line 563, in _edit_file_impl
    original_lint_error, _ = self._lint_file(file_name)
                             │    │          └ PosixPath('/home/aludy/scires/Cloud_Spec_Exp/external/worktrees/oci-metagpt-agentless-mini-rerun/metagpt/youki-3293/crates/li...
                             │    └ <function Editor._lint_file at 0x7317ee8388b0>
                             └ Editor(resource=EditorReporter(block=<BlockType.EDITOR: 'Editor'>, uuid=UUID('59b4369d-c1cb-4166-bc98-93e2af580e82'), enable_...

  File "/home/aludy/scires/Cloud_Spec_Exp/external/baselines/MetaGPT/metagpt/tools/libs/editor.py", line 211, in _lint_file
    lint_error = linter.lint(str(file_path))
                 │      │        └ PosixPath('/home/aludy/scires/Cloud_Spec_Exp/external/worktrees/oci-metagpt-agentless-mini-rerun/metagpt/youki-3293/crates/li...
                 │      └ <function Linter.lint at 0x7317ee867f40>
                 └ <metagpt.tools.libs.linter.Linter object at 0x7317e2788280>

  File "/home/aludy/scires/Cloud_Spec_Exp/external/baselines/MetaGPT/metagpt/tools/libs/linter.py", line 98, in lint
    linkres = basic_lint(absolute_fname, code)
              │          │               └ 'use std::collections::HashMap;\nuse std::io::{Read, Write};\nuse std::os::unix::io::AsRawFd;\nuse std::path::{Path, PathBuf}...
              │          └ '/home/aludy/scires/Cloud_Spec_Exp/external/worktrees/oci-metagpt-agentless-mini-rerun/metagpt/youki-3293/crates/libcontainer...
              └ <function basic_lint at 0x7317ee8381f0>

  File "/home/aludy/scires/Cloud_Spec_Exp/external/baselines/MetaGPT/metagpt/tools/libs/linter.py", line 158, in basic_lint
    parser = get_parser(lang)
             │          └ 'rust'
             └ <cyfunction get_parser at 0x7317ee8d2dc0>

  File "tree_sitter_languages/core.pyx", line 19, in tree_sitter_languages.core.get_parser
  File "tree_sitter_languages/core.pyx", line 14, in tree_sitter_languages.core.get_language

TypeError: __init__() takes exactly 1 argument (2 given)


During handling of the above exception, another exception occurred:


Traceback (most recent call last):

  File "/home/aludy/scires/Cloud_Spec_Exp/baselines/metagpt/launch.py", line 307, in <module>
    raise SystemExit(main())
                     └ <function main at 0x7318a5efaef0>

  File "/home/aludy/scires/Cloud_Spec_Exp/baselines/metagpt/launch.py", line 277, in main
    result = generate_repo(**supported)
             │               └ {'idea': 'Fix OCI runtime bug case youki-3293.\n\nTarget runtime: youki\nTitle: [Bug]: Ambient capabilities are not applied a...
             └ <function generate_repo at 0x7317ed521cf0>

  File "/home/aludy/scires/Cloud_Spec_Exp/external/baselines/MetaGPT/metagpt/software_company.py", line 72, in generate_repo
    asyncio.run(company.run(n_round=n_round, idea=idea))
    │       │   │       │           │             └ 'Fix OCI runtime bug case youki-3293.\n\nTarget runtime: youki\nTitle: [Bug]: Ambient capabilities are not applied as expecte...
    │       │   │       │           └ 10
    │       │   │       └ <function serialize_decorator.<locals>.wrapper at 0x7317e343c1f0>
    │       │   └ Team(env=MGXEnv(), investment=3.0, idea='Fix OCI runtime bug case youki-3293.\n\nTarget runtime: youki\nTitle: [Bug]: Ambient...
    │       └ <function run at 0x7318a3b99750>
    └ <module 'asyncio' from '/home/aludy/miniconda3/envs/metagpt/lib/python3.10/asyncio/__init__.py'>

  File "/home/aludy/miniconda3/envs/metagpt/lib/python3.10/asyncio/runners.py", line 44, in run
    return loop.run_until_complete(main)
           │    │                  └ <coroutine object serialize_decorator.<locals>.wrapper at 0x7317e3357ca0>
           │    └ <function BaseEventLoop.run_until_complete at 0x7318a3b9b130>
           └ <_UnixSelectorEventLoop running=True closed=False debug=False>
  File "/home/aludy/miniconda3/envs/metagpt/lib/python3.10/asyncio/base_events.py", line 636, in run_until_complete
    self.run_forever()
    │    └ <function BaseEventLoop.run_forever at 0x7318a3b9b0a0>
    └ <_UnixSelectorEventLoop running=True closed=False debug=False>
  File "/home/aludy/miniconda3/envs/metagpt/lib/python3.10/asyncio/base_events.py", line 603, in run_forever
    self._run_once()
    │    └ <function BaseEventLoop._run_once at 0x7318a3b9cc10>
    └ <_UnixSelectorEventLoop running=True closed=False debug=False>
  File "/home/aludy/miniconda3/envs/metagpt/lib/python3.10/asyncio/base_events.py", line 1909, in _run_once
    handle._run()
    │      └ <function Handle._run at 0x7318a3b4c280>
    └ <Handle Task.task_wakeup(<Task finishe...> result=None>)>
  File "/home/aludy/miniconda3/envs/metagpt/lib/python3.10/asyncio/events.py", line 80, in _run
    self._context.run(self._callback, *self._args)
    │    │            │    │           │    └ <member '_args' of 'Handle' objects>
    │    │            │    │           └ <Handle Task.task_wakeup(<Task finishe...> result=None>)>
    │    │            │    └ <member '_callback' of 'Handle' objects>
    │    │            └ <Handle Task.task_wakeup(<Task finishe...> result=None>)>
    │    └ <member '_context' of 'Handle' objects>
    └ <Handle Task.task_wakeup(<Task finishe...> result=None>)>

  File "/home/aludy/scires/Cloud_Spec_Exp/external/baselines/MetaGPT/metagpt/utils/common.py", line 692, in wrapper
    return await func(self, *args, **kwargs)
                 │    │      │       └ {}
                 │    │      └ ()
                 │    └ Engineer2(private_context=Context(kwargs=AttrDict(), config=Config(extra_fields=None, project_path='/home/aludy/scires/Cloud_...
                 └ <function Role.run at 0x7317e40065f0>

  File "/home/aludy/scires/Cloud_Spec_Exp/external/baselines/MetaGPT/metagpt/roles/role.py", line 548, in run
    rsp = await self.react()
                │    └ <function Role.react at 0x7317e40064d0>
                └ Engineer2(private_context=Context(kwargs=AttrDict(), config=Config(extra_fields=None, project_path='/home/aludy/scires/Cloud_...

  File "/home/aludy/scires/Cloud_Spec_Exp/external/baselines/MetaGPT/metagpt/roles/role.py", line 515, in react
    rsp = await self._react()
                │    └ <function RoleZero._react at 0x7317e3e2df30>
                └ Engineer2(private_context=Context(kwargs=AttrDict(), config=Config(extra_fields=None, project_path='/home/aludy/scires/Cloud_...

  File "/home/aludy/scires/Cloud_Spec_Exp/external/baselines/MetaGPT/metagpt/roles/di/role_zero.py", line 324, in _react
    rsp = await self._act()
                │    └ <function RoleZero._act at 0x7317e3e2dea0>
                └ Engineer2(private_context=Context(kwargs=AttrDict(), config=Config(extra_fields=None, project_path='/home/aludy/scires/Cloud_...

  File "/home/aludy/scires/Cloud_Spec_Exp/external/baselines/MetaGPT/metagpt/roles/di/role_zero.py", line 293, in _act
    outputs = await self._run_commands(commands)
                    │    │             └ [{'command_name': 'Editor.edit_file_by_replace', 'args': {'file_name': '/home/aludy/scires/Cloud_Spec_Exp/external/worktrees/...
                    │    └ <function RoleZero._run_commands at 0x7317e3e2e0e0>
                    └ Engineer2(private_context=Context(kwargs=AttrDict(), config=Config(extra_fields=None, project_path='/home/aludy/scires/Cloud_...

> File "/home/aludy/scires/Cloud_Spec_Exp/external/baselines/MetaGPT/metagpt/roles/di/role_zero.py", line 401, in _run_commands
    tool_output = tool_obj(**cmd["args"])
                  │          └ {'command_name': 'Editor.edit_file_by_replace', 'args': {'file_name': '/home/aludy/scires/Cloud_Spec_Exp/external/worktrees/o...
                  └ <bound method Editor.edit_file_by_replace of Editor(resource=EditorReporter(block=<BlockType.EDITOR: 'Editor'>, uuid=UUID('59...

  File "/home/aludy/scires/Cloud_Spec_Exp/external/baselines/MetaGPT/metagpt/tools/libs/editor.py", line 814, in edit_file_by_replace
    ret_str = self._edit_file_impl(
              │    └ <function Editor._edit_file_impl at 0x7317ee839120>
              └ Editor(resource=EditorReporter(block=<BlockType.EDITOR: 'Editor'>, uuid=UUID('59b4369d-c1cb-4166-bc98-93e2af580e82'), enable_...

  File "/home/aludy/scires/Cloud_Spec_Exp/external/baselines/MetaGPT/metagpt/tools/libs/editor.py", line 667, in _edit_file_impl
    guidance_message = self._get_indentation_info(content, start or len(lines))
                       │    │                     │        └ 80
                       │    │                     └ '    // placeholder_for_nnp'
                       │    └ <function Editor._get_indentation_info at 0x7317ee839090>
                       └ Editor(resource=EditorReporter(block=<BlockType.EDITOR: 'Editor'>, uuid=UUID('59b4369d-c1cb-4166-bc98-93e2af580e82'), enable_...

  File "/home/aludy/scires/Cloud_Spec_Exp/external/baselines/MetaGPT/metagpt/tools/libs/editor.py", line 495, in _get_indentation_info
    pre_line = content_lines[first_line - 2] if first_line - 2 >= 0 else ""
               │             │                  └ 80
               │             └ 80
               └ ['    // placeholder_for_nnp']

IndexError: list index out of range
2026-07-25 17:03:50.864 | INFO     | metagpt.roles.di.role_zero:_act:294 - Commands outputs: 
Command Editor.edit_file_by_replace executed: Traceback (most recent call last):
  File "/home/aludy/scires/Cloud_Spec_Exp/external/baselines/MetaGPT/metagpt/tools/libs/editor.py", line 563, in _edit_file_impl
    original_lint_error, _ = self._lint_file(file_name)
  File "/home/aludy/scires/Cloud_Spec_Exp/external/baselines/MetaGPT/metagpt/tools/libs/editor.py", line 211, in _lint_file
    lint_error = linter.lint(str(file_path))
  File "/home/aludy/scires/Cloud_Spec_Exp/external/baselines/MetaGPT/metagpt/tools/libs/linter.py", line 98, in lint
    linkres = basic_lint(absolute_fname, code)
  File "/home/aludy/scires/Cloud_Spec_Exp/external/baselines/MetaGPT/metagpt/tools/libs/linter.py", line 158, in basic_lint
    parser = get_parser(lang)
  File "tree_sitter_languages/core.pyx", line 19, in tree_sitter_languages.core.get_parser
  File "tree_sitter_languages/core.pyx", line 14, in tree_sitter_languages.core.get_language
TypeError: __init__() takes exactly 1 argument (2 given)

During handling of the above exception, another exception occurred:

Traceback (most recent call last):
  File "/home/aludy/scires/Cloud_Spec_Exp/external/baselines/MetaGPT/metagpt/roles/di/role_zero.py", line 401, in _run_commands
    tool_output = tool_obj(**cmd["args"])
  File "/home/aludy/scires/Cloud_Spec_Exp/external/baselines/MetaGPT/metagpt/tools/libs/editor.py", line 814, in edit_file_by_replace
    ret_str = self._edit_file_impl(
  File "/home/aludy/scires/Cloud_Spec_Exp/external/baselines/MetaGPT/metagpt/tools/libs/editor.py", line 667, in _edit_file_impl
    guidance_message = self._get_indentation_info(content, start or len(lines))
  File "/home/aludy/scires/Cloud_Spec_Exp/external/baselines/MetaGPT/metagpt/tools/libs/editor.py", line 495, in _get_indentation_info
    pre_line = content_lines[first_line - 2] if first_line - 2 >= 0 else ""
IndexError: list index out of range

2026-07-25 17:03:55.095 | INFO     | metagpt.roles.di.role_zero:_act:292 - Commands: 
[{'command_name': 'Terminal.run_command', 'args': {'cmd': "cd /home/aludy/scires/Cloud_Spec_Exp/external/worktrees/oci-metagpt-agentless-mini-rerun/metagpt/youki-3293 && sed -n '70,100p' crates/libcontainer/src/process/init/process.rs && echo '=== CAPABILITIES SECTION ===' && sed -n '335,360p' crates/libcontainer/src/process/init/process.rs && echo '=== END ===' && wc -l crates/libcontainer/src/process/init/process.rs"}}]
2026-07-25 17:03:55.119 | INFO     | metagpt.roles.di.role_zero:_act:294 - Commands outputs: 
Command Terminal.run_command executed:
[command]: cd /home/aludy/scires/Cloud_Spec_Exp/external/worktrees/oci-metagpt-agentless-mini-rerun/metagpt/youki-3293 && sed -n '70,100p' crates/libcontainer/src/process/init/process.rs && echo '=== CAPABILITIES SECTION ===' && sed -n '335,360p' crates/libcontainer/src/process/init/process.rs && echo '=== END ===' && wc -l crates/libcontainer/src/process/init/process.rs 
[command output] :             close(stdout).map_err(InitProcessError::NixOther)?;
        }
        if let Some(stderr) = args.stderr {
            dup2(stderr, 2).map_err(InitProcessError::NixOther)?;
            close(stderr).map_err(InitProcessError::NixOther)?;
        }
    }

    apply_rest_namespaces(&ctx.ns, ctx.spec, ctx.syscall.as_ref())?;

    if let Some(true) = ctx.process.no_new_privileges() {
        let _ = prctl::set_no_new_privileges(true);
    }

    if matches!(args.container_type, ContainerType::InitContainer) {
        let in_user_ns = utils::is_in_new_userns().map_err(InitProcessError::Io)?;
        let bind_service = ctx.ns.get(LinuxNamespaceType::User)?.is_some() || in_user_ns;
        let rootfs = RootFS::new();
        rootfs
            .prepare_rootfs(
                ctx.spec,
                ctx.rootfs,
                bind_service,
                ctx.ns.get(LinuxNamespaceType::Cgroup)?.is_some(),
            )
            .map_err(|err| {
                tracing::error!(?err, "failed to prepare rootfs");
                InitProcessError::RootFS(err)
            })?;

        if let Some(hooks) = ctx.hooks {
=== CAPABILITIES SECTION ===
    #[cfg(not(feature = "libseccomp"))]
    if ctx.process.no_new_privileges().is_none() {
        tracing::warn!("seccomp not available, unable to enforce no_new_privileges!")
    }

    capabilities::reset_effective(ctx.syscall.as_ref()).map_err(|err| {
        tracing::error!(?err, "failed to reset effective capabilities");
        InitProcessError::SyscallOther(err)
    })?;
    if let Some(caps) = ctx.process.capabilities() {
        capabilities::drop_privileges(caps, ctx.syscall.as_ref()).map_err(|err| {
            tracing::error!(?err, "failed to drop capabilities");
            InitProcessError::SyscallOther(err)
        })?;
    }

    // Change directory to process.cwd if process.cwd is not empty
    if do_chdir {
        unistd::chdir(ctx.process.cwd()).map_err(|err| {
            let cwd = ctx.process.cwd();
            tracing::error!(?err, ?cwd, "failed to chdir to cwd");
            InitProcessError::NixOther(err)
        })?;
    }

    // Ensure that the current working directory is actually inside the container.
=== END ===
1319 crates/libcontainer/src/process/init/process.rs

2026-07-25 17:04:11.590 | INFO     | metagpt.roles.di.role_zero:_act:292 - Commands: 
[{'command_name': 'Terminal.run_command', 'args': {'cmd': "cd /home/aludy/scires/Cloud_Spec_Exp/external/worktrees/oci-metagpt-agentless-mini-rerun/metagpt/youki-3293 && sed -i '80,82d' crates/libcontainer/src/process/init/process.rs && sed -n '78,85p' crates/libcontainer/src/process/init/process.rs && echo '---' && wc -l crates/libcontainer/src/process/init/process.rs"}}]
2026-07-25 17:04:11.595 | INFO     | metagpt.roles.di.role_zero:_act:294 - Commands outputs: 
Command Terminal.run_command executed:
[command]: cd /home/aludy/scires/Cloud_Spec_Exp/external/worktrees/oci-metagpt-agentless-mini-rerun/metagpt/youki-3293 && sed -i '80,82d' crates/libcontainer/src/process/init/process.rs && sed -n '78,85p' crates/libcontainer/src/process/init/process.rs && echo '---' && wc -l crates/libcontainer/src/process/init/process.rs 
[command output] :     apply_rest_namespaces(&ctx.ns, ctx.spec, ctx.syscall.as_ref())?;


    if matches!(args.container_type, ContainerType::InitContainer) {
        let in_user_ns = utils::is_in_new_userns().map_err(InitProcessError::Io)?;
        let bind_service = ctx.ns.get(LinuxNamespaceType::User)?.is_some() || in_user_ns;
        let rootfs = RootFS::new();
        rootfs
---
1316 crates/libcontainer/src/process/init/process.rs

2026-07-25 17:04:14.522 | INFO     | metagpt.roles.di.role_zero:_act:292 - Commands: 
[{'command_name': 'Terminal.run_command', 'args': {'cmd': "cd /home/aludy/scires/Cloud_Spec_Exp/external/worktrees/oci-metagpt-agentless-mini-rerun/metagpt/youki-3293 && sed -n '338,365p' crates/libcontainer/src/process/init/process.rs"}}]
2026-07-25 17:04:14.524 | INFO     | metagpt.roles.di.role_zero:_act:294 - Commands outputs: 
Command Terminal.run_command executed:
[command]: cd /home/aludy/scires/Cloud_Spec_Exp/external/worktrees/oci-metagpt-agentless-mini-rerun/metagpt/youki-3293 && sed -n '338,365p' crates/libcontainer/src/process/init/process.rs 
[command output] :         tracing::error!(?err, "failed to reset effective capabilities");
        InitProcessError::SyscallOther(err)
    })?;
    if let Some(caps) = ctx.process.capabilities() {
        capabilities::drop_privileges(caps, ctx.syscall.as_ref()).map_err(|err| {
            tracing::error!(?err, "failed to drop capabilities");
            InitProcessError::SyscallOther(err)
        })?;
    }

    // Change directory to process.cwd if process.cwd is not empty
    if do_chdir {
        unistd::chdir(ctx.process.cwd()).map_err(|err| {
            let cwd = ctx.process.cwd();
            tracing::error!(?err, ?cwd, "failed to chdir to cwd");
            InitProcessError::NixOther(err)
        })?;
    }

    // Ensure that the current working directory is actually inside the container.
    verify_cwd().map_err(|err| {
        tracing::error!(?err, "failed to verify cwd");
        err
    })?;

    // Initialize seccomp profile right before we are ready to execute the
    // payload so as few syscalls will happen between here and payload exec. The
    // notify socket will still need network related syscalls.

2026-07-25 17:04:19.436 | INFO     | metagpt.roles.di.role_zero:_act:292 - Commands: 
[{'command_name': 'Terminal.run_command', 'args': {'cmd': 'cd /home/aludy/scires/Cloud_Spec_Exp/external/worktrees/oci-metagpt-agentless-mini-rerun/metagpt/youki-3293 && grep -n "capabilities::drop_privileges" crates/libcontainer/src/process/init/process.rs'}}]
2026-07-25 17:04:19.439 | INFO     | metagpt.roles.di.role_zero:_act:294 - Commands outputs: 
Command Terminal.run_command executed:
[command]: cd /home/aludy/scires/Cloud_Spec_Exp/external/worktrees/oci-metagpt-agentless-mini-rerun/metagpt/youki-3293 && grep -n "capabilities::drop_privileges" crates/libcontainer/src/process/init/process.rs 
[command output] : 342:        capabilities::drop_privileges(caps, ctx.syscall.as_ref()).map_err(|err| {

2026-07-25 17:04:24.651 | INFO     | metagpt.roles.di.role_zero:_act:292 - Commands: 
[{'command_name': 'Terminal.run_command', 'args': {'cmd': "cd /home/aludy/scires/Cloud_Spec_Exp/external/worktrees/oci-metagpt-agentless-mini-rerun/metagpt/youki-3293 && sed -n '338,350p' crates/libcontainer/src/process/init/process.rs && echo '---' && nl -ba crates/libcontainer/src/process/init/process.rs | sed -n '336,350p'"}}]
2026-07-25 17:04:24.657 | INFO     | metagpt.roles.di.role_zero:_act:294 - Commands outputs: 
Command Terminal.run_command executed:
[command]: cd /home/aludy/scires/Cloud_Spec_Exp/external/worktrees/oci-metagpt-agentless-mini-rerun/metagpt/youki-3293 && sed -n '338,350p' crates/libcontainer/src/process/init/process.rs && echo '---' && nl -ba crates/libcontainer/src/process/init/process.rs | sed -n '336,350p' 
[command output] :         tracing::error!(?err, "failed to reset effective capabilities");
        InitProcessError::SyscallOther(err)
    })?;
    if let Some(caps) = ctx.process.capabilities() {
        capabilities::drop_privileges(caps, ctx.syscall.as_ref()).map_err(|err| {
            tracing::error!(?err, "failed to drop capabilities");
            InitProcessError::SyscallOther(err)
        })?;
    }

    // Change directory to process.cwd if process.cwd is not empty
    if do_chdir {
        unistd::chdir(ctx.process.cwd()).map_err(|err| {
---
   336	
   337	    capabilities::reset_effective(ctx.syscall.as_ref()).map_err(|err| {
   338	        tracing::error!(?err, "failed to reset effective capabilities");
   339	        InitProcessError::SyscallOther(err)
   340	    })?;
   341	    if let Some(caps) = ctx.process.capabilities() {
   342	        capabilities::drop_privileges(caps, ctx.syscall.as_ref()).map_err(|err| {
   343	            tracing::error!(?err, "failed to drop capabilities");
   344	            InitProcessError::SyscallOther(err)
   345	        })?;
   346	    }
   347	
   348	    // Change directory to process.cwd if process.cwd is not empty
   349	    if do_chdir {
   350	        unistd::chdir(ctx.process.cwd()).map_err(|err| {

2026-07-25 17:04:28.639 | INFO     | metagpt.roles.di.role_zero:_act:292 - Commands: 
[{'command_name': 'Terminal.run_command', 'args': {'cmd': "cd /home/aludy/scires/Cloud_Spec_Exp/external/worktrees/oci-metagpt-agentless-mini-rerun/metagpt/youki-3293 && sed -i '346 a\\    if let Some(true) = ctx.process.no_new_privileges() {\\n        let _ = prctl::set_no_new_privileges(true);\\n    }' crates/libcontainer/src/process/init/process.rs && sed -n '345,355p' crates/libcontainer/src/process/init/process.rs"}}]
2026-07-25 17:04:28.643 | INFO     | metagpt.roles.di.role_zero:_act:294 - Commands outputs: 
Command Terminal.run_command executed:
[command]: cd /home/aludy/scires/Cloud_Spec_Exp/external/worktrees/oci-metagpt-agentless-mini-rerun/metagpt/youki-3293 && sed -i '346 a\    if let Some(true) = ctx.process.no_new_privileges() {\n        let _ = prctl::set_no_new_privileges(true);\n    }' crates/libcontainer/src/process/init/process.rs && sed -n '345,355p' crates/libcontainer/src/process/init/process.rs 
[command output] :         })?;
    }
    if let Some(true) = ctx.process.no_new_privileges() {
        let _ = prctl::set_no_new_privileges(true);
    }

    // Change directory to process.cwd if process.cwd is not empty
    if do_chdir {
        unistd::chdir(ctx.process.cwd()).map_err(|err| {
            let cwd = ctx.process.cwd();
            tracing::error!(?err, ?cwd, "failed to chdir to cwd");

2026-07-25 17:04:32.534 | INFO     | metagpt.roles.di.role_zero:_act:292 - Commands: 
[{'command_name': 'Terminal.run_command', 'args': {'cmd': 'cd /home/aludy/scires/Cloud_Spec_Exp/external/worktrees/oci-metagpt-agentless-mini-rerun/metagpt/youki-3293 && cargo build --release 2>&1 | tail -20'}}]
Timeout (0:05:00)!
Thread 0x00007317e27626c0 (most recent call first):
  File "/home/aludy/miniconda3/envs/metagpt/lib/python3.10/asyncio/unix_events.py", line 1392 in _do_waitpid
  File "/home/aludy/miniconda3/envs/metagpt/lib/python3.10/threading.py", line 953 in run
  File "/home/aludy/miniconda3/envs/metagpt/lib/python3.10/threading.py", line 1016 in _bootstrap_inner
  File "/home/aludy/miniconda3/envs/metagpt/lib/python3.10/threading.py", line 973 in _bootstrap

Thread 0x00007317e30636c0 (most recent call first):
  File "/home/aludy/miniconda3/envs/metagpt/lib/python3.10/concurrent/futures/thread.py", line 81 in _worker
  File "/home/aludy/miniconda3/envs/metagpt/lib/python3.10/threading.py", line 953 in run
  File "/home/aludy/miniconda3/envs/metagpt/lib/python3.10/threading.py", line 1016 in _bootstrap_inner
  File "/home/aludy/miniconda3/envs/metagpt/lib/python3.10/threading.py", line 973 in _bootstrap

Thread 0x00007318a669b740 (most recent call first):
  File "/home/aludy/miniconda3/envs/metagpt/lib/python3.10/selectors.py", line 469 in select
  File "/home/aludy/miniconda3/envs/metagpt/lib/python3.10/asyncio/base_events.py", line 1871 in _run_once
  File "/home/aludy/miniconda3/envs/metagpt/lib/python3.10/asyncio/base_events.py", line 603 in run_forever
  File "/home/aludy/miniconda3/envs/metagpt/lib/python3.10/asyncio/base_events.py", line 636 in run_until_complete
  File "/home/aludy/miniconda3/envs/metagpt/lib/python3.10/asyncio/runners.py", line 44 in run
  File "/home/aludy/scires/Cloud_Spec_Exp/external/baselines/MetaGPT/metagpt/software_company.py", line 72 in generate_repo
  File "/home/aludy/scires/Cloud_Spec_Exp/baselines/metagpt/launch.py", line 277 in main
  File "/home/aludy/scires/Cloud_Spec_Exp/baselines/metagpt/launch.py", line 307 in <module>
