Starting MetaGPT incremental repair mode.
2026-07-25 14:51:20.860 | INFO     | metagpt.const:get_metagpt_root:25 - PROJECT_ROOT set from environment variable to /home/aludy/scires/Cloud_Spec_Exp/external/baselines/MetaGPT
2026-07-25 14:51:20.860 | INFO     | metagpt.const:get_metagpt_package_root:15 - Package root set to /home/aludy/scires/Cloud_Spec_Exp/external/baselines/MetaGPT
/home/aludy/miniconda3/envs/metagpt/lib/python3.10/site-packages/pydantic/main.py:214: UserWarning: A custom validator is returning a value other than `self`.
Returning anything other than `self` from a top level model validator isn't supported when validating via `__init__`.
See the `model_validator` docs (https://docs.pydantic.dev/latest/concepts/validators/#model-validators) for more details.
  warnings.warn(
2026-07-25 14:51:24.986 | INFO     | metagpt.team:invest:96 - Investment: $3.0.
2026-07-25 14:51:40.758 | INFO     | metagpt.roles.di.role_zero:_act:292 - Commands: 
[{'command_name': 'Plan.append_task', 'args': {'task_id': '1', 'dependent_task_ids': [], 'instruction': "Fix OCI runtime bug case crun-1099 in the crun runtime. This involves:\n\n1. Change to the writable target repository and run required first command:\n   cd /home/aludy/scires/Cloud_Spec_Exp/external/worktrees/oci-metagpt-agentless-mini-rerun/metagpt/crun-1099 && git rev-parse HEAD && git status --short\n\n2. Investigate the bug: The issue is that `--device`s are bind-mounted instead of properly precreated on the host. The upstream issue is: https://github.com/containers/crun/issues/1099\n\n3. The reproduction bundle is at: /home/aludy/scires/Cloud_Spec_Exp/external/oci-differential-dataset/cases/crun-1099\n\n4. The buggy version is identified as commit f23cd154b037 (parent of the fix commit 234d77c96fc4). The fix commit 234d77c96fc4 has message 'linux: precreate devices on the host'.\n\n5. Study the fix commit diff (234d77c96fc4) and apply equivalent changes to the current codebase in the writable repository.\n\n6. Build using: ./autogen.sh && ./configure && make -j$(nproc)\n\n7. Run reproduction from the bundle directory to verify the fix works:\n   cd /home/aludy/scires/Cloud_Spec_Exp/external/oci-differential-dataset/cases/crun-1099 && bash repro.sh\n\n8. Collect git diff from the writable repository showing all changes.\n\nIMPORTANT: All edits must be inside the writable target repository: /home/aludy/scires/Cloud_Spec_Exp/external/worktrees/oci-metagpt-agentless-mini-rerun/metagpt/crun-1099\n\nThe rootfs tar is at: /home/aludy/scires/Cloud_Spec_Exp/external/oci-differential-dataset/alpine-base.tar.gz", 'assignee': 'Alex'}}, {'command_name': 'TeamLeader.publish_message', 'args': {'content': "Fix OCI runtime bug case crun-1099 in the crun runtime. This involves:\n\n1. Change to the writable target repository and run required first command:\n   cd /home/aludy/scires/Cloud_Spec_Exp/external/worktrees/oci-metagpt-agentless-mini-rerun/metagpt/crun-1099 && git rev-parse HEAD && git status --short\n\n2. Investigate the bug: The issue is that `--device`s are bind-mounted instead of properly precreated on the host. The upstream issue is: https://github.com/containers/crun/issues/1099\n\n3. The reproduction bundle is at: /home/aludy/scires/Cloud_Spec_Exp/external/oci-differential-dataset/cases/crun-1099\n\n4. The buggy version is identified as commit f23cd154b037 (parent of the fix commit 234d77c96fc4). The fix commit 234d77c96fc4 has message 'linux: precreate devices on the host'.\n\n5. Study the fix commit diff (234d77c96fc4) and apply equivalent changes to the current codebase in the writable repository.\n\n6. Build using: ./autogen.sh && ./configure && make -j$(nproc)\n\n7. Run reproduction from the bundle directory to verify the fix works:\n   cd /home/aludy/scires/Cloud_Spec_Exp/external/oci-differential-dataset/cases/crun-1099 && bash repro.sh\n\n8. Collect git diff from the writable repository showing all changes.\n\nIMPORTANT: All edits must be inside the writable target repository: /home/aludy/scires/Cloud_Spec_Exp/external/worktrees/oci-metagpt-agentless-mini-rerun/metagpt/crun-1099\n\nThe rootfs tar is at: /home/aludy/scires/Cloud_Spec_Exp/external/oci-differential-dataset/alpine-base.tar.gz", 'send_to': 'Alex'}}, {'command_name': 'RoleZero.reply_to_human', 'args': {'content': "I have assigned the OCI runtime bug fix task (crun-1099) to Alex, our Engineer. The task involves investigating the device bind-mount issue in the crun runtime, studying the upstream fix commit (234d77c96fc4 with message 'linux: precreate devices on the host'), applying equivalent changes to the writable target repository, building the runtime, and validating the fix against the reproduction case. Alex will work on this now and report back with the results."}}]
2026-07-25 14:51:40.759 | INFO     | metagpt.roles.di.role_zero:_act:294 - Commands outputs: 
Command Plan.append_task executed

Command TeamLeader.publish_message executed

Command RoleZero.reply_to_human executed: SUCCESS, human has received your reply. Refrain from resending duplicate messages.  If you no longer need to take action, use the command ‘end’ to stop.
2026-07-25 14:51:40.762 | INFO     | metagpt.tools.libs.terminal:_check_state:65 - The terminal is at:
2026-07-25 14:51:44.237 | INFO     | metagpt.roles.di.role_zero:_act:292 - Commands: 
[{'command_name': 'Terminal.run_command', 'args': {'cmd': 'cd /home/aludy/scires/Cloud_Spec_Exp/external/worktrees/oci-metagpt-agentless-mini-rerun/metagpt/crun-1099 && git rev-parse HEAD && git status --short'}}]
2026-07-25 14:51:44.266 | INFO     | metagpt.roles.di.role_zero:_act:294 - Commands outputs: 
Command Terminal.run_command executed:
[command]: cd /home/aludy/scires/Cloud_Spec_Exp/external/worktrees/oci-metagpt-agentless-mini-rerun/metagpt/crun-1099 && git rev-parse HEAD && git status --short 
[command output] : f23cd154b0373a1606137778779660258f068ce4

2026-07-25 14:51:51.129 | INFO     | metagpt.roles.di.role_zero:_act:292 - Commands: 
[{'command_name': 'Terminal.run_command', 'args': {'cmd': 'cd /home/aludy/scires/Cloud_Spec_Exp/external/worktrees/oci-metagpt-agentless-mini-rerun/metagpt/crun-1099 && git log --oneline -5'}}, {'command_name': 'Terminal.run_command', 'args': {'cmd': "cd /home/aludy/scires/Cloud_Spec_Exp/external/worktrees/oci-metagpt-agentless-mini-rerun/metagpt/crun-1099 && find . -type f -name '*.c' -o -name '*.h' | xargs grep -l 'device' 2>/dev/null"}}, {'command_name': 'Terminal.run_command', 'args': {'cmd': 'cd /home/aludy/scires/Cloud_Spec_Exp/external/worktrees/oci-metagpt-agentless-mini-rerun/metagpt/crun-1099 && ls -la'}}]
2026-07-25 14:51:51.145 | INFO     | metagpt.roles.di.role_zero:_act:294 - Commands outputs: 
Command Terminal.run_command executed:
[command]: cd /home/aludy/scires/Cloud_Spec_Exp/external/worktrees/oci-metagpt-agentless-mini-rerun/metagpt/crun-1099 && git log --oneline -5 
[command output] : f23cd154 utils: add functions to read overflow IDs
85767be1 linux: remove duplicate slash
1e29136f linux: generalize fsopen_mount
a186e8a0 linux: add dirfd argument to get_bind_mount
7e42a185 linux: add infra to send devices mounts


Command Terminal.run_command executed:
[command]: cd /home/aludy/scires/Cloud_Spec_Exp/external/worktrees/oci-metagpt-agentless-mini-rerun/metagpt/crun-1099 && find . -type f -name '*.c' -o -name '*.h' | xargs grep -l 'device' 2>/dev/null 
[command output] : ./src/libcrun/linux.h
./src/libcrun/criu.c
./src/libcrun/handlers/krun.c
./src/libcrun/cgroup-resources.c
./src/libcrun/linux.c
./src/libcrun/container.c
./src/libcrun/ebpf.c


Command Terminal.run_command executed:
[command]: cd /home/aludy/scires/Cloud_Spec_Exp/external/worktrees/oci-metagpt-agentless-mini-rerun/metagpt/crun-1099 && ls -la 
[command output] : total 316
drwxr-xr-x 12 aludy aludy  4096 Jul 25 14:51 .
drwxr-xr-x 10 aludy aludy  4096 Jul 25 14:51 ..
-rw-r--r--  1 aludy aludy  3394 Jul 25 14:51 .clang-format
-rw-r--r--  1 aludy aludy   149 Jul 25 14:51 .codespellrc
lrwxrwxrwx  1 aludy aludy     4 Jul 25 14:51 .copr -> rpm/
-rw-r--r--  1 aludy aludy    91 Jul 25 14:51 .git
drwxr-xr-x  3 aludy aludy  4096 Jul 25 14:51 .github
-rw-r--r--  1 aludy aludy   801 Jul 25 14:51 .gitignore
-rw-r--r--  1 aludy aludy    96 Jul 25 14:51 .gitmodules
-rw-r--r--  1 aludy aludy    97 Jul 25 14:51 .lgtm.yml
-rw-r--r--  1 aludy aludy   185 Jul 25 14:51 CODE-OF-CONDUCT.md
-rw-r--r--  1 aludy aludy 18092 Jul 25 14:51 COPYING
-rw-r--r--  1 aludy aludy 26530 Jul 25 14:51 COPYING.libcrun
-rw-r--r--  1 aludy aludy  4608 Jul 25 14:51 GNUmakefile
-rw-r--r--  1 aludy aludy  8796 Jul 25 14:51 Makefile.am
-rw-r--r--  1 aludy aludy 21019 Jul 25 14:51 NEWS
-rw-r--r--  1 aludy aludy  5695 Jul 25 14:51 README.md
-rw-r--r--  1 aludy aludy   238 Jul 25 14:51 SECURITY.md
-rwxr-xr-x  1 aludy aludy   205 Jul 25 14:51 autogen.sh
drwxr-xr-x  2 aludy aludy  4096 Jul 25 14:51 build-aux
-rw-r--r--  1 aludy aludy   784 Jul 25 14:51 cfg.mk
-rw-r--r--  1 aludy aludy 10499 Jul 25 14:51 configure.ac
drwxr-xr-x  7 aludy aludy  4096 Jul 25 14:51 contrib
-rw-r--r--  1 aludy aludy 21231 Jul 25 14:51 crun.1
-rw-r--r--  1 aludy aludy 19170 Jul 25 14:51 crun.1.md
drwxr-xr-x  2 aludy aludy  4096 Jul 25 14:51 docs
-rw-r--r--  1 aludy aludy   257 Jul 25 14:51 libcrun.lds
drwxr-xr-x  2 aludy aludy  4096 Jul 25 14:51 libocispec
-rw-r--r--  1 aludy aludy 67619 Jul 25 14:51 maint.mk
drwxr-xr-x  2 aludy aludy  4096 Jul 25 14:51 nix
drwxr-xr-x  2 aludy aludy  4096 Jul 25 14:51 python
drwxr-xr-x  2 aludy aludy  4096 Jul 25 14:51 rpm
drwxr-xr-x  3 aludy aludy  4096 Jul 25 14:51 src
drwxr-xr-x 15 aludy aludy  4096 Jul 25 14:51 tests

2026-07-25 14:51:53.658 | INFO     | metagpt.roles.di.role_zero:_act:292 - Commands: 
[{'command_name': 'Terminal.run_command', 'args': {'cmd': 'cd /home/aludy/scires/Cloud_Spec_Exp/external/worktrees/oci-metagpt-agentless-mini-rerun/metagpt/crun-1099 && git show 234d77c96fc4 --stat'}}, {'command_name': 'Terminal.run_command', 'args': {'cmd': 'cd /home/aludy/scires/Cloud_Spec_Exp/external/worktrees/oci-metagpt-agentless-mini-rerun/metagpt/crun-1099 && git show 234d77c96fc4'}}]
2026-07-25 14:51:53.677 | INFO     | metagpt.roles.di.role_zero:_act:294 - Commands outputs: 
Command Terminal.run_command executed:
[command]: cd /home/aludy/scires/Cloud_Spec_Exp/external/worktrees/oci-metagpt-agentless-mini-rerun/metagpt/crun-1099 && git show 234d77c96fc4 --stat 
[command output] : commit 234d77c96fc4aebb46d35fdcf820a00e4dd79e77
Author: Giuseppe Scrivano <gscrivan@redhat.com>
Date:   Mon Dec 19 14:52:02 2022 +0100

    linux: precreate devices on the host
    
    when a user namespace is created, the user loses the ability of
    creating device nodes thus only bind mounting them from the host is
    permitted.  Precreate the device nodes on the host so that we can
    honor the permissions and the file mode bits specified in the OCI
    spec, create the mount from the host and then bind mount them into the
    user namespace.
    
    Closes: https://github.com/containers/crun/pull/1099
    
    Signed-off-by: Giuseppe Scrivano <gscrivan@redhat.com>

 src/libcrun/handlers/krun.c |   4 +-
 src/libcrun/linux.c         | 162 +++++++++++++++++++++++++++++++++++++++++---
 src/libcrun/linux.h         |   2 +-
 tests/test_devices.py       |  32 +++++++++
 4 files changed, 188 insertions(+), 12 deletions(-)


Command Terminal.run_command executed:
[command]: cd /home/aludy/scires/Cloud_Spec_Exp/external/worktrees/oci-metagpt-agentless-mini-rerun/metagpt/crun-1099 && git show 234d77c96fc4 
[command output] : commit 234d77c96fc4aebb46d35fdcf820a00e4dd79e77
Author: Giuseppe Scrivano <gscrivan@redhat.com>
Date:   Mon Dec 19 14:52:02 2022 +0100

    linux: precreate devices on the host
    
    when a user namespace is created, the user loses the ability of
    creating device nodes thus only bind mounting them from the host is
    permitted.  Precreate the device nodes on the host so that we can
    honor the permissions and the file mode bits specified in the OCI
    spec, create the mount from the host and then bind mount them into the
    user namespace.
    
    Closes: https://github.com/containers/crun/pull/1099
    
    Signed-off-by: Giuseppe Scrivano <gscrivan@redhat.com>

diff --git a/src/libcrun/handlers/krun.c b/src/libcrun/handlers/krun.c
index 5ae3371d..6589cc60 100644
--- a/src/libcrun/handlers/krun.c
+++ b/src/libcrun/handlers/krun.c
@@ -239,13 +239,13 @@ libkrun_configure_container (void *cookie, enum handler_configure_phase phase,
     return ret;
   is_user_ns = ret;
 
-  ret = libcrun_create_dev (container, devfd, &kvm_device, is_user_ns, true, err);
+  ret = libcrun_create_dev (container, devfd, -1, &kvm_device, is_user_ns, true, err);
   if (UNLIKELY (ret < 0))
     return ret;
 
   if (create_sev)
     {
-      ret = libcrun_create_dev (container, devfd, &sev_device, is_user_ns, true, err);
+      ret = libcrun_create_dev (container, devfd, -1, &sev_device, is_user_ns, true, err);
       if (UNLIKELY (ret < 0))
         return ret;
     }
diff --git a/src/libcrun/linux.c b/src/libcrun/linux.c
index 8eef0766..ec953849 100644
--- a/src/libcrun/linux.c
+++ b/src/libcrun/linux.c
@@ -1470,8 +1470,9 @@ relative_path_under_dev (const char *path)
 }
 
 int
-libcrun_create_dev (libcrun_container_t *container, int devfd, struct device_s *device,
-                    bool binds, bool ensure_parent_dir, libcrun_error_t *err)
+libcrun_create_dev (libcrun_container_t *container, int devfd, int srcfd,
+                    struct device_s *device, bool binds, bool ensure_parent_dir,
+                    libcrun_error_t *err)
 {
   int ret;
   dev_t dev;
@@ -1508,6 +1509,13 @@ libcrun_create_dev (libcrun_container_t *container, int devfd, struct device_s *
             return fd;
         }
 
+      if (srcfd >= 0)
+        {
+          ret = syscall_move_mount (srcfd, "", fd, "", MOVE_MOUNT_T_EMPTY_PATH | MOVE_MOUNT_F_EMPTY_PATH);
+          if (LIKELY (ret >= 0))
+            return 0;
+        }
+
       ret = do_mount (container, fullname, fd, device->path, NULL, MS_BIND | MS_PRIVATE | MS_NOEXEC | MS_NOSUID, NULL, LABEL_MOUNT, err);
       if (UNLIKELY (ret < 0))
         return ret;
@@ -1627,6 +1635,10 @@ create_missing_devs (libcrun_container_t *container, bool binds, libcrun_error_t
   runtime_spec_schema_config_schema *def = container->container_def;
   const char *rootfs = get_private_data (container)->rootfs;
   int rootfsfd = get_private_data (container)->rootfsfd;
+  cleanup_close_map struct libcrun_fd_map *dev_fds = NULL;
+
+  dev_fds = get_private_data (container)->dev_fds;
+  get_private_data (container)->dev_fds = NULL;
 
   devfd = openat (rootfsfd, "dev", O_RDONLY | O_DIRECTORY);
   if (UNLIKELY (devfd < 0))
@@ -1646,7 +1658,7 @@ create_missing_devs (libcrun_container_t *container, bool binds, libcrun_error_t
 
       if (! def->linux->devices[i]->file_mode_present)
         device.mode = 0666;
-      ret = libcrun_create_dev (container, devfd, &device, binds, true, err);
+      ret = libcrun_create_dev (container, devfd, dev_fds->fds[i], &device, binds, true, err);
       if (UNLIKELY (ret < 0))
         return ret;
     }
@@ -1654,7 +1666,7 @@ create_missing_devs (libcrun_container_t *container, bool binds, libcrun_error_t
   for (it = needed_devs; it->path; it++)
     {
       /* make sure the parent directory exists only on the first iteration.  */
-      ret = libcrun_create_dev (container, devfd, it, binds, it == needed_devs, err);
+      ret = libcrun_create_dev (container, devfd, -1, it, binds, it == needed_devs, err);
       if (UNLIKELY (ret < 0))
         return ret;
     }
@@ -3774,6 +3786,62 @@ is_bind_mount (runtime_spec_schema_defs_mount *mnt)
   return false;
 }
 
+static uid_t
+get_id_in_user_namespace (uid_t id, bool is_uid, runtime_spec_schema_config_schema *def)
+{
+  runtime_spec_schema_defs_id_mapping **mappings;
+  size_t len;
+  size_t i;
+
+  mappings = is_uid ? def->linux->uid_mappings : def->linux->gid_mappings;
+  len = is_uid ? def->linux->uid_mappings_len : def->linux->gid_mappings_len;
+
+  for (i = 0; i < len; i++)
+    {
+      if (mappings[i]->container_id <= id
+          && id < mappings[i]->container_id + mappings[i]->size)
+        return id - mappings[i]->container_id + mappings[i]->host_id;
+    }
+
+  return is_uid ? get_overflow_uid () : get_overflow_gid ();
+}
+
+static int
+precreate_device (libcrun_container_t *container, int devs_dirfd, size_t i, libcrun_error_t *err)
+{
+  runtime_spec_schema_config_schema *def = container->container_def;
+  runtime_spec_schema_defs_linux_device *device;
+  uid_t uid = get_overflow_uid ();
+  gid_t gid = get_overflow_gid ();
+  char name[64];
+  mode_t type;
+  dev_t dev;
+  int ret;
+
+  snprintf (name, sizeof (name), "%zu", i);
+
+  device = def->linux->devices[i];
+
+  type = (device->type[0] == 'b') ? S_IFBLK : ((device->type[0] == 'p') ? S_IFIFO : S_IFCHR);
+  dev = makedev (device->major, device->minor);
+
+  ret = mknodat (devs_dirfd, name, device->file_mode | type, dev);
+  if (UNLIKELY (ret < 0))
+    return crun_make_error (err, errno, "mknod `%s`", device->path);
+
+  if (def->linux)
+    {
+      uid = get_id_in_user_namespace (device->uid, true, def);
+      gid = get_id_in_user_namespace (device->gid, false, def);
+    }
+
+  ret = fchownat (devs_dirfd, name, uid, gid, 0); /* lgtm [cpp/toctou-race-condition] */
+  if (UNLIKELY (ret < 0))
+    return crun_make_error (err, errno, "chown `%s`", device->path);
+
+  return get_bind_mount (devs_dirfd, name, err);
+}
+
 static int
 send_mounts (int sync_socket_host, struct libcrun_fd_map *fds, size_t how_many, size_t total, libcrun_error_t *err)
 {
@@ -3839,6 +3907,11 @@ prepare_and_send_dev_mounts (libcrun_container_t *container, int sync_socket_hos
   runtime_spec_schema_config_schema *def = container->container_def;
   cleanup_close_map struct libcrun_fd_map *dev_fds = NULL;
   bool has_userns = (get_private_data (container)->unshare_flags & CLONE_NEWUSER) ? true : false;
+  cleanup_close int current_mountns = -1;
+  cleanup_free char *state_dir = NULL;
+  cleanup_free char *devs_path = NULL;
+  cleanup_close int devs_mountfd = -1;
+  cleanup_close int targetfd = -1;
   size_t how_many = 0;
   size_t i;
   int ret;
@@ -3848,20 +3921,91 @@ prepare_and_send_dev_mounts (libcrun_container_t *container, int sync_socket_hos
 
   dev_fds = make_libcrun_fd_map (def->linux->devices_len);
 
+  if (! has_userns || is_empty_string (container->context->id))
+    return send_mounts (sync_socket_host, dev_fds, how_many, def->linux->devices_len, err);
+
+  state_dir = libcrun_get_state_directory (container->context->state_root, container->context->id);
+  if (state_dir == NULL)
+    return send_mounts (sync_socket_host, dev_fds, how_many, def->linux->devices_len, err);
+
+  ret = append_paths (&devs_path, err, state_dir, "devs", NULL);
+  if (UNLIKELY (ret < 0))
+    return ret;
+
+  ret = mkdir (devs_path, 0700);
+  if (UNLIKELY (ret < 0) && errno != EEXIST)
+    return crun_make_error (err, errno, "mkdir `%s`", devs_path);
+
+  current_mountns = open ("/proc/self/ns/mnt", O_RDONLY);
+  if (UNLIKELY (current_mountns < 0))
+    return crun_make_error (err, errno, "open `/proc/self/ns/mnt`");
+
+  ret = unshare (CLONE_NEWNS);
+  if (UNLIKELY (ret < 0))
+    return crun_make_error (err, errno, "unshare `CLONE_NEWNS`");
+
+  ret = mount (NULL, "/", NULL, MS_REC | MS_PRIVATE, NULL);
+  if (UNLIKELY (ret < 0))
+    {
+      ret = crun_make_error (err, errno, "mount `MS_REC | MS_PRIVATE`");
+      goto restore_mountns;
+    }
+
+  devs_mountfd = fsopen_mount ("tmpfs");
+  if (UNLIKELY (devs_mountfd < 0))
+    {
+      ret = crun_make_error (err, errno, "fsopen_mount `tmpfs`");
+      goto restore_mountns;
+    }
+
+  targetfd = open (devs_path, O_DIRECTORY | O_CLOEXEC);
+  if (targetfd < 0)
+    {
+      ret = crun_make_error (err, errno, "open `%s`", devs_path);
+      goto restore_mountns;
+    }
+
+  ret = fs_move_mount_to (devs_mountfd, targetfd, NULL);
+  if (UNLIKELY (ret < 0))
+    {
+      ret = crun_make_error (err, errno, "fs_move_mount_to `%s`", devs_path);
+      goto restore_mountns;
+    }
+
+  close_and_reset (&targetfd);
+
+  targetfd = openat (devs_mountfd, ".", O_DIRECTORY | O_CLOEXEC);
+  if (targetfd < 0)
+    {
+      ret = crun_make_error (err, errno, "open `%s`", devs_path);
+      goto restore_mountns;
+    }
+
   for (i = 0; i < def->linux->devices_len; i++)
     {
-      if (has_userns)
+      ret = precreate_device (container, targetfd, i, err);
+      if (UNLIKELY (ret < 0))
         {
-          dev_fds->fds[i] = -1;
-          if (UNLIKELY (dev_fds->fds[i] < 0))
-            crun_error_release (err);
+          crun_error_release (err);
+          continue;
         }
 
+      dev_fds->fds[i] = ret;
+
       if (dev_fds->fds[i] >= 0)
         how_many++;
     }
 
-  return send_mounts (sync_socket_host, dev_fds, how_many, def->linux->devices_len, err);
+  ret = send_mounts (sync_socket_host, dev_fds, how_many, def->linux->devices_len, err);
+restore_mountns:
+  {
+    int setns_ret;
+
+    setns_ret = setns (current_mountns, CLONE_NEWNS);
+    if (UNLIKELY (setns_ret < 0 && ret >= 0))
+      crun_make_error (err, errno, "setns `CLONE_NEWNS`");
+  }
+  return ret;
 }
 
 static int
diff --git a/src/libcrun/linux.h b/src/libcrun/linux.h
index 0bfbe827..35fe9ac7 100644
--- a/src/libcrun/linux.h
+++ b/src/libcrun/linux.h
@@ -109,7 +109,7 @@ int libcrun_create_final_userns (libcrun_container_t *container, libcrun_error_t
 int libcrun_save_external_descriptors (libcrun_container_t *container, pid_t pid, libcrun_error_t *err);
 
 int libcrun_create_dev (libcrun_container_t *container, int devfd,
-                        struct device_s *device, bool binds,
+                        int srcfd, struct device_s *device, bool binds,
                         bool ensure_parent_dir, libcrun_error_t *err);
 
 int parse_idmapped_mount_option (runtime_spec_schema_config_schema *def, bool is_uids, char *option, char **out,
diff --git a/tests/test_devices.py b/tests/test_devices.py
index b8cee9f0..9cd2772f 100755
--- a/tests/test_devices.py
+++ b/tests/test_devices.py
@@ -18,6 +18,37 @@
 import os
 from tests_utils import *
 
+def test_owner_device():
+    if is_rootless():
+        return 77
+
+    for have_userns in [True, False]:
+        conf = base_config()
+        add_all_namespaces(conf, userns=have_userns)
+        if have_userns:
+            fullMapping = [
+                {
+                    "containerID": 0,
+                    "hostID": 0,
+                    "size": 4294967295
+                }
+            ]
+            conf['linux']['uidMappings'] = fullMapping
+            conf['linux']['gidMappings'] = fullMapping
+
+        conf['process']['args'] = ['/init', 'owner', '/dev/foo']
+        conf['linux']['devices'] = [{"path": "/dev/foo", "type": "b", "major": 1, "minor": 5, "uid": 10, "gid": 11},]
+        try:
+            expected = "10:11"
+            out = run_and_get_output(conf)
+            if expected not in out[0]:
+                sys.stderr.write("wrong file owner, found %s instead of %s with userns=%s" % (out[0], expected, have_userns))
+                return True
+            return False
+        except Exception as e:
+            return -1
+    return 0
+
 def test_deny_devices():
     if is_rootless():
         return 77
@@ -125,6 +156,7 @@ def test_mknod_device():
 
 
 all_tests = {
+    "owner-device" : test_owner_device,
     "deny-devices" : test_deny_devices,
     "allow-device" : test_allow_device,
     "allow-access" : test_allow_access,

2026-07-25 14:51:56.096 | INFO     | metagpt.utils.role_zero_utils:parse_commands:143 - exclusive command more than one in current command list. change the command list.
```json
[
    {
        "command_name": "Editor.open_file",
        "args": {
            "path": "/home/aludy/scires/Cloud_Spec_Exp/external/worktrees/oci-metagpt-agentless-mini-rerun/metagpt/crun-1099/src/libcrun/linux.h"
        }
    }
]
```
2026-07-25 14:51:56.096 | INFO     | metagpt.roles.di.role_zero:_act:292 - Commands: 
[{'command_name': 'Editor.open_file', 'args': {'path': '/home/aludy/scires/Cloud_Spec_Exp/external/worktrees/oci-metagpt-agentless-mini-rerun/metagpt/crun-1099/src/libcrun/linux.h'}}]
2026-07-25 14:51:56.096 | INFO     | metagpt.roles.di.role_zero:_act:294 - Commands outputs: 
Command Editor.open_file executed: [File: /home/aludy/scires/Cloud_Spec_Exp/external/worktrees/oci-metagpt-agentless-mini-rerun/metagpt/crun-1099/src/libcrun/linux.h (118 lines total)]
(this is the beginning of the file)
001|/*
002| * crun - OCI runtime written in C
003| *
004| * Copyright (C) 2017, 2018, 2019, 2021 Giuseppe Scrivano <giuseppe@scrivano.org>
005| * crun is free software; you can redistribute it and/or modify
006| * it under the terms of the GNU Lesser General Public License as published by
007| * the Free Software Foundation; either version 2.1 of the License, or
008| * (at your option) any later version.
009| *
010| * crun is distributed in the hope that it will be useful,
011| * but WITHOUT ANY WARRANTY; without even the implied warranty of
012| * MERCHANTABILITY or FITNESS FOR A PARTICULAR PURPOSE.  See the
013| * GNU Lesser General Public License for more details.
014| *
015| * You should have received a copy of the GNU Lesser General Public License
016| * along with crun.  If not, see <http://www.gnu.org/licenses/>.
017| */
018|#ifndef LINUX_H
019|#define LINUX_H
020|#include <config.h>
021|#include <stdio.h>
022|#include <stdlib.h>
023|#include "error.h"
024|#include <errno.h>
025|#include <argp.h>
026|#include <sys/syscall.h>
027|#include <ocispec/runtime_spec_schema_config_schema.h>
028|#include "container.h"
029|#include "status.h"
030|
031|struct device_s
032|{
033|  const char *path;
034|  char *type;
035|  int major;
036|  int minor;
037|  int mode;
038|  uid_t uid;
039|  gid_t gid;
040|};
041|
042|static inline int
043|syscall_clone (unsigned long flags, void *child_stack)
044|{
045|#if defined __s390__ || defined __CRIS__
046|  return (int) syscall (__NR_clone, child_stack, flags);
047|#else
048|  return (int) syscall (__NR_clone, flags, child_stack);
049|#endif
050|}
051|
052|typedef int (*container_entrypoint_t) (void *args, char *notify_socket, int sync_socket, libcrun_error_t *err);
053|
054|typedef int (*set_mounts_cb_t) (void *args, libcrun_error_t *err);
055|
056|struct libcrun_dirfd_s
057|{
058|  int *dirfd;
059|  bool joined;
060|};
061|
062|pid_t libcrun_run_linux_container (libcrun_container_t *container, container_entrypoint_t entrypoint, void *args,
063|                                   int *sync_socket_out, struct libcrun_dirfd_s *dirfd, libcrun_error_t *err);
064|int get_notify_fd (libcrun_context_t *context, libcrun_container_t *container, int *notify_socket_out,
065|                   libcrun_error_t *err);
066|int libcrun_set_mounts (struct container_entrypoint_s *args, libcrun_container_t *container, const char *rootfs,
067|                        set_mounts_cb_t cb, void *cb_data, libcrun_error_t *err);
068|int libcrun_init_caps (libcrun_error_t *err);
069|int libcrun_do_pivot_root (libcrun_container_t *container, bool no_pivot, const char *rootfs, libcrun_error_t *err);
070|int libcrun_reopen_dev_null (libcrun_error_t *err);
071|int libcrun_set_usernamespace (libcrun_container_t *container, pid_t pid, libcrun_error_t *err);
072|int libcrun_set_caps (runtime_spec_schema_config_schema_process_capabilities *capabilities, uid_t uid, gid_t gid,
073|                      int no_new_privileges, libcrun_error_t *err);
074|int libcrun_set_rlimits (runtime_spec_schema_config_schema_process_rlimits_element **rlimits, size_t len,
075|                         libcrun_error_t *err);
076|int libcrun_set_selinux_label (runtime_spec_schema_config_schema_process *proc, bool now, libcrun_error_t *err);
077|int libcrun_set_apparmor_profile (runtime_spec_schema_config_schema_process *proc, bool now, libcrun_error_t *err);
078|int libcrun_set_hostname (libcrun_container_t *container, libcrun_error_t *err);
079|int libcrun_set_domainname (libcrun_container_t *container, libcrun_error_t *err);
080|int libcrun_set_oom (libcrun_container_t *container, libcrun_error_t *err);
081|int libcrun_set_sysctl (libcrun_container_t *container, libcrun_error_t *err);
082|int libcrun_set_terminal (libcrun_container_t *container, libcrun_error_t *err);
083|int libcrun_join_process (libcrun_container_t *container, pid_t pid_to_join, libcrun_container_status_t *status,
084|                          const char *cgroup, int detach, int *terminal_fd, libcrun_error_t *err);
085|int libcrun_linux_container_update (libcrun_container_status_t *status, const char *content, size_t len,
086|                                    libcrun_error_t *err);
087|int libcrun_create_keyring (const char *name, const char *label, libcrun_error_t *err);
088|int libcrun_container_pause_linux (libcrun_container_status_t *status, libcrun_error_t *err);
089|int libcrun_container_unpause_linux (libcrun_container_status_t *status, libcrun_error_t *err);
090|int libcrun_container_do_bind_mount (libcrun_container_t *container, char *mount_source, char *mount_destination,
091|                                     char **mount_options, size_t mount_options_len, libcrun_error_t *err);
092|int libcrun_container_enter_cgroup_ns (libcrun_container_t *container, libcrun_error_t *err);
093|int libcrun_set_personality (runtime_spec_schema_defs_linux_personality *p, libcrun_error_t *err);
094|int libcrun_configure_network (libcrun_container_t *container, libcrun_error_t *err);
095|
096|int libcrun_container_checkpoint_linux (libcrun_container_status_t *status, libcrun_container_t *container,
097|                                        libcrun_checkpoint_restore_t *cr_options, libcrun_error_t *err);
098|
099|int libcrun_container_restore_linux (libcrun_container_status_t *status, libcrun_container_t *container,
100|                                     libcrun_checkpoint_restore_t *cr_options, libcrun_error_t *err);
101|
102|int libcrun_find_namespace (const char *name);
103|char *libcrun_get_external_descriptors (libcrun_container_t *container);
104|int libcrun_container_setgroups (libcrun_container_t *container,
105|                                 runtime_spec_schema_config_schema_process *process,
106|                                 libcrun_error_t *err);
107|int libcrun_kill_linux (libcrun_container_status_t *status, int signal, libcrun_error_t *err);
108|int libcrun_create_final_userns (libcrun_container_t *container, libcrun_error_t *err);
109|int libcrun_save_external_descriptors (libcrun_container_t *container, pid_t pid, libcrun_error_t *err);
110|
111|int libcrun_create_dev (libcrun_container_t *container, int devfd,
112|                        struct device_s *device, bool binds,
113|                        bool ensure_parent_dir, libcrun_error_t *err);
114|
115|int parse_idmapped_mount_option (runtime_spec_schema_config_schema *def, bool is_uids, char *option, char **out,
116|                                 size_t *len, libcrun_error_t *err);
117|
118|#endif
(this is the end of the file)
2026-07-25 14:52:01.328 | INFO     | metagpt.roles.di.role_zero:_act:292 - Commands: 
[{'command_name': 'Editor.edit_file_by_replace', 'args': {'file_name': '/home/aludy/scires/Cloud_Spec_Exp/external/worktrees/oci-metagpt-agentless-mini-rerun/metagpt/crun-1099/src/libcrun/linux.h', 'first_replaced_line_number': 111, 'first_replaced_line_content': 'int libcrun_create_dev (libcrun_container_t *container, int devfd,', 'last_replaced_line_number': 113, 'last_replaced_line_content': '                        bool ensure_parent_dir, libcrun_error_t *err);', 'new_content': 'int libcrun_create_dev (libcrun_container_t *container, int devfd,\n                        int srcfd, struct device_s *device, bool binds,\n                        bool ensure_parent_dir, libcrun_error_t *err);'}}]
2026-07-25 14:52:01.353 | INFO     | metagpt.roles.di.role_zero:_act:294 - Commands outputs: 
Command Editor.edit_file_by_replace executed: [File: /home/aludy/scires/Cloud_Spec_Exp/external/worktrees/oci-metagpt-agentless-mini-rerun/metagpt/crun-1099/src/libcrun/linux.h (118 lines total after edit)]
(this is the beginning of the file)
001|/*
002| * crun - OCI runtime written in C
003| *
004| * Copyright (C) 2017, 2018, 2019, 2021 Giuseppe Scrivano <giuseppe@scrivano.org>
005| * crun is free software; you can redistribute it and/or modify
006| * it under the terms of the GNU Lesser General Public License as published by
007| * the Free Software Foundation; either version 2.1 of the License, or
008| * (at your option) any later version.
009| *
010| * crun is distributed in the hope that it will be useful,
011| * but WITHOUT ANY WARRANTY; without even the implied warranty of
012| * MERCHANTABILITY or FITNESS FOR A PARTICULAR PURPOSE.  See the
013| * GNU Lesser General Public License for more details.
014| *
015| * You should have received a copy of the GNU Lesser General Public License
016| * along with crun.  If not, see <http://www.gnu.org/licenses/>.
017| */
018|#ifndef LINUX_H
019|#define LINUX_H
020|#include <config.h>
021|#include <stdio.h>
022|#include <stdlib.h>
023|#include "error.h"
024|#include <errno.h>
025|#include <argp.h>
026|#include <sys/syscall.h>
027|#include <ocispec/runtime_spec_schema_config_schema.h>
028|#include "container.h"
029|#include "status.h"
030|
031|struct device_s
032|{
033|  const char *path;
034|  char *type;
035|  int major;
036|  int minor;
037|  int mode;
038|  uid_t uid;
039|  gid_t gid;
040|};
041|
042|static inline int
043|syscall_clone (unsigned long flags, void *child_stack)
044|{
045|#if defined __s390__ || defined __CRIS__
046|  return (int) syscall (__NR_clone, child_stack, flags);
047|#else
048|  return (int) syscall (__NR_clone, flags, child_stack);
049|#endif
050|}
051|
052|typedef int (*container_entrypoint_t) (void *args, char *notify_socket, int sync_socket, libcrun_error_t *err);
053|
054|typedef int (*set_mounts_cb_t) (void *args, libcrun_error_t *err);
055|
056|struct libcrun_dirfd_s
057|{
058|  int *dirfd;
059|  bool joined;
060|};
061|
062|pid_t libcrun_run_linux_container (libcrun_container_t *container, container_entrypoint_t entrypoint, void *args,
063|                                   int *sync_socket_out, struct libcrun_dirfd_s *dirfd, libcrun_error_t *err);
064|int get_notify_fd (libcrun_context_t *context, libcrun_container_t *container, int *notify_socket_out,
065|                   libcrun_error_t *err);
066|int libcrun_set_mounts (struct container_entrypoint_s *args, libcrun_container_t *container, const char *rootfs,
067|                        set_mounts_cb_t cb, void *cb_data, libcrun_error_t *err);
068|int libcrun_init_caps (libcrun_error_t *err);
069|int libcrun_do_pivot_root (libcrun_container_t *container, bool no_pivot, const char *rootfs, libcrun_error_t *err);
070|int libcrun_reopen_dev_null (libcrun_error_t *err);
071|int libcrun_set_usernamespace (libcrun_container_t *container, pid_t pid, libcrun_error_t *err);
072|int libcrun_set_caps (runtime_spec_schema_config_schema_process_capabilities *capabilities, uid_t uid, gid_t gid,
073|                      int no_new_privileges, libcrun_error_t *err);
074|int libcrun_set_rlimits (runtime_spec_schema_config_schema_process_rlimits_element **rlimits, size_t len,
075|                         libcrun_error_t *err);
076|int libcrun_set_selinux_label (runtime_spec_schema_config_schema_process *proc, bool now, libcrun_error_t *err);
077|int libcrun_set_apparmor_profile (runtime_spec_schema_config_schema_process *proc, bool now, libcrun_error_t *err);
078|int libcrun_set_hostname (libcrun_container_t *container, libcrun_error_t *err);
079|int libcrun_set_domainname (libcrun_container_t *container, libcrun_error_t *err);
080|int libcrun_set_oom (libcrun_container_t *container, libcrun_error_t *err);
081|int libcrun_set_sysctl (libcrun_container_t *container, libcrun_error_t *err);
082|int libcrun_set_terminal (libcrun_container_t *container, libcrun_error_t *err);
083|int libcrun_join_process (libcrun_container_t *container, pid_t pid_to_join, libcrun_container_status_t *status,
084|                          const char *cgroup, int detach, int *terminal_fd, libcrun_error_t *err);
085|int libcrun_linux_container_update (libcrun_container_status_t *status, const char *content, size_t len,
086|                                    libcrun_error_t *err);
087|int libcrun_create_keyring (const char *name, const char *label, libcrun_error_t *err);
088|int libcrun_container_pause_linux (libcrun_container_status_t *status, libcrun_error_t *err);
089|int libcrun_container_unpause_linux (libcrun_container_status_t *status, libcrun_error_t *err);
090|int libcrun_container_do_bind_mount (libcrun_container_t *container, char *mount_source, char *mount_destination,
091|                                     char **mount_options, size_t mount_options_len, libcrun_error_t *err);
092|int libcrun_container_enter_cgroup_ns (libcrun_container_t *container, libcrun_error_t *err);
093|int libcrun_set_personality (runtime_spec_schema_defs_linux_personality *p, libcrun_error_t *err);
094|int libcrun_configure_network (libcrun_container_t *container, libcrun_error_t *err);
095|
096|int libcrun_container_checkpoint_linux (libcrun_container_status_t *status, libcrun_container_t *container,
097|                                        libcrun_checkpoint_restore_t *cr_options, libcrun_error_t *err);
098|
099|int libcrun_container_restore_linux (libcrun_container_status_t *status, libcrun_container_t *container,
100|                                     libcrun_checkpoint_restore_t *cr_options, libcrun_error_t *err);
101|
102|int libcrun_find_namespace (const char *name);
103|char *libcrun_get_external_descriptors (libcrun_container_t *container);
104|int libcrun_container_setgroups (libcrun_container_t *container,
105|                                 runtime_spec_schema_config_schema_process *process,
106|                                 libcrun_error_t *err);
107|int libcrun_kill_linux (libcrun_container_status_t *status, int signal, libcrun_error_t *err);
108|int libcrun_create_final_userns (libcrun_container_t *container, libcrun_error_t *err);
109|int libcrun_save_external_descriptors (libcrun_container_t *container, pid_t pid, libcrun_error_t *err);
110|
111|int libcrun_create_dev (libcrun_container_t *container, int devfd,
112|                        int srcfd, struct device_s *device, bool binds,
113|                        bool ensure_parent_dir, libcrun_error_t *err);
114|
115|int parse_idmapped_mount_option (runtime_spec_schema_config_schema *def, bool is_uids, char *option, char **out,
116|                                 size_t *len, libcrun_error_t *err);
117|
118|#endif
(this is the end of the file)
[File updated (edited at line 111)].
2026-07-25 14:52:04.346 | INFO     | metagpt.roles.di.role_zero:_act:292 - Commands: 
[{'command_name': 'Editor.open_file', 'args': {'path': '/home/aludy/scires/Cloud_Spec_Exp/external/worktrees/oci-metagpt-agentless-mini-rerun/metagpt/crun-1099/src/libcrun/linux.c', 'line_number': 1470, 'context_lines': 50}}]
2026-07-25 14:52:04.365 | INFO     | metagpt.roles.di.role_zero:_act:294 - Commands outputs: 
Command Editor.open_file executed: [File: /home/aludy/scires/Cloud_Spec_Exp/external/worktrees/oci-metagpt-agentless-mini-rerun/metagpt/crun-1099/src/libcrun/linux.c (5109 lines total)]
(1444 more lines above)
1445|  return crun_make_error (err, 0, "unknown cgroups mode %d", cgroup_mode);
1446|}
1447|
1448|struct device_s needed_devs[] = { { "/dev/null", "c", 1, 3, 0666, 0, 0 },
1449|                                  { "/dev/zero", "c", 1, 5, 0666, 0, 0 },
1450|                                  { "/dev/full", "c", 1, 7, 0666, 0, 0 },
1451|                                  { "/dev/tty", "c", 5, 0, 0666, 0, 0 },
1452|                                  { "/dev/random", "c", 1, 8, 0666, 0, 0 },
1453|                                  { "/dev/urandom", "c", 1, 9, 0666, 0, 0 },
1454|                                  {} };
1455|
1456|/* Check if the specified path is a direct child of /dev.  If it is
1457| return a pointer to the basename.  */
1458|static const char *
1459|relative_path_under_dev (const char *path)
1460|{
1461|  if (path[0] != '/')
1462|    return path;
1463|  if (strncmp (path, "/dev/", 5) == 0)
1464|    {
1465|      if (strchr (path + 5, '/'))
1466|        return NULL;
1467|      return path + 5;
1468|    }
1469|  return NULL;
1470|}
1471|
1472|int
1473|libcrun_create_dev (libcrun_container_t *container, int devfd, struct device_s *device,
1474|                    bool binds, bool ensure_parent_dir, libcrun_error_t *err)
1475|{
1476|  int ret;
1477|  dev_t dev;
1478|  mode_t type = (device->type[0] == 'b') ? S_IFBLK : ((device->type[0] == 'p') ? S_IFIFO : S_IFCHR);
1479|  const char *fullname = device->path;
1480|  cleanup_close int fd = -1;
1481|  int rootfsfd = get_private_data (container)->rootfsfd;
1482|  const char *rootfs = get_private_data (container)->rootfs;
1483|  size_t rootfs_len = get_private_data (container)->rootfs_len;
1484|  const char *rel_dev = relative_path_under_dev (device->path);
1485|
1486|  if (binds)
1487|    {
1488|      cleanup_close int fd = -1;
1489|
1490|      if (rel_dev)
1491|        {
1492|          fd = openat (devfd, rel_dev, O_NOFOLLOW | O_CLOEXEC | O_PATH | O_NONBLOCK);
1493|          if (UNLIKELY (fd < 0))
1494|            {
1495|              if (errno == ENOENT)
(3614 more lines below)
2026-07-25 14:52:14.585 | INFO     | metagpt.roles.di.role_zero:_act:292 - Commands: 
[{'command_name': 'Plan.append_task', 'args': {'task_id': '1', 'dependent_task_ids': [], 'instruction': 'Update linux.h: add srcfd parameter to libcrun_create_dev (already done).', 'assignee': 'Alex'}}, {'command_name': 'Plan.append_task', 'args': {'task_id': '2', 'dependent_task_ids': ['1'], 'instruction': 'Update libcrun_create_dev in linux.c: change signature to accept srcfd, add move_mount logic when srcfd >= 0.', 'assignee': 'Alex'}}, {'command_name': 'Plan.append_task', 'args': {'task_id': '3', 'dependent_task_ids': ['2'], 'instruction': 'Update create_missing_devs in linux.c: retrieve dev_fds from container private data, pass dev_fds->fds[i] as srcfd to libcrun_create_dev for OCI devices, and -1 for needed_devs.', 'assignee': 'Alex'}}, {'command_name': 'Plan.append_task', 'args': {'task_id': '4', 'dependent_task_ids': ['3'], 'instruction': 'Add get_id_in_user_namespace and precreate_device functions in linux.c (before send_mounts).', 'assignee': 'Alex'}}, {'command_name': 'Plan.append_task', 'args': {'task_id': '5', 'dependent_task_ids': ['4'], 'instruction': 'Rewrite prepare_and_send_dev_mounts in linux.c: precreate devices in a tmpfs when user namespace is present, using precreate_device, then send mounts.', 'assignee': 'Alex'}}, {'command_name': 'Plan.append_task', 'args': {'task_id': '6', 'dependent_task_ids': ['5'], 'instruction': 'Update krun.c calls to libcrun_create_dev to pass -1 as srcfd.', 'assignee': 'Alex'}}, {'command_name': 'Plan.append_task', 'args': {'task_id': '7', 'dependent_task_ids': ['6'], 'instruction': 'Build the crun runtime using autogen.sh && ./configure && make -j$(nproc)', 'assignee': 'Alex'}}, {'command_name': 'Plan.append_task', 'args': {'task_id': '8', 'dependent_task_ids': ['7'], 'instruction': 'Run reproduction from the bundle directory to verify the fix, collect git diff.', 'assignee': 'Alex'}}]
2026-07-25 14:52:14.585 | INFO     | metagpt.roles.di.role_zero:_act:294 - Commands outputs: 
Command Plan.append_task executed

Command Plan.append_task executed

Command Plan.append_task executed

Command Plan.append_task executed

Command Plan.append_task executed

Command Plan.append_task executed

Command Plan.append_task executed

Command Plan.append_task executed
2026-07-25 14:52:16.519 | INFO     | metagpt.roles.di.role_zero:_act:292 - Commands: 
[{'command_name': 'Plan.finish_current_task', 'args': {}}]
2026-07-25 14:52:16.519 | INFO     | metagpt.roles.di.role_zero:_act:294 - Commands outputs: 
Command Plan.finish_current_task executed:Current task is finished. If you no longer need to take action, use the command ‘end’ to stop.
2026-07-25 14:52:18.998 | INFO     | metagpt.roles.di.role_zero:_act:292 - Commands: 
[{'command_name': 'Editor.goto_line', 'args': {'line_number': 1490}}]
2026-07-25 14:52:18.999 | INFO     | metagpt.roles.di.role_zero:_act:294 - Commands outputs: 
Command Editor.goto_line executed: [File: /home/aludy/scires/Cloud_Spec_Exp/external/worktrees/oci-metagpt-agentless-mini-rerun/metagpt/crun-1099/src/libcrun/linux.c (5109 lines total)]
(1389 more lines above)
1390|            }
1391|        }
1392|      else
1393|        {
1394|          ret = do_mount (container, source_path, subsystemfd, subsystem_path, NULL, MS_BIND | mountflags, NULL,
1395|                          LABEL_NONE, err);
1396|          if (UNLIKELY (ret < 0))
1397|            {
1398|              if (crun_error_get_errno (err) != ENOENT)
1399|                return ret;
1400|
1401|              crun_error_release (err);
1402|
1403|              /* We might already be in a container.  Mount the source subsystem.  */
1404|              ret = do_mount (container, source_subsystem, subsystemfd, subsystem_path, NULL, MS_BIND | mountflags,
1405|                              NULL, LABEL_NONE, err);
1406|              if (UNLIKELY (ret < 0))
1407|                {
1408|                  /* If it still fails with ENOENT, ignore the error as the controller might have been
1409|                     dropped and doesn't exist.  */
1410|                  if (crun_error_get_errno (err) != ENOENT)
1411|                    return ret;
1412|
1413|                  crun_error_release (err);
1414|                }
1415|            }
1416|        }
1417|    }
1418|
1419|  ret = libcrun_cgroups_create_symlinks (targetfd, err);
1420|  if (UNLIKELY (ret < 0))
1421|    return ret;
1422|
1423|  return 0;
1424|}
1425|
1426|static int
1427|do_mount_cgroup (libcrun_container_t *container, const char *source, int targetfd, const char *target,
1428|                 unsigned long mountflags, const char *unified_cgroup_path, libcrun_error_t *err)
1429|{
1430|  int cgroup_mode;
1431|
1432|  cgroup_mode = libcrun_get_cgroup_mode (err);
1433|  if (UNLIKELY (cgroup_mode < 0))
1434|    return cgroup_mode;
1435|
1436|  switch (cgroup_mode)
1437|    {
1438|    case CGROUP_MODE_UNIFIED:
1439|      return do_mount_cgroup_v2 (container, targetfd, target, mountflags, unified_cgroup_path, err);
1440|    case CGROUP_MODE_LEGACY:
1441|    case CGROUP_MODE_HYBRID:
1442|      return do_mount_cgroup_v1 (container, source, targetfd, target, mountflags, err);
1443|    }
1444|
1445|  return crun_make_error (err, 0, "unknown cgroups mode %d", cgroup_mode);
1446|}
1447|
1448|struct device_s needed_devs[] = { { "/dev/null", "c", 1, 3, 0666, 0, 0 },
1449|                                  { "/dev/zero", "c", 1, 5, 0666, 0, 0 },
1450|                                  { "/dev/full", "c", 1, 7, 0666, 0, 0 },
1451|                                  { "/dev/tty", "c", 5, 0, 0666, 0, 0 },
1452|                                  { "/dev/random", "c", 1, 8, 0666, 0, 0 },
1453|                                  { "/dev/urandom", "c", 1, 9, 0666, 0, 0 },
1454|                                  {} };
1455|
1456|/* Check if the specified path is a direct child of /dev.  If it is
1457| return a pointer to the basename.  */
1458|static const char *
1459|relative_path_under_dev (const char *path)
1460|{
1461|  if (path[0] != '/')
1462|    return path;
1463|  if (strncmp (path, "/dev/", 5) == 0)
1464|    {
1465|      if (strchr (path + 5, '/'))
1466|        return NULL;
1467|      return path + 5;
1468|    }
1469|  return NULL;
1470|}
1471|
1472|int
1473|libcrun_create_dev (libcrun_container_t *container, int devfd, struct device_s *device,
1474|                    bool binds, bool ensure_parent_dir, libcrun_error_t *err)
1475|{
1476|  int ret;
1477|  dev_t dev;
1478|  mode_t type = (device->type[0] == 'b') ? S_IFBLK : ((device->type[0] == 'p') ? S_IFIFO : S_IFCHR);
1479|  const char *fullname = device->path;
1480|  cleanup_close int fd = -1;
1481|  int rootfsfd = get_private_data (container)->rootfsfd;
1482|  const char *rootfs = get_private_data (container)->rootfs;
1483|  size_t rootfs_len = get_private_data (container)->rootfs_len;
1484|  const char *rel_dev = relative_path_under_dev (device->path);
1485|
1486|  if (binds)
1487|    {
1488|      cleanup_close int fd = -1;
1489|
1490|      if (rel_dev)
1491|        {
1492|          fd = openat (devfd, rel_dev, O_NOFOLLOW | O_CLOEXEC | O_PATH | O_NONBLOCK);
1493|          if (UNLIKELY (fd < 0))
1494|            {
1495|              if (errno == ENOENT)
1496|                fd = openat (devfd, rel_dev, O_CREAT | O_NOFOLLOW | O_CLOEXEC | O_NONBLOCK, 0700);
1497|
1498|              if (UNLIKELY (fd < 0))
1499|                return crun_make_error (err, errno, "create device `%s`", device->path);
1500|            }
1501|        }
1502|      else
1503|        {
1504|          const char *rel_path = consume_slashes (device->path);
1505|
1506|          fd = crun_safe_create_and_open_ref_at (false, rootfsfd, rootfs, rootfs_len, rel_path, 0755, err);
1507|          if (UNLIKELY (fd < 0))
1508|            return fd;
1509|        }
1510|
1511|      ret = do_mount (container, fullname, fd, device->path, NULL, MS_BIND | MS_PRIVATE | MS_NOEXEC | MS_NOSUID, NULL, LABEL_MOUNT, err);
1512|      if (UNLIKELY (ret < 0))
1513|        return ret;
1514|    }
1515|  else
1516|    {
1517|      char fd_buffer[64];
1518|
1519|      dev = makedev (device->major, device->minor);
1520|
1521|      /* Check whether the path is directly under /dev.  Since we already have an open fd to /dev and mknodat(2)
1522|         fails when the destination already exists or is a symlink, it is safe to use it directly.
1523|         If it is not a direct child, then first get a fd to the dirfd.
1524|      */
1525|      if (rel_dev)
1526|        {
1527|          ret = mknodat (devfd, rel_dev, device->mode | type, dev);
1528|          /* We don't fail when the file already exists.  */
1529|          if (UNLIKELY (ret < 0 && errno == EEXIST))
1530|            return 0;
1531|          if (UNLIKELY (ret < 0))
1532|            return crun_make_error (err, errno, "mknod `%s`", device->path);
1533|
1534|          fd = safe_openat (devfd, rootfs, rootfs_len, rel_dev, O_PATH | O_CLOEXEC, 0, err);
1535|          if (UNLIKELY (fd < 0))
1536|            return fd;
1537|
1538|          sprintf (fd_buffer, "/proc/self/fd/%d", fd);
1539|
1540|          ret = chmod (fd_buffer, device->mode);
1541|          if (UNLIKELY (ret < 0))
1542|            return crun_make_error (err, errno, "fchmodat `%s`", device->path);
1543|
1544|          ret = chown (fd_buffer, device->uid, device->gid); /* lgtm [cpp/toctou-race-condition] */
1545|          if (UNLIKELY (ret < 0))
1546|            return crun_make_error (err, errno, "chown `%s`", device->path);
1547|        }
1548|      else
1549|        {
1550|          char *dirname;
1551|          cleanup_free char *buffer = NULL;
1552|          cleanup_close int dirfd = -1;
1553|          char *basename, *tmp;
1554|
1555|          buffer = xstrdup (device->path);
1556|          dirname = buffer;
1557|
1558|          tmp = strrchr (buffer, '/');
1559|          *tmp = '\0';
1560|          basename = tmp + 1;
1561|
1562|          if (dirname[0] == '\0')
1563|            dirfd = dup (rootfsfd);
1564|          else
1565|            {
1566|              dirfd = safe_openat (rootfsfd, rootfs, rootfs_len, dirname,
1567|                                   O_DIRECTORY | O_PATH | O_CLOEXEC, 0, err);
1568|              if (dirfd < 0 && ensure_parent_dir)
1569|                {
1570|                  crun_error_release (err);
1571|
1572|                  dirfd = crun_safe_create_and_open_ref_at (true, rootfsfd, rootfs,
1573|                                                            rootfs_len, dirname, 0755, err);
1574|                }
1575|            }
1576|          if (UNLIKELY (dirfd < 0))
1577|            return dirfd;
1578|
1579|          ret = mknodat (dirfd, basename, device->mode | type, dev);
1580|
1581|          /* We don't fail when the file already exists.  */
1582|          if (UNLIKELY (ret < 0 && errno == EEXIST))
1583|            return 0;
1584|          if (UNLIKELY (ret < 0))
1585|            return crun_make_error (err, errno, "mknod `%s`", device->path);
1586|
1587|          fd = safe_openat (dirfd, rootfs, rootfs_len, basename, O_PATH | O_CLOEXEC, 0, err);
1588|          if (UNLIKELY (fd < 0))
1589|            return crun_make_error (err, errno, "open `%s`", device->path);
1590|
(3519 more lines below)
2026-07-25 14:52:35.728 | INFO     | metagpt.roles.di.role_zero:_act:292 - Commands: 
[{'command_name': 'Editor.edit_file_by_replace', 'args': {'file_name': '/home/aludy/scires/Cloud_Spec_Exp/external/worktrees/oci-metagpt-agentless-mini-rerun/metagpt/crun-1099/src/libcrun/linux.c', 'first_replaced_line_number': 1472, 'first_replaced_line_content': 'int', 'last_replaced_line_number': 1514, 'last_replaced_line_content': '    }', 'new_content': 'int\nlibcrun_create_dev (libcrun_container_t *container, int devfd, int srcfd,\n                    struct device_s *device, bool binds, bool ensure_parent_dir,\n                    libcrun_error_t *err)\n{\n  int ret;\n  dev_t dev;\n  mode_t type = (device->type[0] == \'b\') ? S_IFBLK : ((device->type[0] == \'p\') ? S_IFIFO : S_IFCHR);\n  const char *fullname = device->path;\n  cleanup_close int fd = -1;\n  int rootfsfd = get_private_data (container)->rootfsfd;\n  const char *rootfs = get_private_data (container)->rootfs;\n  size_t rootfs_len = get_private_data (container)->rootfs_len;\n  const char *rel_dev = relative_path_under_dev (device->path);\n\n  if (binds)\n    {\n      cleanup_close int fd = -1;\n\n      if (rel_dev)\n        {\n          fd = openat (devfd, rel_dev, O_NOFOLLOW | O_CLOEXEC | O_PATH | O_NONBLOCK);\n          if (UNLIKELY (fd < 0))\n            {\n              if (errno == ENOENT)\n                fd = openat (devfd, rel_dev, O_CREAT | O_NOFOLLOW | O_CLOEXEC | O_NONBLOCK, 0700);\n\n              if (UNLIKELY (fd < 0))\n                return crun_make_error (err, errno, "create device `%s`", device->path);\n            }\n        }\n      else\n        {\n          const char *rel_path = consume_slashes (device->path);\n\n          fd = crun_safe_create_and_open_ref_at (false, rootfsfd, rootfs, rootfs_len, rel_path, 0755, err);\n          if (UNLIKELY (fd < 0))\n            return fd;\n        }\n\n      if (srcfd >= 0)\n        {\n          ret = syscall_move_mount (srcfd, "", fd, "", MOVE_MOUNT_T_EMPTY_PATH | MOVE_MOUNT_F_EMPTY_PATH);\n          if (LIKELY (ret >= 0))\n            return 0;\n        }\n\n      ret = do_mount (container, fullname, fd, device->path, NULL, MS_BIND | MS_PRIVATE | MS_NOEXEC | MS_NOSUID, NULL, LABEL_MOUNT, err);\n      if (UNLIKELY (ret < 0))\n        return ret;\n    }'}}]
2026-07-25 14:52:35.748 | ERROR    | metagpt.roles.di.role_zero:_run_commands:407 - list index out of rangeTraceback (most recent call last):
  File "/home/aludy/scires/Cloud_Spec_Exp/external/baselines/MetaGPT/metagpt/tools/libs/editor.py", line 563, in _edit_file_impl
    original_lint_error, _ = self._lint_file(file_name)
  File "/home/aludy/scires/Cloud_Spec_Exp/external/baselines/MetaGPT/metagpt/tools/libs/editor.py", line 211, in _lint_file
    lint_error = linter.lint(str(file_path))
  File "/home/aludy/scires/Cloud_Spec_Exp/external/baselines/MetaGPT/metagpt/tools/libs/linter.py", line 98, in lint
    linkres = basic_lint(absolute_fname, code)
  File "/home/aludy/scires/Cloud_Spec_Exp/external/baselines/MetaGPT/metagpt/tools/libs/linter.py", line 158, in basic_lint
    parser = get_parser(lang)
  File "tree_sitter_languages/core.pyx", line 19, in tree_sitter_languages.core.get_parser
  File "tree_sitter_languages/core.pyx", line 14, in tree_sitter_languages.core.get_language
TypeError: __init__() takes exactly 1 argument (2 given)

During handling of the above exception, another exception occurred:

Traceback (most recent call last):
  File "/home/aludy/scires/Cloud_Spec_Exp/external/baselines/MetaGPT/metagpt/roles/di/role_zero.py", line 401, in _run_commands
    tool_output = tool_obj(**cmd["args"])
  File "/home/aludy/scires/Cloud_Spec_Exp/external/baselines/MetaGPT/metagpt/tools/libs/editor.py", line 814, in edit_file_by_replace
    ret_str = self._edit_file_impl(
  File "/home/aludy/scires/Cloud_Spec_Exp/external/baselines/MetaGPT/metagpt/tools/libs/editor.py", line 667, in _edit_file_impl
    guidance_message = self._get_indentation_info(content, start or len(lines))
  File "/home/aludy/scires/Cloud_Spec_Exp/external/baselines/MetaGPT/metagpt/tools/libs/editor.py", line 495, in _get_indentation_info
    pre_line = content_lines[first_line - 2] if first_line - 2 >= 0 else ""
IndexError: list index out of range

Traceback (most recent call last):

  File "/home/aludy/scires/Cloud_Spec_Exp/external/baselines/MetaGPT/metagpt/tools/libs/editor.py", line 563, in _edit_file_impl
    original_lint_error, _ = self._lint_file(file_name)
                             │    │          └ PosixPath('/home/aludy/scires/Cloud_Spec_Exp/external/worktrees/oci-metagpt-agentless-mini-rerun/metagpt/crun-1099/src/libcru...
                             │    └ <function Editor._lint_file at 0x7d9f235788b0>
                             └ Editor(resource=EditorReporter(block=<BlockType.EDITOR: 'Editor'>, uuid=UUID('067793d1-6cbc-4fbe-8ecf-8e77ad7f72c1'), enable_...

  File "/home/aludy/scires/Cloud_Spec_Exp/external/baselines/MetaGPT/metagpt/tools/libs/editor.py", line 211, in _lint_file
    lint_error = linter.lint(str(file_path))
                 │      │        └ PosixPath('/home/aludy/scires/Cloud_Spec_Exp/external/worktrees/oci-metagpt-agentless-mini-rerun/metagpt/crun-1099/src/libcru...
                 │      └ <function Linter.lint at 0x7d9f235a7f40>
                 └ <metagpt.tools.libs.linter.Linter object at 0x7d9f17f0f9d0>

  File "/home/aludy/scires/Cloud_Spec_Exp/external/baselines/MetaGPT/metagpt/tools/libs/linter.py", line 98, in lint
    linkres = basic_lint(absolute_fname, code)
              │          │               └ '/*\n * crun - OCI runtime written in C\n *\n * Copyright (C) 2017, 2018, 2019 Giuseppe Scrivano <giuseppe@scrivano.org>\n * ...
              │          └ '/home/aludy/scires/Cloud_Spec_Exp/external/worktrees/oci-metagpt-agentless-mini-rerun/metagpt/crun-1099/src/libcrun/linux.c'
              └ <function basic_lint at 0x7d9f235781f0>

  File "/home/aludy/scires/Cloud_Spec_Exp/external/baselines/MetaGPT/metagpt/tools/libs/linter.py", line 158, in basic_lint
    parser = get_parser(lang)
             │          └ 'c'
             └ <cyfunction get_parser at 0x7d9f2361acf0>

  File "tree_sitter_languages/core.pyx", line 19, in tree_sitter_languages.core.get_parser
  File "tree_sitter_languages/core.pyx", line 14, in tree_sitter_languages.core.get_language

TypeError: __init__() takes exactly 1 argument (2 given)


During handling of the above exception, another exception occurred:


Traceback (most recent call last):

  File "/home/aludy/scires/Cloud_Spec_Exp/baselines/metagpt/launch.py", line 307, in <module>
    raise SystemExit(main())
                     └ <function main at 0x7d9fdac46ef0>

  File "/home/aludy/scires/Cloud_Spec_Exp/baselines/metagpt/launch.py", line 277, in main
    result = generate_repo(**supported)
             │               └ {'idea': 'Fix OCI runtime bug case crun-1099.\n\nTarget runtime: crun\nTitle: why are `--device`s bind-mounted\'\nUpstream is...
             └ <function generate_repo at 0x7d9f22251cf0>

  File "/home/aludy/scires/Cloud_Spec_Exp/external/baselines/MetaGPT/metagpt/software_company.py", line 72, in generate_repo
    asyncio.run(company.run(n_round=n_round, idea=idea))
    │       │   │       │           │             └ 'Fix OCI runtime bug case crun-1099.\n\nTarget runtime: crun\nTitle: why are `--device`s bind-mounted\'\nUpstream issue: http...
    │       │   │       │           └ 10
    │       │   │       └ <function serialize_decorator.<locals>.wrapper at 0x7d9f181ac1f0>
    │       │   └ Team(env=MGXEnv(), investment=3.0, idea='Fix OCI runtime bug case crun-1099.\n\nTarget runtime: crun\nTitle: why are `--devic...
    │       └ <function run at 0x7d9fd8899750>
    └ <module 'asyncio' from '/home/aludy/miniconda3/envs/metagpt/lib/python3.10/asyncio/__init__.py'>

  File "/home/aludy/miniconda3/envs/metagpt/lib/python3.10/asyncio/runners.py", line 44, in run
    return loop.run_until_complete(main)
           │    │                  └ <coroutine object serialize_decorator.<locals>.wrapper at 0x7d9f180c7ca0>
           │    └ <function BaseEventLoop.run_until_complete at 0x7d9fd889b130>
           └ <_UnixSelectorEventLoop running=True closed=False debug=False>
  File "/home/aludy/miniconda3/envs/metagpt/lib/python3.10/asyncio/base_events.py", line 636, in run_until_complete
    self.run_forever()
    │    └ <function BaseEventLoop.run_forever at 0x7d9fd889b0a0>
    └ <_UnixSelectorEventLoop running=True closed=False debug=False>
  File "/home/aludy/miniconda3/envs/metagpt/lib/python3.10/asyncio/base_events.py", line 603, in run_forever
    self._run_once()
    │    └ <function BaseEventLoop._run_once at 0x7d9fd889cc10>
    └ <_UnixSelectorEventLoop running=True closed=False debug=False>
  File "/home/aludy/miniconda3/envs/metagpt/lib/python3.10/asyncio/base_events.py", line 1909, in _run_once
    handle._run()
    │      └ <function Handle._run at 0x7d9fd884c280>
    └ <Handle Task.task_wakeup(<Task finishe...> result=None>)>
  File "/home/aludy/miniconda3/envs/metagpt/lib/python3.10/asyncio/events.py", line 80, in _run
    self._context.run(self._callback, *self._args)
    │    │            │    │           │    └ <member '_args' of 'Handle' objects>
    │    │            │    │           └ <Handle Task.task_wakeup(<Task finishe...> result=None>)>
    │    │            │    └ <member '_callback' of 'Handle' objects>
    │    │            └ <Handle Task.task_wakeup(<Task finishe...> result=None>)>
    │    └ <member '_context' of 'Handle' objects>
    └ <Handle Task.task_wakeup(<Task finishe...> result=None>)>

  File "/home/aludy/scires/Cloud_Spec_Exp/external/baselines/MetaGPT/metagpt/utils/common.py", line 692, in wrapper
    return await func(self, *args, **kwargs)
                 │    │      │       └ {}
                 │    │      └ ()
                 │    └ Engineer2(private_context=Context(kwargs=AttrDict(), config=Config(extra_fields=None, project_path='/home/aludy/scires/Cloud_...
                 └ <function Role.run at 0x7d9f18e925f0>

  File "/home/aludy/scires/Cloud_Spec_Exp/external/baselines/MetaGPT/metagpt/roles/role.py", line 548, in run
    rsp = await self.react()
                │    └ <function Role.react at 0x7d9f18e924d0>
                └ Engineer2(private_context=Context(kwargs=AttrDict(), config=Config(extra_fields=None, project_path='/home/aludy/scires/Cloud_...

  File "/home/aludy/scires/Cloud_Spec_Exp/external/baselines/MetaGPT/metagpt/roles/role.py", line 515, in react
    rsp = await self._react()
                │    └ <function RoleZero._react at 0x7d9f18b95f30>
                └ Engineer2(private_context=Context(kwargs=AttrDict(), config=Config(extra_fields=None, project_path='/home/aludy/scires/Cloud_...

  File "/home/aludy/scires/Cloud_Spec_Exp/external/baselines/MetaGPT/metagpt/roles/di/role_zero.py", line 324, in _react
    rsp = await self._act()
                │    └ <function RoleZero._act at 0x7d9f18b95ea0>
                └ Engineer2(private_context=Context(kwargs=AttrDict(), config=Config(extra_fields=None, project_path='/home/aludy/scires/Cloud_...

  File "/home/aludy/scires/Cloud_Spec_Exp/external/baselines/MetaGPT/metagpt/roles/di/role_zero.py", line 293, in _act
    outputs = await self._run_commands(commands)
                    │    │             └ [{'command_name': 'Editor.edit_file_by_replace', 'args': {'file_name': '/home/aludy/scires/Cloud_Spec_Exp/external/worktrees/...
                    │    └ <function RoleZero._run_commands at 0x7d9f18b960e0>
                    └ Engineer2(private_context=Context(kwargs=AttrDict(), config=Config(extra_fields=None, project_path='/home/aludy/scires/Cloud_...

> File "/home/aludy/scires/Cloud_Spec_Exp/external/baselines/MetaGPT/metagpt/roles/di/role_zero.py", line 401, in _run_commands
    tool_output = tool_obj(**cmd["args"])
                  │          └ {'command_name': 'Editor.edit_file_by_replace', 'args': {'file_name': '/home/aludy/scires/Cloud_Spec_Exp/external/worktrees/o...
                  └ <bound method Editor.edit_file_by_replace of Editor(resource=EditorReporter(block=<BlockType.EDITOR: 'Editor'>, uuid=UUID('06...

  File "/home/aludy/scires/Cloud_Spec_Exp/external/baselines/MetaGPT/metagpt/tools/libs/editor.py", line 814, in edit_file_by_replace
    ret_str = self._edit_file_impl(
              │    └ <function Editor._edit_file_impl at 0x7d9f23579120>
              └ Editor(resource=EditorReporter(block=<BlockType.EDITOR: 'Editor'>, uuid=UUID('067793d1-6cbc-4fbe-8ecf-8e77ad7f72c1'), enable_...

  File "/home/aludy/scires/Cloud_Spec_Exp/external/baselines/MetaGPT/metagpt/tools/libs/editor.py", line 667, in _edit_file_impl
    guidance_message = self._get_indentation_info(content, start or len(lines))
                       │    │                     │        └ 1472
                       │    │                     └ 'int\nlibcrun_create_dev (libcrun_container_t *container, int devfd, int srcfd,\n                    struct device_s *device,...
                       │    └ <function Editor._get_indentation_info at 0x7d9f23579090>
                       └ Editor(resource=EditorReporter(block=<BlockType.EDITOR: 'Editor'>, uuid=UUID('067793d1-6cbc-4fbe-8ecf-8e77ad7f72c1'), enable_...

  File "/home/aludy/scires/Cloud_Spec_Exp/external/baselines/MetaGPT/metagpt/tools/libs/editor.py", line 495, in _get_indentation_info
    pre_line = content_lines[first_line - 2] if first_line - 2 >= 0 else ""
               │             │                  └ 1472
               │             └ 1472
               └ ['int', 'libcrun_create_dev (libcrun_container_t *container, int devfd, int srcfd,', '                    struct device_s *de...

IndexError: list index out of range
2026-07-25 14:52:35.848 | INFO     | metagpt.roles.di.role_zero:_act:294 - Commands outputs: 
Command Editor.edit_file_by_replace executed: Traceback (most recent call last):
  File "/home/aludy/scires/Cloud_Spec_Exp/external/baselines/MetaGPT/metagpt/tools/libs/editor.py", line 563, in _edit_file_impl
    original_lint_error, _ = self._lint_file(file_name)
  File "/home/aludy/scires/Cloud_Spec_Exp/external/baselines/MetaGPT/metagpt/tools/libs/editor.py", line 211, in _lint_file
    lint_error = linter.lint(str(file_path))
  File "/home/aludy/scires/Cloud_Spec_Exp/external/baselines/MetaGPT/metagpt/tools/libs/linter.py", line 98, in lint
    linkres = basic_lint(absolute_fname, code)
  File "/home/aludy/scires/Cloud_Spec_Exp/external/baselines/MetaGPT/metagpt/tools/libs/linter.py", line 158, in basic_lint
    parser = get_parser(lang)
  File "tree_sitter_languages/core.pyx", line 19, in tree_sitter_languages.core.get_parser
  File "tree_sitter_languages/core.pyx", line 14, in tree_sitter_languages.core.get_language
TypeError: __init__() takes exactly 1 argument (2 given)

During handling of the above exception, another exception occurred:

Traceback (most recent call last):
  File "/home/aludy/scires/Cloud_Spec_Exp/external/baselines/MetaGPT/metagpt/roles/di/role_zero.py", line 401, in _run_commands
    tool_output = tool_obj(**cmd["args"])
  File "/home/aludy/scires/Cloud_Spec_Exp/external/baselines/MetaGPT/metagpt/tools/libs/editor.py", line 814, in edit_file_by_replace
    ret_str = self._edit_file_impl(
  File "/home/aludy/scires/Cloud_Spec_Exp/external/baselines/MetaGPT/metagpt/tools/libs/editor.py", line 667, in _edit_file_impl
    guidance_message = self._get_indentation_info(content, start or len(lines))
  File "/home/aludy/scires/Cloud_Spec_Exp/external/baselines/MetaGPT/metagpt/tools/libs/editor.py", line 495, in _get_indentation_info
    pre_line = content_lines[first_line - 2] if first_line - 2 >= 0 else ""
IndexError: list index out of range

2026-07-25 14:52:43.590 | INFO     | metagpt.roles.di.role_zero:_act:292 - Commands: 
[{'command_name': 'Editor.goto_line', 'args': {'line_number': 1590}}]
2026-07-25 14:52:43.591 | INFO     | metagpt.roles.di.role_zero:_act:294 - Commands outputs: 
Command Editor.goto_line executed: [File: /home/aludy/scires/Cloud_Spec_Exp/external/worktrees/oci-metagpt-agentless-mini-rerun/metagpt/crun-1099/src/libcrun/linux.c (5109 lines total)]
(1489 more lines above)
1490|      if (rel_dev)
1491|        {
1492|          fd = openat (devfd, rel_dev, O_NOFOLLOW | O_CLOEXEC | O_PATH | O_NONBLOCK);
1493|          if (UNLIKELY (fd < 0))
1494|            {
1495|              if (errno == ENOENT)
1496|                fd = openat (devfd, rel_dev, O_CREAT | O_NOFOLLOW | O_CLOEXEC | O_NONBLOCK, 0700);
1497|
1498|              if (UNLIKELY (fd < 0))
1499|                return crun_make_error (err, errno, "create device `%s`", device->path);
1500|            }
1501|        }
1502|      else
1503|        {
1504|          const char *rel_path = consume_slashes (device->path);
1505|
1506|          fd = crun_safe_create_and_open_ref_at (false, rootfsfd, rootfs, rootfs_len, rel_path, 0755, err);
1507|          if (UNLIKELY (fd < 0))
1508|            return fd;
1509|        }
1510|
1511|      ret = do_mount (container, fullname, fd, device->path, NULL, MS_BIND | MS_PRIVATE | MS_NOEXEC | MS_NOSUID, NULL, LABEL_MOUNT, err);
1512|      if (UNLIKELY (ret < 0))
1513|        return ret;
1514|    }
1515|  else
1516|    {
1517|      char fd_buffer[64];
1518|
1519|      dev = makedev (device->major, device->minor);
1520|
1521|      /* Check whether the path is directly under /dev.  Since we already have an open fd to /dev and mknodat(2)
1522|         fails when the destination already exists or is a symlink, it is safe to use it directly.
1523|         If it is not a direct child, then first get a fd to the dirfd.
1524|      */
1525|      if (rel_dev)
1526|        {
1527|          ret = mknodat (devfd, rel_dev, device->mode | type, dev);
1528|          /* We don't fail when the file already exists.  */
1529|          if (UNLIKELY (ret < 0 && errno == EEXIST))
1530|            return 0;
1531|          if (UNLIKELY (ret < 0))
1532|            return crun_make_error (err, errno, "mknod `%s`", device->path);
1533|
1534|          fd = safe_openat (devfd, rootfs, rootfs_len, rel_dev, O_PATH | O_CLOEXEC, 0, err);
1535|          if (UNLIKELY (fd < 0))
1536|            return fd;
1537|
1538|          sprintf (fd_buffer, "/proc/self/fd/%d", fd);
1539|
1540|          ret = chmod (fd_buffer, device->mode);
1541|          if (UNLIKELY (ret < 0))
1542|            return crun_make_error (err, errno, "fchmodat `%s`", device->path);
1543|
1544|          ret = chown (fd_buffer, device->uid, device->gid); /* lgtm [cpp/toctou-race-condition] */
1545|          if (UNLIKELY (ret < 0))
1546|            return crun_make_error (err, errno, "chown `%s`", device->path);
1547|        }
1548|      else
1549|        {
1550|          char *dirname;
1551|          cleanup_free char *buffer = NULL;
1552|          cleanup_close int dirfd = -1;
1553|          char *basename, *tmp;
1554|
1555|          buffer = xstrdup (device->path);
1556|          dirname = buffer;
1557|
1558|          tmp = strrchr (buffer, '/');
1559|          *tmp = '\0';
1560|          basename = tmp + 1;
1561|
1562|          if (dirname[0] == '\0')
1563|            dirfd = dup (rootfsfd);
1564|          else
1565|            {
1566|              dirfd = safe_openat (rootfsfd, rootfs, rootfs_len, dirname,
1567|                                   O_DIRECTORY | O_PATH | O_CLOEXEC, 0, err);
1568|              if (dirfd < 0 && ensure_parent_dir)
1569|                {
1570|                  crun_error_release (err);
1571|
1572|                  dirfd = crun_safe_create_and_open_ref_at (true, rootfsfd, rootfs,
1573|                                                            rootfs_len, dirname, 0755, err);
1574|                }
1575|            }
1576|          if (UNLIKELY (dirfd < 0))
1577|            return dirfd;
1578|
1579|          ret = mknodat (dirfd, basename, device->mode | type, dev);
1580|
1581|          /* We don't fail when the file already exists.  */
1582|          if (UNLIKELY (ret < 0 && errno == EEXIST))
1583|            return 0;
1584|          if (UNLIKELY (ret < 0))
1585|            return crun_make_error (err, errno, "mknod `%s`", device->path);
1586|
1587|          fd = safe_openat (dirfd, rootfs, rootfs_len, basename, O_PATH | O_CLOEXEC, 0, err);
1588|          if (UNLIKELY (fd < 0))
1589|            return crun_make_error (err, errno, "open `%s`", device->path);
1590|
1591|          sprintf (fd_buffer, "/proc/self/fd/%d", fd);
1592|
1593|          ret = chmod (fd_buffer, device->mode);
1594|          if (UNLIKELY (ret < 0))
1595|            return crun_make_error (err, errno, "chmod `%s`", device->path);
1596|
1597|          ret = chown (fd_buffer, device->uid, device->gid); /* lgtm [cpp/toctou-race-condition] */
1598|          if (UNLIKELY (ret < 0))
1599|            return crun_make_error (err, errno, "chown `%s`", device->path);
1600|        }
1601|    }
1602|  return 0;
1603|}
1604|
1605|struct symlink_s
1606|{
1607|  const char *path;
1608|  const char *target;
1609|  bool force;
1610|};
1611|
1612|static struct symlink_s symlinks[] = { { "/proc/self/fd", "fd", false },
1613|                                       { "/proc/self/fd/0", "stdin", false },
1614|                                       { "/proc/self/fd/1", "stdout", false },
1615|                                       { "/proc/self/fd/2", "stderr", false },
1616|                                       { "/proc/kcore", "core", false },
1617|                                       { "pts/ptmx", "ptmx", true },
1618|                                       { NULL, NULL, false } };
1619|
1620|static int
1621|create_missing_devs (libcrun_container_t *container, bool binds, libcrun_error_t *err)
1622|{
1623|  int ret;
1624|  size_t i;
1625|  struct device_s *it;
1626|  cleanup_close int devfd = -1;
1627|  runtime_spec_schema_config_schema *def = container->container_def;
1628|  const char *rootfs = get_private_data (container)->rootfs;
1629|  int rootfsfd = get_private_data (container)->rootfsfd;
1630|
1631|  devfd = openat (rootfsfd, "dev", O_RDONLY | O_DIRECTORY);
1632|  if (UNLIKELY (devfd < 0))
1633|    return crun_make_error (err, errno, "open /dev directory in `%s`", rootfs);
1634|
1635|  for (i = 0; i < def->linux->devices_len; i++)
1636|    {
1637|      struct device_s device = {
1638|        def->linux->devices[i]->path,
1639|        def->linux->devices[i]->type,
1640|        def->linux->devices[i]->major,
1641|        def->linux->devices[i]->minor,
1642|        def->linux->devices[i]->file_mode,
1643|        def->linux->devices[i]->uid,
1644|        def->linux->devices[i]->gid,
1645|      };
1646|
1647|      if (! def->linux->devices[i]->file_mode_present)
1648|        device.mode = 0666;
1649|      ret = libcrun_create_dev (container, devfd, &device, binds, true, err);
1650|      if (UNLIKELY (ret < 0))
1651|        return ret;
1652|    }
1653|
1654|  for (it = needed_devs; it->path; it++)
1655|    {
1656|      /* make sure the parent directory exists only on the first iteration.  */
1657|      ret = libcrun_create_dev (container, devfd, it, binds, it == needed_devs, err);
1658|      if (UNLIKELY (ret < 0))
1659|        return ret;
1660|    }
1661|
1662|  for (i = 0; symlinks[i].target; i++)
1663|    {
1664|    retry_symlink:
1665|      ret = symlinkat (symlinks[i].path, devfd, symlinks[i].target);
1666|      if (UNLIKELY (ret < 0))
1667|        {
1668|          int saved_errno = errno;
1669|
1670|          if (errno == EEXIST && ! symlinks[i].force)
1671|            continue;
1672|
1673|          /* If the symlink should be forced, make sure to unlink any existing file at the same path.  */
1674|          if (errno == EEXIST)
1675|            {
1676|            retry_unlink:
1677|              ret = unlinkat (devfd, symlinks[i].target, 0);
1678|              if (ret < 0 && errno == EISDIR)
1679|                ret = unlinkat (devfd, symlinks[i].target, AT_REMOVEDIR);
1680|              if (ret < 0 && errno == EBUSY)
1681|                {
1682|                  cleanup_close int tfd = openat (devfd, symlinks[i].target, O_CLOEXEC | O_PATH | O_NOFOLLOW);
1683|                  if (tfd >= 0)
1684|                    {
1685|                      char procpath[32];
1686|                      sprintf (procpath, "/proc/self/fd/%d", tfd);
1687|
1688|                      if (umount2 (procpath, MNT_DETACH) == 0)
1689|                        goto retry_unlink;
1690|                    }
(3419 more lines below)
2026-07-25 14:52:56.442 | INFO     | metagpt.roles.di.role_zero:_act:292 - Commands: 
[{'command_name': 'Editor.edit_file_by_replace', 'args': {'file_name': '/home/aludy/scires/Cloud_Spec_Exp/external/worktrees/oci-metagpt-agentless-mini-rerun/metagpt/crun-1099/src/libcrun/linux.c', 'first_replaced_line_number': 1472, 'first_replaced_line_content': 'int', 'last_replaced_line_number': 1513, 'last_replaced_line_content': '        return ret;', 'new_content': 'int\nlibcrun_create_dev (libcrun_container_t *container, int devfd, int srcfd,\n                    struct device_s *device, bool binds, bool ensure_parent_dir,\n                    libcrun_error_t *err)\n{\n  int ret;\n  dev_t dev;\n  mode_t type = (device->type[0] == \'b\') ? S_IFBLK : ((device->type[0] == \'p\') ? S_IFIFO : S_IFCHR);\n  const char *fullname = device->path;\n  cleanup_close int fd = -1;\n  int rootfsfd = get_private_data (container)->rootfsfd;\n  const char *rootfs = get_private_data (container)->rootfs;\n  size_t rootfs_len = get_private_data (container)->rootfs_len;\n  const char *rel_dev = relative_path_under_dev (device->path);\n\n  if (binds)\n    {\n      cleanup_close int fd = -1;\n\n      if (rel_dev)\n        {\n          fd = openat (devfd, rel_dev, O_NOFOLLOW | O_CLOEXEC | O_PATH | O_NONBLOCK);\n          if (UNLIKELY (fd < 0))\n            {\n              if (errno == ENOENT)\n                fd = openat (devfd, rel_dev, O_CREAT | O_NOFOLLOW | O_CLOEXEC | O_NONBLOCK, 0700);\n\n              if (UNLIKELY (fd < 0))\n                return crun_make_error (err, errno, "create device `%s`", device->path);\n            }\n        }\n      else\n        {\n          const char *rel_path = consume_slashes (device->path);\n\n          fd = crun_safe_create_and_open_ref_at (false, rootfsfd, rootfs, rootfs_len, rel_path, 0755, err);\n          if (UNLIKELY (fd < 0))\n            return fd;\n        }\n\n      if (srcfd >= 0)\n        {\n          ret = syscall_move_mount (srcfd, "", fd, "", MOVE_MOUNT_T_EMPTY_PATH | MOVE_MOUNT_F_EMPTY_PATH);\n          if (LIKELY (ret >= 0))\n            return 0;\n        }\n\n      ret = do_mount (container, fullname, fd, device->path, NULL, MS_BIND | MS_PRIVATE | MS_NOEXEC | MS_NOSUID, NULL, LABEL_MOUNT, err);\n      if (UNLIKELY (ret < 0))\n        return ret;'}}]
2026-07-25 14:52:56.461 | ERROR    | metagpt.roles.di.role_zero:_run_commands:407 - list index out of rangeTraceback (most recent call last):
  File "/home/aludy/scires/Cloud_Spec_Exp/external/baselines/MetaGPT/metagpt/tools/libs/editor.py", line 563, in _edit_file_impl
    original_lint_error, _ = self._lint_file(file_name)
  File "/home/aludy/scires/Cloud_Spec_Exp/external/baselines/MetaGPT/metagpt/tools/libs/editor.py", line 211, in _lint_file
    lint_error = linter.lint(str(file_path))
  File "/home/aludy/scires/Cloud_Spec_Exp/external/baselines/MetaGPT/metagpt/tools/libs/linter.py", line 98, in lint
    linkres = basic_lint(absolute_fname, code)
  File "/home/aludy/scires/Cloud_Spec_Exp/external/baselines/MetaGPT/metagpt/tools/libs/linter.py", line 158, in basic_lint
    parser = get_parser(lang)
  File "tree_sitter_languages/core.pyx", line 19, in tree_sitter_languages.core.get_parser
  File "tree_sitter_languages/core.pyx", line 14, in tree_sitter_languages.core.get_language
TypeError: __init__() takes exactly 1 argument (2 given)

During handling of the above exception, another exception occurred:

Traceback (most recent call last):
  File "/home/aludy/scires/Cloud_Spec_Exp/external/baselines/MetaGPT/metagpt/roles/di/role_zero.py", line 401, in _run_commands
    tool_output = tool_obj(**cmd["args"])
  File "/home/aludy/scires/Cloud_Spec_Exp/external/baselines/MetaGPT/metagpt/tools/libs/editor.py", line 814, in edit_file_by_replace
    ret_str = self._edit_file_impl(
  File "/home/aludy/scires/Cloud_Spec_Exp/external/baselines/MetaGPT/metagpt/tools/libs/editor.py", line 667, in _edit_file_impl
    guidance_message = self._get_indentation_info(content, start or len(lines))
  File "/home/aludy/scires/Cloud_Spec_Exp/external/baselines/MetaGPT/metagpt/tools/libs/editor.py", line 495, in _get_indentation_info
    pre_line = content_lines[first_line - 2] if first_line - 2 >= 0 else ""
IndexError: list index out of range

Traceback (most recent call last):

  File "/home/aludy/scires/Cloud_Spec_Exp/external/baselines/MetaGPT/metagpt/tools/libs/editor.py", line 563, in _edit_file_impl
    original_lint_error, _ = self._lint_file(file_name)
                             │    │          └ PosixPath('/home/aludy/scires/Cloud_Spec_Exp/external/worktrees/oci-metagpt-agentless-mini-rerun/metagpt/crun-1099/src/libcru...
                             │    └ <function Editor._lint_file at 0x7d9f235788b0>
                             └ Editor(resource=EditorReporter(block=<BlockType.EDITOR: 'Editor'>, uuid=UUID('067793d1-6cbc-4fbe-8ecf-8e77ad7f72c1'), enable_...

  File "/home/aludy/scires/Cloud_Spec_Exp/external/baselines/MetaGPT/metagpt/tools/libs/editor.py", line 211, in _lint_file
    lint_error = linter.lint(str(file_path))
                 │      │        └ PosixPath('/home/aludy/scires/Cloud_Spec_Exp/external/worktrees/oci-metagpt-agentless-mini-rerun/metagpt/crun-1099/src/libcru...
                 │      └ <function Linter.lint at 0x7d9f235a7f40>
                 └ <metagpt.tools.libs.linter.Linter object at 0x7d9f17e39e10>

  File "/home/aludy/scires/Cloud_Spec_Exp/external/baselines/MetaGPT/metagpt/tools/libs/linter.py", line 98, in lint
    linkres = basic_lint(absolute_fname, code)
              │          │               └ '/*\n * crun - OCI runtime written in C\n *\n * Copyright (C) 2017, 2018, 2019 Giuseppe Scrivano <giuseppe@scrivano.org>\n * ...
              │          └ '/home/aludy/scires/Cloud_Spec_Exp/external/worktrees/oci-metagpt-agentless-mini-rerun/metagpt/crun-1099/src/libcrun/linux.c'
              └ <function basic_lint at 0x7d9f235781f0>

  File "/home/aludy/scires/Cloud_Spec_Exp/external/baselines/MetaGPT/metagpt/tools/libs/linter.py", line 158, in basic_lint
    parser = get_parser(lang)
             │          └ 'c'
             └ <cyfunction get_parser at 0x7d9f2361acf0>

  File "tree_sitter_languages/core.pyx", line 19, in tree_sitter_languages.core.get_parser
  File "tree_sitter_languages/core.pyx", line 14, in tree_sitter_languages.core.get_language

TypeError: __init__() takes exactly 1 argument (2 given)


During handling of the above exception, another exception occurred:


Traceback (most recent call last):

  File "/home/aludy/scires/Cloud_Spec_Exp/baselines/metagpt/launch.py", line 307, in <module>
    raise SystemExit(main())
                     └ <function main at 0x7d9fdac46ef0>

  File "/home/aludy/scires/Cloud_Spec_Exp/baselines/metagpt/launch.py", line 277, in main
    result = generate_repo(**supported)
             │               └ {'idea': 'Fix OCI runtime bug case crun-1099.\n\nTarget runtime: crun\nTitle: why are `--device`s bind-mounted\'\nUpstream is...
             └ <function generate_repo at 0x7d9f22251cf0>

  File "/home/aludy/scires/Cloud_Spec_Exp/external/baselines/MetaGPT/metagpt/software_company.py", line 72, in generate_repo
    asyncio.run(company.run(n_round=n_round, idea=idea))
    │       │   │       │           │             └ 'Fix OCI runtime bug case crun-1099.\n\nTarget runtime: crun\nTitle: why are `--device`s bind-mounted\'\nUpstream issue: http...
    │       │   │       │           └ 10
    │       │   │       └ <function serialize_decorator.<locals>.wrapper at 0x7d9f181ac1f0>
    │       │   └ Team(env=MGXEnv(), investment=3.0, idea='Fix OCI runtime bug case crun-1099.\n\nTarget runtime: crun\nTitle: why are `--devic...
    │       └ <function run at 0x7d9fd8899750>
    └ <module 'asyncio' from '/home/aludy/miniconda3/envs/metagpt/lib/python3.10/asyncio/__init__.py'>

  File "/home/aludy/miniconda3/envs/metagpt/lib/python3.10/asyncio/runners.py", line 44, in run
    return loop.run_until_complete(main)
           │    │                  └ <coroutine object serialize_decorator.<locals>.wrapper at 0x7d9f180c7ca0>
           │    └ <function BaseEventLoop.run_until_complete at 0x7d9fd889b130>
           └ <_UnixSelectorEventLoop running=True closed=False debug=False>
  File "/home/aludy/miniconda3/envs/metagpt/lib/python3.10/asyncio/base_events.py", line 636, in run_until_complete
    self.run_forever()
    │    └ <function BaseEventLoop.run_forever at 0x7d9fd889b0a0>
    └ <_UnixSelectorEventLoop running=True closed=False debug=False>
  File "/home/aludy/miniconda3/envs/metagpt/lib/python3.10/asyncio/base_events.py", line 603, in run_forever
    self._run_once()
    │    └ <function BaseEventLoop._run_once at 0x7d9fd889cc10>
    └ <_UnixSelectorEventLoop running=True closed=False debug=False>
  File "/home/aludy/miniconda3/envs/metagpt/lib/python3.10/asyncio/base_events.py", line 1909, in _run_once
    handle._run()
    │      └ <function Handle._run at 0x7d9fd884c280>
    └ <Handle Task.task_wakeup(<Task finishe...> result=None>)>
  File "/home/aludy/miniconda3/envs/metagpt/lib/python3.10/asyncio/events.py", line 80, in _run
    self._context.run(self._callback, *self._args)
    │    │            │    │           │    └ <member '_args' of 'Handle' objects>
    │    │            │    │           └ <Handle Task.task_wakeup(<Task finishe...> result=None>)>
    │    │            │    └ <member '_callback' of 'Handle' objects>
    │    │            └ <Handle Task.task_wakeup(<Task finishe...> result=None>)>
    │    └ <member '_context' of 'Handle' objects>
    └ <Handle Task.task_wakeup(<Task finishe...> result=None>)>

  File "/home/aludy/scires/Cloud_Spec_Exp/external/baselines/MetaGPT/metagpt/utils/common.py", line 692, in wrapper
    return await func(self, *args, **kwargs)
                 │    │      │       └ {}
                 │    │      └ ()
                 │    └ Engineer2(private_context=Context(kwargs=AttrDict(), config=Config(extra_fields=None, project_path='/home/aludy/scires/Cloud_...
                 └ <function Role.run at 0x7d9f18e925f0>

  File "/home/aludy/scires/Cloud_Spec_Exp/external/baselines/MetaGPT/metagpt/roles/role.py", line 548, in run
    rsp = await self.react()
                │    └ <function Role.react at 0x7d9f18e924d0>
                └ Engineer2(private_context=Context(kwargs=AttrDict(), config=Config(extra_fields=None, project_path='/home/aludy/scires/Cloud_...

  File "/home/aludy/scires/Cloud_Spec_Exp/external/baselines/MetaGPT/metagpt/roles/role.py", line 515, in react
    rsp = await self._react()
                │    └ <function RoleZero._react at 0x7d9f18b95f30>
                └ Engineer2(private_context=Context(kwargs=AttrDict(), config=Config(extra_fields=None, project_path='/home/aludy/scires/Cloud_...

  File "/home/aludy/scires/Cloud_Spec_Exp/external/baselines/MetaGPT/metagpt/roles/di/role_zero.py", line 324, in _react
    rsp = await self._act()
                │    └ <function RoleZero._act at 0x7d9f18b95ea0>
                └ Engineer2(private_context=Context(kwargs=AttrDict(), config=Config(extra_fields=None, project_path='/home/aludy/scires/Cloud_...

  File "/home/aludy/scires/Cloud_Spec_Exp/external/baselines/MetaGPT/metagpt/roles/di/role_zero.py", line 293, in _act
    outputs = await self._run_commands(commands)
                    │    │             └ [{'command_name': 'Editor.edit_file_by_replace', 'args': {'file_name': '/home/aludy/scires/Cloud_Spec_Exp/external/worktrees/...
                    │    └ <function RoleZero._run_commands at 0x7d9f18b960e0>
                    └ Engineer2(private_context=Context(kwargs=AttrDict(), config=Config(extra_fields=None, project_path='/home/aludy/scires/Cloud_...

> File "/home/aludy/scires/Cloud_Spec_Exp/external/baselines/MetaGPT/metagpt/roles/di/role_zero.py", line 401, in _run_commands
    tool_output = tool_obj(**cmd["args"])
                  │          └ {'command_name': 'Editor.edit_file_by_replace', 'args': {'file_name': '/home/aludy/scires/Cloud_Spec_Exp/external/worktrees/o...
                  └ <bound method Editor.edit_file_by_replace of Editor(resource=EditorReporter(block=<BlockType.EDITOR: 'Editor'>, uuid=UUID('06...

  File "/home/aludy/scires/Cloud_Spec_Exp/external/baselines/MetaGPT/metagpt/tools/libs/editor.py", line 814, in edit_file_by_replace
    ret_str = self._edit_file_impl(
              │    └ <function Editor._edit_file_impl at 0x7d9f23579120>
              └ Editor(resource=EditorReporter(block=<BlockType.EDITOR: 'Editor'>, uuid=UUID('067793d1-6cbc-4fbe-8ecf-8e77ad7f72c1'), enable_...

  File "/home/aludy/scires/Cloud_Spec_Exp/external/baselines/MetaGPT/metagpt/tools/libs/editor.py", line 667, in _edit_file_impl
    guidance_message = self._get_indentation_info(content, start or len(lines))
                       │    │                     │        └ 1472
                       │    │                     └ 'int\nlibcrun_create_dev (libcrun_container_t *container, int devfd, int srcfd,\n                    struct device_s *device,...
                       │    └ <function Editor._get_indentation_info at 0x7d9f23579090>
                       └ Editor(resource=EditorReporter(block=<BlockType.EDITOR: 'Editor'>, uuid=UUID('067793d1-6cbc-4fbe-8ecf-8e77ad7f72c1'), enable_...

  File "/home/aludy/scires/Cloud_Spec_Exp/external/baselines/MetaGPT/metagpt/tools/libs/editor.py", line 495, in _get_indentation_info
    pre_line = content_lines[first_line - 2] if first_line - 2 >= 0 else ""
               │             │                  └ 1472
               │             └ 1472
               └ ['int', 'libcrun_create_dev (libcrun_container_t *container, int devfd, int srcfd,', '                    struct device_s *de...

IndexError: list index out of range
2026-07-25 14:52:56.562 | INFO     | metagpt.roles.di.role_zero:_act:294 - Commands outputs: 
Command Editor.edit_file_by_replace executed: Traceback (most recent call last):
  File "/home/aludy/scires/Cloud_Spec_Exp/external/baselines/MetaGPT/metagpt/tools/libs/editor.py", line 563, in _edit_file_impl
    original_lint_error, _ = self._lint_file(file_name)
  File "/home/aludy/scires/Cloud_Spec_Exp/external/baselines/MetaGPT/metagpt/tools/libs/editor.py", line 211, in _lint_file
    lint_error = linter.lint(str(file_path))
  File "/home/aludy/scires/Cloud_Spec_Exp/external/baselines/MetaGPT/metagpt/tools/libs/linter.py", line 98, in lint
    linkres = basic_lint(absolute_fname, code)
  File "/home/aludy/scires/Cloud_Spec_Exp/external/baselines/MetaGPT/metagpt/tools/libs/linter.py", line 158, in basic_lint
    parser = get_parser(lang)
  File "tree_sitter_languages/core.pyx", line 19, in tree_sitter_languages.core.get_parser
  File "tree_sitter_languages/core.pyx", line 14, in tree_sitter_languages.core.get_language
TypeError: __init__() takes exactly 1 argument (2 given)

During handling of the above exception, another exception occurred:

Traceback (most recent call last):
  File "/home/aludy/scires/Cloud_Spec_Exp/external/baselines/MetaGPT/metagpt/roles/di/role_zero.py", line 401, in _run_commands
    tool_output = tool_obj(**cmd["args"])
  File "/home/aludy/scires/Cloud_Spec_Exp/external/baselines/MetaGPT/metagpt/tools/libs/editor.py", line 814, in edit_file_by_replace
    ret_str = self._edit_file_impl(
  File "/home/aludy/scires/Cloud_Spec_Exp/external/baselines/MetaGPT/metagpt/tools/libs/editor.py", line 667, in _edit_file_impl
    guidance_message = self._get_indentation_info(content, start or len(lines))
  File "/home/aludy/scires/Cloud_Spec_Exp/external/baselines/MetaGPT/metagpt/tools/libs/editor.py", line 495, in _get_indentation_info
    pre_line = content_lines[first_line - 2] if first_line - 2 >= 0 else ""
IndexError: list index out of range

2026-07-25 14:53:02.650 | INFO     | metagpt.roles.di.role_zero:_act:292 - Commands: 
[{'command_name': 'Terminal.run_command', 'args': {'cmd': "cd /home/aludy/scires/Cloud_Spec_Exp/external/worktrees/oci-metagpt-agentless-mini-rerun/metagpt/crun-1099 && sed -n '1472,1475p' src/libcrun/linux.c"}}]
2026-07-25 14:53:02.672 | INFO     | metagpt.roles.di.role_zero:_act:294 - Commands outputs: 
Command Terminal.run_command executed:
[command]: cd /home/aludy/scires/Cloud_Spec_Exp/external/worktrees/oci-metagpt-agentless-mini-rerun/metagpt/crun-1099 && sed -n '1472,1475p' src/libcrun/linux.c 
[command output] : int
libcrun_create_dev (libcrun_container_t *container, int devfd, struct device_s *device,
                    bool binds, bool ensure_parent_dir, libcrun_error_t *err)
{

2026-07-25 14:53:07.357 | INFO     | metagpt.roles.di.role_zero:_act:292 - Commands: 
[{'command_name': 'Terminal.run_command', 'args': {'cmd': "cd /home/aludy/scires/Cloud_Spec_Exp/external/worktrees/oci-metagpt-agentless-mini-rerun/metagpt/crun-1099 && sed -i '1472,1473s/libcrun_create_dev (libcrun_container_t \\*container, int devfd, struct device_s \\*device,/libcrun_create_dev (libcrun_container_t *container, int devfd, int srcfd, struct device_s *device,/' src/libcrun/linux.c && sed -n '1472,1475p' src/libcrun/linux.c"}}]
2026-07-25 14:53:07.380 | INFO     | metagpt.roles.di.role_zero:_act:294 - Commands outputs: 
Command Terminal.run_command executed:
[command]: cd /home/aludy/scires/Cloud_Spec_Exp/external/worktrees/oci-metagpt-agentless-mini-rerun/metagpt/crun-1099 && sed -i '1472,1473s/libcrun_create_dev (libcrun_container_t \*container, int devfd, struct device_s \*device,/libcrun_create_dev (libcrun_container_t *container, int devfd, int srcfd, struct device_s *device,/' src/libcrun/linux.c && sed -n '1472,1475p' src/libcrun/linux.c 
[command output] : int
libcrun_create_dev (libcrun_container_t *container, int devfd, int srcfd, struct device_s *device,
                    bool binds, bool ensure_parent_dir, libcrun_error_t *err)
{

2026-07-25 14:53:09.582 | INFO     | metagpt.roles.di.role_zero:_act:292 - Commands: 
[{'command_name': 'Editor.goto_line', 'args': {'line_number': 1505}}]
2026-07-25 14:53:09.583 | INFO     | metagpt.roles.di.role_zero:_act:294 - Commands outputs: 
Command Editor.goto_line executed: [File: /home/aludy/scires/Cloud_Spec_Exp/external/worktrees/oci-metagpt-agentless-mini-rerun/metagpt/crun-1099/src/libcrun/linux.c (5109 lines total)]
(1404 more lines above)
1405|                              NULL, LABEL_NONE, err);
1406|              if (UNLIKELY (ret < 0))
1407|                {
1408|                  /* If it still fails with ENOENT, ignore the error as the controller might have been
1409|                     dropped and doesn't exist.  */
1410|                  if (crun_error_get_errno (err) != ENOENT)
1411|                    return ret;
1412|
1413|                  crun_error_release (err);
1414|                }
1415|            }
1416|        }
1417|    }
1418|
1419|  ret = libcrun_cgroups_create_symlinks (targetfd, err);
1420|  if (UNLIKELY (ret < 0))
1421|    return ret;
1422|
1423|  return 0;
1424|}
1425|
1426|static int
1427|do_mount_cgroup (libcrun_container_t *container, const char *source, int targetfd, const char *target,
1428|                 unsigned long mountflags, const char *unified_cgroup_path, libcrun_error_t *err)
1429|{
1430|  int cgroup_mode;
1431|
1432|  cgroup_mode = libcrun_get_cgroup_mode (err);
1433|  if (UNLIKELY (cgroup_mode < 0))
1434|    return cgroup_mode;
1435|
1436|  switch (cgroup_mode)
1437|    {
1438|    case CGROUP_MODE_UNIFIED:
1439|      return do_mount_cgroup_v2 (container, targetfd, target, mountflags, unified_cgroup_path, err);
1440|    case CGROUP_MODE_LEGACY:
1441|    case CGROUP_MODE_HYBRID:
1442|      return do_mount_cgroup_v1 (container, source, targetfd, target, mountflags, err);
1443|    }
1444|
1445|  return crun_make_error (err, 0, "unknown cgroups mode %d", cgroup_mode);
1446|}
1447|
1448|struct device_s needed_devs[] = { { "/dev/null", "c", 1, 3, 0666, 0, 0 },
1449|                                  { "/dev/zero", "c", 1, 5, 0666, 0, 0 },
1450|                                  { "/dev/full", "c", 1, 7, 0666, 0, 0 },
1451|                                  { "/dev/tty", "c", 5, 0, 0666, 0, 0 },
1452|                                  { "/dev/random", "c", 1, 8, 0666, 0, 0 },
1453|                                  { "/dev/urandom", "c", 1, 9, 0666, 0, 0 },
1454|                                  {} };
1455|
1456|/* Check if the specified path is a direct child of /dev.  If it is
1457| return a pointer to the basename.  */
1458|static const char *
1459|relative_path_under_dev (const char *path)
1460|{
1461|  if (path[0] != '/')
1462|    return path;
1463|  if (strncmp (path, "/dev/", 5) == 0)
1464|    {
1465|      if (strchr (path + 5, '/'))
1466|        return NULL;
1467|      return path + 5;
1468|    }
1469|  return NULL;
1470|}
1471|
1472|int
1473|libcrun_create_dev (libcrun_container_t *container, int devfd, int srcfd, struct device_s *device,
1474|                    bool binds, bool ensure_parent_dir, libcrun_error_t *err)
1475|{
1476|  int ret;
1477|  dev_t dev;
1478|  mode_t type = (device->type[0] == 'b') ? S_IFBLK : ((device->type[0] == 'p') ? S_IFIFO : S_IFCHR);
1479|  const char *fullname = device->path;
1480|  cleanup_close int fd = -1;
1481|  int rootfsfd = get_private_data (container)->rootfsfd;
1482|  const char *rootfs = get_private_data (container)->rootfs;
1483|  size_t rootfs_len = get_private_data (container)->rootfs_len;
1484|  const char *rel_dev = relative_path_under_dev (device->path);
1485|
1486|  if (binds)
1487|    {
1488|      cleanup_close int fd = -1;
1489|
1490|      if (rel_dev)
1491|        {
1492|          fd = openat (devfd, rel_dev, O_NOFOLLOW | O_CLOEXEC | O_PATH | O_NONBLOCK);
1493|          if (UNLIKELY (fd < 0))
1494|            {
1495|              if (errno == ENOENT)
1496|                fd = openat (devfd, rel_dev, O_CREAT | O_NOFOLLOW | O_CLOEXEC | O_NONBLOCK, 0700);
1497|
1498|              if (UNLIKELY (fd < 0))
1499|                return crun_make_error (err, errno, "create device `%s`", device->path);
1500|            }
1501|        }
1502|      else
1503|        {
1504|          const char *rel_path = consume_slashes (device->path);
1505|
1506|          fd = crun_safe_create_and_open_ref_at (false, rootfsfd, rootfs, rootfs_len, rel_path, 0755, err);
1507|          if (UNLIKELY (fd < 0))
1508|            return fd;
1509|        }
1510|
1511|      ret = do_mount (container, fullname, fd, device->path, NULL, MS_BIND | MS_PRIVATE | MS_NOEXEC | MS_NOSUID, NULL, LABEL_MOUNT, err);
1512|      if (UNLIKELY (ret < 0))
1513|        return ret;
1514|    }
1515|  else
1516|    {
1517|      char fd_buffer[64];
1518|
1519|      dev = makedev (device->major, device->minor);
1520|
1521|      /* Check whether the path is directly under /dev.  Since we already have an open fd to /dev and mknodat(2)
1522|         fails when the destination already exists or is a symlink, it is safe to use it directly.
1523|         If it is not a direct child, then first get a fd to the dirfd.
1524|      */
1525|      if (rel_dev)
1526|        {
1527|          ret = mknodat (devfd, rel_dev, device->mode | type, dev);
1528|          /* We don't fail when the file already exists.  */
1529|          if (UNLIKELY (ret < 0 && errno == EEXIST))
1530|            return 0;
1531|          if (UNLIKELY (ret < 0))
1532|            return crun_make_error (err, errno, "mknod `%s`", device->path);
1533|
1534|          fd = safe_openat (devfd, rootfs, rootfs_len, rel_dev, O_PATH | O_CLOEXEC, 0, err);
1535|          if (UNLIKELY (fd < 0))
1536|            return fd;
1537|
1538|          sprintf (fd_buffer, "/proc/self/fd/%d", fd);
1539|
1540|          ret = chmod (fd_buffer, device->mode);
1541|          if (UNLIKELY (ret < 0))
1542|            return crun_make_error (err, errno, "fchmodat `%s`", device->path);
1543|
1544|          ret = chown (fd_buffer, device->uid, device->gid); /* lgtm [cpp/toctou-race-condition] */
1545|          if (UNLIKELY (ret < 0))
1546|            return crun_make_error (err, errno, "chown `%s`", device->path);
1547|        }
1548|      else
1549|        {
1550|          char *dirname;
1551|          cleanup_free char *buffer = NULL;
1552|          cleanup_close int dirfd = -1;
1553|          char *basename, *tmp;
1554|
1555|          buffer = xstrdup (device->path);
1556|          dirname = buffer;
1557|
1558|          tmp = strrchr (buffer, '/');
1559|          *tmp = '\0';
1560|          basename = tmp + 1;
1561|
1562|          if (dirname[0] == '\0')
1563|            dirfd = dup (rootfsfd);
1564|          else
1565|            {
1566|              dirfd = safe_openat (rootfsfd, rootfs, rootfs_len, dirname,
1567|                                   O_DIRECTORY | O_PATH | O_CLOEXEC, 0, err);
1568|              if (dirfd < 0 && ensure_parent_dir)
1569|                {
1570|                  crun_error_release (err);
1571|
1572|                  dirfd = crun_safe_create_and_open_ref_at (true, rootfsfd, rootfs,
1573|                                                            rootfs_len, dirname, 0755, err);
1574|                }
1575|            }
1576|          if (UNLIKELY (dirfd < 0))
1577|            return dirfd;
1578|
1579|          ret = mknodat (dirfd, basename, device->mode | type, dev);
1580|
1581|          /* We don't fail when the file already exists.  */
1582|          if (UNLIKELY (ret < 0 && errno == EEXIST))
1583|            return 0;
1584|          if (UNLIKELY (ret < 0))
1585|            return crun_make_error (err, errno, "mknod `%s`", device->path);
1586|
1587|          fd = safe_openat (dirfd, rootfs, rootfs_len, basename, O_PATH | O_CLOEXEC, 0, err);
1588|          if (UNLIKELY (fd < 0))
1589|            return crun_make_error (err, errno, "open `%s`", device->path);
1590|
1591|          sprintf (fd_buffer, "/proc/self/fd/%d", fd);
1592|
1593|          ret = chmod (fd_buffer, device->mode);
1594|          if (UNLIKELY (ret < 0))
1595|            return crun_make_error (err, errno, "chmod `%s`", device->path);
1596|
1597|          ret = chown (fd_buffer, device->uid, device->gid); /* lgtm [cpp/toctou-race-condition] */
1598|          if (UNLIKELY (ret < 0))
1599|            return crun_make_error (err, errno, "chown `%s`", device->path);
1600|        }
1601|    }
1602|  return 0;
1603|}
1604|
1605|struct symlink_s
(3504 more lines below)
2026-07-25 14:53:15.722 | INFO     | metagpt.roles.di.role_zero:_act:292 - Commands: 
[{'command_name': 'Terminal.run_command', 'args': {'cmd': "cd /home/aludy/scires/Cloud_Spec_Exp/external/worktrees/oci-metagpt-agentless-mini-rerun/metagpt/crun-1099 && sed -n '1508,1518p' src/libcrun/linux.c"}}]
2026-07-25 14:53:15.724 | INFO     | metagpt.roles.di.role_zero:_act:294 - Commands outputs: 
Command Terminal.run_command executed:
[command]: cd /home/aludy/scires/Cloud_Spec_Exp/external/worktrees/oci-metagpt-agentless-mini-rerun/metagpt/crun-1099 && sed -n '1508,1518p' src/libcrun/linux.c 
[command output] :             return fd;
        }

      ret = do_mount (container, fullname, fd, device->path, NULL, MS_BIND | MS_PRIVATE | MS_NOEXEC | MS_NOSUID, NULL, LABEL_MOUNT, err);
      if (UNLIKELY (ret < 0))
        return ret;
    }
  else
    {
      char fd_buffer[64];


2026-07-25 14:53:22.020 | INFO     | metagpt.roles.di.role_zero:_act:292 - Commands: 
[{'command_name': 'Terminal.run_command', 'args': {'cmd': 'cd /home/aludy/scires/Cloud_Spec_Exp/external/worktrees/oci-metagpt-agentless-mini-rerun/metagpt/crun-1099 && sed -n \'1508,1514p\' src/libcrun/linux.c && echo \'---INSERTING---\' && sed -i \'1510i\\      if (srcfd >= 0)\\n        {\\n          ret = syscall_move_mount (srcfd, "", fd, "", MOVE_MOUNT_T_EMPTY_PATH | MOVE_MOUNT_F_EMPTY_PATH);\\n          if (LIKELY (ret >= 0))\\n            return 0;\\n        }\' src/libcrun/linux.c && sed -n \'1508,1520p\' src/libcrun/linux.c'}}]
2026-07-25 14:53:22.045 | INFO     | metagpt.roles.di.role_zero:_act:294 - Commands outputs: 
Command Terminal.run_command executed:
[command]: cd /home/aludy/scires/Cloud_Spec_Exp/external/worktrees/oci-metagpt-agentless-mini-rerun/metagpt/crun-1099 && sed -n '1508,1514p' src/libcrun/linux.c && echo '---INSERTING---' && sed -i '1510i\      if (srcfd >= 0)\n        {\n          ret = syscall_move_mount (srcfd, "", fd, "", MOVE_MOUNT_T_EMPTY_PATH | MOVE_MOUNT_F_EMPTY_PATH);\n          if (LIKELY (ret >= 0))\n            return 0;\n        }' src/libcrun/linux.c && sed -n '1508,1520p' src/libcrun/linux.c 
[command output] :             return fd;
        }

      ret = do_mount (container, fullname, fd, device->path, NULL, MS_BIND | MS_PRIVATE | MS_NOEXEC | MS_NOSUID, NULL, LABEL_MOUNT, err);
      if (UNLIKELY (ret < 0))
        return ret;
    }
---INSERTING---
            return fd;
        }
      if (srcfd >= 0)
        {
          ret = syscall_move_mount (srcfd, "", fd, "", MOVE_MOUNT_T_EMPTY_PATH | MOVE_MOUNT_F_EMPTY_PATH);
          if (LIKELY (ret >= 0))
            return 0;
        }

      ret = do_mount (container, fullname, fd, device->path, NULL, MS_BIND | MS_PRIVATE | MS_NOEXEC | MS_NOSUID, NULL, LABEL_MOUNT, err);
      if (UNLIKELY (ret < 0))
        return ret;
    }

2026-07-25 14:53:25.861 | INFO     | metagpt.roles.di.role_zero:_act:292 - Commands: 
[{'command_name': 'Terminal.run_command', 'args': {'cmd': "cd /home/aludy/scires/Cloud_Spec_Exp/external/worktrees/oci-metagpt-agentless-mini-rerun/metagpt/crun-1099 && sed -n '1472,1522p' src/libcrun/linux.c"}}]
2026-07-25 14:53:25.864 | INFO     | metagpt.roles.di.role_zero:_act:294 - Commands outputs: 
Command Terminal.run_command executed:
[command]: cd /home/aludy/scires/Cloud_Spec_Exp/external/worktrees/oci-metagpt-agentless-mini-rerun/metagpt/crun-1099 && sed -n '1472,1522p' src/libcrun/linux.c 
[command output] : int
libcrun_create_dev (libcrun_container_t *container, int devfd, int srcfd, struct device_s *device,
                    bool binds, bool ensure_parent_dir, libcrun_error_t *err)
{
  int ret;
  dev_t dev;
  mode_t type = (device->type[0] == 'b') ? S_IFBLK : ((device->type[0] == 'p') ? S_IFIFO : S_IFCHR);
  const char *fullname = device->path;
  cleanup_close int fd = -1;
  int rootfsfd = get_private_data (container)->rootfsfd;
  const char *rootfs = get_private_data (container)->rootfs;
  size_t rootfs_len = get_private_data (container)->rootfs_len;
  const char *rel_dev = relative_path_under_dev (device->path);

  if (binds)
    {
      cleanup_close int fd = -1;

      if (rel_dev)
        {
          fd = openat (devfd, rel_dev, O_NOFOLLOW | O_CLOEXEC | O_PATH | O_NONBLOCK);
          if (UNLIKELY (fd < 0))
            {
              if (errno == ENOENT)
                fd = openat (devfd, rel_dev, O_CREAT | O_NOFOLLOW | O_CLOEXEC | O_NONBLOCK, 0700);

              if (UNLIKELY (fd < 0))
                return crun_make_error (err, errno, "create device `%s`", device->path);
            }
        }
      else
        {
          const char *rel_path = consume_slashes (device->path);

          fd = crun_safe_create_and_open_ref_at (false, rootfsfd, rootfs, rootfs_len, rel_path, 0755, err);
          if (UNLIKELY (fd < 0))
            return fd;
        }
      if (srcfd >= 0)
        {
          ret = syscall_move_mount (srcfd, "", fd, "", MOVE_MOUNT_T_EMPTY_PATH | MOVE_MOUNT_F_EMPTY_PATH);
          if (LIKELY (ret >= 0))
            return 0;
        }

      ret = do_mount (container, fullname, fd, device->path, NULL, MS_BIND | MS_PRIVATE | MS_NOEXEC | MS_NOSUID, NULL, LABEL_MOUNT, err);
      if (UNLIKELY (ret < 0))
        return ret;
    }
  else
    {

2026-07-25 14:53:29.035 | INFO     | metagpt.roles.di.role_zero:_act:292 - Commands: 
[{'command_name': 'Plan.finish_current_task', 'args': {}}]
2026-07-25 14:53:29.035 | INFO     | metagpt.roles.di.role_zero:_act:294 - Commands outputs: 
Command Plan.finish_current_task executed:Current task is finished. If you no longer need to take action, use the command ‘end’ to stop.
2026-07-25 14:53:33.570 | INFO     | metagpt.roles.di.role_zero:_act:292 - Commands: 
[{'command_name': 'Terminal.run_command', 'args': {'cmd': "cd /home/aludy/scires/Cloud_Spec_Exp/external/worktrees/oci-metagpt-agentless-mini-rerun/metagpt/crun-1099 && grep -n 'create_missing_devs' src/libcrun/linux.c"}}]
2026-07-25 14:53:33.573 | INFO     | metagpt.roles.di.role_zero:_act:294 - Commands outputs: 
Command Terminal.run_command executed:
[command]: cd /home/aludy/scires/Cloud_Spec_Exp/external/worktrees/oci-metagpt-agentless-mini-rerun/metagpt/crun-1099 && grep -n 'create_missing_devs' src/libcrun/linux.c 
[command output] : 1627:create_missing_devs (libcrun_container_t *container, bool binds, libcrun_error_t *err)
2494:      ret = create_missing_devs (container, is_user_ns ? true : false, err);

2026-07-25 14:53:35.940 | INFO     | metagpt.roles.di.role_zero:_act:292 - Commands: 
[{'command_name': 'Editor.goto_line', 'args': {'line_number': 1627}}]
2026-07-25 14:53:35.941 | INFO     | metagpt.roles.di.role_zero:_act:294 - Commands outputs: 
Command Editor.goto_line executed: [File: /home/aludy/scires/Cloud_Spec_Exp/external/worktrees/oci-metagpt-agentless-mini-rerun/metagpt/crun-1099/src/libcrun/linux.c (5115 lines total)]
(1526 more lines above)
1527|      /* Check whether the path is directly under /dev.  Since we already have an open fd to /dev and mknodat(2)
1528|         fails when the destination already exists or is a symlink, it is safe to use it directly.
1529|         If it is not a direct child, then first get a fd to the dirfd.
1530|      */
1531|      if (rel_dev)
1532|        {
1533|          ret = mknodat (devfd, rel_dev, device->mode | type, dev);
1534|          /* We don't fail when the file already exists.  */
1535|          if (UNLIKELY (ret < 0 && errno == EEXIST))
1536|            return 0;
1537|          if (UNLIKELY (ret < 0))
1538|            return crun_make_error (err, errno, "mknod `%s`", device->path);
1539|
1540|          fd = safe_openat (devfd, rootfs, rootfs_len, rel_dev, O_PATH | O_CLOEXEC, 0, err);
1541|          if (UNLIKELY (fd < 0))
1542|            return fd;
1543|
1544|          sprintf (fd_buffer, "/proc/self/fd/%d", fd);
1545|
1546|          ret = chmod (fd_buffer, device->mode);
1547|          if (UNLIKELY (ret < 0))
1548|            return crun_make_error (err, errno, "fchmodat `%s`", device->path);
1549|
1550|          ret = chown (fd_buffer, device->uid, device->gid); /* lgtm [cpp/toctou-race-condition] */
1551|          if (UNLIKELY (ret < 0))
1552|            return crun_make_error (err, errno, "chown `%s`", device->path);
1553|        }
1554|      else
1555|        {
1556|          char *dirname;
1557|          cleanup_free char *buffer = NULL;
1558|          cleanup_close int dirfd = -1;
1559|          char *basename, *tmp;
1560|
1561|          buffer = xstrdup (device->path);
1562|          dirname = buffer;
1563|
1564|          tmp = strrchr (buffer, '/');
1565|          *tmp = '\0';
1566|          basename = tmp + 1;
1567|
1568|          if (dirname[0] == '\0')
1569|            dirfd = dup (rootfsfd);
1570|          else
1571|            {
1572|              dirfd = safe_openat (rootfsfd, rootfs, rootfs_len, dirname,
1573|                                   O_DIRECTORY | O_PATH | O_CLOEXEC, 0, err);
1574|              if (dirfd < 0 && ensure_parent_dir)
1575|                {
1576|                  crun_error_release (err);
1577|
1578|                  dirfd = crun_safe_create_and_open_ref_at (true, rootfsfd, rootfs,
1579|                                                            rootfs_len, dirname, 0755, err);
1580|                }
1581|            }
1582|          if (UNLIKELY (dirfd < 0))
1583|            return dirfd;
1584|
1585|          ret = mknodat (dirfd, basename, device->mode | type, dev);
1586|
1587|          /* We don't fail when the file already exists.  */
1588|          if (UNLIKELY (ret < 0 && errno == EEXIST))
1589|            return 0;
1590|          if (UNLIKELY (ret < 0))
1591|            return crun_make_error (err, errno, "mknod `%s`", device->path);
1592|
1593|          fd = safe_openat (dirfd, rootfs, rootfs_len, basename, O_PATH | O_CLOEXEC, 0, err);
1594|          if (UNLIKELY (fd < 0))
1595|            return crun_make_error (err, errno, "open `%s`", device->path);
1596|
1597|          sprintf (fd_buffer, "/proc/self/fd/%d", fd);
1598|
1599|          ret = chmod (fd_buffer, device->mode);
1600|          if (UNLIKELY (ret < 0))
1601|            return crun_make_error (err, errno, "chmod `%s`", device->path);
1602|
1603|          ret = chown (fd_buffer, device->uid, device->gid); /* lgtm [cpp/toctou-race-condition] */
1604|          if (UNLIKELY (ret < 0))
1605|            return crun_make_error (err, errno, "chown `%s`", device->path);
1606|        }
1607|    }
1608|  return 0;
1609|}
1610|
1611|struct symlink_s
1612|{
1613|  const char *path;
1614|  const char *target;
1615|  bool force;
1616|};
1617|
1618|static struct symlink_s symlinks[] = { { "/proc/self/fd", "fd", false },
1619|                                       { "/proc/self/fd/0", "stdin", false },
1620|                                       { "/proc/self/fd/1", "stdout", false },
1621|                                       { "/proc/self/fd/2", "stderr", false },
1622|                                       { "/proc/kcore", "core", false },
1623|                                       { "pts/ptmx", "ptmx", true },
1624|                                       { NULL, NULL, false } };
1625|
1626|static int
1627|create_missing_devs (libcrun_container_t *container, bool binds, libcrun_error_t *err)
1628|{
1629|  int ret;
1630|  size_t i;
1631|  struct device_s *it;
1632|  cleanup_close int devfd = -1;
1633|  runtime_spec_schema_config_schema *def = container->container_def;
1634|  const char *rootfs = get_private_data (container)->rootfs;
1635|  int rootfsfd = get_private_data (container)->rootfsfd;
1636|
1637|  devfd = openat (rootfsfd, "dev", O_RDONLY | O_DIRECTORY);
1638|  if (UNLIKELY (devfd < 0))
1639|    return crun_make_error (err, errno, "open /dev directory in `%s`", rootfs);
1640|
1641|  for (i = 0; i < def->linux->devices_len; i++)
1642|    {
1643|      struct device_s device = {
1644|        def->linux->devices[i]->path,
1645|        def->linux->devices[i]->type,
1646|        def->linux->devices[i]->major,
1647|        def->linux->devices[i]->minor,
1648|        def->linux->devices[i]->file_mode,
1649|        def->linux->devices[i]->uid,
1650|        def->linux->devices[i]->gid,
1651|      };
1652|
1653|      if (! def->linux->devices[i]->file_mode_present)
1654|        device.mode = 0666;
1655|      ret = libcrun_create_dev (container, devfd, &device, binds, true, err);
1656|      if (UNLIKELY (ret < 0))
1657|        return ret;
1658|    }
1659|
1660|  for (it = needed_devs; it->path; it++)
1661|    {
1662|      /* make sure the parent directory exists only on the first iteration.  */
1663|      ret = libcrun_create_dev (container, devfd, it, binds, it == needed_devs, err);
1664|      if (UNLIKELY (ret < 0))
1665|        return ret;
1666|    }
1667|
1668|  for (i = 0; symlinks[i].target; i++)
1669|    {
1670|    retry_symlink:
1671|      ret = symlinkat (symlinks[i].path, devfd, symlinks[i].target);
1672|      if (UNLIKELY (ret < 0))
1673|        {
1674|          int saved_errno = errno;
1675|
1676|          if (errno == EEXIST && ! symlinks[i].force)
1677|            continue;
1678|
1679|          /* If the symlink should be forced, make sure to unlink any existing file at the same path.  */
1680|          if (errno == EEXIST)
1681|            {
1682|            retry_unlink:
1683|              ret = unlinkat (devfd, symlinks[i].target, 0);
1684|              if (ret < 0 && errno == EISDIR)
1685|                ret = unlinkat (devfd, symlinks[i].target, AT_REMOVEDIR);
1686|              if (ret < 0 && errno == EBUSY)
1687|                {
1688|                  cleanup_close int tfd = openat (devfd, symlinks[i].target, O_CLOEXEC | O_PATH | O_NOFOLLOW);
1689|                  if (tfd >= 0)
1690|                    {
1691|                      char procpath[32];
1692|                      sprintf (procpath, "/proc/self/fd/%d", tfd);
1693|
1694|                      if (umount2 (procpath, MNT_DETACH) == 0)
1695|                        goto retry_unlink;
1696|                    }
1697|                }
1698|              if (ret == 0)
1699|                goto retry_symlink;
1700|            }
1701|          return crun_make_error (err, saved_errno, "creating symlink for /dev/%s", symlinks[i].target);
1702|        }
1703|    }
1704|
1705|  if (container->container_def->process && container->container_def->process->terminal)
1706|    {
1707|      ret = crun_ensure_file_at (devfd, "console", 0620, true, err);
1708|      if (UNLIKELY (ret < 0))
1709|        return ret;
1710|    }
1711|
1712|  return 0;
1713|}
1714|
1715|static int
1716|do_masked_or_readonly_path (libcrun_container_t *container, const char *rel_path, bool readonly,
1717|                            libcrun_error_t *err)
1718|{
1719|  size_t rootfs_len = get_private_data (container)->rootfs_len;
1720|  const char *rootfs = get_private_data (container)->rootfs;
1721|  int rootfsfd = get_private_data (container)->rootfsfd;
1722|  cleanup_close int pathfd = -1;
1723|  int ret;
1724|  mode_t mode;
1725|
1726|  if (rel_path[0] == '/')
1727|    rel_path++;
(3388 more lines below)
2026-07-25 14:53:39.921 | INFO     | metagpt.roles.di.role_zero:_act:292 - Commands: 
[{'command_name': 'Terminal.run_command', 'args': {'cmd': "cd /home/aludy/scires/Cloud_Spec_Exp/external/worktrees/oci-metagpt-agentless-mini-rerun/metagpt/crun-1099 && sed -n '1632,1666p' src/libcrun/linux.c"}}]
2026-07-25 14:53:39.924 | INFO     | metagpt.roles.di.role_zero:_act:294 - Commands outputs: 
Command Terminal.run_command executed:
[command]: cd /home/aludy/scires/Cloud_Spec_Exp/external/worktrees/oci-metagpt-agentless-mini-rerun/metagpt/crun-1099 && sed -n '1632,1666p' src/libcrun/linux.c 
[command output] :   cleanup_close int devfd = -1;
  runtime_spec_schema_config_schema *def = container->container_def;
  const char *rootfs = get_private_data (container)->rootfs;
  int rootfsfd = get_private_data (container)->rootfsfd;

  devfd = openat (rootfsfd, "dev", O_RDONLY | O_DIRECTORY);
  if (UNLIKELY (devfd < 0))
    return crun_make_error (err, errno, "open /dev directory in `%s`", rootfs);

  for (i = 0; i < def->linux->devices_len; i++)
    {
      struct device_s device = {
        def->linux->devices[i]->path,
        def->linux->devices[i]->type,
        def->linux->devices[i]->major,
        def->linux->devices[i]->minor,
        def->linux->devices[i]->file_mode,
        def->linux->devices[i]->uid,
        def->linux->devices[i]->gid,
      };

      if (! def->linux->devices[i]->file_mode_present)
        device.mode = 0666;
      ret = libcrun_create_dev (container, devfd, &device, binds, true, err);
      if (UNLIKELY (ret < 0))
        return ret;
    }

  for (it = needed_devs; it->path; it++)
    {
      /* make sure the parent directory exists only on the first iteration.  */
      ret = libcrun_create_dev (container, devfd, it, binds, it == needed_devs, err);
      if (UNLIKELY (ret < 0))
        return ret;
    }

2026-07-25 14:53:44.902 | INFO     | metagpt.roles.di.role_zero:_act:292 - Commands: 
[{'command_name': 'Terminal.run_command', 'args': {'cmd': "cd /home/aludy/scires/Cloud_Spec_Exp/external/worktrees/oci-metagpt-agentless-mini-rerun/metagpt/crun-1099 && sed -i '/^create_missing_devs/,/^}/{\n/cleanup_close int devfd = -1;/a\\  cleanup_close_map struct libcrun_fd_map *dev_fds = NULL;\\n\\n  dev_fds = get_private_data (container)->dev_fds;\\n  get_private_data (container)->dev_fds = NULL;\n}' src/libcrun/linux.c && echo '=== After adding dev_fds ===' && sed -n '1627,1645p' src/libcrun/linux.c"}}]
2026-07-25 14:53:44.909 | INFO     | metagpt.roles.di.role_zero:_act:294 - Commands outputs: 
Command Terminal.run_command executed:
[command]: cd /home/aludy/scires/Cloud_Spec_Exp/external/worktrees/oci-metagpt-agentless-mini-rerun/metagpt/crun-1099 && sed -i '/^create_missing_devs/,/^}/{
/cleanup_close int devfd = -1;/a\  cleanup_close_map struct libcrun_fd_map *dev_fds = NULL;\n\n  dev_fds = get_private_data (container)->dev_fds;\n  get_private_data (container)->dev_fds = NULL;
}' src/libcrun/linux.c && echo '=== After adding dev_fds ===' && sed -n '1627,1645p' src/libcrun/linux.c 
[command output] : === After adding dev_fds ===
create_missing_devs (libcrun_container_t *container, bool binds, libcrun_error_t *err)
{
  int ret;
  size_t i;
  struct device_s *it;
  cleanup_close int devfd = -1;
  cleanup_close_map struct libcrun_fd_map *dev_fds = NULL;

  dev_fds = get_private_data (container)->dev_fds;
  get_private_data (container)->dev_fds = NULL;
  runtime_spec_schema_config_schema *def = container->container_def;
  const char *rootfs = get_private_data (container)->rootfs;
  int rootfsfd = get_private_data (container)->rootfsfd;

  devfd = openat (rootfsfd, "dev", O_RDONLY | O_DIRECTORY);
  if (UNLIKELY (devfd < 0))
    return crun_make_error (err, errno, "open /dev directory in `%s`", rootfs);

  for (i = 0; i < def->linux->devices_len; i++)

2026-07-25 14:53:48.100 | INFO     | metagpt.roles.di.role_zero:_act:292 - Commands: 
[{'command_name': 'Terminal.run_command', 'args': {'cmd': "cd /home/aludy/scires/Cloud_Spec_Exp/external/worktrees/oci-metagpt-agentless-mini-rerun/metagpt/crun-1099 && grep -n 'libcrun_create_dev' src/libcrun/linux.c | head -10"}}]
2026-07-25 14:53:48.120 | INFO     | metagpt.roles.di.role_zero:_act:294 - Commands outputs: 
Command Terminal.run_command executed:
[command]: cd /home/aludy/scires/Cloud_Spec_Exp/external/worktrees/oci-metagpt-agentless-mini-rerun/metagpt/crun-1099 && grep -n 'libcrun_create_dev' src/libcrun/linux.c | head -10 
[command output] : 1473:libcrun_create_dev (libcrun_container_t *container, int devfd, int srcfd, struct device_s *device,
1659:      ret = libcrun_create_dev (container, devfd, &device, binds, true, err);
1667:      ret = libcrun_create_dev (container, devfd, it, binds, it == needed_devs, err);

2026-07-25 14:53:52.493 | INFO     | metagpt.roles.di.role_zero:_act:292 - Commands: 
[{'command_name': 'Terminal.run_command', 'args': {'cmd': "cd /home/aludy/scires/Cloud_Spec_Exp/external/worktrees/oci-metagpt-agentless-mini-rerun/metagpt/crun-1099 && sed -n '1655,1670p' src/libcrun/linux.c"}}]
2026-07-25 14:53:52.496 | INFO     | metagpt.roles.di.role_zero:_act:294 - Commands outputs: 
Command Terminal.run_command executed:
[command]: cd /home/aludy/scires/Cloud_Spec_Exp/external/worktrees/oci-metagpt-agentless-mini-rerun/metagpt/crun-1099 && sed -n '1655,1670p' src/libcrun/linux.c 
[command output] :       };

      if (! def->linux->devices[i]->file_mode_present)
        device.mode = 0666;
      ret = libcrun_create_dev (container, devfd, &device, binds, true, err);
      if (UNLIKELY (ret < 0))
        return ret;
    }

  for (it = needed_devs; it->path; it++)
    {
      /* make sure the parent directory exists only on the first iteration.  */
      ret = libcrun_create_dev (container, devfd, it, binds, it == needed_devs, err);
      if (UNLIKELY (ret < 0))
        return ret;
    }

2026-07-25 14:53:56.662 | INFO     | metagpt.roles.di.role_zero:_act:292 - Commands: 
[{'command_name': 'Terminal.run_command', 'args': {'cmd': "cd /home/aludy/scires/Cloud_Spec_Exp/external/worktrees/oci-metagpt-agentless-mini-rerun/metagpt/crun-1099 && sed -i '1659s/libcrun_create_dev (container, devfd, &device, binds, true, err)/libcrun_create_dev (container, devfd, dev_fds->fds[i], \\&device, binds, true, err)/' src/libcrun/linux.c && sed -i '1667s/libcrun_create_dev (container, devfd, it, binds, it == needed_devs, err)/libcrun_create_dev (container, devfd, -1, it, binds, it == needed_devs, err)/' src/libcrun/linux.c && sed -n '1659,1668p' src/libcrun/linux.c"}}]
2026-07-25 14:53:56.685 | INFO     | metagpt.roles.di.role_zero:_act:294 - Commands outputs: 
Command Terminal.run_command executed:
[command]: cd /home/aludy/scires/Cloud_Spec_Exp/external/worktrees/oci-metagpt-agentless-mini-rerun/metagpt/crun-1099 && sed -i '1659s/libcrun_create_dev (container, devfd, &device, binds, true, err)/libcrun_create_dev (container, devfd, dev_fds->fds[i], \&device, binds, true, err)/' src/libcrun/linux.c && sed -i '1667s/libcrun_create_dev (container, devfd, it, binds, it == needed_devs, err)/libcrun_create_dev (container, devfd, -1, it, binds, it == needed_devs, err)/' src/libcrun/linux.c && sed -n '1659,1668p' src/libcrun/linux.c 
[command output] :       ret = libcrun_create_dev (container, devfd, dev_fds->fds[i], &device, binds, true, err);
      if (UNLIKELY (ret < 0))
        return ret;
    }

  for (it = needed_devs; it->path; it++)
    {
      /* make sure the parent directory exists only on the first iteration.  */
      ret = libcrun_create_dev (container, devfd, -1, it, binds, it == needed_devs, err);
      if (UNLIKELY (ret < 0))

2026-07-25 14:54:00.096 | INFO     | metagpt.roles.di.role_zero:_act:292 - Commands: 
[{'command_name': 'Terminal.run_command', 'args': {'cmd': "cd /home/aludy/scires/Cloud_Spec_Exp/external/worktrees/oci-metagpt-agentless-mini-rerun/metagpt/crun-1099 && sed -n '1626,1670p' src/libcrun/linux.c"}}, {'command_name': 'Plan.finish_current_task', 'args': {}}]
2026-07-25 14:54:00.099 | INFO     | metagpt.roles.di.role_zero:_act:294 - Commands outputs: 
Command Terminal.run_command executed:
[command]: cd /home/aludy/scires/Cloud_Spec_Exp/external/worktrees/oci-metagpt-agentless-mini-rerun/metagpt/crun-1099 && sed -n '1626,1670p' src/libcrun/linux.c 
[command output] : static int
create_missing_devs (libcrun_container_t *container, bool binds, libcrun_error_t *err)
{
  int ret;
  size_t i;
  struct device_s *it;
  cleanup_close int devfd = -1;
  cleanup_close_map struct libcrun_fd_map *dev_fds = NULL;

  dev_fds = get_private_data (container)->dev_fds;
  get_private_data (container)->dev_fds = NULL;
  runtime_spec_schema_config_schema *def = container->container_def;
  const char *rootfs = get_private_data (container)->rootfs;
  int rootfsfd = get_private_data (container)->rootfsfd;

  devfd = openat (rootfsfd, "dev", O_RDONLY | O_DIRECTORY);
  if (UNLIKELY (devfd < 0))
    return crun_make_error (err, errno, "open /dev directory in `%s`", rootfs);

  for (i = 0; i < def->linux->devices_len; i++)
    {
      struct device_s device = {
        def->linux->devices[i]->path,
        def->linux->devices[i]->type,
        def->linux->devices[i]->major,
        def->linux->devices[i]->minor,
        def->linux->devices[i]->file_mode,
        def->linux->devices[i]->uid,
        def->linux->devices[i]->gid,
      };

      if (! def->linux->devices[i]->file_mode_present)
        device.mode = 0666;
      ret = libcrun_create_dev (container, devfd, dev_fds->fds[i], &device, binds, true, err);
      if (UNLIKELY (ret < 0))
        return ret;
    }

  for (it = needed_devs; it->path; it++)
    {
      /* make sure the parent directory exists only on the first iteration.  */
      ret = libcrun_create_dev (container, devfd, -1, it, binds, it == needed_devs, err);
      if (UNLIKELY (ret < 0))
        return ret;
    }


Command Plan.finish_current_task executed:Current task is finished. If you no longer need to take action, use the command ‘end’ to stop.
2026-07-25 14:54:03.303 | INFO     | metagpt.roles.di.role_zero:_act:292 - Commands: 
[{'command_name': 'Terminal.run_command', 'args': {'cmd': "cd /home/aludy/scires/Cloud_Spec_Exp/external/worktrees/oci-metagpt-agentless-mini-rerun/metagpt/crun-1099 && grep -n 'send_mounts\\|prepare_and_send_dev_mounts' src/libcrun/linux.c"}}]
2026-07-25 14:54:03.306 | INFO     | metagpt.roles.di.role_zero:_act:294 - Commands outputs: 
Command Terminal.run_command executed:
[command]: cd /home/aludy/scires/Cloud_Spec_Exp/external/worktrees/oci-metagpt-agentless-mini-rerun/metagpt/crun-1099 && grep -n 'send_mounts\|prepare_and_send_dev_mounts' src/libcrun/linux.c 
[command output] : 3788:send_mounts (int sync_socket_host, struct libcrun_fd_map *fds, size_t how_many, size_t total, libcrun_error_t *err)
3843:  return send_mounts (sync_socket_host, mount_fds, how_many, def->mounts_len, err);
3847:prepare_and_send_dev_mounts (libcrun_container_t *container, int sync_socket_host, libcrun_error_t *err)
3874:  return send_mounts (sync_socket_host, dev_fds, how_many, def->linux->devices_len, err);
3878:prepare_and_send_mounts (libcrun_container_t *container, pid_t pid, int sync_socket_host, libcrun_error_t *err)
3886:  ret = prepare_and_send_dev_mounts (container, sync_socket_host, err);
4039:     This cannot be done in the parent process (by `prepare_and_send_mounts`), since it is
4150:  /* Receive the mounts sent by `prepare_and_send_mounts`.  */
4409:      ret = prepare_and_send_mounts (container, pid, sync_socket_host, err);

2026-07-25 14:54:06.552 | INFO     | metagpt.roles.di.role_zero:_act:292 - Commands: 
[{'command_name': 'Editor.goto_line', 'args': {'line_number': 3760}}]
2026-07-25 14:54:06.553 | INFO     | metagpt.roles.di.role_zero:_act:294 - Commands outputs: 
Command Editor.goto_line executed: [File: /home/aludy/scires/Cloud_Spec_Exp/external/worktrees/oci-metagpt-agentless-mini-rerun/metagpt/crun-1099/src/libcrun/linux.c (5119 lines total)]
(3659 more lines above)
3660|    TEMP_FAILURE_RETRY (close (ns->fd[i]));
3661|}
3662|
3663|static int
3664|configure_init_status (struct init_status_s *ns, libcrun_container_t *container, libcrun_error_t *err)
3665|{
3666|  runtime_spec_schema_config_schema *def = container->container_def;
3667|  size_t i;
3668|
3669|  for (i = 0; i < MAX_NAMESPACES + 1; i++)
3670|    ns->fd[i] = -1;
3671|
3672|  ns->fd_len = 0;
3673|  ns->all_namespaces = 0;
3674|  ns->namespaces_to_unshare = 0;
3675|  ns->join_pidns = false;
3676|  ns->join_ipcns = false;
3677|  ns->must_fork = false;
3678|  ns->delayed_userns_create = false;
3679|  ns->userns_index = -1;
3680|  ns->userns_index_origin = -1;
3681|  ns->idx_pidns_to_join_immediately = -1;
3682|  ns->idx_timens_to_join_immediately = -1;
3683|
3684|  for (i = 0; i < def->linux->namespaces_len; i++)
3685|    {
3686|      int value = libcrun_find_namespace (def->linux->namespaces[i]->type);
3687|      if (UNLIKELY (value < 0))
3688|        return crun_make_error (err, 0, "invalid namespace type: `%s`", def->linux->namespaces[i]->type);
3689|
3690|      ns->all_namespaces |= value;
3691|
3692|      if (def->linux->namespaces[i]->path == NULL)
3693|        ns->namespaces_to_unshare |= value;
3694|      else
3695|        {
3696|          int fd;
3697|
3698|          if (ns->fd_len >= MAX_NAMESPACES)
3699|            return crun_make_error (err, 0, "too many namespaces to join");
3700|
3701|          fd = open (def->linux->namespaces[i]->path, O_RDONLY | O_CLOEXEC);
3702|          if (UNLIKELY (fd < 0))
3703|            return crun_make_error (err, errno, "open `%s`", def->linux->namespaces[i]->path);
3704|
3705|          if (value == CLONE_NEWUSER)
3706|            {
3707|              ns->userns_index = ns->fd_len;
3708|              ns->userns_index_origin = i;
3709|            }
3710|
3711|          ns->fd[ns->fd_len] = fd;
3712|          ns->index[ns->fd_len] = i;
3713|          ns->value[ns->fd_len] = value;
3714|          ns->fd_len++;
3715|          ns->fd[ns->fd_len] = -1;
3716|        }
3717|    }
3718|
3719|  if (container->host_uid && (ns->all_namespaces & CLONE_NEWUSER) == 0)
3720|    {
3721|      libcrun_warning ("non root user need to have an 'user' namespace");
3722|      ns->all_namespaces |= CLONE_NEWUSER;
3723|      ns->namespaces_to_unshare |= CLONE_NEWUSER;
3724|    }
3725|
3726|  return 0;
3727|}
3728|
3729|/* Detect if root is available in the container.  */
3730|static bool
3731|root_mapped_in_container_p (runtime_spec_schema_defs_id_mapping **mappings, size_t len)
3732|{
3733|  size_t i;
3734|
3735|  for (i = 0; i < len; i++)
3736|    if (mappings[i]->container_id == 0)
3737|      return true;
3738|
3739|  return false;
3740|}
3741|
3742|static struct libcrun_fd_map *
3743|get_devices_fd_map (libcrun_container_t *container)
3744|{
3745|  struct libcrun_fd_map *dev_fds = get_private_data (container)->dev_fds;
3746|
3747|  if (dev_fds == NULL)
3748|    {
3749|      runtime_spec_schema_config_schema *def = container->container_def;
3750|      size_t len = def->linux ? def->linux->devices_len : 0;
3751|
3752|      dev_fds = make_libcrun_fd_map (len);
3753|      get_private_data (container)->dev_fds = dev_fds;
3754|    }
3755|  return dev_fds;
3756|}
3757|
3758|static struct libcrun_fd_map *
3759|get_fd_map (libcrun_container_t *container)
3760|{
3761|  struct libcrun_fd_map *mount_fds = get_private_data (container)->mount_fds;
3762|
3763|  if (mount_fds == NULL)
3764|    {
3765|      runtime_spec_schema_config_schema *def = container->container_def;
3766|      mount_fds = make_libcrun_fd_map (def->mounts_len);
3767|      get_private_data (container)->mount_fds = mount_fds;
3768|    }
3769|  return mount_fds;
3770|}
3771|
3772|static bool
3773|is_bind_mount (runtime_spec_schema_defs_mount *mnt)
3774|{
3775|  size_t i;
3776|
3777|  for (i = 0; i < mnt->options_len; i++)
3778|    {
3779|      if (strcmp (mnt->options[i], "bind") == 0)
3780|        return true;
3781|      if (strcmp (mnt->options[i], "rbind") == 0)
3782|        return true;
3783|    }
3784|  return false;
3785|}
3786|
3787|static int
3788|send_mounts (int sync_socket_host, struct libcrun_fd_map *fds, size_t how_many, size_t total, libcrun_error_t *err)
3789|{
3790|  size_t i;
3791|  int ret;
3792|
3793|  ret = TEMP_FAILURE_RETRY (write (sync_socket_host, &how_many, sizeof (how_many)));
3794|  if (UNLIKELY (ret < 0))
3795|    return crun_make_error (err, errno, "write to sync socket");
3796|
3797|  for (i = 0; i < total; i++)
3798|    {
3799|      if (fds->fds[i] >= 0)
3800|        {
3801|          ret = send_fd_to_socket_with_payload (sync_socket_host, fds->fds[i], (char *) &i, sizeof (i), err);
3802|          if (UNLIKELY (ret < 0))
3803|            return ret;
3804|        }
3805|    }
3806|  return 0;
3807|}
3808|
3809|static int
3810|prepare_and_send_mount_mounts (libcrun_container_t *container, pid_t pid, int sync_socket_host, libcrun_error_t *err)
3811|{
3812|  runtime_spec_schema_config_schema *def = container->container_def;
3813|  cleanup_close_map struct libcrun_fd_map *mount_fds = NULL;
3814|  bool has_userns = (get_private_data (container)->unshare_flags & CLONE_NEWUSER) ? true : false;
3815|  size_t how_many = 0;
3816|  size_t i;
3817|  int ret;
3818|
3819|  if (def->mounts_len == 0)
3820|    return 0;
3821|
3822|  mount_fds = make_libcrun_fd_map (def->mounts_len);
3823|
3824|  for (i = 0; i < def->mounts_len; i++)
3825|    {
3826|      mount_fds->fds[i] = -1;
3827|
3828|      ret = maybe_get_idmapped_mount (def, def->mounts[i], pid, &(mount_fds->fds[i]), err);
3829|      if (UNLIKELY (ret < 0))
3830|        return ret;
3831|
3832|      if (mount_fds->fds[i] < 0 && has_userns && is_bind_mount (def->mounts[i]))
3833|        {
3834|          mount_fds->fds[i] = get_bind_mount (-1, def->mounts[i]->source, err);
3835|          if (UNLIKELY (mount_fds->fds[i] < 0))
3836|            crun_error_release (err);
3837|        }
3838|
3839|      if (mount_fds->fds[i] >= 0)
3840|        how_many++;
3841|    }
3842|
3843|  return send_mounts (sync_socket_host, mount_fds, how_many, def->mounts_len, err);
3844|}
3845|
3846|static int
3847|prepare_and_send_dev_mounts (libcrun_container_t *container, int sync_socket_host, libcrun_error_t *err)
3848|{
3849|  runtime_spec_schema_config_schema *def = container->container_def;
3850|  cleanup_close_map struct libcrun_fd_map *dev_fds = NULL;
3851|  bool has_userns = (get_private_data (container)->unshare_flags & CLONE_NEWUSER) ? true : false;
3852|  size_t how_many = 0;
3853|  size_t i;
3854|  int ret;
3855|
3856|  if (def->linux == NULL || def->linux->devices_len == 0)
3857|    return 0;
3858|
3859|  dev_fds = make_libcrun_fd_map (def->linux->devices_len);
3860|
(1259 more lines below)
2026-07-25 14:54:13.519 | WARNING  | metagpt.utils.role_zero_utils:parse_commands:115 - Failed to parse JSON for: Now I need to add the helper functions `get_id_in_user_namespace` and `precreate_device` before `send_mounts`. Let me do this with sed.

```json
[
    {
        "command_name": "Terminal.run_command",
        "args": {
            "cmd": "cd /home/aludy/scires/Cloud_Spec_Exp/external/worktrees/oci-metagpt-agentless-mini-rerun/metagpt/crun-1099 && sed -i '3786a\\nstatic uid_t\\nget_id_in_user_namespace (uid_t id, bool is_uid, runtime_spec_schema_config_schema *def)\\n{\\n  runtime_spec_schema_defs_id_mapping **mappings;\\n  size_t len;\\n  size_t i;\\n\\n  mappings = is_uid ? def->linux->uid_mappings : def->linux->gid_mappings;\\n  len = is_uid ? def->linux->uid_mappings_len : def->linux->gid_mappings_len;\\n\\n  for (i = 0; i < len; i++)\\n    {\\n      if (mappings[i]->container_id <= id\\n          && id < mappings[i]->container_id + mappings[i]->size)\\n        return id - mappings[i]->container_id + mappings[i]->host_id;\\n    }\\n\\n  return is_uid ? get_overflow_uid () : get_overflow_gid ();\\n}\\n\\nstatic int\\nprecreate_device (libcrun_container_t *container, int devs_dirfd, size_t i, libcrun_error_t *err)\\n{\\n  runtime_spec_schema_config_schema *def = container->container_def;\\n  runtime_spec_schema_defs_linux_device *device;\\n  uid_t uid = get_overflow_uid ();\\n  gid_t gid = get_overflow_gid ();\\n  char name[64];\\n  mode_t type;\\n  dev_t dev;\\n  int ret;\\n\\n  snprintf (name, sizeof (name), \\"%zu\\", i);\\n\\n  device = def->linux->devices[i];\\n\\n  type = (device->type[0] == \\'b\\') ? S_IFBLK : ((device->type[0] == \\'p\\') ? S_IFIFO : S_IFCHR);\\n  dev = makedev (device->major, device->minor);\\n\\n  ret = mknodat (devs_dirfd, name, device->file_mode | type, dev);\\n  if (UNLIKELY (ret < 0))\\n    return crun_make_error (err, errno, \\"mknod `%s`\\", device->path);\\n\\n  if (def->linux)\\n    {\\n      uid = get_id_in_user_namespace (device->uid, true, def);\\n      gid = get_id_in_user_namespace (device->gid, false, def);\\n    }\\n\\n  ret = fchownat (devs_dirfd, name, uid, gid, 0);\\n  if (UNLIKELY (ret < 0))\\n    return crun_make_error (err, errno, \\"chown `%s`\\", device->path);\\n\\n  return get_bind_mount (devs_dirfd, name, err);\\n}' src/libcrun/linux.c && sed -n '3787,3820p' src/libcrun/linux.c"
        }
    }
]
```. Trying to repair...
2026-07-25 14:54:50.774 | ERROR    | metagpt.utils.common:parse_code:291 - ```json.*?\s+(.*?)\n``` not match following text:
2026-07-25 14:54:50.774 | ERROR    | metagpt.utils.common:parse_code:292 - 
2026-07-25 14:54:50.775 | INFO     | metagpt.roles.di.role_zero:_act:292 - Commands: 
[{'command_name': 'Terminal.run_command', 'args': {'cmd': 'cd /home/aludy/scires/Cloud_Spec_Exp/external/worktrees/oci-metagpt-agentless-mini-rerun/metagpt/crun-1099 && sed -i \'3786a\\\nstatic uid_t\\\nget_id_in_user_namespace (uid_t id, bool is_uid, runtime_spec_schema_config_schema *def)\\\n{\\\n  runtime_spec_schema_defs_id_mapping **mappings;\\\n  size_t len;\\\n  size_t i;\\\n\\\n  mappings = is_uid ? def->linux->uid_mappings : def->linux->gid_mappings;\\\n  len = is_uid ? def->linux->uid_mappings_len : def->linux->gid_mappings_len;\\\n\\\n  for (i = 0; i < len; i++)\\\n    {\\\n      if (mappings[i]->container_id <= id\\\n          && id < mappings[i]->container_id + mappings[i]->size)\\\n        return id - mappings[i]->container_id + mappings[i]->host_id;\\\n    }\\\n\\\n  return is_uid ? get_overflow_uid () : get_overflow_gid ();\\\n}\\\n\\\nstatic int\\\nprecreate_device (libcrun_container_t *container, int devs_dirfd, size_t i, libcrun_error_t *err)\\\n{\\\n  runtime_spec_schema_config_schema *def = container->container_def;\\\n  runtime_spec_schema_defs_linux_device *device;\\\n  uid_t uid = get_overflow_uid ();\\\n  gid_t gid = get_overflow_gid ();\\\n  char name[64];\\\n  mode_t type;\\\n  dev_t dev;\\\n  int ret;\\\n\\\n  snprintf (name, sizeof (name), \\"%zu\\", i);\\\n\\\n  device = def->linux->devices[i];\\\n\\\n  type = (device->type[0] == \\\\\'b\\\\\') ? S_IFBLK : ((device->type[0] == \\\\\'p\\\\\') ? S_IFIFO : S_IFCHR);\\\n  dev = makedev (device->major, device->minor);\\\n\\\n  ret = mknodat (devs_dirfd, name, device->file_mode | type, dev);\\\n  if (UNLIKELY (ret < 0))\\\n    return crun_make_error (err, errno, \\"mknod `%s`\\", device->path);\\\n\\\n  if (def->linux)\\\n    {\\\n      uid = get_id_in_user_namespace (device->uid, true, def);\\\n      gid = get_id_in_user_namespace (device->gid, false, def);\\\n    }\\\n\\\n  ret = fchownat (devs_dirfd, name, uid, gid, 0);\\\n  if (UNLIKELY (ret < 0))\\\n    return crun_make_error (err, errno, \\"chown `%s`\\", device->path);\\\n\\\n  return get_bind_mount (devs_dirfd, name, err);\\\n}\' src/libcrun/linux.c && sed -n \'3787,3820p\' src/libcrun/linux.c'}}]
2026-07-25 14:54:50.783 | INFO     | metagpt.roles.di.role_zero:_act:294 - Commands outputs: 
Command Terminal.run_command executed:
[command]: cd /home/aludy/scires/Cloud_Spec_Exp/external/worktrees/oci-metagpt-agentless-mini-rerun/metagpt/crun-1099 && sed -i '3786a\
static uid_t\
get_id_in_user_namespace (uid_t id, bool is_uid, runtime_spec_schema_config_schema *def)\
{\
  runtime_spec_schema_defs_id_mapping **mappings;\
  size_t len;\
  size_t i;\
\
  mappings = is_uid ? def->linux->uid_mappings : def->linux->gid_mappings;\
  len = is_uid ? def->linux->uid_mappings_len : def->linux->gid_mappings_len;\
\
  for (i = 0; i < len; i++)\
    {\
      if (mappings[i]->container_id <= id\
          && id < mappings[i]->container_id + mappings[i]->size)\
        return id - mappings[i]->container_id + mappings[i]->host_id;\
    }\
\
  return is_uid ? get_overflow_uid () : get_overflow_gid ();\
}\
\
static int\
precreate_device (libcrun_container_t *container, int devs_dirfd, size_t i, libcrun_error_t *err)\
{\
  runtime_spec_schema_config_schema *def = container->container_def;\
  runtime_spec_schema_defs_linux_device *device;\
  uid_t uid = get_overflow_uid ();\
  gid_t gid = get_overflow_gid ();\
  char name[64];\
  mode_t type;\
  dev_t dev;\
  int ret;\
\
  snprintf (name, sizeof (name), \"%zu\", i);\
\
  device = def->linux->devices[i];\
\
  type = (device->type[0] == \\'b\\') ? S_IFBLK : ((device->type[0] == \\'p\\') ? S_IFIFO : S_IFCHR);\
  dev = makedev (device->major, device->minor);\
\
  ret = mknodat (devs_dirfd, name, device->file_mode | type, dev);\
  if (UNLIKELY (ret < 0))\
    return crun_make_error (err, errno, \"mknod `%s`\", device->path);\
\
  if (def->linux)\
    {\
      uid = get_id_in_user_namespace (device->uid, true, def);\
      gid = get_id_in_user_namespace (device->gid, false, def);\
    }\
\
  ret = fchownat (devs_dirfd, name, uid, gid, 0);\
  if (UNLIKELY (ret < 0))\
    return crun_make_error (err, errno, \"chown `%s`\", device->path);\
\
  return get_bind_mount (devs_dirfd, name, err);\
}' src/libcrun/linux.c && sed -n '3787,3820p' src/libcrun/linux.c 
[command output] : static uid_t
get_id_in_user_namespace (uid_t id, bool is_uid, runtime_spec_schema_config_schema *def)
{
  runtime_spec_schema_defs_id_mapping **mappings;
  size_t len;
  size_t i;

  mappings = is_uid ? def->linux->uid_mappings : def->linux->gid_mappings;
  len = is_uid ? def->linux->uid_mappings_len : def->linux->gid_mappings_len;

  for (i = 0; i < len; i++)
    {
      if (mappings[i]->container_id <= id && id < mappings[i]->container_id + mappings[i]->size)
        return id - mappings[i]->container_id + mappings[i]->host_id;
    }

  return is_uid ? get_overflow_uid () : get_overflow_gid ();
}

static int
precreate_device (libcrun_container_t *container, int devs_dirfd, size_t i, libcrun_error_t *err)
{
  runtime_spec_schema_config_schema *def = container->container_def;
  runtime_spec_schema_defs_linux_device *device;
  uid_t uid = get_overflow_uid ();
  gid_t gid = get_overflow_gid ();
  char name[64];
  mode_t type;
  dev_t dev;
  int ret;

  snprintf (name, sizeof (name), "%zu", i);

  device = def->linux->devices[i];

2026-07-25 14:54:54.210 | INFO     | metagpt.roles.di.role_zero:_act:292 - Commands: 
[{'command_name': 'Terminal.run_command', 'args': {'cmd': "cd /home/aludy/scires/Cloud_Spec_Exp/external/worktrees/oci-metagpt-agentless-mini-rerun/metagpt/crun-1099 && grep -n 'get_id_in_user_namespace\\|precreate_device' src/libcrun/linux.c"}}, {'command_name': 'Plan.finish_current_task', 'args': {}}]
2026-07-25 14:54:54.213 | INFO     | metagpt.roles.di.role_zero:_act:294 - Commands outputs: 
Command Terminal.run_command executed:
[command]: cd /home/aludy/scires/Cloud_Spec_Exp/external/worktrees/oci-metagpt-agentless-mini-rerun/metagpt/crun-1099 && grep -n 'get_id_in_user_namespace\|precreate_device' src/libcrun/linux.c 
[command output] : 3788:get_id_in_user_namespace (uid_t id, bool is_uid, runtime_spec_schema_config_schema *def)
3807:precreate_device (libcrun_container_t *container, int devs_dirfd, size_t i, libcrun_error_t *err)
3831:      uid = get_id_in_user_namespace (device->uid, true, def);
3832:      gid = get_id_in_user_namespace (device->gid, false, def);


Command Plan.finish_current_task executed:Current task is finished. If you no longer need to take action, use the command ‘end’ to stop.
2026-07-25 14:54:56.668 | INFO     | metagpt.roles.di.role_zero:_act:292 - Commands: 
[{'command_name': 'Terminal.run_command', 'args': {'cmd': "cd /home/aludy/scires/Cloud_Spec_Exp/external/worktrees/oci-metagpt-agentless-mini-rerun/metagpt/crun-1099 && grep -n 'prepare_and_send_dev_mounts\\|send_mounts' src/libcrun/linux.c"}}]
2026-07-25 14:54:56.671 | INFO     | metagpt.roles.di.role_zero:_act:294 - Commands outputs: 
Command Terminal.run_command executed:
[command]: cd /home/aludy/scires/Cloud_Spec_Exp/external/worktrees/oci-metagpt-agentless-mini-rerun/metagpt/crun-1099 && grep -n 'prepare_and_send_dev_mounts\|send_mounts' src/libcrun/linux.c 
[command output] : 3842:send_mounts (int sync_socket_host, struct libcrun_fd_map *fds, size_t how_many, size_t total, libcrun_error_t *err)
3897:  return send_mounts (sync_socket_host, mount_fds, how_many, def->mounts_len, err);
3901:prepare_and_send_dev_mounts (libcrun_container_t *container, int sync_socket_host, libcrun_error_t *err)
3928:  return send_mounts (sync_socket_host, dev_fds, how_many, def->linux->devices_len, err);
3932:prepare_and_send_mounts (libcrun_container_t *container, pid_t pid, int sync_socket_host, libcrun_error_t *err)
3940:  ret = prepare_and_send_dev_mounts (container, sync_socket_host, err);
4093:     This cannot be done in the parent process (by `prepare_and_send_mounts`), since it is
4204:  /* Receive the mounts sent by `prepare_and_send_mounts`.  */
4463:      ret = prepare_and_send_mounts (container, pid, sync_socket_host, err);

2026-07-25 14:54:58.683 | INFO     | metagpt.roles.di.role_zero:_act:292 - Commands: 
[{'command_name': 'Editor.goto_line', 'args': {'line_number': 3901}}]
2026-07-25 14:54:58.684 | INFO     | metagpt.roles.di.role_zero:_act:294 - Commands outputs: 
Command Editor.goto_line executed: [File: /home/aludy/scires/Cloud_Spec_Exp/external/worktrees/oci-metagpt-agentless-mini-rerun/metagpt/crun-1099/src/libcrun/linux.c (5173 lines total)]
(3800 more lines above)
3801|    }
3802|
3803|  return is_uid ? get_overflow_uid () : get_overflow_gid ();
3804|}
3805|
3806|static int
3807|precreate_device (libcrun_container_t *container, int devs_dirfd, size_t i, libcrun_error_t *err)
3808|{
3809|  runtime_spec_schema_config_schema *def = container->container_def;
3810|  runtime_spec_schema_defs_linux_device *device;
3811|  uid_t uid = get_overflow_uid ();
3812|  gid_t gid = get_overflow_gid ();
3813|  char name[64];
3814|  mode_t type;
3815|  dev_t dev;
3816|  int ret;
3817|
3818|  snprintf (name, sizeof (name), "%zu", i);
3819|
3820|  device = def->linux->devices[i];
3821|
3822|  type = (device->type[0] == \b) ? S_IFBLK : ((device->type[0] == \p) ? S_IFIFO : S_IFCHR);
3823|  dev = makedev (device->major, device->minor);
3824|
3825|  ret = mknodat (devs_dirfd, name, device->file_mode | type, dev);
3826|  if (UNLIKELY (ret < 0))
3827|    return crun_make_error (err, errno, "mknod `%s`", device->path);
3828|
3829|  if (def->linux)
3830|    {
3831|      uid = get_id_in_user_namespace (device->uid, true, def);
3832|      gid = get_id_in_user_namespace (device->gid, false, def);
3833|    }
3834|
3835|  ret = fchownat (devs_dirfd, name, uid, gid, 0);
3836|  if (UNLIKELY (ret < 0))
3837|    return crun_make_error (err, errno, "chown `%s`", device->path);
3838|
3839|  return get_bind_mount (devs_dirfd, name, err);
3840|}
3841|static int
3842|send_mounts (int sync_socket_host, struct libcrun_fd_map *fds, size_t how_many, size_t total, libcrun_error_t *err)
3843|{
3844|  size_t i;
3845|  int ret;
3846|
3847|  ret = TEMP_FAILURE_RETRY (write (sync_socket_host, &how_many, sizeof (how_many)));
3848|  if (UNLIKELY (ret < 0))
3849|    return crun_make_error (err, errno, "write to sync socket");
3850|
3851|  for (i = 0; i < total; i++)
3852|    {
3853|      if (fds->fds[i] >= 0)
3854|        {
3855|          ret = send_fd_to_socket_with_payload (sync_socket_host, fds->fds[i], (char *) &i, sizeof (i), err);
3856|          if (UNLIKELY (ret < 0))
3857|            return ret;
3858|        }
3859|    }
3860|  return 0;
3861|}
3862|
3863|static int
3864|prepare_and_send_mount_mounts (libcrun_container_t *container, pid_t pid, int sync_socket_host, libcrun_error_t *err)
3865|{
3866|  runtime_spec_schema_config_schema *def = container->container_def;
3867|  cleanup_close_map struct libcrun_fd_map *mount_fds = NULL;
3868|  bool has_userns = (get_private_data (container)->unshare_flags & CLONE_NEWUSER) ? true : false;
3869|  size_t how_many = 0;
3870|  size_t i;
3871|  int ret;
3872|
3873|  if (def->mounts_len == 0)
3874|    return 0;
3875|
3876|  mount_fds = make_libcrun_fd_map (def->mounts_len);
3877|
3878|  for (i = 0; i < def->mounts_len; i++)
3879|    {
3880|      mount_fds->fds[i] = -1;
3881|
3882|      ret = maybe_get_idmapped_mount (def, def->mounts[i], pid, &(mount_fds->fds[i]), err);
3883|      if (UNLIKELY (ret < 0))
3884|        return ret;
3885|
3886|      if (mount_fds->fds[i] < 0 && has_userns && is_bind_mount (def->mounts[i]))
3887|        {
3888|          mount_fds->fds[i] = get_bind_mount (-1, def->mounts[i]->source, err);
3889|          if (UNLIKELY (mount_fds->fds[i] < 0))
3890|            crun_error_release (err);
3891|        }
3892|
3893|      if (mount_fds->fds[i] >= 0)
3894|        how_many++;
3895|    }
3896|
3897|  return send_mounts (sync_socket_host, mount_fds, how_many, def->mounts_len, err);
3898|}
3899|
3900|static int
3901|prepare_and_send_dev_mounts (libcrun_container_t *container, int sync_socket_host, libcrun_error_t *err)
3902|{
3903|  runtime_spec_schema_config_schema *def = container->container_def;
3904|  cleanup_close_map struct libcrun_fd_map *dev_fds = NULL;
3905|  bool has_userns = (get_private_data (container)->unshare_flags & CLONE_NEWUSER) ? true : false;
3906|  size_t how_many = 0;
3907|  size_t i;
3908|  int ret;
3909|
3910|  if (def->linux == NULL || def->linux->devices_len == 0)
3911|    return 0;
3912|
3913|  dev_fds = make_libcrun_fd_map (def->linux->devices_len);
3914|
3915|  for (i = 0; i < def->linux->devices_len; i++)
3916|    {
3917|      if (has_userns)
3918|        {
3919|          dev_fds->fds[i] = -1;
3920|          if (UNLIKELY (dev_fds->fds[i] < 0))
3921|            crun_error_release (err);
3922|        }
3923|
3924|      if (dev_fds->fds[i] >= 0)
3925|        how_many++;
3926|    }
3927|
3928|  return send_mounts (sync_socket_host, dev_fds, how_many, def->linux->devices_len, err);
3929|}
3930|
3931|static int
3932|prepare_and_send_mounts (libcrun_container_t *container, pid_t pid, int sync_socket_host, libcrun_error_t *err)
3933|{
3934|  int ret;
3935|
3936|  ret = prepare_and_send_mount_mounts (container, pid, sync_socket_host, err);
3937|  if (UNLIKELY (ret < 0))
3938|    return ret;
3939|
3940|  ret = prepare_and_send_dev_mounts (container, sync_socket_host, err);
3941|  if (UNLIKELY (ret < 0))
3942|    return ret;
3943|
3944|  return 0;
3945|}
3946|
3947|static int
3948|receive_mounts (struct libcrun_fd_map *fds, int sync_socket_container, libcrun_error_t *err)
3949|{
3950|  size_t i, how_many = 0;
3951|  int ret;
3952|
3953|  if (fds->nfds == 0)
3954|    return 0;
3955|
3956|  ret = TEMP_FAILURE_RETRY (read (sync_socket_container, &how_many, sizeof (how_many)));
3957|  if (UNLIKELY (ret < 0))
3958|    return crun_make_error (err, errno, "read from sync socket");
3959|
3960|  for (i = 0; i < how_many; i++)
3961|    {
3962|      size_t index;
3963|
3964|      ret = receive_fd_from_socket_with_payload (sync_socket_container, (char *) &index, sizeof (index), err);
3965|      if (UNLIKELY (ret < 0))
3966|        return ret;
3967|      if (index >= fds->nfds)
3968|        return crun_make_error (err, 0, "invalid mount data received");
3969|
3970|      if (fds->fds[index] >= 0)
3971|        TEMP_FAILURE_RETRY (close (fds->fds[index]));
3972|
3973|      fds->fds[index] = ret;
3974|    }
3975|
3976|  return 0;
3977|}
3978|
3979|static int
3980|set_id_init (libcrun_container_t *container, libcrun_error_t *err)
3981|{
3982|  runtime_spec_schema_config_schema *def = container->container_def;
3983|  uid_t uid = 0;
3984|  gid_t gid = 0;
3985|  int ret;
3986|
3987|  if (def->process && def->process->user && def->linux)
3988|    {
3989|      /*
3990|        If it is running in a user namespace and root is not mapped
3991|        use the UID/GID specified for running the container.
3992|      */
3993|      bool root_mapped = false;
3994|
3995|      if (def->linux->uid_mappings_len != 0)
3996|        {
3997|          root_mapped = root_mapped_in_container_p (def->linux->uid_mappings, def->linux->uid_mappings_len);
3998|          if (! root_mapped)
3999|            uid = def->process->user->uid;
4000|        }
4001|
(1172 more lines below)
2026-07-25 14:55:02.764 | INFO     | metagpt.roles.di.role_zero:_act:292 - Commands: 
[{'command_name': 'Terminal.run_command', 'args': {'cmd': "cd /home/aludy/scires/Cloud_Spec_Exp/external/worktrees/oci-metagpt-agentless-mini-rerun/metagpt/crun-1099 && sed -n '3901,3929p' src/libcrun/linux.c"}}]
2026-07-25 14:55:02.768 | INFO     | metagpt.roles.di.role_zero:_act:294 - Commands outputs: 
Command Terminal.run_command executed:
[command]: cd /home/aludy/scires/Cloud_Spec_Exp/external/worktrees/oci-metagpt-agentless-mini-rerun/metagpt/crun-1099 && sed -n '3901,3929p' src/libcrun/linux.c 
[command output] : prepare_and_send_dev_mounts (libcrun_container_t *container, int sync_socket_host, libcrun_error_t *err)
{
  runtime_spec_schema_config_schema *def = container->container_def;
  cleanup_close_map struct libcrun_fd_map *dev_fds = NULL;
  bool has_userns = (get_private_data (container)->unshare_flags & CLONE_NEWUSER) ? true : false;
  size_t how_many = 0;
  size_t i;
  int ret;

  if (def->linux == NULL || def->linux->devices_len == 0)
    return 0;

  dev_fds = make_libcrun_fd_map (def->linux->devices_len);

  for (i = 0; i < def->linux->devices_len; i++)
    {
      if (has_userns)
        {
          dev_fds->fds[i] = -1;
          if (UNLIKELY (dev_fds->fds[i] < 0))
            crun_error_release (err);
        }

      if (dev_fds->fds[i] >= 0)
        how_many++;
    }

  return send_mounts (sync_socket_host, dev_fds, how_many, def->linux->devices_len, err);
}

2026-07-25 14:55:05.449 | INFO     | metagpt.roles.di.role_zero:_act:292 - Commands: 
[{'command_name': 'Terminal.run_command', 'args': {'cmd': "cd /home/aludy/scires/Cloud_Spec_Exp/external/worktrees/oci-metagpt-agentless-mini-rerun/metagpt/crun-1099 && sed -n '3900,3929p' src/libcrun/linux.c"}}]
2026-07-25 14:55:05.452 | INFO     | metagpt.roles.di.role_zero:_act:294 - Commands outputs: 
Command Terminal.run_command executed:
[command]: cd /home/aludy/scires/Cloud_Spec_Exp/external/worktrees/oci-metagpt-agentless-mini-rerun/metagpt/crun-1099 && sed -n '3900,3929p' src/libcrun/linux.c 
[command output] : static int
prepare_and_send_dev_mounts (libcrun_container_t *container, int sync_socket_host, libcrun_error_t *err)
{
  runtime_spec_schema_config_schema *def = container->container_def;
  cleanup_close_map struct libcrun_fd_map *dev_fds = NULL;
  bool has_userns = (get_private_data (container)->unshare_flags & CLONE_NEWUSER) ? true : false;
  size_t how_many = 0;
  size_t i;
  int ret;

  if (def->linux == NULL || def->linux->devices_len == 0)
    return 0;

  dev_fds = make_libcrun_fd_map (def->linux->devices_len);

  for (i = 0; i < def->linux->devices_len; i++)
    {
      if (has_userns)
        {
          dev_fds->fds[i] = -1;
          if (UNLIKELY (dev_fds->fds[i] < 0))
            crun_error_release (err);
        }

      if (dev_fds->fds[i] >= 0)
        how_many++;
    }

  return send_mounts (sync_socket_host, dev_fds, how_many, def->linux->devices_len, err);
}

2026-07-25 14:55:08.664 | INFO     | metagpt.roles.di.role_zero:_act:292 - Commands: 
[{'command_name': 'Terminal.run_command', 'args': {'cmd': "cd /home/aludy/scires/Cloud_Spec_Exp/external/worktrees/oci-metagpt-agentless-mini-rerun/metagpt/crun-1099 && sed -n '3900,3929p' src/libcrun/linux.c | wc -l"}}]
2026-07-25 14:55:08.690 | INFO     | metagpt.roles.di.role_zero:_act:294 - Commands outputs: 
Command Terminal.run_command executed:
[command]: cd /home/aludy/scires/Cloud_Spec_Exp/external/worktrees/oci-metagpt-agentless-mini-rerun/metagpt/crun-1099 && sed -n '3900,3929p' src/libcrun/linux.c | wc -l 
[command output] : 30
 (pay attention to this.)
2026-07-25 14:55:19.446 | INFO     | metagpt.roles.di.role_zero:_act:292 - Commands: 
[{'command_name': 'Terminal.run_command', 'args': {'cmd': 'cd /home/aludy/scires/Cloud_Spec_Exp/external/worktrees/oci-metagpt-agentless-mini-rerun/metagpt/crun-1099 && sed -i \'3900,3929c\\prepare_and_send_dev_mounts (libcrun_container_t *container, int sync_socket_host, libcrun_error_t *err)\n{\n  runtime_spec_schema_config_schema *def = container->container_def;\n  cleanup_close_map struct libcrun_fd_map *dev_fds = NULL;\n  bool has_userns = (get_private_data (container)->unshare_flags \\& CLONE_NEWUSER) ? true : false;\n  cleanup_close int current_mountns = -1;\n  cleanup_free char *state_dir = NULL;\n  cleanup_free char *devs_path = NULL;\n  cleanup_close int devs_mountfd = -1;\n  cleanup_close int targetfd = -1;\n  size_t how_many = 0;\n  size_t i;\n  int ret;\n\n  if (def->linux == NULL || def->linux->devices_len == 0)\n    return 0;\n\n  dev_fds = make_libcrun_fd_map (def->linux->devices_len);\n\n  if (! has_userns || is_empty_string (container->context->id))\n    return send_mounts (sync_socket_host, dev_fds, how_many, def->linux->devices_len, err);\n\n  state_dir = libcrun_get_state_directory (container->context->state_root, container->context->id);\n  if (state_dir == NULL)\n    return send_mounts (sync_socket_host, dev_fds, how_many, def->linux->devices_len, err);\n\n  ret = append_paths (\\&devs_path, err, state_dir, "devs", NULL);\n  if (UNLIKELY (ret < 0))\n    return ret;\n\n  ret = mkdir (devs_path, 0700);\n  if (UNLIKELY (ret < 0) \\&\\& errno != EEXIST)\n    return crun_make_error (err, errno, "mkdir `%s`", devs_path);\n\n  current_mountns = open ("/proc/self/ns/mnt", O_RDONLY);\n  if (UNLIKELY (current_mountns < 0))\n    return crun_make_error (err, errno, "open `/proc/self/ns/mnt`");\n\n  ret = unshare (CLONE_NEWNS);\n  if (UNLIKELY (ret < 0))\n    return crun_make_error (err, errno, "unshare `CLONE_NEWNS`");\n\n  ret = mount (NULL, "/", NULL, MS_REC | MS_PRIVATE, NULL);\n  if (UNLIKELY (ret < 0))\n    {\n      ret = crun_make_error (err, errno, "mount `MS_REC | MS_PRIVATE`");\n      goto restore_mountns;\n    }\n\n  devs_mountfd = fsopen_mount ("tmpfs");\n  if (UNLIKELY (devs_mountfd < 0))\n    {\n      ret = crun_make_error (err, errno, "fsopen_mount `tmpfs`");\n      goto restore_mountns;\n    }\n\n  targetfd = open (devs_path, O_DIRECTORY | O_CLOEXEC);\n  if (targetfd < 0)\n    {\n      ret = crun_make_error (err, errno, "open `%s`", devs_path);\n      goto restore_mountns;\n    }\n\n  ret = fs_move_mount_to (devs_mountfd, targetfd, NULL);\n  if (UNLIKELY (ret < 0))\n    {\n      ret = crun_make_error (err, errno, "fs_move_mount_to `%s`", devs_path);\n      goto restore_mountns;\n    }\n\n  close_and_reset (\\&targetfd);\n\n  targetfd = openat (devs_mountfd, ".", O_DIRECTORY | O_CLOEXEC);\n  if (targetfd < 0)\n    {\n      ret = crun_make_error (err, errno, "open `%s`", devs_path);\n      goto restore_mountns;\n    }\n\n  for (i = 0; i < def->linux->devices_len; i++)\n    {\n      ret = precreate_device (container, targetfd, i, err);\n      if (UNLIKELY (ret < 0))\n        {\n          crun_error_release (err);\n          continue;\n        }\n\n      dev_fds->fds[i] = ret;\n\n      if (dev_fds->fds[i] >= 0)\n        how_many++;\n    }\n\n  ret = send_mounts (sync_socket_host, dev_fds, how_many, def->linux->devices_len, err);\nrestore_mountns:\n  {\n    int setns_ret;\n\n    setns_ret = setns (current_mountns, CLONE_NEWNS);\n    if (UNLIKELY (setns_ret < 0 \\&\\& ret >= 0))\n      crun_make_error (err, errno, "setns `CLONE_NEWNS`");\n  }\n  return ret;\n}\' src/libcrun/linux.c && grep -n \'prepare_and_send_dev_mounts\' src/libcrun/linux.c && sed -n \'3900,3930p\' src/libcrun/linux.c'}}]
2026-07-25 14:55:19.451 | INFO     | metagpt.roles.di.role_zero:_act:294 - Commands outputs: 
Command Terminal.run_command executed:
[command]: cd /home/aludy/scires/Cloud_Spec_Exp/external/worktrees/oci-metagpt-agentless-mini-rerun/metagpt/crun-1099 && sed -i '3900,3929c\prepare_and_send_dev_mounts (libcrun_container_t *container, int sync_socket_host, libcrun_error_t *err)
{
  runtime_spec_schema_config_schema *def = container->container_def;
  cleanup_close_map struct libcrun_fd_map *dev_fds = NULL;
  bool has_userns = (get_private_data (container)->unshare_flags \& CLONE_NEWUSER) ? true : false;
  cleanup_close int current_mountns = -1;
  cleanup_free char *state_dir = NULL;
  cleanup_free char *devs_path = NULL;
  cleanup_close int devs_mountfd = -1;
  cleanup_close int targetfd = -1;
  size_t how_many = 0;
  size_t i;
  int ret;

  if (def->linux == NULL || def->linux->devices_len == 0)
    return 0;

  dev_fds = make_libcrun_fd_map (def->linux->devices_len);

  if (! has_userns || is_empty_string (container->context->id))
    return send_mounts (sync_socket_host, dev_fds, how_many, def->linux->devices_len, err);

  state_dir = libcrun_get_state_directory (container->context->state_root, container->context->id);
  if (state_dir == NULL)
    return send_mounts (sync_socket_host, dev_fds, how_many, def->linux->devices_len, err);

  ret = append_paths (\&devs_path, err, state_dir, "devs", NULL);
  if (UNLIKELY (ret < 0))
    return ret;

  ret = mkdir (devs_path, 0700);
  if (UNLIKELY (ret < 0) \&\& errno != EEXIST)
    return crun_make_error (err, errno, "mkdir `%s`", devs_path);

  current_mountns = open ("/proc/self/ns/mnt", O_RDONLY);
  if (UNLIKELY (current_mountns < 0))
    return crun_make_error (err, errno, "open `/proc/self/ns/mnt`");

  ret = unshare (CLONE_NEWNS);
  if (UNLIKELY (ret < 0))
    return crun_make_error (err, errno, "unshare `CLONE_NEWNS`");

  ret = mount (NULL, "/", NULL, MS_REC | MS_PRIVATE, NULL);
  if (UNLIKELY (ret < 0))
    {
      ret = crun_make_error (err, errno, "mount `MS_REC | MS_PRIVATE`");
      goto restore_mountns;
    }

  devs_mountfd = fsopen_mount ("tmpfs");
  if (UNLIKELY (devs_mountfd < 0))
    {
      ret = crun_make_error (err, errno, "fsopen_mount `tmpfs`");
      goto restore_mountns;
    }

  targetfd = open (devs_path, O_DIRECTORY | O_CLOEXEC);
  if (targetfd < 0)
    {
      ret = crun_make_error (err, errno, "open `%s`", devs_path);
      goto restore_mountns;
    }

  ret = fs_move_mount_to (devs_mountfd, targetfd, NULL);
  if (UNLIKELY (ret < 0))
    {
      ret = crun_make_error (err, errno, "fs_move_mount_to `%s`", devs_path);
      goto restore_mountns;
    }

  close_and_reset (\&targetfd);

  targetfd = openat (devs_mountfd, ".", O_DIRECTORY | O_CLOEXEC);
  if (targetfd < 0)
    {
      ret = crun_make_error (err, errno, "open `%s`", devs_path);
      goto restore_mountns;
    }

  for (i = 0; i < def->linux->devices_len; i++)
    {
      ret = precreate_device (container, targetfd, i, err);
      if (UNLIKELY (ret < 0))
        {
          crun_error_release (err);
          continue;
        }

      dev_fds->fds[i] = ret;

      if (dev_fds->fds[i] >= 0)
        how_many++;
    }

  ret = send_mounts (sync_socket_host, dev_fds, how_many, def->linux->devices_len, err);
restore_mountns:
  {
    int setns_ret;

    setns_ret = setns (current_mountns, CLONE_NEWNS);
    if (UNLIKELY (setns_ret < 0 \&\& ret >= 0))
      crun_make_error (err, errno, "setns `CLONE_NEWNS`");
  }
  return ret;
}' src/libcrun/linux.c && grep -n 'prepare_and_send_dev_mounts' src/libcrun/linux.c && sed -n '3900,3930p' src/libcrun/linux.c 
[command output] : sed: -e expression #1, char 255: extra characters after command

2026-07-25 14:55:30.236 | WARNING  | metagpt.utils.role_zero_utils:parse_commands:115 - Failed to parse JSON for: The sed command failed due to escaping complexity. Let me use Python to make the replacement more reliably.

```json
[
    {
        "command_name": "Terminal.run_command",
        "args": {
            "cmd": "cd /home/aludy/scires/Cloud_Spec_Exp/external/worktrees/oci-metagpt-agentless-mini-rerun/metagpt/crun-1099 && python3 -c \"
with open('src/libcrun/linux.c', 'r') as f:
    content = f.read()

old_func = '''static int
prepare_and_send_dev_mounts (libcrun_container_t *container, int sync_socket_host, libcrun_error_t *err)
{
  runtime_spec_schema_config_schema *def = container->container_def;
  cleanup_close_map struct libcrun_fd_map *dev_fds = NULL;
  bool has_userns = (get_private_data (container)->unshare_flags & CLONE_NEWUSER) ? true : false;
  size_t how_many = 0;
  size_t i;
  int ret;

  if (def->linux == NULL || def->linux->devices_len == 0)
    return 0;

  dev_fds = make_libcrun_fd_map (def->linux->devices_len);

  for (i = 0; i < def->linux->devices_len; i++)
    {
      if (has_userns)
        {
          dev_fds->fds[i] = -1;
          if (UNLIKELY (dev_fds->fds[i] < 0))
            crun_error_release (err);
        }

      if (dev_fds->fds[i] >= 0)
        how_many++;
    }

  return send_mounts (sync_socket_host, dev_fds, how_many, def->linux->devices_len, err);
}'''

new_func = '''static int
prepare_and_send_dev_mounts (libcrun_container_t *container, int sync_socket_host, libcrun_error_t *err)
{
  runtime_spec_schema_config_schema *def = container->container_def;
  cleanup_close_map struct libcrun_fd_map *dev_fds = NULL;
  bool has_userns = (get_private_data (container)->unshare_flags & CLONE_NEWUSER) ? true : false;
  cleanup_close int current_mountns = -1;
  cleanup_free char *state_dir = NULL;
  cleanup_free char *devs_path = NULL;
  cleanup_close int devs_mountfd = -1;
  cleanup_close int targetfd = -1;
  size_t how_many = 0;
  size_t i;
  int ret;

  if (def->linux == NULL || def->linux->devices_len == 0)
    return 0;

  dev_fds = make_libcrun_fd_map (def->linux->devices_len);

  if (! has_userns || is_empty_string (container->context->id))
    return send_mounts (sync_socket_host, dev_fds, how_many, def->linux->devices_len, err);

  state_dir = libcrun_get_state_directory (container->context->state_root, container->context->id);
  if (state_dir == NULL)
    return send_mounts (sync_socket_host, dev_fds, how_many, def->linux->devices_len, err);

  ret = append_paths (&devs_path, err, state_dir, \\\"devs\\\", NULL);
  if (UNLIKELY (ret < 0))
    return ret;

  ret = mkdir (devs_path, 0700);
  if (UNLIKELY (ret < 0) && errno != EEXIST)
    return crun_make_error (err, errno, \\\"mkdir `%s`\\\", devs_path);

  current_mountns = open (\\\"/proc/self/ns/mnt\\\", O_RDONLY);
  if (UNLIKELY (current_mountns < 0))
    return crun_make_error (err, errno, \\\"open `/proc/self/ns/mnt`\\\");

  ret = unshare (CLONE_NEWNS);
  if (UNLIKELY (ret < 0))
    return crun_make_error (err, errno, \\\"unshare `CLONE_NEWNS`\\\");

  ret = mount (NULL, \\\"/\\\", NULL, MS_REC | MS_PRIVATE, NULL);
  if (UNLIKELY (ret < 0))
    {
      ret = crun_make_error (err, errno, \\\"mount `MS_REC | MS_PRIVATE`\\\");
      goto restore_mountns;
    }

  devs_mountfd = fsopen_mount (\\\"tmpfs\\\");
  if (UNLIKELY (devs_mountfd < 0))
    {
      ret = crun_make_error (err, errno, \\\"fsopen_mount `tmpfs`\\\");
      goto restore_mountns;
    }

  targetfd = open (devs_path, O_DIRECTORY | O_CLOEXEC);
  if (targetfd < 0)
    {
      ret = crun_make_error (err, errno, \\\"open `%s`\\\", devs_path);
      goto restore_mountns;
    }

  ret = fs_move_mount_to (devs_mountfd, targetfd, NULL);
  if (UNLIKELY (ret < 0))
    {
      ret = crun_make_error (err, errno, \\\"fs_move_mount_to `%s`\\\", devs_path);
      goto restore_mountns;
    }

  close_and_reset (&targetfd);

  targetfd = openat (devs_mountfd, \\\".\\\", O_DIRECTORY | O_CLOEXEC);
  if (targetfd < 0)
    {
      ret = crun_make_error (err, errno, \\\"open `%s`\\\", devs_path);
      goto restore_mountns;
    }

  for (i = 0; i < def->linux->devices_len; i++)
    {
      ret = precreate_device (container, targetfd, i, err);
      if (UNLIKELY (ret < 0))
        {
          crun_error_release (err);
          continue;
        }

      dev_fds->fds[i] = ret;

      if (dev_fds->fds[i] >= 0)
        how_many++;
    }

  ret = send_mounts (sync_socket_host, dev_fds, how_many, def->linux->devices_len, err);
restore_mountns:
  {
    int setns_ret;

    setns_ret = setns (current_mountns, CLONE_NEWNS);
    if (UNLIKELY (setns_ret < 0 && ret >= 0))
      crun_make_error (err, errno, \\\"setns `CLONE_NEWNS`\\\");
  }
  return ret;
}'''

count = content.count(old_func)
print(f'Found {count} occurrence(s)')
if count > 0:
    content = content.replace(old_func, new_func)
    with open('src/libcrun/linux.c', 'w') as f:
        f.write(content)
    print('Replacement done')
else:
    print('Old function not found, printing grep output...')
    import subprocess
    result = subprocess.run(['grep', '-n', 'prepare_and_send_dev_mounts', 'src/libcrun/linux.c'], capture_output=True, text=True)
    print(result.stdout)
\""
        }
    }
]
```. Trying to repair...
2026-07-25 14:55:59.120 | ERROR    | metagpt.utils.common:parse_code:291 - ```json.*?\s+(.*?)\n``` not match following text:
2026-07-25 14:55:59.120 | ERROR    | metagpt.utils.common:parse_code:292 - 
2026-07-25 14:55:59.145 | ERROR    | metagpt.utils.common:wrapper:683 - Exception occurs, start to serialize the project, exp:
Traceback (most recent call last):
  File "/home/aludy/scires/Cloud_Spec_Exp/external/baselines/MetaGPT/metagpt/utils/role_zero_utils.py", line 118, in parse_commands
    commands = json.loads(CodeParser.parse_code(block=None, lang="json", text=commands))
  File "/home/aludy/miniconda3/envs/metagpt/lib/python3.10/json/__init__.py", line 346, in loads
    return _default_decoder.decode(s)
json.decoder.JSONDecodeError: Expecting value: line 1 column 1 (char 0)

During handling of the above exception, another exception occurred:

Traceback (most recent call last):
  File "/home/aludy/scires/Cloud_Spec_Exp/external/baselines/MetaGPT/metagpt/utils/common.py", line 692, in wrapper
    return await func(self, *args, **kwargs)
  File "/home/aludy/scires/Cloud_Spec_Exp/external/baselines/MetaGPT/metagpt/roles/role.py", line 548, in run
    rsp = await self.react()
json.decoder.JSONDecodeError: Invalid control character at: line 5 column 144 (char 217)

The above exception was the direct cause of the following exception:

Traceback (most recent call last):
  File "/home/aludy/scires/Cloud_Spec_Exp/external/baselines/MetaGPT/metagpt/utils/common.py", line 678, in wrapper
    result = await func(self, *args, **kwargs)
  File "/home/aludy/scires/Cloud_Spec_Exp/external/baselines/MetaGPT/metagpt/team.py", line 134, in run
    await self.env.run()
Exception: Traceback (most recent call last):
  File "/home/aludy/scires/Cloud_Spec_Exp/external/baselines/MetaGPT/metagpt/utils/role_zero_utils.py", line 118, in parse_commands
    commands = json.loads(CodeParser.parse_code(block=None, lang="json", text=commands))
  File "/home/aludy/miniconda3/envs/metagpt/lib/python3.10/json/__init__.py", line 346, in loads
    return _default_decoder.decode(s)
  File "/home/aludy/miniconda3/envs/metagpt/lib/python3.10/json/decoder.py", line 337, in decode
    obj, end = self.raw_decode(s, idx=_w(s, 0).end())
  File "/home/aludy/miniconda3/envs/metagpt/lib/python3.10/json/decoder.py", line 355, in raw_decode
    raise JSONDecodeError("Expecting value", s, err.value) from None
json.decoder.JSONDecodeError: Expecting value: line 1 column 1 (char 0)

During handling of the above exception, another exception occurred:

Traceback (most recent call last):
  File "/home/aludy/scires/Cloud_Spec_Exp/external/baselines/MetaGPT/metagpt/utils/common.py", line 692, in wrapper
    return await func(self, *args, **kwargs)
  File "/home/aludy/scires/Cloud_Spec_Exp/external/baselines/MetaGPT/metagpt/roles/role.py", line 548, in run
    rsp = await self.react()
  File "/home/aludy/scires/Cloud_Spec_Exp/external/baselines/MetaGPT/metagpt/roles/role.py", line 515, in react
    rsp = await self._react()
  File "/home/aludy/scires/Cloud_Spec_Exp/external/baselines/MetaGPT/metagpt/roles/di/role_zero.py", line 324, in _react
    rsp = await self._act()
  File "/home/aludy/scires/Cloud_Spec_Exp/external/baselines/MetaGPT/metagpt/roles/di/role_zero.py", line 284, in _act
    commands, ok, self.command_rsp = await parse_commands(
  File "/home/aludy/scires/Cloud_Spec_Exp/baselines/metagpt/command_compat.py", line 99, in compatible_parse_commands
    result = await original_parse_commands(*args, **kwargs)
  File "/home/aludy/scires/Cloud_Spec_Exp/external/baselines/MetaGPT/metagpt/utils/role_zero_utils.py", line 123, in parse_commands
    commands = json.loads(
  File "/home/aludy/miniconda3/envs/metagpt/lib/python3.10/json/__init__.py", line 346, in loads
    return _default_decoder.decode(s)
  File "/home/aludy/miniconda3/envs/metagpt/lib/python3.10/json/decoder.py", line 337, in decode
    obj, end = self.raw_decode(s, idx=_w(s, 0).end())
  File "/home/aludy/miniconda3/envs/metagpt/lib/python3.10/json/decoder.py", line 353, in raw_decode
    obj, end = self.scan_once(s, idx)
json.decoder.JSONDecodeError: Invalid control character at: line 5 column 144 (char 217)


/home/aludy/miniconda3/envs/metagpt/lib/python3.10/site-packages/pydantic/_internal/_std_types_schema.py:319: UserWarning: Pydantic serializer warnings:
  Expected `enum` but got `str` with value `'react'` - serialized value may not be as expected
  return handler(v)
/home/aludy/scires/Cloud_Spec_Exp/external/baselines/MetaGPT/metagpt/base/base_serialization.py:26: UserWarning: Pydantic serializer warnings:
  Expected `enum` but got `str` with value `'react'` - serialized value may not be as expected
  ret = default_serializer(self)
