Starting MetaGPT incremental repair mode.
2026-07-25 16:07:48.899 | INFO     | metagpt.const:get_metagpt_root:25 - PROJECT_ROOT set from environment variable to /home/aludy/scires/Cloud_Spec_Exp/external/baselines/MetaGPT
2026-07-25 16:07:48.900 | INFO     | metagpt.const:get_metagpt_package_root:15 - Package root set to /home/aludy/scires/Cloud_Spec_Exp/external/baselines/MetaGPT
/home/aludy/miniconda3/envs/metagpt/lib/python3.10/site-packages/pydantic/main.py:214: UserWarning: A custom validator is returning a value other than `self`.
Returning anything other than `self` from a top level model validator isn't supported when validating via `__init__`.
See the `model_validator` docs (https://docs.pydantic.dev/latest/concepts/validators/#model-validators) for more details.
  warnings.warn(
2026-07-25 16:07:51.672 | INFO     | metagpt.team:invest:96 - Investment: $3.0.
2026-07-25 16:08:09.933 | INFO     | metagpt.roles.di.role_zero:_act:292 - Commands: 
[{'command_name': 'Plan.append_task', 'args': {'task_id': '1', 'dependent_task_ids': [], 'instruction': 'Fix OCI runtime bug case runc-5182: poststop hook is not run if poststart hook fails.\n\nWritable target repository: /home/aludy/scires/Cloud_Spec_Exp/external/worktrees/oci-metagpt-agentless-mini-rerun/metagpt/runc-5182\n\nFirst command: cd /home/aludy/scires/Cloud_Spec_Exp/external/worktrees/oci-metagpt-agentless-mini-rerun/metagpt/runc-5182 && git rev-parse HEAD && git status --short\n\nReproduction bundle (read-only): /home/aludy/scires/Cloud_Spec_Exp/external/oci-differential-dataset/cases/runc-5182\n\nRootfs tar: /home/aludy/scires/Cloud_Spec_Exp/external/oci-differential-dataset/alpine-base.tar.gz\n\nBuild command: make runc\n\nCandidate runtime path after build: runc\n\nUpstream PR fix reference: https://github.com/opencontainers/runc/pull/5186 released in runc v1.2.0-rc.2\n\nBuggy baseline commit parent: 80fc1cd34e1e (pre-fix)\n\nOracle: A reference runtime should run poststop cleanup after poststart failure. The affected behavior leaves /tmp/post-stop absent and prints poststop-missing.\n\nInspect, edit, build, and collect git diff only in the writable target repository. Do not inspect or modify the source checkout under external/subjects.', 'assignee': 'Alex'}}, {'command_name': 'TeamLeader.publish_message', 'args': {'content': 'Fix OCI runtime bug case runc-5182: poststop hook is not run if poststart hook fails.\n\nWritable target repository: /home/aludy/scires/Cloud_Spec_Exp/external/worktrees/oci-metagpt-agentless-mini-rerun/metagpt/runc-5182\n\nFirst command: cd /home/aludy/scires/Cloud_Spec_Exp/external/worktrees/oci-metagpt-agentless-mini-rerun/metagpt/runc-5182 && git rev-parse HEAD && git status --short\n\nReproduction bundle (read-only): /home/aludy/scires/Cloud_Spec_Exp/external/oci-differential-dataset/cases/runc-5182\n\nRootfs tar: /home/aludy/scires/Cloud_Spec_Exp/external/oci-differential-dataset/alpine-base.tar.gz\n\nBuild command: make runc\n\nCandidate runtime path after build: runc\n\nUpstream PR fix reference: https://github.com/opencontainers/runc/pull/5186 released in runc v1.2.0-rc.2\n\nBuggy baseline commit parent: 80fc1cd34e1e (pre-fix)\n\nOracle: A reference runtime should run poststop cleanup after poststart failure. The affected behavior leaves /tmp/post-stop absent and prints poststop-missing.\n\nInspect, edit, build, and collect git diff only in the writable target repository. Do not inspect or modify the source checkout under external/subjects.', 'send_to': 'Alex'}}, {'command_name': 'RoleZero.reply_to_human', 'args': {'content': "I have assigned the runc-5182 bug fix task to Alex (Engineer). He will investigate the writable repository, understand the issue where poststop hook is not run if poststart fails, apply the fix, build with `make runc`, and validate using the reproduction bundle. I'll keep you updated on progress."}}, {'command_name': 'end'}]
2026-07-25 16:08:09.933 | INFO     | metagpt.roles.di.role_zero:_act:294 - Commands outputs: 
Command Plan.append_task executed

Command TeamLeader.publish_message executed

Command RoleZero.reply_to_human executed: SUCCESS, human has received your reply. Refrain from resending duplicate messages.  If you no longer need to take action, use the command ‘end’ to stop.

Command end executed:
2026-07-25 16:08:09.936 | INFO     | metagpt.tools.libs.terminal:_check_state:65 - The terminal is at:
2026-07-25 16:08:13.433 | INFO     | metagpt.roles.di.role_zero:_act:292 - Commands: 
[{'command_name': 'Terminal.run_command', 'args': {'cmd': 'cd /home/aludy/scires/Cloud_Spec_Exp/external/worktrees/oci-metagpt-agentless-mini-rerun/metagpt/runc-5182 && git rev-parse HEAD && git status --short'}}]
2026-07-25 16:08:13.484 | INFO     | metagpt.roles.di.role_zero:_act:294 - Commands outputs: 
Command Terminal.run_command executed:
[command]: cd /home/aludy/scires/Cloud_Spec_Exp/external/worktrees/oci-metagpt-agentless-mini-rerun/metagpt/runc-5182 && git rev-parse HEAD && git status --short 
[command output] : 2253475660b79ec13612832ecfd65a44e718f0e1

2026-07-25 16:08:17.170 | INFO     | metagpt.roles.di.role_zero:_act:292 - Commands: 
[{'command_name': 'Terminal.run_command', 'args': {'cmd': 'cd /home/aludy/scires/Cloud_Spec_Exp/external/worktrees/oci-metagpt-agentless-mini-rerun/metagpt/runc-5182 && git log --oneline -10'}}, {'command_name': 'Browser.goto', 'args': {'url': 'https://github.com/opencontainers/runc/pull/5186'}}]
2026-07-25 16:08:17.478 | ERROR    | metagpt.roles.di.role_zero:_run_commands:407 - BrowserType.launch: Target page, context or browser has been closed
Browser logs:

<launching> /home/aludy/.cache/ms-playwright/chromium_headless_shell-1228/chrome-headless-shell-linux64/chrome-headless-shell --disable-field-trial-config --disable-background-networking --disable-background-timer-throttling --disable-backgrounding-occluded-windows --disable-back-forward-cache --disable-breakpad --disable-client-side-phishing-detection --disable-component-extensions-with-background-pages --disable-component-update --no-default-browser-check --disable-default-apps --disable-dev-shm-usage --disable-edgeupdater --disable-extensions --disable-features=AvoidUnnecessaryBeforeUnloadCheckSync,BoundaryEventDispatchTracksNodeRemoval,DestroyProfileOnBrowserClose,DialMediaRouteProvider,GlobalMediaControls,HttpsUpgrades,LensOverlay,MediaRouter,PaintHolding,ThirdPartyStoragePartitioning,Translate,AutoDeElevate,RenderDocument,OptimizationHints,msForceBrowserSignIn,msEdgeUpdateLaunchServicesPreferredVersion --enable-features=CDPScreenshotNewSurface --allow-pre-commit-input --disable-hang-monitor --disable-ipc-flooding-protection --disable-popup-blocking --disable-prompt-on-repost --disable-renderer-backgrounding --force-color-profile=srgb --metrics-recording-only --no-first-run --password-store=basic --use-mock-keychain --no-service-autorun --export-tagged-pdf --disable-search-engine-choice-screen --unsafely-disable-devtools-self-xss-warnings --edge-skip-compat-layer-relaunch --disable-infobars --disable-search-engine-choice-screen --disable-sync --enable-unsafe-swiftshader --headless --hide-scrollbars --mute-audio --blink-settings=primaryHoverType=2,availableHoverTypes=2,primaryPointerType=4,availablePointerTypes=4 --no-sandbox --proxy-server=http://127.0.0.1:7890 --proxy-bypass-list=192.168.*;172.31.*;172.30.*;172.2*;172.19.*;172.18.*;172.17.*;172.16.*;10.*;127.*;*.local;localhost;*360buyimg.com;100ime-iat-api.xfyun.cn;*jd.com;*zhimg.com;*zhihu.com --user-data-dir=/tmp/playwright_chromiumdev_profile-fvRTjb --remote-debugging-pipe --no-startup-window
<launched> pid=218333
[pid=218333][err] /home/aludy/.cache/ms-playwright/chromium_headless_shell-1228/chrome-headless-shell-linux64/chrome-headless-shell: error while loading shared libraries: libnspr4.so: cannot open shared object file: No such file or directory
Call log:
  - <launching> /home/aludy/.cache/ms-playwright/chromium_headless_shell-1228/chrome-headless-shell-linux64/chrome-headless-shell --disable-field-trial-config --disable-background-networking --disable-background-timer-throttling --disable-backgrounding-occluded-windows --disable-back-forward-cache --disable-breakpad --disable-client-side-phishing-detection --disable-component-extensions-with-background-pages --disable-component-update --no-default-browser-check --disable-default-apps --disable-dev-shm-usage --disable-edgeupdater --disable-extensions --disable-features=AvoidUnnecessaryBeforeUnloadCheckSync,BoundaryEventDispatchTracksNodeRemoval,DestroyProfileOnBrowserClose,DialMediaRouteProvider,GlobalMediaControls,HttpsUpgrades,LensOverlay,MediaRouter,PaintHolding,ThirdPartyStoragePartitioning,Translate,AutoDeElevate,RenderDocument,OptimizationHints,msForceBrowserSignIn,msEdgeUpdateLaunchServicesPreferredVersion --enable-features=CDPScreenshotNewSurface --allow-pre-commit-input --disable-hang-monitor --disable-ipc-flooding-protection --disable-popup-blocking --disable-prompt-on-repost --disable-renderer-backgrounding --force-color-profile=srgb --metrics-recording-only --no-first-run --password-store=basic --use-mock-keychain --no-service-autorun --export-tagged-pdf --disable-search-engine-choice-screen --unsafely-disable-devtools-self-xss-warnings --edge-skip-compat-layer-relaunch --disable-infobars --disable-search-engine-choice-screen --disable-sync --enable-unsafe-swiftshader --headless --hide-scrollbars --mute-audio --blink-settings=primaryHoverType=2,availableHoverTypes=2,primaryPointerType=4,availablePointerTypes=4 --no-sandbox --proxy-server=http://127.0.0.1:7890 --proxy-bypass-list=192.168.*;172.31.*;172.30.*;172.2*;172.19.*;172.18.*;172.17.*;172.16.*;10.*;127.*;*.local;localhost;*360buyimg.com;100ime-iat-api.xfyun.cn;*jd.com;*zhimg.com;*zhihu.com --user-data-dir=/tmp/playwright_chromiumdev_profile-fvRTjb --remote-debugging-pipe --no-startup-window
  - <launched> pid=218333
  - [pid=218333][err] /home/aludy/.cache/ms-playwright/chromium_headless_shell-1228/chrome-headless-shell-linux64/chrome-headless-shell: error while loading shared libraries: libnspr4.so: cannot open shared object file: No such file or directory
  - [pid=218333] <gracefully close start>
  - [pid=218333] <kill>
  - [pid=218333] <will force kill>
  - [pid=218333] exception while trying to kill process: Error: kill ESRCH
  - [pid=218333] <process did exit: exitCode=127, signal=null>
  - [pid=218333] starting temporary directories cleanup
  - [pid=218333] finished temporary directories cleanup
  - [pid=218333] <gracefully close end>
Traceback (most recent call last):
  File "/home/aludy/scires/Cloud_Spec_Exp/external/baselines/MetaGPT/metagpt/roles/di/role_zero.py", line 399, in _run_commands
    tool_output = await tool_obj(**cmd["args"])
  File "/home/aludy/scires/Cloud_Spec_Exp/external/baselines/MetaGPT/metagpt/tools/libs/browser.py", line 129, in goto
    await self.start()
  File "/home/aludy/scires/Cloud_Spec_Exp/external/baselines/MetaGPT/metagpt/tools/libs/browser.py", line 86, in start
    browser = self.browser_instance = await playwright.chromium.launch(headless=self.headless, proxy=self.proxy)
  File "/home/aludy/miniconda3/envs/metagpt/lib/python3.10/site-packages/playwright/async_api/_generated.py", line 16546, in launch
    await self._impl_obj.launch(
  File "/home/aludy/miniconda3/envs/metagpt/lib/python3.10/site-packages/playwright/_impl/_browser_type.py", line 97, in launch
    await self._channel.send(
  File "/home/aludy/miniconda3/envs/metagpt/lib/python3.10/site-packages/playwright/_impl/_connection.py", line 69, in send
    return await self._connection.wrap_api_call(
  File "/home/aludy/miniconda3/envs/metagpt/lib/python3.10/site-packages/playwright/_impl/_connection.py", line 563, in wrap_api_call
    raise rewrite_error(error, f"{parsed_st['apiName']}: {error}") from None
playwright._impl._errors.TargetClosedError: BrowserType.launch: Target page, context or browser has been closed
Browser logs:

<launching> /home/aludy/.cache/ms-playwright/chromium_headless_shell-1228/chrome-headless-shell-linux64/chrome-headless-shell --disable-field-trial-config --disable-background-networking --disable-background-timer-throttling --disable-backgrounding-occluded-windows --disable-back-forward-cache --disable-breakpad --disable-client-side-phishing-detection --disable-component-extensions-with-background-pages --disable-component-update --no-default-browser-check --disable-default-apps --disable-dev-shm-usage --disable-edgeupdater --disable-extensions --disable-features=AvoidUnnecessaryBeforeUnloadCheckSync,BoundaryEventDispatchTracksNodeRemoval,DestroyProfileOnBrowserClose,DialMediaRouteProvider,GlobalMediaControls,HttpsUpgrades,LensOverlay,MediaRouter,PaintHolding,ThirdPartyStoragePartitioning,Translate,AutoDeElevate,RenderDocument,OptimizationHints,msForceBrowserSignIn,msEdgeUpdateLaunchServicesPreferredVersion --enable-features=CDPScreenshotNewSurface --allow-pre-commit-input --disable-hang-monitor --disable-ipc-flooding-protection --disable-popup-blocking --disable-prompt-on-repost --disable-renderer-backgrounding --force-color-profile=srgb --metrics-recording-only --no-first-run --password-store=basic --use-mock-keychain --no-service-autorun --export-tagged-pdf --disable-search-engine-choice-screen --unsafely-disable-devtools-self-xss-warnings --edge-skip-compat-layer-relaunch --disable-infobars --disable-search-engine-choice-screen --disable-sync --enable-unsafe-swiftshader --headless --hide-scrollbars --mute-audio --blink-settings=primaryHoverType=2,availableHoverTypes=2,primaryPointerType=4,availablePointerTypes=4 --no-sandbox --proxy-server=http://127.0.0.1:7890 --proxy-bypass-list=192.168.*;172.31.*;172.30.*;172.2*;172.19.*;172.18.*;172.17.*;172.16.*;10.*;127.*;*.local;localhost;*360buyimg.com;100ime-iat-api.xfyun.cn;*jd.com;*zhimg.com;*zhihu.com --user-data-dir=/tmp/playwright_chromiumdev_profile-fvRTjb --remote-debugging-pipe --no-startup-window
<launched> pid=218333
[pid=218333][err] /home/aludy/.cache/ms-playwright/chromium_headless_shell-1228/chrome-headless-shell-linux64/chrome-headless-shell: error while loading shared libraries: libnspr4.so: cannot open shared object file: No such file or directory
Call log:
  - <launching> /home/aludy/.cache/ms-playwright/chromium_headless_shell-1228/chrome-headless-shell-linux64/chrome-headless-shell --disable-field-trial-config --disable-background-networking --disable-background-timer-throttling --disable-backgrounding-occluded-windows --disable-back-forward-cache --disable-breakpad --disable-client-side-phishing-detection --disable-component-extensions-with-background-pages --disable-component-update --no-default-browser-check --disable-default-apps --disable-dev-shm-usage --disable-edgeupdater --disable-extensions --disable-features=AvoidUnnecessaryBeforeUnloadCheckSync,BoundaryEventDispatchTracksNodeRemoval,DestroyProfileOnBrowserClose,DialMediaRouteProvider,GlobalMediaControls,HttpsUpgrades,LensOverlay,MediaRouter,PaintHolding,ThirdPartyStoragePartitioning,Translate,AutoDeElevate,RenderDocument,OptimizationHints,msForceBrowserSignIn,msEdgeUpdateLaunchServicesPreferredVersion --enable-features=CDPScreenshotNewSurface --allow-pre-commit-input --disable-hang-monitor --disable-ipc-flooding-protection --disable-popup-blocking --disable-prompt-on-repost --disable-renderer-backgrounding --force-color-profile=srgb --metrics-recording-only --no-first-run --password-store=basic --use-mock-keychain --no-service-autorun --export-tagged-pdf --disable-search-engine-choice-screen --unsafely-disable-devtools-self-xss-warnings --edge-skip-compat-layer-relaunch --disable-infobars --disable-search-engine-choice-screen --disable-sync --enable-unsafe-swiftshader --headless --hide-scrollbars --mute-audio --blink-settings=primaryHoverType=2,availableHoverTypes=2,primaryPointerType=4,availablePointerTypes=4 --no-sandbox --proxy-server=http://127.0.0.1:7890 --proxy-bypass-list=192.168.*;172.31.*;172.30.*;172.2*;172.19.*;172.18.*;172.17.*;172.16.*;10.*;127.*;*.local;localhost;*360buyimg.com;100ime-iat-api.xfyun.cn;*jd.com;*zhimg.com;*zhihu.com --user-data-dir=/tmp/playwright_chromiumdev_profile-fvRTjb --remote-debugging-pipe --no-startup-window
  - <launched> pid=218333
  - [pid=218333][err] /home/aludy/.cache/ms-playwright/chromium_headless_shell-1228/chrome-headless-shell-linux64/chrome-headless-shell: error while loading shared libraries: libnspr4.so: cannot open shared object file: No such file or directory
  - [pid=218333] <gracefully close start>
  - [pid=218333] <kill>
  - [pid=218333] <will force kill>
  - [pid=218333] exception while trying to kill process: Error: kill ESRCH
  - [pid=218333] <process did exit: exitCode=127, signal=null>
  - [pid=218333] starting temporary directories cleanup
  - [pid=218333] finished temporary directories cleanup
  - [pid=218333] <gracefully close end>


Traceback (most recent call last):

  File "/home/aludy/scires/Cloud_Spec_Exp/baselines/metagpt/launch.py", line 307, in <module>
    raise SystemExit(main())
                     └ <function main at 0x7f8144142ef0>

  File "/home/aludy/scires/Cloud_Spec_Exp/baselines/metagpt/launch.py", line 277, in main
    result = generate_repo(**supported)
             │               └ {'idea': 'Fix OCI runtime bug case runc-5182.\n\nTarget runtime: runc\nTitle: poststop hook is not run if poststart hook fail...
             └ <function generate_repo at 0x7f808b6cdcf0>

  File "/home/aludy/scires/Cloud_Spec_Exp/external/baselines/MetaGPT/metagpt/software_company.py", line 72, in generate_repo
    asyncio.run(company.run(n_round=n_round, idea=idea))
    │       │   │       │           │             └ 'Fix OCI runtime bug case runc-5182.\n\nTarget runtime: runc\nTitle: poststop hook is not run if poststart hook fails\nUpstre...
    │       │   │       │           └ 10
    │       │   │       └ <function serialize_decorator.<locals>.wrapper at 0x7f80816701f0>
    │       │   └ Team(env=MGXEnv(), investment=3.0, idea='Fix OCI runtime bug case runc-5182.\n\nTarget runtime: runc\nTitle: poststop hook is...
    │       └ <function run at 0x7f8141d91750>
    └ <module 'asyncio' from '/home/aludy/miniconda3/envs/metagpt/lib/python3.10/asyncio/__init__.py'>

  File "/home/aludy/miniconda3/envs/metagpt/lib/python3.10/asyncio/runners.py", line 44, in run
    return loop.run_until_complete(main)
           │    │                  └ <coroutine object serialize_decorator.<locals>.wrapper at 0x7f808158b610>
           │    └ <function BaseEventLoop.run_until_complete at 0x7f8141d93130>
           └ <_UnixSelectorEventLoop running=True closed=False debug=False>
  File "/home/aludy/miniconda3/envs/metagpt/lib/python3.10/asyncio/base_events.py", line 636, in run_until_complete
    self.run_forever()
    │    └ <function BaseEventLoop.run_forever at 0x7f8141d930a0>
    └ <_UnixSelectorEventLoop running=True closed=False debug=False>
  File "/home/aludy/miniconda3/envs/metagpt/lib/python3.10/asyncio/base_events.py", line 603, in run_forever
    self._run_once()
    │    └ <function BaseEventLoop._run_once at 0x7f8141d94c10>
    └ <_UnixSelectorEventLoop running=True closed=False debug=False>
  File "/home/aludy/miniconda3/envs/metagpt/lib/python3.10/asyncio/base_events.py", line 1909, in _run_once
    handle._run()
    │      └ <function Handle._run at 0x7f8141d44280>
    └ <Handle Task.task_wakeup(<Future finished result=None>)>
  File "/home/aludy/miniconda3/envs/metagpt/lib/python3.10/asyncio/events.py", line 80, in _run
    self._context.run(self._callback, *self._args)
    │    │            │    │           │    └ <member '_args' of 'Handle' objects>
    │    │            │    │           └ <Handle Task.task_wakeup(<Future finished result=None>)>
    │    │            │    └ <member '_callback' of 'Handle' objects>
    │    │            └ <Handle Task.task_wakeup(<Future finished result=None>)>
    │    └ <member '_context' of 'Handle' objects>
    └ <Handle Task.task_wakeup(<Future finished result=None>)>

  File "/home/aludy/scires/Cloud_Spec_Exp/external/baselines/MetaGPT/metagpt/utils/common.py", line 692, in wrapper
    return await func(self, *args, **kwargs)
                 │    │      │       └ {}
                 │    │      └ ()
                 │    └ Engineer2(private_context=Context(kwargs=AttrDict(), config=Config(extra_fields=None, project_path='/home/aludy/scires/Cloud_...
                 └ <function Role.run at 0x7f808211e5f0>

  File "/home/aludy/scires/Cloud_Spec_Exp/external/baselines/MetaGPT/metagpt/roles/role.py", line 548, in run
    rsp = await self.react()
                │    └ <function Role.react at 0x7f808211e4d0>
                └ Engineer2(private_context=Context(kwargs=AttrDict(), config=Config(extra_fields=None, project_path='/home/aludy/scires/Cloud_...

  File "/home/aludy/scires/Cloud_Spec_Exp/external/baselines/MetaGPT/metagpt/roles/role.py", line 515, in react
    rsp = await self._react()
                │    └ <function RoleZero._react at 0x7f8082059f30>
                └ Engineer2(private_context=Context(kwargs=AttrDict(), config=Config(extra_fields=None, project_path='/home/aludy/scires/Cloud_...

  File "/home/aludy/scires/Cloud_Spec_Exp/external/baselines/MetaGPT/metagpt/roles/di/role_zero.py", line 324, in _react
    rsp = await self._act()
                │    └ <function RoleZero._act at 0x7f8082059ea0>
                └ Engineer2(private_context=Context(kwargs=AttrDict(), config=Config(extra_fields=None, project_path='/home/aludy/scires/Cloud_...

  File "/home/aludy/scires/Cloud_Spec_Exp/external/baselines/MetaGPT/metagpt/roles/di/role_zero.py", line 293, in _act
    outputs = await self._run_commands(commands)
                    │    │             └ [{'command_name': 'Terminal.run_command', 'args': {'cmd': 'cd /home/aludy/scires/Cloud_Spec_Exp/external/worktrees/oci-metagp...
                    │    └ <function RoleZero._run_commands at 0x7f808205a0e0>
                    └ Engineer2(private_context=Context(kwargs=AttrDict(), config=Config(extra_fields=None, project_path='/home/aludy/scires/Cloud_...

> File "/home/aludy/scires/Cloud_Spec_Exp/external/baselines/MetaGPT/metagpt/roles/di/role_zero.py", line 399, in _run_commands
    tool_output = await tool_obj(**cmd["args"])
                        │          └ {'command_name': 'Browser.goto', 'args': {'url': 'https://github.com/opencontainers/runc/pull/5186'}}
                        └ <bound method Browser.goto of Browser(playwright=<playwright._impl._playwright.Playwright object at 0x7f80813aab90>, browser_...

  File "/home/aludy/scires/Cloud_Spec_Exp/external/baselines/MetaGPT/metagpt/tools/libs/browser.py", line 129, in goto
    await self.start()
          │    └ <function Browser.start at 0x7f808cd6d2d0>
          └ Browser(playwright=<playwright._impl._playwright.Playwright object at 0x7f80813aab90>, browser_instance=None, browser_ctx=Non...

  File "/home/aludy/scires/Cloud_Spec_Exp/external/baselines/MetaGPT/metagpt/tools/libs/browser.py", line 86, in start
    browser = self.browser_instance = await playwright.chromium.launch(headless=self.headless, proxy=self.proxy)
              │    │                        │          │                        │    │               │    └ {'server': 'http://127.0.0.1:7890', 'bypass': '192.168.*,172.31.*,172.30.*,172.2*,172.19.*,172.18.*,172.17.*,172.16.*,10.*,12...
              │    │                        │          │                        │    │               └ Browser(playwright=<playwright._impl._playwright.Playwright object at 0x7f80813aab90>, browser_instance=None, browser_ctx=Non...
              │    │                        │          │                        │    └ True
              │    │                        │          │                        └ Browser(playwright=<playwright._impl._playwright.Playwright object at 0x7f80813aab90>, browser_instance=None, browser_ctx=Non...
              │    │                        │          └ <property object at 0x7f808cd58ae0>
              │    │                        └ <playwright._impl._playwright.Playwright object at 0x7f80813aab90>
              │    └ None
              └ Browser(playwright=<playwright._impl._playwright.Playwright object at 0x7f80813aab90>, browser_instance=None, browser_ctx=Non...

  File "/home/aludy/miniconda3/envs/metagpt/lib/python3.10/site-packages/playwright/async_api/_generated.py", line 16546, in launch
    await self._impl_obj.launch(
          │    │         └ <function BrowserType.launch at 0x7f808cd15cf0>
          │    └ <BrowserType name=chromium executable_path=/home/aludy/.cache/ms-playwright/chromium-1228/chrome-linux64/chrome>
          └ <BrowserType name=chromium executable_path=/home/aludy/.cache/ms-playwright/chromium-1228/chrome-linux64/chrome>
  File "/home/aludy/miniconda3/envs/metagpt/lib/python3.10/site-packages/playwright/_impl/_browser_type.py", line 97, in launch
    await self._channel.send(
          │    │        └ <function Channel.send at 0x7f808ce3d240>
          │    └ <playwright._impl._connection.Channel object at 0x7f80813b3130>
          └ <BrowserType name=chromium executable_path=/home/aludy/.cache/ms-playwright/chromium-1228/chrome-linux64/chrome>
  File "/home/aludy/miniconda3/envs/metagpt/lib/python3.10/site-packages/playwright/_impl/_connection.py", line 69, in send
    return await self._connection.wrap_api_call(
                 │    │           └ <function Connection.wrap_api_call at 0x7f808ce3f010>
                 │    └ <playwright._impl._connection.Connection object at 0x7f8081347580>
                 └ <playwright._impl._connection.Channel object at 0x7f80813b3130>
  File "/home/aludy/miniconda3/envs/metagpt/lib/python3.10/site-packages/playwright/_impl/_connection.py", line 563, in wrap_api_call
    raise rewrite_error(error, f"{parsed_st['apiName']}: {error}") from None
          └ <function rewrite_error at 0x7f808cf6f9a0>

playwright._impl._errors.TargetClosedError: BrowserType.launch: Target page, context or browser has been closed
Browser logs:

<launching> /home/aludy/.cache/ms-playwright/chromium_headless_shell-1228/chrome-headless-shell-linux64/chrome-headless-shell --disable-field-trial-config --disable-background-networking --disable-background-timer-throttling --disable-backgrounding-occluded-windows --disable-back-forward-cache --disable-breakpad --disable-client-side-phishing-detection --disable-component-extensions-with-background-pages --disable-component-update --no-default-browser-check --disable-default-apps --disable-dev-shm-usage --disable-edgeupdater --disable-extensions --disable-features=AvoidUnnecessaryBeforeUnloadCheckSync,BoundaryEventDispatchTracksNodeRemoval,DestroyProfileOnBrowserClose,DialMediaRouteProvider,GlobalMediaControls,HttpsUpgrades,LensOverlay,MediaRouter,PaintHolding,ThirdPartyStoragePartitioning,Translate,AutoDeElevate,RenderDocument,OptimizationHints,msForceBrowserSignIn,msEdgeUpdateLaunchServicesPreferredVersion --enable-features=CDPScreenshotNewSurface --allow-pre-commit-input --disable-hang-monitor --disable-ipc-flooding-protection --disable-popup-blocking --disable-prompt-on-repost --disable-renderer-backgrounding --force-color-profile=srgb --metrics-recording-only --no-first-run --password-store=basic --use-mock-keychain --no-service-autorun --export-tagged-pdf --disable-search-engine-choice-screen --unsafely-disable-devtools-self-xss-warnings --edge-skip-compat-layer-relaunch --disable-infobars --disable-search-engine-choice-screen --disable-sync --enable-unsafe-swiftshader --headless --hide-scrollbars --mute-audio --blink-settings=primaryHoverType=2,availableHoverTypes=2,primaryPointerType=4,availablePointerTypes=4 --no-sandbox --proxy-server=http://127.0.0.1:7890 --proxy-bypass-list=192.168.*;172.31.*;172.30.*;172.2*;172.19.*;172.18.*;172.17.*;172.16.*;10.*;127.*;*.local;localhost;*360buyimg.com;100ime-iat-api.xfyun.cn;*jd.com;*zhimg.com;*zhihu.com --user-data-dir=/tmp/playwright_chromiumdev_profile-fvRTjb --remote-debugging-pipe --no-startup-window
<launched> pid=218333
[pid=218333][err] /home/aludy/.cache/ms-playwright/chromium_headless_shell-1228/chrome-headless-shell-linux64/chrome-headless-shell: error while loading shared libraries: libnspr4.so: cannot open shared object file: No such file or directory
Call log:
  - <launching> /home/aludy/.cache/ms-playwright/chromium_headless_shell-1228/chrome-headless-shell-linux64/chrome-headless-shell --disable-field-trial-config --disable-background-networking --disable-background-timer-throttling --disable-backgrounding-occluded-windows --disable-back-forward-cache --disable-breakpad --disable-client-side-phishing-detection --disable-component-extensions-with-background-pages --disable-component-update --no-default-browser-check --disable-default-apps --disable-dev-shm-usage --disable-edgeupdater --disable-extensions --disable-features=AvoidUnnecessaryBeforeUnloadCheckSync,BoundaryEventDispatchTracksNodeRemoval,DestroyProfileOnBrowserClose,DialMediaRouteProvider,GlobalMediaControls,HttpsUpgrades,LensOverlay,MediaRouter,PaintHolding,ThirdPartyStoragePartitioning,Translate,AutoDeElevate,RenderDocument,OptimizationHints,msForceBrowserSignIn,msEdgeUpdateLaunchServicesPreferredVersion --enable-features=CDPScreenshotNewSurface --allow-pre-commit-input --disable-hang-monitor --disable-ipc-flooding-protection --disable-popup-blocking --disable-prompt-on-repost --disable-renderer-backgrounding --force-color-profile=srgb --metrics-recording-only --no-first-run --password-store=basic --use-mock-keychain --no-service-autorun --export-tagged-pdf --disable-search-engine-choice-screen --unsafely-disable-devtools-self-xss-warnings --edge-skip-compat-layer-relaunch --disable-infobars --disable-search-engine-choice-screen --disable-sync --enable-unsafe-swiftshader --headless --hide-scrollbars --mute-audio --blink-settings=primaryHoverType=2,availableHoverTypes=2,primaryPointerType=4,availablePointerTypes=4 --no-sandbox --proxy-server=http://127.0.0.1:7890 --proxy-bypass-list=192.168.*;172.31.*;172.30.*;172.2*;172.19.*;172.18.*;172.17.*;172.16.*;10.*;127.*;*.local;localhost;*360buyimg.com;100ime-iat-api.xfyun.cn;*jd.com;*zhimg.com;*zhihu.com --user-data-dir=/tmp/playwright_chromiumdev_profile-fvRTjb --remote-debugging-pipe --no-startup-window
  - <launched> pid=218333
  - [pid=218333][err] /home/aludy/.cache/ms-playwright/chromium_headless_shell-1228/chrome-headless-shell-linux64/chrome-headless-shell: error while loading shared libraries: libnspr4.so: cannot open shared object file: No such file or directory
  - [pid=218333] <gracefully close start>
  - [pid=218333] <kill>
  - [pid=218333] <will force kill>
  - [pid=218333] exception while trying to kill process: Error: kill ESRCH
  - [pid=218333] <process did exit: exitCode=127, signal=null>
  - [pid=218333] starting temporary directories cleanup
  - [pid=218333] finished temporary directories cleanup
  - [pid=218333] <gracefully close end>

2026-07-25 16:08:17.548 | INFO     | metagpt.roles.di.role_zero:_act:294 - Commands outputs: 
Command Terminal.run_command executed:
[command]: cd /home/aludy/scires/Cloud_Spec_Exp/external/worktrees/oci-metagpt-agentless-mini-rerun/metagpt/runc-5182 && git log --oneline -10 
[command output] : 22534756 libct: factor handleFifo out of c.exec
b0762c7a libct: add lock-less c.signal
a0d1b98e Merge pull request #4661 from lifubang/skip-setup-signalNotify-for-detached
62d4f147 Merge pull request #5210 from lifubang/fix-signal-race
404181e4 Fix SIGCHLD race in signal handler setup
5c9b6ac7 Merge pull request #5164 from opencontainers/dependabot/go_modules/golang.org/x/net-0.52.0
d033312a build(deps): bump golang.org/x/net from 0.50.0 to 0.52.0
4c0496a6 skip setup signal notifier for detached container
e259ae0c move notifySocket out of signalHandler
fba5a1ec move process terminate operation to defer function


Command Browser.goto executed: Traceback (most recent call last):
  File "/home/aludy/scires/Cloud_Spec_Exp/external/baselines/MetaGPT/metagpt/roles/di/role_zero.py", line 399, in _run_commands
    tool_output = await tool_obj(**cmd["args"])
  File "/home/aludy/scires/Cloud_Spec_Exp/external/baselines/MetaGPT/metagpt/tools/libs/browser.py", line 129, in goto
    await self.start()
  File "/home/aludy/scires/Cloud_Spec_Exp/external/baselines/MetaGPT/metagpt/tools/libs/browser.py", line 86, in start
    browser = self.browser_instance = await playwright.chromium.launch(headless=self.headless, proxy=self.proxy)
  File "/home/aludy/miniconda3/envs/metagpt/lib/python3.10/site-packages/playwright/async_api/_generated.py", line 16546, in launch
    await self._impl_obj.launch(
  File "/home/aludy/miniconda3/envs/metagpt/lib/python3.10/site-packages/playwright/_impl/_browser_type.py", line 97, in launch
    await self._channel.send(
  File "/home/aludy/miniconda3/envs/metagpt/lib/python3.10/site-packages/playwright/_impl/_connection.py", line 69, in send
    return await self._connection.wrap_api_call(
  File "/home/aludy/miniconda3/envs/metagpt/lib/python3.10/site-packages/playwright/_impl/_connection.py", line 563, in wrap_api_call
    raise rewrite_error(error, f"{parsed_st['apiName']}: {error}") from None
playwright._impl._errors.TargetClosedError: BrowserType.launch: Target page, context or browser has been closed
Browser logs:

<launching> /home/aludy/.cache/ms-playwright/chromium_headless_shell-1228/chrome-headless-shell-linux64/chrome-headless-shell --disable-field-trial-config --disable-background-networking --disable-background-timer-throttling --disable-backgrounding-occluded-windows --disable-back-forward-cache --disable-breakpad --disable-client-side-phishing-detection --disable-component-extensions-with-background-pages --disable-component-update --no-default-browser-check --disable-default-apps --disable-dev-shm-usage --disable-edgeupdater --disable-extensions --disable-features=AvoidUnnecessaryBeforeUnloadCheckSync,BoundaryEventDispatchTracksNodeRemoval,DestroyProfileOnBrowserClose,DialMediaRouteProvider,GlobalMediaControls,HttpsUpgrades,LensOverlay,MediaRouter,PaintHolding,ThirdPartyStoragePartitioning,Translate,AutoDeElevate,RenderDocument,OptimizationHints,msForceBrowserSignIn,msEdgeUpdateLaunchServicesPreferredVersion --enable-features=CDPScreenshotNewSurface --allow-pre-commit-input --disable-hang-monitor --disable-ipc-flooding-protection --disable-popup-blocking --disable-prompt-on-repost --disable-renderer-backgrounding --force-color-profile=srgb --metrics-recording-only --no-first-run --password-store=basic --use-mock-keychain --no-service-autorun --export-tagged-pdf --disable-search-engine-choice-screen --unsafely-disable-devtools-self-xss-warnings --edge-skip-compat-layer-relaunch --disable-infobars --disable-search-engine-choice-screen --disable-sync --enable-unsafe-swiftshader --headless --hide-scrollbars --mute-audio --blink-settings=primaryHoverType=2,availableHoverTypes=2,primaryPointerType=4,availablePointerTypes=4 --no-sandbox --proxy-server=http://127.0.0.1:7890 --proxy-bypass-list=192.168.*;172.31.*;172.30.*;172.2*;172.19.*;172.18.*;172.17.*;172.16.*;10.*;127.*;*.local;localhost;*360buyimg.com;100ime-iat-api.xfyun.cn;*jd.com;*zhimg.com;*zhihu.com --user-data-dir=/tmp/playwright_chromiumdev_profile-fvRTjb --remote-debugging-pipe --no-startup-window
<launched> pid=218333
[pid=218333][err] /home/aludy/.cache/ms-playwright/chromium_headless_shell-1228/chrome-headless-shell-linux64/chrome-headless-shell: error while loading shared libraries: libnspr4.so: cannot open shared object file: No such file or directory
Call log:
  - <launching> /home/aludy/.cache/ms-playwright/chromium_headless_shell-1228/chrome-headless-shell-linux64/chrome-headless-shell --disable-field-trial-config --disable-background-networking --disable-background-timer-throttling --disable-backgrounding-occluded-windows --disable-back-forward-cache --disable-breakpad --disable-client-side-phishing-detection --disable-component-extensions-with-background-pages --disable-component-update --no-default-browser-check --disable-default-apps --disable-dev-shm-usage --disable-edgeupdater --disable-extensions --disable-features=AvoidUnnecessaryBeforeUnloadCheckSync,BoundaryEventDispatchTracksNodeRemoval,DestroyProfileOnBrowserClose,DialMediaRouteProvider,GlobalMediaControls,HttpsUpgrades,LensOverlay,MediaRouter,PaintHolding,ThirdPartyStoragePartitioning,Translate,AutoDeElevate,RenderDocument,OptimizationHints,msForceBrowserSignIn,msEdgeUpdateLaunchServicesPreferredVersion --enable-features=CDPScreenshotNewSurface --allow-pre-commit-input --disable-hang-monitor --disable-ipc-flooding-protection --disable-popup-blocking --disable-prompt-on-repost --disable-renderer-backgrounding --force-color-profile=srgb --metrics-recording-only --no-first-run --password-store=basic --use-mock-keychain --no-service-autorun --export-tagged-pdf --disable-search-engine-choice-screen --unsafely-disable-devtools-self-xss-warnings --edge-skip-compat-layer-relaunch --disable-infobars --disable-search-engine-choice-screen --disable-sync --enable-unsafe-swiftshader --headless --hide-scrollbars --mute-audio --blink-settings=primaryHoverType=2,availableHoverTypes=2,primaryPointerType=4,availablePointerTypes=4 --no-sandbox --proxy-server=http://127.0.0.1:7890 --proxy-bypass-list=192.168.*;172.31.*;172.30.*;172.2*;172.19.*;172.18.*;172.17.*;172.16.*;10.*;127.*;*.local;localhost;*360buyimg.com;100ime-iat-api.xfyun.cn;*jd.com;*zhimg.com;*zhihu.com --user-data-dir=/tmp/playwright_chromiumdev_profile-fvRTjb --remote-debugging-pipe --no-startup-window
  - <launched> pid=218333
  - [pid=218333][err] /home/aludy/.cache/ms-playwright/chromium_headless_shell-1228/chrome-headless-shell-linux64/chrome-headless-shell: error while loading shared libraries: libnspr4.so: cannot open shared object file: No such file or directory
  - [pid=218333] <gracefully close start>
  - [pid=218333] <kill>
  - [pid=218333] <will force kill>
  - [pid=218333] exception while trying to kill process: Error: kill ESRCH
  - [pid=218333] <process did exit: exitCode=127, signal=null>
  - [pid=218333] starting temporary directories cleanup
  - [pid=218333] finished temporary directories cleanup
  - [pid=218333] <gracefully close end>


2026-07-25 16:08:21.106 | INFO     | metagpt.roles.di.role_zero:_act:292 - Commands: 
[{'command_name': 'Terminal.run_command', 'args': {'cmd': 'cd /home/aludy/scires/Cloud_Spec_Exp/external/worktrees/oci-metagpt-agentless-mini-rerun/metagpt/runc-5182 && git log --all --oneline --grep="poststop" 2>/dev/null | head -20'}}, {'command_name': 'Terminal.run_command', 'args': {'cmd': 'cd /home/aludy/scires/Cloud_Spec_Exp/external/worktrees/oci-metagpt-agentless-mini-rerun/metagpt/runc-5182 && git log --all --oneline --grep="poststart" 2>/dev/null | head -20'}}, {'command_name': 'Terminal.run_command', 'args': {'cmd': 'cd /home/aludy/scires/Cloud_Spec_Exp/external/worktrees/oci-metagpt-agentless-mini-rerun/metagpt/runc-5182 && git log --all --oneline --grep="hook" 2>/dev/null | head -20'}}]
2026-07-25 16:08:21.271 | INFO     | metagpt.roles.di.role_zero:_act:294 - Commands outputs: 
Command Terminal.run_command executed:
[command]: cd /home/aludy/scires/Cloud_Spec_Exp/external/worktrees/oci-metagpt-agentless-mini-rerun/metagpt/runc-5182 && git log --all --oneline --grep="poststop" 2>/dev/null | head -20 
[command output] : 3cdda464 Move poststart hook from runc create to runc start
aac9179b Merge pull request #160 from mrunalp/feature/hooks


Command Terminal.run_command executed:
[command]: cd /home/aludy/scires/Cloud_Spec_Exp/external/worktrees/oci-metagpt-agentless-mini-rerun/metagpt/runc-5182 && git log --all --oneline --grep="poststart" 2>/dev/null | head -20 
[command output] : 1d12f98f tests/int: fix TestHook flakiness
4c8d72d5 Merge pull request #5186 from kolyshkin/poststart
3cdda464 Move poststart hook from runc create to runc start
ba01f0fb merge #5150 into opencontainers/runc:main
1c7b8c9d conformance: poststart hooks spec now matches runc
2be14dc9 Merge pull request #392 from mrunalp/poststart
452e8a73 Integrate poststart hooks with spec


Command Terminal.run_command executed:
[command]: cd /home/aludy/scires/Cloud_Spec_Exp/external/worktrees/oci-metagpt-agentless-mini-rerun/metagpt/runc-5182 && git log --all --oneline --grep="hook" 2>/dev/null | head -20 
[command output] : eb7eaf19 Merge pull request #5256 from kolyshkin/int-hook
1d12f98f tests/int: fix TestHook flakiness
4c8d72d5 Merge pull request #5186 from kolyshkin/poststart
3cdda464 Move poststart hook from runc create to runc start
ba01f0fb merge #5150 into opencontainers/runc:main
1c7b8c9d conformance: poststart hooks spec now matches runc
87b08043 libct: remove deprecated HooksList.RunHooks
58a599d2 merge #4593 into opencontainers/runc:main
c283ed10 tests/int: add hooks argv[0] test
6171da60 libct/configs: add HookList.SetDefaultEnv
c49b8916 tests: add test to check StartContainer hook env
a50e6872 tests/int: simplify assignments
a22ea827 tests/int/hooks_so: don't hardcode soname
93091e6a libct: don't pass SpecState to init unless needed
8afeb583 libct: add/use configs.HasHook
24ae5c25 Merge pull request #3996 from kolyshkin/double-hooks
e8525238 tests/int: add a test for host mntns vs hooks
41778ddc Fix for host mount ns containers
57617e3b Merge pull request #3869 from kolyshkin/hooks-better-error
0f3eeb9b tests/int: add failed hooks tests

2026-07-25 16:08:24.642 | INFO     | metagpt.roles.di.role_zero:_act:292 - Commands: 
[{'command_name': 'Terminal.run_command', 'args': {'cmd': 'cd /home/aludy/scires/Cloud_Spec_Exp/external/worktrees/oci-metagpt-agentless-mini-rerun/metagpt/runc-5182 && git show --stat 4c8d72d5'}}, {'command_name': 'Terminal.run_command', 'args': {'cmd': "cd /home/aludy/scires/Cloud_Spec_Exp/external/worktrees/oci-metagpt-agentless-mini-rerun/metagpt/runc-5182 && git show --format='%H %s' --no-patch 4c8d72d5^1 4c8d72d5^2"}}]
2026-07-25 16:08:24.650 | INFO     | metagpt.roles.di.role_zero:_act:294 - Commands outputs: 
Command Terminal.run_command executed:
[command]: cd /home/aludy/scires/Cloud_Spec_Exp/external/worktrees/oci-metagpt-agentless-mini-rerun/metagpt/runc-5182 && git show --stat 4c8d72d5 
[command output] : commit 4c8d72d54daa9dc0849476eeab0e0726c1c997d4
Merge: 80fc1cd3 3cdda464
Author: Rodrigo Campos Catelin <rodrigo@amutable.com>
Date:   Wed Apr 8 11:35:17 2026 +0200

    Merge pull request #5186 from kolyshkin/poststart
    
    Move poststart hook from runc create to runc start

 CHANGELOG.md                    |  4 +++
 libcontainer/container_linux.go | 54 ++++++++++++++++++++++++++++-------------
 tests/integration/hooks.bats    |  6 ++++-
 3 files changed, 46 insertions(+), 18 deletions(-)


Command Terminal.run_command executed:
[command]: cd /home/aludy/scires/Cloud_Spec_Exp/external/worktrees/oci-metagpt-agentless-mini-rerun/metagpt/runc-5182 && git show --format='%H %s' --no-patch 4c8d72d5^1 4c8d72d5^2 
[command output] : 80fc1cd34e1e1f3417ed8add4b60121ac06492bd Merge pull request #5223 from thaJeztah/gofix
3cdda464fa1f1eb0d5774acacf73bb446df5f3d8 Move poststart hook from runc create to runc start

2026-07-25 16:08:29.069 | INFO     | metagpt.roles.di.role_zero:_act:292 - Commands: 
[{'command_name': 'Terminal.run_command', 'args': {'cmd': 'cd /home/aludy/scires/Cloud_Spec_Exp/external/worktrees/oci-metagpt-agentless-mini-rerun/metagpt/runc-5182 && git log --oneline --ancestry-path 80fc1cd3..HEAD | head -5'}}]
2026-07-25 16:08:29.072 | INFO     | metagpt.roles.di.role_zero:_act:294 - Commands outputs: 
Command Terminal.run_command executed:
[command]: cd /home/aludy/scires/Cloud_Spec_Exp/external/worktrees/oci-metagpt-agentless-mini-rerun/metagpt/runc-5182 && git log --oneline --ancestry-path 80fc1cd3..HEAD | head -5 
[command output] :  (pay attention to this.)
2026-07-25 16:08:33.423 | INFO     | metagpt.roles.di.role_zero:_act:292 - Commands: 
[{'command_name': 'Terminal.run_command', 'args': {'cmd': "cd /home/aludy/scires/Cloud_Spec_Exp/external/worktrees/oci-metagpt-agentless-mini-rerun/metagpt/runc-5182 && git merge-base --is-ancestor 4c8d72d5 HEAD && echo 'YES, fix is in HEAD' || echo 'NO, fix is NOT in HEAD'"}}, {'command_name': 'Terminal.run_command', 'args': {'cmd': 'cd /home/aludy/scires/Cloud_Spec_Exp/external/worktrees/oci-metagpt-agentless-mini-rerun/metagpt/runc-5182 && git log --oneline -1 4c8d72d5 && git log --oneline -1 HEAD'}}]
2026-07-25 16:08:33.431 | INFO     | metagpt.roles.di.role_zero:_act:294 - Commands outputs: 
Command Terminal.run_command executed:
[command]: cd /home/aludy/scires/Cloud_Spec_Exp/external/worktrees/oci-metagpt-agentless-mini-rerun/metagpt/runc-5182 && git merge-base --is-ancestor 4c8d72d5 HEAD && echo 'YES, fix is in HEAD' || echo 'NO, fix is NOT in HEAD' 
[command output] : NO, fix is NOT in HEAD


Command Terminal.run_command executed:
[command]: cd /home/aludy/scires/Cloud_Spec_Exp/external/worktrees/oci-metagpt-agentless-mini-rerun/metagpt/runc-5182 && git log --oneline -1 4c8d72d5 && git log --oneline -1 HEAD 
[command output] : 4c8d72d5 Merge pull request #5186 from kolyshkin/poststart
22534756 libct: factor handleFifo out of c.exec

2026-07-25 16:08:36.402 | INFO     | metagpt.roles.di.role_zero:_act:292 - Commands: 
[{'command_name': 'Terminal.run_command', 'args': {'cmd': "cd /home/aludy/scires/Cloud_Spec_Exp/external/worktrees/oci-metagpt-agentless-mini-rerun/metagpt/runc-5182 && git show 3cdda464 --format='%H %s%n%b' --no-patch"}}, {'command_name': 'Terminal.run_command', 'args': {'cmd': 'cd /home/aludy/scires/Cloud_Spec_Exp/external/worktrees/oci-metagpt-agentless-mini-rerun/metagpt/runc-5182 && git diff 80fc1cd3..3cdda464'}}]
2026-07-25 16:08:36.422 | INFO     | metagpt.roles.di.role_zero:_act:294 - Commands outputs: 
Command Terminal.run_command executed:
[command]: cd /home/aludy/scires/Cloud_Spec_Exp/external/worktrees/oci-metagpt-agentless-mini-rerun/metagpt/runc-5182 && git show 3cdda464 --format='%H %s%n%b' --no-patch 
[command output] : 3cdda464fa1f1eb0d5774acacf73bb446df5f3d8 Move poststart hook from runc create to runc start
The runtime-spec [1] currently says:

> 6. Runtime's start command is invoked with the unique identifier of
>    the container.
> 7. The startContainer hooks MUST be invoked by the runtime. If any
>    startContainer hook fails, the runtime MUST generate an error, stop
>    the container, and continue the lifecycle at step 12.
> 8. The runtime MUST run the user-specified program, as specified by
>    process.
> 9. The poststart hooks MUST be invoked by the runtime. If any
>    poststart hook fails, the runtime MUST generate an error, stop the
>    container, and continue the lifecycle at step 12.
> ...
> 11. Runtime's delete command is invoked with the unique identifier of
>     the container.
> 12. The container MUST be destroyed by undoing the steps performed
>     during create phase (step 2).
> 13. The poststop hooks MUST be invoked by the runtime. If any poststop
>     hook fails, the runtime MUST log a warning, but the remaining hooks
>     and lifecycle continue as if the hook had succeeded.

Currently, we do 9 before 8 (heck, even before 6), which is clearly
against the spec and results in issues like the one described in [2].

Let's move running poststart hook to after the user-specified process
has started.

NOTE this patch only fixes the order and does not implement removing
the container when the poststart hook failed (as this part of the spec
is controversial -- destroy et al and should probably be, and currently
are, part of "runc delete").

[1]: https://github.com/opencontainers/runtime-spec/blob/main/runtime.md#lifecycle
[2]: https://github.com/opencontainers/runc/issues/5182

Reported-by: ningmingxiao <ning.mingxiao@zte.com.cn>
Reported-by: Erik Sjölund <erik.sjolund@gmail.com>
Signed-off-by: Kir Kolyshkin <kolyshkin@gmail.com>



Command Terminal.run_command executed:
[command]: cd /home/aludy/scires/Cloud_Spec_Exp/external/worktrees/oci-metagpt-agentless-mini-rerun/metagpt/runc-5182 && git diff 80fc1cd3..3cdda464 
[command output] : diff --git a/.cirrus.yml b/.cirrus.yml
index 0f845eb8..42c0474a 100644
--- a/.cirrus.yml
+++ b/.cirrus.yml
@@ -15,8 +15,6 @@ task:
     BATS_VERSION: "v1.12.0"
     LIBPATHRS_VERSION: "0.2.4"
     RPMS: gcc git-core iptables jq glibc-static libseccomp-devel make criu fuse-sshfs container-selinux policycoreutils cargo lld wget
-    # Allow potentially unsafe tests.
-    RUNC_ALLOW_UNSAFE_TESTS: yes
     # yamllint disable rule:key-duplicates
     matrix:
       - DISTRO: almalinux-8
diff --git a/.github/workflows/test.yml b/.github/workflows/test.yml
index c8e87d06..1abd3df1 100644
--- a/.github/workflows/test.yml
+++ b/.github/workflows/test.yml
@@ -18,8 +18,6 @@ env:
   LIBPATHRS_VERSION: "0.2.4"
   # Don't ignore C warnings. Note that the output of "go env CGO_CFLAGS" by default is "-g -O2", so we keep them.
   CGO_CFLAGS: -g -O2 -Werror
-  # Allow potentially unsafe tests.
-  RUNC_ALLOW_UNSAFE_TESTS: yes
 
 jobs:
   test:
diff --git a/CHANGELOG.md b/CHANGELOG.md
index 7ce6e665..9e17abd8 100644
--- a/CHANGELOG.md
+++ b/CHANGELOG.md
@@ -15,9 +15,10 @@ and this project adheres to [Semantic Versioning](https://semver.org/spec/v2.0.0
 ### Deprecated ###
 - `EXTRA_BUILDTAGS` make variable is deprecated in favor of `RUNC_BUILDTAGS`
   and will be removed in runc 1.6. (#5171)
-- `libcontainer/devices` has been deprecated in favour of
-  `github.com/moby/sys/devices` (which is a carbon copy of the package). It
-  will be removed in runc 1.6.
+
+### Fixed ###
+- The poststart hooks are now executed after starting the user-specified
+  process, fixing a runtime-spec conformance issue. (#4347, #5186)
 
 ## [1.5.0-rc.1] - 2026-03-12
 
diff --git a/Dockerfile b/Dockerfile
index 079a0eb1..0864fbab 100644
--- a/Dockerfile
+++ b/Dockerfile
@@ -84,9 +84,6 @@ RUN git config --global --add safe.directory /go/src/github.com/opencontainers/r
 
 WORKDIR /go/src/github.com/opencontainers/runc
 
-# Allow "unsafe" integration tests in a container.
-ENV RUNC_ALLOW_UNSAFE_TESTS=yes
-
 # Fixup for cgroup v2.
 COPY script/prepare-cgroup-v2.sh /
 ENTRYPOINT [ "/prepare-cgroup-v2.sh" ]
diff --git a/go.mod b/go.mod
index 92e3a02e..60fea199 100644
--- a/go.mod
+++ b/go.mod
@@ -10,7 +10,6 @@ require (
 	github.com/docker/go-units v0.5.0
 	github.com/godbus/dbus/v5 v5.2.2
 	github.com/moby/sys/capability v0.4.0
-	github.com/moby/sys/devices v0.1.0
 	github.com/moby/sys/mountinfo v0.7.2
 	github.com/moby/sys/user v0.4.0
 	github.com/moby/sys/userns v0.1.0
diff --git a/go.sum b/go.sum
index aa7fee04..64f54fa1 100644
--- a/go.sum
+++ b/go.sum
@@ -38,8 +38,6 @@ github.com/mdlayher/socket v0.4.1 h1:eM9y2/jlbs1M615oshPQOHZzj6R6wMT7bX5NPiQvn2U
 github.com/mdlayher/socket v0.4.1/go.mod h1:cAqeGjoufqdxWkD7DkpyS+wcefOtmu5OQ8KuoJGIReA=
 github.com/moby/sys/capability v0.4.0 h1:4D4mI6KlNtWMCM1Z/K0i7RV1FkX+DBDHKVJpCndZoHk=
 github.com/moby/sys/capability v0.4.0/go.mod h1:4g9IK291rVkms3LKCDOoYlnV8xKwoDTpIrNEE35Wq0I=
-github.com/moby/sys/devices v0.1.0 h1:uaMrDm1U3h0AwUDNWeT5lBV40v0eayt+VuukRbYn5K4=
-github.com/moby/sys/devices v0.1.0/go.mod h1:nIV6AO7t0DY2ObAm1GfL4AX9mBRqzxzHwGfvNCR9lfI=
 github.com/moby/sys/mountinfo v0.7.2 h1:1shs6aH5s4o5H2zQLn796ADW1wMrIwHsyJ2v9KouLrg=
 github.com/moby/sys/mountinfo v0.7.2/go.mod h1:1YOa8w8Ih7uW0wALDUgT1dTTSBrZ+HiBLGws92L2RU4=
 github.com/moby/sys/user v0.4.0 h1:jhcMKit7SA80hivmFJcbB1vqmw//wU61Zdui2eQXuMs=
diff --git a/libcontainer/container_linux.go b/libcontainer/container_linux.go
index b4368547..6938ea1b 100644
--- a/libcontainer/container_linux.go
+++ b/libcontainer/container_linux.go
@@ -232,7 +232,14 @@ func (c *Container) Exec() error {
 
 func (c *Container) exec() error {
 	path := filepath.Join(c.stateDir, execFifoFilename)
-	pid := c.initProcess.pid()
+	if err := handleFifo(path, c.initProcess.pid()); err != nil {
+		return err
+	}
+
+	return c.postStart()
+}
+
+func handleFifo(path string, pid int) error {
 	blockingFifoOpenCh := awaitFifoOpen(path)
 	for {
 		select {
@@ -253,6 +260,29 @@ func (c *Container) exec() error {
 	}
 }
 
+func (c *Container) postStart() (retErr error) {
+	if !c.config.HasHook(configs.Poststart) {
+		return nil
+	}
+
+	defer func() {
+		if retErr != nil {
+			// A poststart hook failed; kill the container.
+			if err := c.signal(unix.SIGKILL); err != nil && !errors.Is(err, ErrNotRunning) {
+				logrus.WithError(err).Warn("kill after failed poststart")
+			}
+			// We're still init's parent so wait is required.
+			_, _ = c.initProcess.wait()
+		}
+	}()
+
+	s, err := c.currentOCIState()
+	if err != nil {
+		return err
+	}
+	return c.config.Hooks.Run(configs.Poststart, s)
+}
+
 func readFromExecFifo(execFifo io.Reader) error {
 	data, err := io.ReadAll(execFifo)
 	if err != nil {
@@ -371,19 +401,6 @@ func (c *Container) start(process *Process) (retErr error) {
 
 	if process.Init {
 		c.fifo.Close()
-		if c.config.HasHook(configs.Poststart) {
-			s, err := c.currentOCIState()
-			if err != nil {
-				return err
-			}
-
-			if err := c.config.Hooks.Run(configs.Poststart, s); err != nil {
-				if err := ignoreTerminateErrors(parent.terminate()); err != nil {
-					logrus.Warn(fmt.Errorf("error running poststart hook: %w", err))
-				}
-				return err
-			}
-		}
 	}
 	return nil
 }
@@ -396,7 +413,10 @@ func (c *Container) start(process *Process) (retErr error) {
 func (c *Container) Signal(s os.Signal) error {
 	c.m.Lock()
 	defer c.m.Unlock()
+	return c.signal(s)
+}
 
+func (c *Container) signal(s os.Signal) error {
 	// When a container has its own PID namespace, inside it the init PID
 	// is 1, and thus it is handled specially by the kernel. In particular,
 	// killing init with SIGKILL from an ancestor namespace will also kill
@@ -410,7 +430,7 @@ func (c *Container) Signal(s os.Signal) error {
 				logrus.WithError(err).Warn("failed to kill all processes, possibly due to lack of cgroup (Hint: enable cgroup v2 delegation)")
 				// Some processes may leak when cgroup is not delegated
 				// https://github.com/opencontainers/runc/pull/4395#pullrequestreview-2291179652
-				return c.signal(s)
+				return c.signalInit(s)
 			}
 			// For not rootless container, if there is no init process and no cgroup,
 			// it means that the container is not running.
@@ -422,10 +442,10 @@ func (c *Container) Signal(s os.Signal) error {
 		return nil
 	}
 
-	return c.signal(s)
+	return c.signalInit(s)
 }
 
-func (c *Container) signal(s os.Signal) error {
+func (c *Container) signalInit(s os.Signal) error {
 	// To avoid a PID reuse attack, don't kill non-running container.
 	if !c.hasInit() {
 		return ErrNotRunning
diff --git a/libcontainer/devices/device_deprecated_unix.go b/libcontainer/devices/device_deprecated_unix.go
deleted file mode 100644
index f562b44c..00000000
--- a/libcontainer/devices/device_deprecated_unix.go
+++ /dev/null
@@ -1,55 +0,0 @@
-//go:build !windows
-
-// Package devices provides some helper functions for constructing device
-// configurations for runc. These are exclusively used by higher-level runtimes
-// that need to configure runc's device list based on existing devices.
-//
-// Deprecated: Use github.com/moby/sys/devices instead. This package will be
-// removed in runc 1.6.
-package devices
-
-import (
-	"github.com/moby/sys/devices"
-	"github.com/opencontainers/cgroups/devices/config"
-)
-
-// ErrNotADevice denotes that a file is not a valid linux device.
-//
-// Deprecated: Use [devices.ErrNotADevice] instead. This package will be
-// removed in runc 1.6.
-//
-//go:fix inline
-var ErrNotADevice = devices.ErrNotADevice
-
-// DeviceFromPath takes the path to a device and its cgroup_permissions (which
-// cannot be easily queried) to look up the information about a linux device
-// and returns that information as a Device struct.
-//
-// Deprecated: Use [devices.DeviceFromPath] instead. This package will be
-// removed in runc 1.6.
-//
-//go:fix inline
-func DeviceFromPath(path, permissions string) (*config.Device, error) {
-	return devices.DeviceFromPath(path, permissions)
-}
-
-// HostDevices returns all devices that can be found under /dev directory.
-//
-// Deprecated: Use [devices.HostDevices] instead. This package will be
-// removed in runc 1.6.
-//
-//go:fix inline
-func HostDevices() ([]*config.Device, error) {
-	return devices.HostDevices()
-}
-
-// GetDevices recursively traverses a directory specified by path
-// and returns all devices found there.
-//
-// Deprecated: Use [devices.GetDevices] instead. This package will be
-// removed in runc 1.6.
-//
-//go:fix inline
-func GetDevices(path string) ([]*config.Device, error) {
-	return devices.GetDevices(path)
-}
diff --git a/vendor/github.com/moby/sys/devices/device_unix.go b/libcontainer/devices/device_unix.go
similarity index 77%
rename from vendor/github.com/moby/sys/devices/device_unix.go
rename to libcontainer/devices/device_unix.go
index bd401d3b..4489663b 100644
--- a/vendor/github.com/moby/sys/devices/device_unix.go
+++ b/libcontainer/devices/device_unix.go
@@ -1,25 +1,5 @@
 //go:build !windows
 
-// SPDX-License-Identifier: Apache-2.0
-/*
- * Copyright (C) 2015-2026 Open Containers Initiative Contributors
- *
- * Licensed under the Apache License, Version 2.0 (the "License");
- * you may not use this file except in compliance with the License.
- * You may obtain a copy of the License at
- *
- *    http://www.apache.org/licenses/LICENSE-2.0
- *
- * Unless required by applicable law or agreed to in writing, software
- * distributed under the License is distributed on an "AS IS" BASIS,
- * WITHOUT WARRANTIES OR CONDITIONS OF ANY KIND, either express or implied.
- * See the License for the specific language governing permissions and
- * limitations under the License.
- */
-
-// This code originally comes from runc and was taken from this tree:
-// <https://github.com/opencontainers/runc/tree/v1.4.0/libcontainer/devices>.
-
 package devices
 
 import (
diff --git a/libcontainer/devices/device_unix_test.go b/libcontainer/devices/device_unix_test.go
new file mode 100644
index 00000000..2b586053
--- /dev/null
+++ b/libcontainer/devices/device_unix_test.go
@@ -0,0 +1,97 @@
+//go:build !windows
+
+package devices
+
+import (
+	"errors"
+	"io/fs"
+	"os"
+	"testing"
+
+	"github.com/opencontainers/cgroups/devices/config"
+	"golang.org/x/sys/unix"
+)
+
+func cleanupTest() {
+	unixLstat = unix.Lstat
+	osReadDir = os.ReadDir
+}
+
+func TestDeviceFromPathLstatFailure(t *testing.T) {
+	testError := errors.New("test error")
+
+	// Override unix.Lstat to inject error.
+	unixLstat = func(path string, stat *unix.Stat_t) error {
+		return testError
+	}
+	defer cleanupTest()
+
+	_, err := DeviceFromPath("", "")
+	if !errors.Is(err, testError) {
+		t.Fatalf("Unexpected error %v, expected %v", err, testError)
+	}
+}
+
+func TestHostDevicesIoutilReadDirFailure(t *testing.T) {
+	testError := errors.New("test error")
+
+	// Override os.ReadDir to inject error.
+	osReadDir = func(dirname string) ([]fs.DirEntry, error) {
+		return nil, testError
+	}
+	defer cleanupTest()
+
+	_, err := HostDevices()
+	if !errors.Is(err, testError) {
+		t.Fatalf("Unexpected error %v, expected %v", err, testError)
+	}
+}
+
+func TestHostDevicesIoutilReadDirDeepFailure(t *testing.T) {
+	testError := errors.New("test error")
+	called := false
+
+	// Override os.ReadDir to inject error after the first call.
+	osReadDir = func(dirname string) ([]fs.DirEntry, error) {
+		if called {
+			return nil, testError
+		}
+		called = true
+
+		// Provoke a second call.
+		fi, err := os.Lstat("/tmp")
+		if err != nil {
+			t.Fatalf("Unexpected error %v", err)
+		}
+
+		return []fs.DirEntry{fs.FileInfoToDirEntry(fi)}, nil
+	}
+	defer cleanupTest()
+
+	_, err := HostDevices()
+	if !errors.Is(err, testError) {
+		t.Fatalf("Unexpected error %v, expected %v", err, testError)
+	}
+}
+
+func TestHostDevicesAllValid(t *testing.T) {
+	devices, err := HostDevices()
+	if err != nil {
+		t.Fatalf("failed to get host devices: %v", err)
+	}
+
+	for _, device := range devices {
+		// Devices can't have major number 0.
+		if device.Major == 0 {
+			t.Errorf("device entry %+v has zero major number", device)
+		}
+		switch device.Type {
+		case config.BlockDevice, config.CharDevice:
+		case config.FifoDevice:
+			t.Logf("fifo devices shouldn't show up from HostDevices")
+			fallthrough
+		default:
+			t.Errorf("device entry %+v has unexpected type %v", device, device.Type)
+		}
+	}
+}
diff --git a/vendor/github.com/moby/sys/devices/doc.go b/libcontainer/devices/doc.go
similarity index 100%
rename from vendor/github.com/moby/sys/devices/doc.go
rename to libcontainer/devices/doc.go
diff --git a/tests/integration/checkpoint.bats b/tests/integration/checkpoint.bats
index 6273c745..c694cebe 100644
--- a/tests/integration/checkpoint.bats
+++ b/tests/integration/checkpoint.bats
@@ -397,8 +397,6 @@ function simple_cr_with_netdevice() {
 }
 
 @test "checkpoint and restore with container specific CRIU config" {
-	requires unsafe # Modifies /etc/criu/default.conf.
-
 	tmp=$(mktemp /tmp/runc-criu-XXXXXX.conf)
 	# This is the file we write to /etc/criu/default.conf
 	tmplog1=$(mktemp /tmp/runc-criu-log-XXXXXX.log)
diff --git a/tests/integration/helpers.bash b/tests/integration/helpers.bash
index 30a622fc..24035eb6 100755
--- a/tests/integration/helpers.bash
+++ b/tests/integration/helpers.bash
@@ -674,12 +674,6 @@ function requires() {
 				skip_me=1
 			fi
 			;;
-		unsafe)
-			# Skip the test unless a specific variable is set.
-			if [ ! -v RUNC_ALLOW_UNSAFE_TESTS ]; then
-				skip_me=1
-			fi
-			;;
 		*)
 			fail "BUG: Invalid requires $var."
 			;;
diff --git a/tests/integration/hooks.bats b/tests/integration/hooks.bats
index 854fc4b8..3a9e06dc 100644
--- a/tests/integration/hooks.bats
+++ b/tests/integration/hooks.bats
@@ -35,7 +35,11 @@ function teardown() {
 		echo "testing hook $hook"
 		update_config '.hooks |= {"'$hook'": [{"path": "/bin/true"}, {"path": "/bin/false"}]}'
 		runc run "test_hook-$hook"
-		[[ "$output" != "Hello World" ]]
+		# Failed poststart hooks results in container being killed,
+		# but only after it has started, so output may or may not appear.
+		if [ "$hook" != "poststart" ]; then
+			[[ "$output" != "Hello World" ]]
+		fi
 		[ "$status" -ne 0 ]
 		[[ "$output" == *"error running $hook hook #1:"* ]]
 	done
diff --git a/vendor/github.com/moby/sys/devices/LICENSE b/vendor/github.com/moby/sys/devices/LICENSE
deleted file mode 100644
index d6456956..00000000
--- a/vendor/github.com/moby/sys/devices/LICENSE
+++ /dev/null
@@ -1,202 +0,0 @@
-
-                                 Apache License
-                           Version 2.0, January 2004
-                        http://www.apache.org/licenses/
-
-   TERMS AND CONDITIONS FOR USE, REPRODUCTION, AND DISTRIBUTION
-
-   1. Definitions.
-
-      "License" shall mean the terms and conditions for use, reproduction,
-      and distribution as defined by Sections 1 through 9 of this document.
-
-      "Licensor" shall mean the copyright owner or entity authorized by
-      the copyright owner that is granting the License.
-
-      "Legal Entity" shall mean the union of the acting entity and all
-      other entities that control, are controlled by, or are under common
-      control with that entity. For the purposes of this definition,
-      "control" means (i) the power, direct or indirect, to cause the
-      direction or management of such entity, whether by contract or
-      otherwise, or (ii) ownership of fifty percent (50%) or more of the
-      outstanding shares, or (iii) beneficial ownership of such entity.
-
-      "You" (or "Your") shall mean an individual or Legal Entity
-      exercising permissions granted by this License.
-
-      "Source" form shall mean the preferred form for making modifications,
-      including but not limited to software source code, documentation
-      source, and configuration files.
-
-      "Object" form shall mean any form resulting from mechanical
-      transformation or translation of a Source form, including but
-      not limited to compiled object code, generated documentation,
-      and conversions to other media types.
-
-      "Work" shall mean the work of authorship, whether in Source or
-      Object form, made available under the License, as indicated by a
-      copyright notice that is included in or attached to the work
-      (an example is provided in the Appendix below).
-
-      "Derivative Works" shall mean any work, whether in Source or Object
-      form, that is based on (or derived from) the Work and for which the
-      editorial revisions, annotations, elaborations, or other modifications
-      represent, as a whole, an original work of authorship. For the purposes
-      of this License, Derivative Works shall not include works that remain
-      separable from, or merely link (or bind by name) to the interfaces of,
-      the Work and Derivative Works thereof.
-
-      "Contribution" shall mean any work of authorship, including
-      the original version of the Work and any modifications or additions
-      to that Work or Derivative Works thereof, that is intentionally
-      submitted to Licensor for inclusion in the Work by the copyright owner
-      or by an individual or Legal Entity authorized to submit on behalf of
-      the copyright owner. For the purposes of this definition, "submitted"
-      means any form of electronic, verbal, or written communication sent
-      to the Licensor or its representatives, including but not limited to
-      communication on electronic mailing lists, source code control systems,
-      and issue tracking systems that are managed by, or on behalf of, the
-      Licensor for the purpose of discussing and improving the Work, but
-      excluding communication that is conspicuously marked or otherwise
-      designated in writing by the copyright owner as "Not a Contribution."
-
-      "Contributor" shall mean Licensor and any individual or Legal Entity
-      on behalf of whom a Contribution has been received by Licensor and
-      subsequently incorporated within the Work.
-
-   2. Grant of Copyright License. Subject to the terms and conditions of
-      this License, each Contributor hereby grants to You a perpetual,
-      worldwide, non-exclusive, no-charge, royalty-free, irrevocable
-      copyright license to reproduce, prepare Derivative Works of,
-      publicly display, publicly perform, sublicense, and distribute the
-      Work and such Derivative Works in Source or Object form.
-
-   3. Grant of Patent License. Subject to the terms and conditions of
-      this License, each Contributor hereby grants to You a perpetual,
-      worldwide, non-exclusive, no-charge, royalty-free, irrevocable
-      (except as stated in this section) patent license to make, have made,
-      use, offer to sell, sell, import, and otherwise transfer the Work,
-      where such license applies only to those patent claims licensable
-      by such Contributor that are necessarily infringed by their
-      Contribution(s) alone or by combination of their Contribution(s)
-      with the Work to which such Contribution(s) was submitted. If You
-      institute patent litigation against any entity (including a
-      cross-claim or counterclaim in a lawsuit) alleging that the Work
-      or a Contribution incorporated within the Work constitutes direct
-      or contributory patent infringement, then any patent licenses
-      granted to You under this License for that Work shall terminate
-      as of the date such litigation is filed.
-
-   4. Redistribution. You may reproduce and distribute copies of the
-      Work or Derivative Works thereof in any medium, with or without
-      modifications, and in Source or Object form, provided that You
-      meet the following conditions:
-
-      (a) You must give any other recipients of the Work or
-          Derivative Works a copy of this License; and
-
-      (b) You must cause any modified files to carry prominent notices
-          stating that You changed the files; and
-
-      (c) You must retain, in the Source form of any Derivative Works
-          that You distribute, all copyright, patent, trademark, and
-          attribution notices from the Source form of the Work,
-          excluding those notices that do not pertain to any part of
-          the Derivative Works; and
-
-      (d) If the Work includes a "NOTICE" text file as part of its
-          distribution, then any Derivative Works that You distribute must
-          include a readable copy of the attribution notices contained
-          within such NOTICE file, excluding those notices that do not
-          pertain to any part of the Derivative Works, in at least one
-          of the following places: within a NOTICE text file distributed
-          as part of the Derivative Works; within the Source form or
-          documentation, if provided along with the Derivative Works; or,
-          within a display generated by the Derivative Works, if and
-          wherever such third-party notices normally appear. The contents
-          of the NOTICE file are for informational purposes only and
-          do not modify the License. You may add Your own attribution
-          notices within Derivative Works that You distribute, alongside
-          or as an addendum to the NOTICE text from the Work, provided
-          that such additional attribution notices cannot be construed
-          as modifying the License.
-
-      You may add Your own copyright statement to Your modifications and
-      may provide additional or different license terms and conditions
-      for use, reproduction, or distribution of Your modifications, or
-      for any such Derivative Works as a whole, provided Your use,
-      reproduction, and distribution of the Work otherwise complies with
-      the conditions stated in this License.
-
-   5. Submission of Contributions. Unless You explicitly state otherwise,
-      any Contribution intentionally submitted for inclusion in the Work
-      by You to the Licensor shall be under the terms and conditions of
-      this License, without any additional terms or conditions.
-      Notwithstanding the above, nothing herein shall supersede or modify
-      the terms of any separate license agreement you may have executed
-      with Licensor regarding such Contributions.
-
-   6. Trademarks. This License does not grant permission to use the trade
-      names, trademarks, service marks, or product names of the Licensor,
-      except as required for reasonable and customary use in describing the
-      origin of the Work and reproducing the content of the NOTICE file.
-
-   7. Disclaimer of Warranty. Unless required by applicable law or
-      agreed to in writing, Licensor provides the Work (and each
-      Contributor provides its Contributions) on an "AS IS" BASIS,
-      WITHOUT WARRANTIES OR CONDITIONS OF ANY KIND, either express or
-      implied, including, without limitation, any warranties or conditions
-      of TITLE, NON-INFRINGEMENT, MERCHANTABILITY, or FITNESS FOR A
-      PARTICULAR PURPOSE. You are solely responsible for determining the
-      appropriateness of using or redistributing the Work and assume any
-      risks associated with Your exercise of permissions under this License.
-
-   8. Limitation of Liability. In no event and under no legal theory,
-      whether in tort (including negligence), contract, or otherwise,
-      unless required by applicable law (such as deliberate and grossly
-      negligent acts) or agreed to in writing, shall any Contributor be
-      liable to You for damages, including any direct, indirect, special,
-      incidental, or consequential damages of any character arising as a
-      result of this License or out of the use or inability to use the
-      Work (including but not limited to damages for loss of goodwill,
-      work stoppage, computer failure or malfunction, or any and all
-      other commercial damages or losses), even if such Contributor
-      has been advised of the possibility of such damages.
-
-   9. Accepting Warranty or Additional Liability. While redistributing
-      the Work or Derivative Works thereof, You may choose to offer,
-      and charge a fee for, acceptance of support, warranty, indemnity,
-      or other liability obligations and/or rights consistent with this
-      License. However, in accepting such obligations, You may act only
-      on Your own behalf and on Your sole responsibility, not on behalf
-      of any other Contributor, and only if You agree to indemnify,
-      defend, and hold each Contributor harmless for any liability
-      incurred by, or claims asserted against, such Contributor by reason
-      of your accepting any such warranty or additional liability.
-
-   END OF TERMS AND CONDITIONS
-
-   APPENDIX: How to apply the Apache License to your work.
-
-      To apply the Apache License to your work, attach the following
-      boilerplate notice, with the fields enclosed by brackets "[]"
-      replaced with your own identifying information. (Don't include
-      the brackets!)  The text should be enclosed in the appropriate
-      comment syntax for the file format. We also recommend that a
-      file or class name and description of purpose be included on the
-      same "printed page" as the copyright notice for easier
-      identification within third-party archives.
-
-   Copyright [yyyy] [name of copyright owner]
-
-   Licensed under the Apache License, Version 2.0 (the "License");
-   you may not use this file except in compliance with the License.
-   You may obtain a copy of the License at
-
-       http://www.apache.org/licenses/LICENSE-2.0
-
-   Unless required by applicable law or agreed to in writing, software
-   distributed under the License is distributed on an "AS IS" BASIS,
-   WITHOUT WARRANTIES OR CONDITIONS OF ANY KIND, either express or implied.
-   See the License for the specific language governing permissions and
-   limitations under the License.
diff --git a/vendor/modules.txt b/vendor/modules.txt
index 40397344..0b99ea29 100644
--- a/vendor/modules.txt
+++ b/vendor/modules.txt
@@ -55,9 +55,6 @@ github.com/godbus/dbus/v5
 # github.com/moby/sys/capability v0.4.0
 ## explicit; go 1.21
 github.com/moby/sys/capability
-# github.com/moby/sys/devices v0.1.0
-## explicit; go 1.24
-github.com/moby/sys/devices
 # github.com/moby/sys/mountinfo v0.7.2
 ## explicit; go 1.17
 github.com/moby/sys/mountinfo

2026-07-25 16:08:40.112 | INFO     | metagpt.roles.di.role_zero:_act:292 - Commands: 
[{'command_name': 'Editor.open_file', 'args': {'path': '/home/aludy/scires/Cloud_Spec_Exp/external/worktrees/oci-metagpt-agentless-mini-rerun/metagpt/runc-5182/libcontainer/container_linux.go', 'context_lines': 500}}]
2026-07-25 16:08:40.113 | INFO     | metagpt.roles.di.role_zero:_act:294 - Commands outputs: 
Command Editor.open_file executed: [File: /home/aludy/scires/Cloud_Spec_Exp/external/worktrees/oci-metagpt-agentless-mini-rerun/metagpt/runc-5182/libcontainer/container_linux.go (1197 lines total)]
(this is the beginning of the file)
001|package libcontainer
002|
003|import (
004|	"bytes"
005|	"errors"
006|	"fmt"
007|	"io"
008|	"os"
009|	"os/exec"
010|	"path/filepath"
011|	"reflect"
012|	"strconv"
013|	"strings"
014|	"sync"
015|	"time"
016|
017|	"github.com/opencontainers/runtime-spec/specs-go"
018|	"github.com/sirupsen/logrus"
019|	"github.com/vishvananda/netlink/nl"
020|	"golang.org/x/sys/unix"
021|
022|	"github.com/opencontainers/cgroups"
023|	"github.com/opencontainers/runc/libcontainer/configs"
024|	"github.com/opencontainers/runc/libcontainer/exeseal"
025|	"github.com/opencontainers/runc/libcontainer/intelrdt"
026|	"github.com/opencontainers/runc/libcontainer/system"
027|	"github.com/opencontainers/runc/libcontainer/utils"
028|)
029|
030|const stdioFdCount = 3
031|
032|// Container is a libcontainer container object.
033|type Container struct {
034|	id                   string
035|	stateDir             string
036|	config               *configs.Config
037|	cgroupManager        cgroups.Manager
038|	intelRdtManager      *intelrdt.Manager
039|	initProcess          parentProcess
040|	initProcessStartTime uint64
041|	m                    sync.Mutex
042|	criuVersion          int
043|	state                containerState
044|	created              time.Time
045|	fifo                 *os.File
046|}
047|
048|// State represents a running container's state
049|type State struct {
050|	BaseState
051|
052|	// Platform specific fields below.
053|
054|	// Specified if the container was started under the rootless mode.
055|	// Set to true if BaseState.Config.RootlessEUID && BaseState.Config.RootlessCgroups
056|	Rootless bool `json:"rootless,omitempty"`
057|
058|	// Paths to all the container's cgroups, as returned by (*cgroups.Manager).GetPaths
059|	//
060|	// For cgroup v1, a key is cgroup subsystem name, and the value is the path
061|	// to the cgroup for this subsystem.
062|	//
063|	// For cgroup v2 unified hierarchy, a key is "", and the value is the unified path.
064|	CgroupPaths map[string]string `json:"cgroup_paths,omitempty"`
065|
066|	// NamespacePaths are filepaths to the container's namespaces. Key is the namespace type
067|	// with the value as the path.
068|	NamespacePaths map[configs.NamespaceType]string `json:"namespace_paths"`
069|
070|	// Container's standard descriptors (std{in,out,err}), needed for checkpoint and restore.
071|	ExternalDescriptors []string `json:"external_descriptors,omitempty"`
072|
073|	// Intel RDT "resource control" filesystem path.
074|	IntelRdtPath string `json:"intel_rdt_path,omitempty"`
075|
076|	// Path of the container specific monitoring group in resctrl filesystem.
077|	// Empty if the container does not have aindividual dedicated monitoring
078|	// group.
079|	IntelRdtMonPath string `json:"intel_rdt_mon_path,omitempty"`
080|}
081|
082|// ID returns the container's unique ID
083|func (c *Container) ID() string {
084|	return c.id
085|}
086|
087|// Config returns the container's configuration
088|func (c *Container) Config() configs.Config {
089|	return *c.config
090|}
091|
092|// Status returns the current status of the container.
093|func (c *Container) Status() (Status, error) {
094|	c.m.Lock()
095|	defer c.m.Unlock()
096|	return c.currentStatus()
097|}
098|
099|// State returns the current container's state information.
100|func (c *Container) State() (*State, error) {
101|	c.m.Lock()
102|	defer c.m.Unlock()
103|	return c.currentState(), nil
104|}
105|
106|// OCIState returns the current container's state information.
107|func (c *Container) OCIState() (*specs.State, error) {
108|	c.m.Lock()
109|	defer c.m.Unlock()
110|	return c.currentOCIState()
111|}
112|
113|// ignoreCgroupError filters out cgroup-related errors that can be ignored,
114|// because the container is stopped and its cgroup is gone.
115|func (c *Container) ignoreCgroupError(err error) error {
116|	if err == nil {
117|		return nil
118|	}
119|	if errors.Is(err, os.ErrNotExist) && !c.hasInit() && !c.cgroupManager.Exists() {
120|		return nil
121|	}
122|	return err
123|}
124|
125|// Processes returns the PIDs inside this container. The PIDs are in the
126|// namespace of the calling process.
127|//
128|// Some of the returned PIDs may no longer refer to processes in the container,
129|// unless the container state is PAUSED in which case every PID in the slice is
130|// valid.
131|func (c *Container) Processes() ([]int, error) {
132|	pids, err := c.cgroupManager.GetAllPids()
133|	if err = c.ignoreCgroupError(err); err != nil {
134|		return nil, fmt.Errorf("unable to get all container pids: %w", err)
135|	}
136|	return pids, nil
137|}
138|
139|// Stats returns statistics for the container.
140|func (c *Container) Stats() (*Stats, error) {
141|	var (
142|		err   error
143|		stats = &Stats{}
144|	)
145|	if stats.CgroupStats, err = c.cgroupManager.GetStats(); err != nil {
146|		return stats, fmt.Errorf("unable to get container cgroup stats: %w", err)
147|	}
148|	if c.intelRdtManager != nil {
149|		if stats.IntelRdtStats, err = c.intelRdtManager.GetStats(); err != nil {
150|			return stats, fmt.Errorf("unable to get container Intel RDT stats: %w", err)
151|		}
152|	}
153|	for _, iface := range c.config.Networks {
154|		switch iface.Type {
155|		case "veth":
156|			istats, err := getNetworkInterfaceStats(iface.HostInterfaceName)
157|			if err != nil {
158|				return stats, fmt.Errorf("unable to get network stats for interface %q: %w", iface.HostInterfaceName, err)
159|			}
160|			stats.Interfaces = append(stats.Interfaces, istats)
161|		}
162|	}
163|	return stats, nil
164|}
165|
166|// Set resources of container as configured. Can be used to change resources
167|// when the container is running.
168|func (c *Container) Set(config configs.Config) error {
169|	c.m.Lock()
170|	defer c.m.Unlock()
171|	status, err := c.currentStatus()
172|	if err != nil {
173|		return err
174|	}
175|	if status == Stopped {
176|		return ErrNotRunning
177|	}
178|	if err := c.cgroupManager.Set(config.Cgroups.Resources); err != nil {
179|		// Set configs back
180|		if err2 := c.cgroupManager.Set(c.config.Cgroups.Resources); err2 != nil {
181|			logrus.Warnf("Setting back cgroup configs failed due to error: %v, your state.json and actual configs might be inconsistent.", err2)
182|		}
183|		return err
184|	}
185|	if c.intelRdtManager != nil {
186|		if err := c.intelRdtManager.Set(&config); err != nil {
187|			// Set configs back
188|			if err2 := c.cgroupManager.Set(c.config.Cgroups.Resources); err2 != nil {
189|				logrus.Warnf("Setting back cgroup configs failed due to error: %v, your state.json and actual configs might be inconsistent.", err2)
190|			}
191|			if err2 := c.intelRdtManager.Set(c.config); err2 != nil {
192|				logrus.Warnf("Setting back intelrdt configs failed due to error: %v, your state.json and actual configs might be inconsistent.", err2)
193|			}
194|			return err
195|		}
196|	}
197|	// After config setting succeed, update config and states
198|	c.config = &config
199|	_, err = c.updateState(nil)
200|	return err
201|}
202|
203|// Start starts a process inside the container. Returns error if process fails
204|// to start. You can track process lifecycle with passed Process structure.
205|func (c *Container) Start(process *Process) error {
206|	c.m.Lock()
207|	defer c.m.Unlock()
208|	return c.start(process)
209|}
210|
211|// Run immediately starts the process inside the container. Returns an error if
212|// the process fails to start. It does not block waiting for the exec fifo
213|// after start returns but opens the fifo after start returns.
214|func (c *Container) Run(process *Process) error {
215|	c.m.Lock()
216|	defer c.m.Unlock()
217|	if err := c.start(process); err != nil {
218|		return err
219|	}
220|	if process.Init {
221|		return c.exec()
222|	}
223|	return nil
224|}
225|
226|// Exec signals the container to exec the users process at the end of the init.
227|func (c *Container) Exec() error {
228|	c.m.Lock()
229|	defer c.m.Unlock()
230|	return c.exec()
231|}
232|
233|func (c *Container) exec() error {
234|	path := filepath.Join(c.stateDir, execFifoFilename)
235|	return handleFifo(path, c.initProcess.pid())
236|}
237|
238|func handleFifo(path string, pid int) error {
239|	blockingFifoOpenCh := awaitFifoOpen(path)
240|	for {
241|		select {
242|		case result := <-blockingFifoOpenCh:
243|			return handleFifoResult(result)
244|
245|		case <-time.After(time.Millisecond * 100):
246|			stat, err := system.Stat(pid)
247|			if err != nil || stat.State == system.Zombie {
248|				// could be because process started, ran, and completed between our 100ms timeout and our system.Stat() check.
249|				// see if the fifo exists and has data (with a non-blocking open, which will succeed if the writing process is complete).
250|				if err := handleFifoResult(fifoOpen(path, false)); err != nil {
251|					return errors.New("container process is already dead")
252|				}
253|				return nil
254|			}
255|		}
256|	}
257|}
258|
259|func readFromExecFifo(execFifo io.Reader) error {
260|	data, err := io.ReadAll(execFifo)
261|	if err != nil {
262|		return err
263|	}
264|	if len(data) <= 0 {
265|		return errors.New("cannot start an already running container")
266|	}
267|	return nil
268|}
269|
270|func awaitFifoOpen(path string) <-chan openResult {
271|	fifoOpened := make(chan openResult)
272|	go func() {
273|		result := fifoOpen(path, true)
274|		fifoOpened <- result
275|	}()
276|	return fifoOpened
277|}
278|
279|func fifoOpen(path string, block bool) openResult {
280|	flags := os.O_RDONLY
281|	if !block {
282|		flags |= unix.O_NONBLOCK
283|	}
284|	f, err := os.OpenFile(path, flags, 0)
285|	if err != nil {
286|		return openResult{err: fmt.Errorf("exec fifo: %w", err)}
287|	}
288|	return openResult{file: f}
289|}
290|
291|func handleFifoResult(result openResult) error {
292|	if result.err != nil {
293|		return result.err
294|	}
295|	f := result.file
296|	defer f.Close()
297|	if err := readFromExecFifo(f); err != nil {
298|		return err
299|	}
300|	err := os.Remove(f.Name())
301|	if err == nil || errors.Is(err, os.ErrNotExist) {
302|		return nil
303|	}
304|	return err
305|}
306|
307|type openResult struct {
308|	file *os.File
309|	err  error
310|}
311|
312|func (c *Container) start(process *Process) (retErr error) {
313|	if c.config.Cgroups.Resources.SkipDevices {
314|		return errors.New("can't start container with SkipDevices set")
315|	}
316|
317|	if c.config.RootlessEUID && len(process.AdditionalGroups) > 0 {
318|		// We cannot set any additional groups in a rootless container
319|		// and thus we bail if the user asked us to do so.
320|		return errors.New("cannot set any additional groups in a rootless container")
321|	}
322|
323|	if process.Init {
324|		if c.initProcessStartTime != 0 {
325|			return errors.New("container already has init process")
326|		}
327|		if err := c.createExecFifo(); err != nil {
328|			return err
329|		}
330|		defer func() {
331|			if retErr != nil {
332|				c.deleteExecFifo()
333|			}
334|		}()
335|	}
336|
337|	parent, err := c.newParentProcess(process)
338|	if err != nil {
339|		return fmt.Errorf("unable to create new parent process: %w", err)
340|	}
341|	// We do not need the cloned binaries once the process is spawned.
342|	defer process.closeClonedExes()
343|
344|	// Before starting "runc init", mark all non-stdio open files as O_CLOEXEC
345|	// to make sure we don't leak any files into "runc init". Any files to be
346|	// passed to "runc init" through ExtraFiles will get dup2'd by the Go
347|	// runtime and thus their O_CLOEXEC flag will be cleared. This is some
348|	// additional protection against attacks like CVE-2024-21626, by making
349|	// sure we never leak files to "runc init" we didn't intend to.
350|	if err := utils.CloseExecFrom(3); err != nil {
351|		return fmt.Errorf("unable to mark non-stdio fds as cloexec: %w", err)
352|	}
353|
354|	if logsDone := parent.forwardChildLogs(); logsDone != nil {
355|		defer func() {
356|			// Wait for log forwarder to finish. This depends on
357|			// runc init closing the _LIBCONTAINER_LOGPIPE log fd.
358|			err := <-logsDone
359|			if err != nil {
360|				// runc init errors are important; make sure retErr has them.
361|				err = fmt.Errorf("runc init error(s): %w", err)
362|				if retErr != nil {
363|					retErr = fmt.Errorf("%w; %w", retErr, err)
364|				} else {
365|					retErr = err
366|				}
367|			}
368|		}()
369|	}
370|
371|	if err := parent.start(); err != nil {
372|		return fmt.Errorf("unable to start container process: %w", err)
373|	}
374|
375|	if process.Init {
376|		c.fifo.Close()
377|		if c.config.HasHook(configs.Poststart) {
378|			s, err := c.currentOCIState()
379|			if err != nil {
380|				return err
381|			}
382|
383|			if err := c.config.Hooks.Run(configs.Poststart, s); err != nil {
384|				if err := ignoreTerminateErrors(parent.terminate()); err != nil {
385|					logrus.Warn(fmt.Errorf("error running poststart hook: %w", err))
386|				}
387|				return err
388|			}
389|		}
390|	}
391|	return nil
392|}
393|
394|// Signal sends a specified signal to container's init.
395|//
396|// When s is SIGKILL and the container does not have its own PID namespace, all
397|// the container's processes are killed. In this scenario, the libcontainer
398|// user may be required to implement a proper child reaper.
399|func (c *Container) Signal(s os.Signal) error {
400|	c.m.Lock()
401|	defer c.m.Unlock()
402|	return c.signal(s)
403|}
404|
405|func (c *Container) signal(s os.Signal) error {
406|	// When a container has its own PID namespace, inside it the init PID
407|	// is 1, and thus it is handled specially by the kernel. In particular,
408|	// killing init with SIGKILL from an ancestor namespace will also kill
409|	// all other processes in that PID namespace (see pid_namespaces(7)).
410|	//
411|	// OTOH, if PID namespace is shared, we should kill all pids to avoid
412|	// leftover processes. Handle this special case here.
413|	if s == unix.SIGKILL && !c.config.Namespaces.IsPrivate(configs.NEWPID) {
414|		if err := signalAllProcesses(c.cgroupManager, unix.SIGKILL); err != nil {
415|			if c.config.RootlessCgroups { // may not have an access to cgroup
416|				logrus.WithError(err).Warn("failed to kill all processes, possibly due to lack of cgroup (Hint: enable cgroup v2 delegation)")
417|				// Some processes may leak when cgroup is not delegated
418|				// https://github.com/opencontainers/runc/pull/4395#pullrequestreview-2291179652
419|				return c.signalInit(s)
420|			}
421|			// For not rootless container, if there is no init process and no cgroup,
422|			// it means that the container is not running.
423|			if errors.Is(err, ErrCgroupNotExist) && !c.hasInit() {
424|				err = ErrNotRunning
425|			}
426|			return fmt.Errorf("unable to kill all processes: %w", err)
427|		}
428|		return nil
429|	}
430|
431|	return c.signalInit(s)
432|}
433|
434|func (c *Container) signalInit(s os.Signal) error {
435|	// To avoid a PID reuse attack, don't kill non-running container.
436|	if !c.hasInit() {
437|		return ErrNotRunning
438|	}
439|	if err := c.initProcess.signal(s); err != nil {
440|		return fmt.Errorf("unable to signal init: %w", err)
441|	}
442|	if s == unix.SIGKILL {
443|		// For cgroup v1, killing a process in a frozen cgroup
444|		// does nothing until it's thawed. Only thaw the cgroup
445|		// for SIGKILL.
446|		if paused, _ := c.isPaused(); paused {
447|			_ = c.cgroupManager.Freeze(cgroups.Thawed)
448|		}
449|	}
450|	return nil
451|}
452|
453|func (c *Container) createExecFifo() (retErr error) {
454|	rootuid, err := c.config.HostRootUID()
455|	if err != nil {
456|		return err
457|	}
458|	rootgid, err := c.config.HostRootGID()
459|	if err != nil {
460|		return err
461|	}
462|
463|	fifoName := filepath.Join(c.stateDir, execFifoFilename)
464|	if err := unix.Mkfifo(fifoName, 0o622); err != nil {
465|		return &os.PathError{Op: "mkfifo", Path: fifoName, Err: err}
466|	}
467|	defer func() {
468|		if retErr != nil {
469|			os.Remove(fifoName)
470|		}
471|	}()
472|	// Ensure permission bits (can be different because of umask).
473|	if err := os.Chmod(fifoName, 0o622); err != nil {
474|		return err
475|	}
476|	return os.Chown(fifoName, rootuid, rootgid)
477|}
478|
479|func (c *Container) deleteExecFifo() {
480|	fifoName := filepath.Join(c.stateDir, execFifoFilename)
481|	os.Remove(fifoName)
482|}
483|
484|// includeExecFifo opens the container's execfifo as a pathfd, so that the
485|// container cannot access the statedir (and the FIFO itself remains
486|// un-opened). It then adds the FifoFd to the given exec.Cmd as an inherited
487|// fd, with _LIBCONTAINER_FIFOFD set to its fd number.
488|func (c *Container) includeExecFifo(cmd *exec.Cmd) error {
489|	fifoName := filepath.Join(c.stateDir, execFifoFilename)
490|	fifo, err := os.OpenFile(fifoName, unix.O_PATH|unix.O_CLOEXEC, 0)
491|	if err != nil {
492|		return err
493|	}
494|	c.fifo = fifo
495|
496|	cmd.ExtraFiles = append(cmd.ExtraFiles, fifo)
497|	cmd.Env = append(cmd.Env,
498|		"_LIBCONTAINER_FIFOFD="+strconv.Itoa(stdioFdCount+len(cmd.ExtraFiles)-1))
499|	return nil
500|}
(697 more lines below)
2026-07-25 16:08:49.037 | INFO     | metagpt.roles.di.role_zero:_act:292 - Commands: 
[{'command_name': 'Editor.edit_file_by_replace', 'args': {'file_name': '/home/aludy/scires/Cloud_Spec_Exp/external/worktrees/oci-metagpt-agentless-mini-rerun/metagpt/runc-5182/libcontainer/container_linux.go', 'first_replaced_line_number': 233, 'first_replaced_line_content': 'func (c *Container) exec() error {', 'last_replaced_line_number': 236, 'last_replaced_line_content': '\treturn handleFifo(path, c.initProcess.pid())', 'new_content': 'func (c *Container) exec() error {\n\tpath := filepath.Join(c.stateDir, execFifoFilename)\n\tif err := handleFifo(path, c.initProcess.pid()); err != nil {\n\t\treturn err\n\t}\n\n\treturn c.postStart()'}}]
2026-07-25 16:08:49.038 | ERROR    | metagpt.roles.di.role_zero:_run_commands:407 - Error: The `last_replaced_line_number` does not match the `last_replaced_line_content`. Please correct the parameters.
The `last_replaced_line_number` is 236 and the corresponding content is "}".
But the `last_replaced_line_content ` is "	return handleFifo(path, c.initProcess.pid())".
The content around the specified line is:
The 233 line is "func (c *Container) exec() error {"
The 234 line is "	path := filepath.Join(c.stateDir, execFifoFilename)"
The 235 line is "	return handleFifo(path, c.initProcess.pid())"
The 236 line is "}"
The 237 line is ""
The 238 line is "func handleFifo(path string, pid int) error {"
The 239 line is "	blockingFifoOpenCh := awaitFifoOpen(path)"
Pay attention to the new content. Ensure that it aligns with the new parameters.
Traceback (most recent call last):
  File "/home/aludy/scires/Cloud_Spec_Exp/external/baselines/MetaGPT/metagpt/roles/di/role_zero.py", line 401, in _run_commands
    tool_output = tool_obj(**cmd["args"])
  File "/home/aludy/scires/Cloud_Spec_Exp/external/baselines/MetaGPT/metagpt/tools/libs/editor.py", line 813, in edit_file_by_replace
    raise ValueError(mismatch_error)
ValueError: Error: The `last_replaced_line_number` does not match the `last_replaced_line_content`. Please correct the parameters.
The `last_replaced_line_number` is 236 and the corresponding content is "}".
But the `last_replaced_line_content ` is "	return handleFifo(path, c.initProcess.pid())".
The content around the specified line is:
The 233 line is "func (c *Container) exec() error {"
The 234 line is "	path := filepath.Join(c.stateDir, execFifoFilename)"
The 235 line is "	return handleFifo(path, c.initProcess.pid())"
The 236 line is "}"
The 237 line is ""
The 238 line is "func handleFifo(path string, pid int) error {"
The 239 line is "	blockingFifoOpenCh := awaitFifoOpen(path)"
Pay attention to the new content. Ensure that it aligns with the new parameters.


Traceback (most recent call last):

  File "/home/aludy/scires/Cloud_Spec_Exp/baselines/metagpt/launch.py", line 307, in <module>
    raise SystemExit(main())
                     └ <function main at 0x7f8144142ef0>

  File "/home/aludy/scires/Cloud_Spec_Exp/baselines/metagpt/launch.py", line 277, in main
    result = generate_repo(**supported)
             │               └ {'idea': 'Fix OCI runtime bug case runc-5182.\n\nTarget runtime: runc\nTitle: poststop hook is not run if poststart hook fail...
             └ <function generate_repo at 0x7f808b6cdcf0>

  File "/home/aludy/scires/Cloud_Spec_Exp/external/baselines/MetaGPT/metagpt/software_company.py", line 72, in generate_repo
    asyncio.run(company.run(n_round=n_round, idea=idea))
    │       │   │       │           │             └ 'Fix OCI runtime bug case runc-5182.\n\nTarget runtime: runc\nTitle: poststop hook is not run if poststart hook fails\nUpstre...
    │       │   │       │           └ 10
    │       │   │       └ <function serialize_decorator.<locals>.wrapper at 0x7f80816701f0>
    │       │   └ Team(env=MGXEnv(), investment=3.0, idea='Fix OCI runtime bug case runc-5182.\n\nTarget runtime: runc\nTitle: poststop hook is...
    │       └ <function run at 0x7f8141d91750>
    └ <module 'asyncio' from '/home/aludy/miniconda3/envs/metagpt/lib/python3.10/asyncio/__init__.py'>

  File "/home/aludy/miniconda3/envs/metagpt/lib/python3.10/asyncio/runners.py", line 44, in run
    return loop.run_until_complete(main)
           │    │                  └ <coroutine object serialize_decorator.<locals>.wrapper at 0x7f808158b610>
           │    └ <function BaseEventLoop.run_until_complete at 0x7f8141d93130>
           └ <_UnixSelectorEventLoop running=True closed=False debug=False>
  File "/home/aludy/miniconda3/envs/metagpt/lib/python3.10/asyncio/base_events.py", line 636, in run_until_complete
    self.run_forever()
    │    └ <function BaseEventLoop.run_forever at 0x7f8141d930a0>
    └ <_UnixSelectorEventLoop running=True closed=False debug=False>
  File "/home/aludy/miniconda3/envs/metagpt/lib/python3.10/asyncio/base_events.py", line 603, in run_forever
    self._run_once()
    │    └ <function BaseEventLoop._run_once at 0x7f8141d94c10>
    └ <_UnixSelectorEventLoop running=True closed=False debug=False>
  File "/home/aludy/miniconda3/envs/metagpt/lib/python3.10/asyncio/base_events.py", line 1909, in _run_once
    handle._run()
    │      └ <function Handle._run at 0x7f8141d44280>
    └ <Handle Task.task_wakeup(<Task finishe...> result=None>)>
  File "/home/aludy/miniconda3/envs/metagpt/lib/python3.10/asyncio/events.py", line 80, in _run
    self._context.run(self._callback, *self._args)
    │    │            │    │           │    └ <member '_args' of 'Handle' objects>
    │    │            │    │           └ <Handle Task.task_wakeup(<Task finishe...> result=None>)>
    │    │            │    └ <member '_callback' of 'Handle' objects>
    │    │            └ <Handle Task.task_wakeup(<Task finishe...> result=None>)>
    │    └ <member '_context' of 'Handle' objects>
    └ <Handle Task.task_wakeup(<Task finishe...> result=None>)>

  File "/home/aludy/scires/Cloud_Spec_Exp/external/baselines/MetaGPT/metagpt/utils/common.py", line 692, in wrapper
    return await func(self, *args, **kwargs)
                 │    │      │       └ {}
                 │    │      └ ()
                 │    └ Engineer2(private_context=Context(kwargs=AttrDict(), config=Config(extra_fields=None, project_path='/home/aludy/scires/Cloud_...
                 └ <function Role.run at 0x7f808211e5f0>

  File "/home/aludy/scires/Cloud_Spec_Exp/external/baselines/MetaGPT/metagpt/roles/role.py", line 548, in run
    rsp = await self.react()
                │    └ <function Role.react at 0x7f808211e4d0>
                └ Engineer2(private_context=Context(kwargs=AttrDict(), config=Config(extra_fields=None, project_path='/home/aludy/scires/Cloud_...

  File "/home/aludy/scires/Cloud_Spec_Exp/external/baselines/MetaGPT/metagpt/roles/role.py", line 515, in react
    rsp = await self._react()
                │    └ <function RoleZero._react at 0x7f8082059f30>
                └ Engineer2(private_context=Context(kwargs=AttrDict(), config=Config(extra_fields=None, project_path='/home/aludy/scires/Cloud_...

  File "/home/aludy/scires/Cloud_Spec_Exp/external/baselines/MetaGPT/metagpt/roles/di/role_zero.py", line 324, in _react
    rsp = await self._act()
                │    └ <function RoleZero._act at 0x7f8082059ea0>
                └ Engineer2(private_context=Context(kwargs=AttrDict(), config=Config(extra_fields=None, project_path='/home/aludy/scires/Cloud_...

  File "/home/aludy/scires/Cloud_Spec_Exp/external/baselines/MetaGPT/metagpt/roles/di/role_zero.py", line 293, in _act
    outputs = await self._run_commands(commands)
                    │    │             └ [{'command_name': 'Editor.edit_file_by_replace', 'args': {'file_name': '/home/aludy/scires/Cloud_Spec_Exp/external/worktrees/...
                    │    └ <function RoleZero._run_commands at 0x7f808205a0e0>
                    └ Engineer2(private_context=Context(kwargs=AttrDict(), config=Config(extra_fields=None, project_path='/home/aludy/scires/Cloud_...

> File "/home/aludy/scires/Cloud_Spec_Exp/external/baselines/MetaGPT/metagpt/roles/di/role_zero.py", line 401, in _run_commands
    tool_output = tool_obj(**cmd["args"])
                  │          └ {'command_name': 'Editor.edit_file_by_replace', 'args': {'file_name': '/home/aludy/scires/Cloud_Spec_Exp/external/worktrees/o...
                  └ <bound method Editor.edit_file_by_replace of Editor(resource=EditorReporter(block=<BlockType.EDITOR: 'Editor'>, uuid=UUID('96...

  File "/home/aludy/scires/Cloud_Spec_Exp/external/baselines/MetaGPT/metagpt/tools/libs/editor.py", line 813, in edit_file_by_replace
    raise ValueError(mismatch_error)
                     └ 'Error: The `last_replaced_line_number` does not match the `last_replaced_line_content`. Please correct the parameters.\nThe ...

ValueError: Error: The `last_replaced_line_number` does not match the `last_replaced_line_content`. Please correct the parameters.
The `last_replaced_line_number` is 236 and the corresponding content is "}".
But the `last_replaced_line_content ` is "	return handleFifo(path, c.initProcess.pid())".
The content around the specified line is:
The 233 line is "func (c *Container) exec() error {"
The 234 line is "	path := filepath.Join(c.stateDir, execFifoFilename)"
The 235 line is "	return handleFifo(path, c.initProcess.pid())"
The 236 line is "}"
The 237 line is ""
The 238 line is "func handleFifo(path string, pid int) error {"
The 239 line is "	blockingFifoOpenCh := awaitFifoOpen(path)"
Pay attention to the new content. Ensure that it aligns with the new parameters.

2026-07-25 16:08:49.143 | INFO     | metagpt.roles.di.role_zero:_act:294 - Commands outputs: 
Command Editor.edit_file_by_replace executed: Traceback (most recent call last):
  File "/home/aludy/scires/Cloud_Spec_Exp/external/baselines/MetaGPT/metagpt/roles/di/role_zero.py", line 401, in _run_commands
    tool_output = tool_obj(**cmd["args"])
  File "/home/aludy/scires/Cloud_Spec_Exp/external/baselines/MetaGPT/metagpt/tools/libs/editor.py", line 813, in edit_file_by_replace
    raise ValueError(mismatch_error)
ValueError: Error: The `last_replaced_line_number` does not match the `last_replaced_line_content`. Please correct the parameters.
The `last_replaced_line_number` is 236 and the corresponding content is "}".
But the `last_replaced_line_content ` is "	return handleFifo(path, c.initProcess.pid())".
The content around the specified line is:
The 233 line is "func (c *Container) exec() error {"
The 234 line is "	path := filepath.Join(c.stateDir, execFifoFilename)"
The 235 line is "	return handleFifo(path, c.initProcess.pid())"
The 236 line is "}"
The 237 line is ""
The 238 line is "func handleFifo(path string, pid int) error {"
The 239 line is "	blockingFifoOpenCh := awaitFifoOpen(path)"
Pay attention to the new content. Ensure that it aligns with the new parameters.


2026-07-25 16:08:52.376 | INFO     | metagpt.roles.di.role_zero:_act:292 - Commands: 
[{'command_name': 'Editor.edit_file_by_replace', 'args': {'file_name': '/home/aludy/scires/Cloud_Spec_Exp/external/worktrees/oci-metagpt-agentless-mini-rerun/metagpt/runc-5182/libcontainer/container_linux.go', 'first_replaced_line_number': 233, 'first_replaced_line_content': 'func (c *Container) exec() error {', 'last_replaced_line_number': 236, 'last_replaced_line_content': '}', 'new_content': 'func (c *Container) exec() error {\n\tpath := filepath.Join(c.stateDir, execFifoFilename)\n\tif err := handleFifo(path, c.initProcess.pid()); err != nil {\n\t\treturn err\n\t}\n\n\treturn c.postStart()'}}]
2026-07-25 16:08:52.377 | ERROR    | metagpt.roles.di.role_zero:_run_commands:407 - list index out of rangeTraceback (most recent call last):
  File "/home/aludy/scires/Cloud_Spec_Exp/external/baselines/MetaGPT/metagpt/tools/libs/editor.py", line 563, in _edit_file_impl
    original_lint_error, _ = self._lint_file(file_name)
  File "/home/aludy/scires/Cloud_Spec_Exp/external/baselines/MetaGPT/metagpt/tools/libs/editor.py", line 211, in _lint_file
    lint_error = linter.lint(str(file_path))
  File "/home/aludy/scires/Cloud_Spec_Exp/external/baselines/MetaGPT/metagpt/tools/libs/linter.py", line 98, in lint
    linkres = basic_lint(absolute_fname, code)
  File "/home/aludy/scires/Cloud_Spec_Exp/external/baselines/MetaGPT/metagpt/tools/libs/linter.py", line 158, in basic_lint
    parser = get_parser(lang)
  File "tree_sitter_languages/core.pyx", line 19, in tree_sitter_languages.core.get_parser
  File "tree_sitter_languages/core.pyx", line 14, in tree_sitter_languages.core.get_language
TypeError: __init__() takes exactly 1 argument (2 given)

During handling of the above exception, another exception occurred:

Traceback (most recent call last):
  File "/home/aludy/scires/Cloud_Spec_Exp/external/baselines/MetaGPT/metagpt/roles/di/role_zero.py", line 401, in _run_commands
    tool_output = tool_obj(**cmd["args"])
  File "/home/aludy/scires/Cloud_Spec_Exp/external/baselines/MetaGPT/metagpt/tools/libs/editor.py", line 814, in edit_file_by_replace
    ret_str = self._edit_file_impl(
  File "/home/aludy/scires/Cloud_Spec_Exp/external/baselines/MetaGPT/metagpt/tools/libs/editor.py", line 667, in _edit_file_impl
    guidance_message = self._get_indentation_info(content, start or len(lines))
  File "/home/aludy/scires/Cloud_Spec_Exp/external/baselines/MetaGPT/metagpt/tools/libs/editor.py", line 495, in _get_indentation_info
    pre_line = content_lines[first_line - 2] if first_line - 2 >= 0 else ""
IndexError: list index out of range

Traceback (most recent call last):

  File "/home/aludy/scires/Cloud_Spec_Exp/external/baselines/MetaGPT/metagpt/tools/libs/editor.py", line 563, in _edit_file_impl
    original_lint_error, _ = self._lint_file(file_name)
                             │    │          └ PosixPath('/home/aludy/scires/Cloud_Spec_Exp/external/worktrees/oci-metagpt-agentless-mini-rerun/metagpt/runc-5182/libcontain...
                             │    └ <function Editor._lint_file at 0x7f808ca608b0>
                             └ Editor(resource=EditorReporter(block=<BlockType.EDITOR: 'Editor'>, uuid=UUID('968841cf-702a-47e0-871e-e18970501054'), enable_...

  File "/home/aludy/scires/Cloud_Spec_Exp/external/baselines/MetaGPT/metagpt/tools/libs/editor.py", line 211, in _lint_file
    lint_error = linter.lint(str(file_path))
                 │      │        └ PosixPath('/home/aludy/scires/Cloud_Spec_Exp/external/worktrees/oci-metagpt-agentless-mini-rerun/metagpt/runc-5182/libcontain...
                 │      └ <function Linter.lint at 0x7f808ca8ff40>
                 └ <metagpt.tools.libs.linter.Linter object at 0x7f807b7f8d90>

  File "/home/aludy/scires/Cloud_Spec_Exp/external/baselines/MetaGPT/metagpt/tools/libs/linter.py", line 98, in lint
    linkres = basic_lint(absolute_fname, code)
              │          │               └ 'package libcontainer\n\nimport (\n\t"bytes"\n\t"errors"\n\t"fmt"\n\t"io"\n\t"os"\n\t"os/exec"\n\t"path/filepath"\n\t"reflect...
              │          └ '/home/aludy/scires/Cloud_Spec_Exp/external/worktrees/oci-metagpt-agentless-mini-rerun/metagpt/runc-5182/libcontainer/contain...
              └ <function basic_lint at 0x7f808ca601f0>

  File "/home/aludy/scires/Cloud_Spec_Exp/external/baselines/MetaGPT/metagpt/tools/libs/linter.py", line 158, in basic_lint
    parser = get_parser(lang)
             │          └ 'go'
             └ <cyfunction get_parser at 0x7f808cafacf0>

  File "tree_sitter_languages/core.pyx", line 19, in tree_sitter_languages.core.get_parser
  File "tree_sitter_languages/core.pyx", line 14, in tree_sitter_languages.core.get_language

TypeError: __init__() takes exactly 1 argument (2 given)


During handling of the above exception, another exception occurred:


Traceback (most recent call last):

  File "/home/aludy/scires/Cloud_Spec_Exp/baselines/metagpt/launch.py", line 307, in <module>
    raise SystemExit(main())
                     └ <function main at 0x7f8144142ef0>

  File "/home/aludy/scires/Cloud_Spec_Exp/baselines/metagpt/launch.py", line 277, in main
    result = generate_repo(**supported)
             │               └ {'idea': 'Fix OCI runtime bug case runc-5182.\n\nTarget runtime: runc\nTitle: poststop hook is not run if poststart hook fail...
             └ <function generate_repo at 0x7f808b6cdcf0>

  File "/home/aludy/scires/Cloud_Spec_Exp/external/baselines/MetaGPT/metagpt/software_company.py", line 72, in generate_repo
    asyncio.run(company.run(n_round=n_round, idea=idea))
    │       │   │       │           │             └ 'Fix OCI runtime bug case runc-5182.\n\nTarget runtime: runc\nTitle: poststop hook is not run if poststart hook fails\nUpstre...
    │       │   │       │           └ 10
    │       │   │       └ <function serialize_decorator.<locals>.wrapper at 0x7f80816701f0>
    │       │   └ Team(env=MGXEnv(), investment=3.0, idea='Fix OCI runtime bug case runc-5182.\n\nTarget runtime: runc\nTitle: poststop hook is...
    │       └ <function run at 0x7f8141d91750>
    └ <module 'asyncio' from '/home/aludy/miniconda3/envs/metagpt/lib/python3.10/asyncio/__init__.py'>

  File "/home/aludy/miniconda3/envs/metagpt/lib/python3.10/asyncio/runners.py", line 44, in run
    return loop.run_until_complete(main)
           │    │                  └ <coroutine object serialize_decorator.<locals>.wrapper at 0x7f808158b610>
           │    └ <function BaseEventLoop.run_until_complete at 0x7f8141d93130>
           └ <_UnixSelectorEventLoop running=True closed=False debug=False>
  File "/home/aludy/miniconda3/envs/metagpt/lib/python3.10/asyncio/base_events.py", line 636, in run_until_complete
    self.run_forever()
    │    └ <function BaseEventLoop.run_forever at 0x7f8141d930a0>
    └ <_UnixSelectorEventLoop running=True closed=False debug=False>
  File "/home/aludy/miniconda3/envs/metagpt/lib/python3.10/asyncio/base_events.py", line 603, in run_forever
    self._run_once()
    │    └ <function BaseEventLoop._run_once at 0x7f8141d94c10>
    └ <_UnixSelectorEventLoop running=True closed=False debug=False>
  File "/home/aludy/miniconda3/envs/metagpt/lib/python3.10/asyncio/base_events.py", line 1909, in _run_once
    handle._run()
    │      └ <function Handle._run at 0x7f8141d44280>
    └ <Handle Task.task_wakeup(<Task finishe...> result=None>)>
  File "/home/aludy/miniconda3/envs/metagpt/lib/python3.10/asyncio/events.py", line 80, in _run
    self._context.run(self._callback, *self._args)
    │    │            │    │           │    └ <member '_args' of 'Handle' objects>
    │    │            │    │           └ <Handle Task.task_wakeup(<Task finishe...> result=None>)>
    │    │            │    └ <member '_callback' of 'Handle' objects>
    │    │            └ <Handle Task.task_wakeup(<Task finishe...> result=None>)>
    │    └ <member '_context' of 'Handle' objects>
    └ <Handle Task.task_wakeup(<Task finishe...> result=None>)>

  File "/home/aludy/scires/Cloud_Spec_Exp/external/baselines/MetaGPT/metagpt/utils/common.py", line 692, in wrapper
    return await func(self, *args, **kwargs)
                 │    │      │       └ {}
                 │    │      └ ()
                 │    └ Engineer2(private_context=Context(kwargs=AttrDict(), config=Config(extra_fields=None, project_path='/home/aludy/scires/Cloud_...
                 └ <function Role.run at 0x7f808211e5f0>

  File "/home/aludy/scires/Cloud_Spec_Exp/external/baselines/MetaGPT/metagpt/roles/role.py", line 548, in run
    rsp = await self.react()
                │    └ <function Role.react at 0x7f808211e4d0>
                └ Engineer2(private_context=Context(kwargs=AttrDict(), config=Config(extra_fields=None, project_path='/home/aludy/scires/Cloud_...

  File "/home/aludy/scires/Cloud_Spec_Exp/external/baselines/MetaGPT/metagpt/roles/role.py", line 515, in react
    rsp = await self._react()
                │    └ <function RoleZero._react at 0x7f8082059f30>
                └ Engineer2(private_context=Context(kwargs=AttrDict(), config=Config(extra_fields=None, project_path='/home/aludy/scires/Cloud_...

  File "/home/aludy/scires/Cloud_Spec_Exp/external/baselines/MetaGPT/metagpt/roles/di/role_zero.py", line 324, in _react
    rsp = await self._act()
                │    └ <function RoleZero._act at 0x7f8082059ea0>
                └ Engineer2(private_context=Context(kwargs=AttrDict(), config=Config(extra_fields=None, project_path='/home/aludy/scires/Cloud_...

  File "/home/aludy/scires/Cloud_Spec_Exp/external/baselines/MetaGPT/metagpt/roles/di/role_zero.py", line 293, in _act
    outputs = await self._run_commands(commands)
                    │    │             └ [{'command_name': 'Editor.edit_file_by_replace', 'args': {'file_name': '/home/aludy/scires/Cloud_Spec_Exp/external/worktrees/...
                    │    └ <function RoleZero._run_commands at 0x7f808205a0e0>
                    └ Engineer2(private_context=Context(kwargs=AttrDict(), config=Config(extra_fields=None, project_path='/home/aludy/scires/Cloud_...

> File "/home/aludy/scires/Cloud_Spec_Exp/external/baselines/MetaGPT/metagpt/roles/di/role_zero.py", line 401, in _run_commands
    tool_output = tool_obj(**cmd["args"])
                  │          └ {'command_name': 'Editor.edit_file_by_replace', 'args': {'file_name': '/home/aludy/scires/Cloud_Spec_Exp/external/worktrees/o...
                  └ <bound method Editor.edit_file_by_replace of Editor(resource=EditorReporter(block=<BlockType.EDITOR: 'Editor'>, uuid=UUID('96...

  File "/home/aludy/scires/Cloud_Spec_Exp/external/baselines/MetaGPT/metagpt/tools/libs/editor.py", line 814, in edit_file_by_replace
    ret_str = self._edit_file_impl(
              │    └ <function Editor._edit_file_impl at 0x7f808ca61120>
              └ Editor(resource=EditorReporter(block=<BlockType.EDITOR: 'Editor'>, uuid=UUID('968841cf-702a-47e0-871e-e18970501054'), enable_...

  File "/home/aludy/scires/Cloud_Spec_Exp/external/baselines/MetaGPT/metagpt/tools/libs/editor.py", line 667, in _edit_file_impl
    guidance_message = self._get_indentation_info(content, start or len(lines))
                       │    │                     │        └ 233
                       │    │                     └ 'func (c *Container) exec() error {\n\tpath := filepath.Join(c.stateDir, execFifoFilename)\n\tif err := handleFifo(path, c.in...
                       │    └ <function Editor._get_indentation_info at 0x7f808ca61090>
                       └ Editor(resource=EditorReporter(block=<BlockType.EDITOR: 'Editor'>, uuid=UUID('968841cf-702a-47e0-871e-e18970501054'), enable_...

  File "/home/aludy/scires/Cloud_Spec_Exp/external/baselines/MetaGPT/metagpt/tools/libs/editor.py", line 495, in _get_indentation_info
    pre_line = content_lines[first_line - 2] if first_line - 2 >= 0 else ""
               │             │                  └ 233
               │             └ 233
               └ ['func (c *Container) exec() error {', '\tpath := filepath.Join(c.stateDir, execFifoFilename)', '\tif err := handleFifo(path,...

IndexError: list index out of range
2026-07-25 16:08:52.469 | INFO     | metagpt.roles.di.role_zero:_act:294 - Commands outputs: 
Command Editor.edit_file_by_replace executed: Traceback (most recent call last):
  File "/home/aludy/scires/Cloud_Spec_Exp/external/baselines/MetaGPT/metagpt/tools/libs/editor.py", line 563, in _edit_file_impl
    original_lint_error, _ = self._lint_file(file_name)
  File "/home/aludy/scires/Cloud_Spec_Exp/external/baselines/MetaGPT/metagpt/tools/libs/editor.py", line 211, in _lint_file
    lint_error = linter.lint(str(file_path))
  File "/home/aludy/scires/Cloud_Spec_Exp/external/baselines/MetaGPT/metagpt/tools/libs/linter.py", line 98, in lint
    linkres = basic_lint(absolute_fname, code)
  File "/home/aludy/scires/Cloud_Spec_Exp/external/baselines/MetaGPT/metagpt/tools/libs/linter.py", line 158, in basic_lint
    parser = get_parser(lang)
  File "tree_sitter_languages/core.pyx", line 19, in tree_sitter_languages.core.get_parser
  File "tree_sitter_languages/core.pyx", line 14, in tree_sitter_languages.core.get_language
TypeError: __init__() takes exactly 1 argument (2 given)

During handling of the above exception, another exception occurred:

Traceback (most recent call last):
  File "/home/aludy/scires/Cloud_Spec_Exp/external/baselines/MetaGPT/metagpt/roles/di/role_zero.py", line 401, in _run_commands
    tool_output = tool_obj(**cmd["args"])
  File "/home/aludy/scires/Cloud_Spec_Exp/external/baselines/MetaGPT/metagpt/tools/libs/editor.py", line 814, in edit_file_by_replace
    ret_str = self._edit_file_impl(
  File "/home/aludy/scires/Cloud_Spec_Exp/external/baselines/MetaGPT/metagpt/tools/libs/editor.py", line 667, in _edit_file_impl
    guidance_message = self._get_indentation_info(content, start or len(lines))
  File "/home/aludy/scires/Cloud_Spec_Exp/external/baselines/MetaGPT/metagpt/tools/libs/editor.py", line 495, in _get_indentation_info
    pre_line = content_lines[first_line - 2] if first_line - 2 >= 0 else ""
IndexError: list index out of range

2026-07-25 16:08:56.941 | INFO     | metagpt.roles.di.role_zero:_act:292 - Commands: 
[{'command_name': 'Engineer2.write_new_code', 'args': {'path': '/home/aludy/scires/Cloud_Spec_Exp/external/worktrees/oci-metagpt-agentless-mini-rerun/metagpt/runc-5182/libcontainer/container_linux.go', 'file_description': 'Fix poststart hook ordering: move poststart hook execution from start() to exec() so that poststop hooks still run after poststart failure. This fixes OCI runtime bug runc-5182.'}}]
2026-07-25 16:09:23.849 | ERROR    | metagpt.utils.common:parse_code:291 - ```.*?\s+(.*?)\n``` not match following text:
2026-07-25 16:09:23.850 | ERROR    | metagpt.utils.common:parse_code:292 - ```go
package libcontainer

import (
	"bytes"
	"errors"
	"fmt"
	"io"
	"os"
	"os/exec"
	"path/filepath"
	"reflect"
	"strconv"
	"strings"
	"sync"
	"time"

	"github.com/opencontainers/runtime-spec/specs-go"
	"github.com/sirupsen/logrus"
	"github.com/vishvananda/netlink/nl"
	"golang.org/x/sys/unix"

	"github.com/opencontainers/cgroups"
	"github.com/opencontainers/runc/libcontainer/configs"
	"github.com/opencontainers/runc/libcontainer/exeseal"
	"github.com/opencontainers/runc/libcontainer/intelrdt"
	"github.com/opencontainers/runc/libcontainer/system"
	"github.com/opencontainers/runc/libcontainer/utils"
)

const stdioFdCount = 3

// Container is a libcontainer container object.
type Container struct {
	id                   string
	stateDir             string
	config               *configs.Config
	cgroupManager        cgroups.Manager
	intelRdtManager      *intelrdt.Manager
	initProcess          parentProcess
	initProcessStartTime uint64
	m                    sync.Mutex
	criuVersion          int
	state                containerState
	created              time.Time
	fifo                 *os.File
}

// State represents a running container's state
type State struct {
	BaseState

	// Platform specific fields below.

	// Specified if the container was started under the rootless mode.
	// Set to true if BaseState.Config.RootlessEUID && BaseState.Config.RootlessCgroups
	Rootless bool `json:"rootless,omitempty"`

	// Paths to all the container's cgroups, as returned by (*cgroups.Manager).GetPaths
	//
	// For cgroup v1, a key is cgroup subsystem name, and the value is the path
	// to the cgroup for this subsystem.
	//
	// For cgroup v2 unified hierarchy, a key is "", and the value is the unified path.
	CgroupPaths map[string]string `json:"cgroup_paths,omitempty"`

	// NamespacePaths are filepaths to the container's namespaces. Key is the namespace type
	// with the value as the path.
	NamespacePaths map[configs.NamespaceType]string `json:"namespace_paths"`

	// Container's standard descriptors (std{in,out,err}), needed for checkpoint and restore.
	ExternalDescriptors []string `json:"external_descriptors,omitempty"`

	// Intel RDT "resource control" filesystem path.
	IntelRdtPath string `json:"intel_rdt_path,omitempty"`

	// Path of the container specific monitoring group in resctrl filesystem.
	// Empty if the container does not have aindividual dedicated monitoring
	// group.
	IntelRdtMonPath string `json:"intel_rdt_mon_path,omitempty"`
}

// ID returns the container's unique ID
func (c *Container) ID() string {
	return c.id
}

// Config returns the container's configuration
func (c *Container) Config() configs.Config {
	return *c.config
}

// Status returns the current status of the container.
func (c *Container) Status() (Status, error) {
	c.m.Lock()
	defer c.m.Unlock()
	return c.currentStatus()
}

// State returns the current container's state information.
func (c *Container) State() (*State, error) {
	c.m.Lock()
	defer c.m.Unlock()
	return c.currentState(), nil
}

// OCIState returns the current container's state information.
func (c *Container) OCIState() (*specs.State, error) {
	c.m.Lock()
	defer c.m.Unlock()
	return c.currentOCIState()
}

// ignoreCgroupError filters out cgroup-related errors that can be ignored,
// because the container is stopped and its cgroup is gone.
func (c *Container) ignoreCgroupError(err error) error {
	if err == nil {
		return nil
	}
	if errors.Is(err, os.ErrNotExist) && !c.hasInit() && !c.cgroupManager.Exists() {
		return nil
	}
	return err
}

// Processes returns the PIDs inside this container. The PIDs are in the
// namespace of the calling process.
//
// Some of the returned PIDs may no longer refer to processes in the container,
// unless the container state is PAUSED in which case every PID in the slice is
// valid.
func (c *Container) Processes() ([]int, error) {
	pids, err := c.cgroupManager.GetAllPids()
	if err = c.ignoreCgroupError(err); err != nil {
		return nil, fmt.Errorf("unable to get all container pids: %w", err)
	}
	return pids, nil
}

// Stats returns statistics for the container.
func (c *Container) Stats() (*Stats, error) {
	var (
		err   error
		stats = &Stats{}
	)
	if stats.CgroupStats, err = c.cgroupManager.GetStats(); err != nil {
		return stats, fmt.Errorf("unable to get container cgroup stats: %w", err)
	}
	if c.intelRdtManager != nil {
		if stats.IntelRdtStats, err = c.intelRdtManager.GetStats(); err != nil {
			return stats, fmt.Errorf("unable to get container Intel RDT stats: %w", err)
		}
	}
	for _, iface := range c.config.Networks {
		switch iface.Type {
		case "veth":
			istats, err := getNetworkInterfaceStats(iface.HostInterfaceName)
			if err != nil {
				return stats, fmt.Errorf("unable to get network stats for interface %q: %w", iface.HostInterfaceName, err)
			}
			stats.Interfaces = append(stats.Interfaces, istats)
		}
	}
	return stats, nil
}

// Set resources of container as configured. Can be used to change resources
// when the container is running.
func (c *Container) Set(config configs.Config) error {
	c.m.Lock()
	defer c.m.Unlock()
	status, err := c.currentStatus()
	if err != nil {
		return err
	}
	if status == Stopped {
		return ErrNotRunning
	}
	if err := c.cgroupManager.Set(config.Cgroups.Resources); err != nil {
		// Set configs back
		if err2 := c.cgroupManager.Set(c.config.Cgroups.Resources); err2 != nil {
			logrus.Warnf("Setting back cgroup configs failed due to error: %v, your state.json and actual configs might be inconsistent.", err2)
	
2026-07-25 16:09:23.852 | INFO     | metagpt.roles.di.role_zero:_act:294 - Commands outputs: 
Command Engineer2.write_new_code executed: The file /home/aludy/scires/Cloud_Spec_Exp/external/worktrees/oci-metagpt-agentless-mini-rerun/metagpt/runc-5182/libcontainer/container_linux.go has been successfully created, with content:
```go
package libcontainer

import (
	"bytes"
	"errors"
	"fmt"
	"io"
	"os"
	"os/exec"
	"path/filepath"
	"reflect"
	"strconv"
	"strings"
	"sync"
	"time"

	"github.com/opencontainers/runtime-spec/specs-go"
	"github.com/sirupsen/logrus"
	"github.com/vishvananda/netlink/nl"
	"golang.org/x/sys/unix"

	"github.com/opencontainers/cgroups"
	"github.com/opencontainers/runc/libcontainer/configs"
	"github.com/opencontainers/runc/libcontainer/exeseal"
	"github.com/opencontainers/runc/libcontainer/intelrdt"
	"github.com/opencontainers/runc/libcontainer/system"
	"github.com/opencontainers/runc/libcontainer/utils"
)

const stdioFdCount = 3

// Container is a libcontainer container object.
type Container struct {
	id                   string
	stateDir             string
	config               *configs.Config
	cgroupManager        cgroups.Manager
	intelRdtManager      *intelrdt.Manager
	initProcess          parentProcess
	initProcessStartTime uint64
	m                    sync.Mutex
	criuVersion          int
	state                containerState
	created              time.Time
	fifo                 *os.File
}

// State represents a running container's state
type State struct {
	BaseState

	// Platform specific fields below.

	// Specified if the container was started under the rootless mode.
	// Set to true if BaseState.Config.RootlessEUID && BaseState.Config.RootlessCgroups
	Rootless bool `json:"rootless,omitempty"`

	// Paths to all the container's cgroups, as returned by (*cgroups.Manager).GetPaths
	//
	// For cgroup v1, a key is cgroup subsystem name, and the value is the path
	// to the cgroup for this subsystem.
	//
	// For cgroup v2 unified hierarchy, a key is "", and the value is the unified path.
	CgroupPaths map[string]string `json:"cgroup_paths,omitempty"`

	// NamespacePaths are filepaths to the container's namespaces. Key is the namespace type
	// with the value as the path.
	NamespacePaths map[configs.NamespaceType]string `json:"namespace_paths"`

	// Container's standard descriptors (std{in,out,err}), needed for checkpoint and restore.
	ExternalDescriptors []string `json:"external_descriptors,omitempty"`

	// Intel RDT "resource control" filesystem path.
	IntelRdtPath string `json:"intel_rdt_path,omitempty"`

	// Path of the container specific monitoring group in resctrl filesystem.
	// Empty if the container does not have aindividual dedicated monitoring
	// group.
	IntelRdtMonPath string `json:"intel_rdt_mon_path,omitempty"`
}

// ID returns the container's unique ID
func (c *Container) ID() string {
	return c.id
}

// Config returns the container's configuration
func (c *Container) Config() configs.Config {
	return *c.config
}

// Status returns the current status of the container.
func (c *Container) Status() (Status, error) {
	c.m.Lock()
	defer c.m.Unlock()
	return c.currentStatus()
}

// State returns the current container's state information.
func (c *Container) State() (*State, error) {
	c.m.Lock()
	defer c.m.Unlock()
	return c.currentState(), nil
}

// OCIState returns the current container's state information.
func (c *Container) OCIState() (*specs.State, error) {
	c.m.Lock()
	defer c.m.Unlock()
	return c.currentOCIState()
}

// ignoreCgroupError filters out cgroup-related errors that can be ignored,
// because the container is stopped and its cgroup is gone.
func (c *Container) ignoreCgroupError(err error) error {
	if err == nil {
		return nil
	}
	if errors.Is(err, os.ErrNotExist) && !c.hasInit() && !c.cgroupManager.Exists() {
		return nil
	}
	return err
}

// Processes returns the PIDs inside this container. The PIDs are in the
// namespace of the calling process.
//
// Some of the returned PIDs may no longer refer to processes in the container,
// unless the container state is PAUSED in which case every PID in the slice is
// valid.
func (c *Container) Processes() ([]int, error) {
	pids, err := c.cgroupManager.GetAllPids()
	if err = c.ignoreCgroupError(err); err != nil {
		return nil, fmt.Errorf("unable to get all container pids: %w", err)
	}
	return pids, nil
}

// Stats returns statistics for the container.
func (c *Container) Stats() (*Stats, error) {
	var (
		err   error
		stats = &Stats{}
	)
	if stats.CgroupStats, err = c.cgroupManager.GetStats(); err != nil {
		return stats, fmt.Errorf("unable to get container cgroup stats: %w", err)
	}
	if c.intelRdtManager != nil {
		if stats.IntelRdtStats, err = c.intelRdtManager.GetStats(); err != nil {
			return stats, fmt.Errorf("unable to get container Intel RDT stats: %w", err)
		}
	}
	for _, iface := range c.config.Networks {
		switch iface.Type {
		case "veth":
			istats, err := getNetworkInterfaceStats(iface.HostInterfaceName)
			if err != nil {
				return stats, fmt.Errorf("unable to get network stats for interface %q: %w", iface.HostInterfaceName, err)
			}
			stats.Interfaces = append(stats.Interfaces, istats)
		}
	}
	return stats, nil
}

// Set resources of container as configured. Can be used to change resources
// when the container is running.
func (c *Container) Set(config configs.Config) error {
	c.m.Lock()
	defer c.m.Unlock()
	status, err := c.currentStatus()
	if err != nil {
		return err
	}
	if status == Stopped {
		return ErrNotRunning
	}
	if err := c.cgroupManager.Set(config.Cgroups.Resources); err != nil {
		// Set configs back
		if err2 := c.cgroupManager.Set(c.config.Cgroups.Resources); err2 != nil {
			logrus.Warnf("Setting back cgroup configs failed due to error: %v, your state.json and actual configs might be inconsistent.", err2)
	
2026-07-25 16:09:26.712 | INFO     | metagpt.roles.di.role_zero:_act:292 - Commands: 
[{'command_name': 'Editor.open_file', 'args': {'path': '/home/aludy/scires/Cloud_Spec_Exp/external/worktrees/oci-metagpt-agentless-mini-rerun/metagpt/runc-5182/libcontainer/container_linux.go', 'context_lines': 500}}]
2026-07-25 16:09:26.713 | INFO     | metagpt.roles.di.role_zero:_act:294 - Commands outputs: 
Command Editor.open_file executed: [File: /home/aludy/scires/Cloud_Spec_Exp/external/worktrees/oci-metagpt-agentless-mini-rerun/metagpt/runc-5182/libcontainer/container_linux.go (183 lines total)]
(this is the beginning of the file)
001|```go
002|package libcontainer
003|
004|import (
005|	"bytes"
006|	"errors"
007|	"fmt"
008|	"io"
009|	"os"
010|	"os/exec"
011|	"path/filepath"
012|	"reflect"
013|	"strconv"
014|	"strings"
015|	"sync"
016|	"time"
017|
018|	"github.com/opencontainers/runtime-spec/specs-go"
019|	"github.com/sirupsen/logrus"
020|	"github.com/vishvananda/netlink/nl"
021|	"golang.org/x/sys/unix"
022|
023|	"github.com/opencontainers/cgroups"
024|	"github.com/opencontainers/runc/libcontainer/configs"
025|	"github.com/opencontainers/runc/libcontainer/exeseal"
026|	"github.com/opencontainers/runc/libcontainer/intelrdt"
027|	"github.com/opencontainers/runc/libcontainer/system"
028|	"github.com/opencontainers/runc/libcontainer/utils"
029|)
030|
031|const stdioFdCount = 3
032|
033|// Container is a libcontainer container object.
034|type Container struct {
035|	id                   string
036|	stateDir             string
037|	config               *configs.Config
038|	cgroupManager        cgroups.Manager
039|	intelRdtManager      *intelrdt.Manager
040|	initProcess          parentProcess
041|	initProcessStartTime uint64
042|	m                    sync.Mutex
043|	criuVersion          int
044|	state                containerState
045|	created              time.Time
046|	fifo                 *os.File
047|}
048|
049|// State represents a running container's state
050|type State struct {
051|	BaseState
052|
053|	// Platform specific fields below.
054|
055|	// Specified if the container was started under the rootless mode.
056|	// Set to true if BaseState.Config.RootlessEUID && BaseState.Config.RootlessCgroups
057|	Rootless bool `json:"rootless,omitempty"`
058|
059|	// Paths to all the container's cgroups, as returned by (*cgroups.Manager).GetPaths
060|	//
061|	// For cgroup v1, a key is cgroup subsystem name, and the value is the path
062|	// to the cgroup for this subsystem.
063|	//
064|	// For cgroup v2 unified hierarchy, a key is "", and the value is the unified path.
065|	CgroupPaths map[string]string `json:"cgroup_paths,omitempty"`
066|
067|	// NamespacePaths are filepaths to the container's namespaces. Key is the namespace type
068|	// with the value as the path.
069|	NamespacePaths map[configs.NamespaceType]string `json:"namespace_paths"`
070|
071|	// Container's standard descriptors (std{in,out,err}), needed for checkpoint and restore.
072|	ExternalDescriptors []string `json:"external_descriptors,omitempty"`
073|
074|	// Intel RDT "resource control" filesystem path.
075|	IntelRdtPath string `json:"intel_rdt_path,omitempty"`
076|
077|	// Path of the container specific monitoring group in resctrl filesystem.
078|	// Empty if the container does not have aindividual dedicated monitoring
079|	// group.
080|	IntelRdtMonPath string `json:"intel_rdt_mon_path,omitempty"`
081|}
082|
083|// ID returns the container's unique ID
084|func (c *Container) ID() string {
085|	return c.id
086|}
087|
088|// Config returns the container's configuration
089|func (c *Container) Config() configs.Config {
090|	return *c.config
091|}
092|
093|// Status returns the current status of the container.
094|func (c *Container) Status() (Status, error) {
095|	c.m.Lock()
096|	defer c.m.Unlock()
097|	return c.currentStatus()
098|}
099|
100|// State returns the current container's state information.
101|func (c *Container) State() (*State, error) {
102|	c.m.Lock()
103|	defer c.m.Unlock()
104|	return c.currentState(), nil
105|}
106|
107|// OCIState returns the current container's state information.
108|func (c *Container) OCIState() (*specs.State, error) {
109|	c.m.Lock()
110|	defer c.m.Unlock()
111|	return c.currentOCIState()
112|}
113|
114|// ignoreCgroupError filters out cgroup-related errors that can be ignored,
115|// because the container is stopped and its cgroup is gone.
116|func (c *Container) ignoreCgroupError(err error) error {
117|	if err == nil {
118|		return nil
119|	}
120|	if errors.Is(err, os.ErrNotExist) && !c.hasInit() && !c.cgroupManager.Exists() {
121|		return nil
122|	}
123|	return err
124|}
125|
126|// Processes returns the PIDs inside this container. The PIDs are in the
127|// namespace of the calling process.
128|//
129|// Some of the returned PIDs may no longer refer to processes in the container,
130|// unless the container state is PAUSED in which case every PID in the slice is
131|// valid.
132|func (c *Container) Processes() ([]int, error) {
133|	pids, err := c.cgroupManager.GetAllPids()
134|	if err = c.ignoreCgroupError(err); err != nil {
135|		return nil, fmt.Errorf("unable to get all container pids: %w", err)
136|	}
137|	return pids, nil
138|}
139|
140|// Stats returns statistics for the container.
141|func (c *Container) Stats() (*Stats, error) {
142|	var (
143|		err   error
144|		stats = &Stats{}
145|	)
146|	if stats.CgroupStats, err = c.cgroupManager.GetStats(); err != nil {
147|		return stats, fmt.Errorf("unable to get container cgroup stats: %w", err)
148|	}
149|	if c.intelRdtManager != nil {
150|		if stats.IntelRdtStats, err = c.intelRdtManager.GetStats(); err != nil {
151|			return stats, fmt.Errorf("unable to get container Intel RDT stats: %w", err)
152|		}
153|	}
154|	for _, iface := range c.config.Networks {
155|		switch iface.Type {
156|		case "veth":
157|			istats, err := getNetworkInterfaceStats(iface.HostInterfaceName)
158|			if err != nil {
159|				return stats, fmt.Errorf("unable to get network stats for interface %q: %w", iface.HostInterfaceName, err)
160|			}
161|			stats.Interfaces = append(stats.Interfaces, istats)
162|		}
163|	}
164|	return stats, nil
165|}
166|
167|// Set resources of container as configured. Can be used to change resources
168|// when the container is running.
169|func (c *Container) Set(config configs.Config) error {
170|	c.m.Lock()
171|	defer c.m.Unlock()
172|	status, err := c.currentStatus()
173|	if err != nil {
174|		return err
175|	}
176|	if status == Stopped {
177|		return ErrNotRunning
178|	}
179|	if err := c.cgroupManager.Set(config.Cgroups.Resources); err != nil {
180|		// Set configs back
181|		if err2 := c.cgroupManager.Set(c.config.Cgroups.Resources); err2 != nil {
182|			logrus.Warnf("Setting back cgroup configs failed due to error: %v, your state.json and actual configs might be inconsistent.", err2)
183|	
(this is the end of the file)
2026-07-25 16:09:29.233 | INFO     | metagpt.roles.di.role_zero:_act:292 - Commands: 
[{'command_name': 'Terminal.run_command', 'args': {'cmd': 'cd /home/aludy/scires/Cloud_Spec_Exp/external/worktrees/oci-metagpt-agentless-mini-rerun/metagpt/runc-5182 && git checkout -- libcontainer/container_linux.go && wc -l libcontainer/container_linux.go'}}]
2026-07-25 16:09:29.240 | INFO     | metagpt.roles.di.role_zero:_act:294 - Commands outputs: 
Command Terminal.run_command executed:
[command]: cd /home/aludy/scires/Cloud_Spec_Exp/external/worktrees/oci-metagpt-agentless-mini-rerun/metagpt/runc-5182 && git checkout -- libcontainer/container_linux.go && wc -l libcontainer/container_linux.go 
[command output] : 1197 libcontainer/container_linux.go

2026-07-25 16:09:36.769 | INFO     | metagpt.roles.di.role_zero:_act:292 - Commands: 
[{'command_name': 'Editor.open_file', 'args': {'path': '/home/aludy/scires/Cloud_Spec_Exp/external/worktrees/oci-metagpt-agentless-mini-rerun/metagpt/runc-5182/libcontainer/container_linux.go', 'line_number': 233, 'context_lines': 30}}]
2026-07-25 16:09:36.769 | INFO     | metagpt.roles.di.role_zero:_act:294 - Commands outputs: 
Command Editor.open_file executed: [File: /home/aludy/scires/Cloud_Spec_Exp/external/worktrees/oci-metagpt-agentless-mini-rerun/metagpt/runc-5182/libcontainer/container_linux.go (1197 lines total)]
(217 more lines above)
218|		return err
219|	}
220|	if process.Init {
221|		return c.exec()
222|	}
223|	return nil
224|}
225|
226|// Exec signals the container to exec the users process at the end of the init.
227|func (c *Container) Exec() error {
228|	c.m.Lock()
229|	defer c.m.Unlock()
230|	return c.exec()
231|}
232|
233|func (c *Container) exec() error {
234|	path := filepath.Join(c.stateDir, execFifoFilename)
235|	return handleFifo(path, c.initProcess.pid())
236|}
237|
238|func handleFifo(path string, pid int) error {
239|	blockingFifoOpenCh := awaitFifoOpen(path)
240|	for {
241|		select {
242|		case result := <-blockingFifoOpenCh:
243|			return handleFifoResult(result)
244|
245|		case <-time.After(time.Millisecond * 100):
246|			stat, err := system.Stat(pid)
247|			if err != nil || stat.State == system.Zombie {
248|				// could be because process started, ran, and completed between our 100ms timeout and our system.Stat() check.
(949 more lines below)
2026-07-25 16:09:42.960 | ERROR    | metagpt.utils.common:wrapper:683 - Exception occurs, start to serialize the project, exp:
Traceback (most recent call last):
  File "/home/aludy/miniconda3/envs/metagpt/lib/python3.10/site-packages/httpx/_transports/default.py", line 101, in map_httpcore_exceptions
    yield
  File "/home/aludy/miniconda3/envs/metagpt/lib/python3.10/site-packages/httpx/_transports/default.py", line 271, in __aiter__
    async for part in self._httpcore_stream:
httpcore.RemoteProtocolError: peer closed connection without sending complete message body (incomplete chunked read)

The above exception was the direct cause of the following exception:

Traceback (most recent call last):
  File "/home/aludy/scires/Cloud_Spec_Exp/external/baselines/MetaGPT/metagpt/utils/common.py", line 692, in wrapper
    return await func(self, *args, **kwargs)
  File "/home/aludy/scires/Cloud_Spec_Exp/external/baselines/MetaGPT/metagpt/roles/role.py", line 548, in run
    rsp = await self.react()
httpx.RemoteProtocolError: peer closed connection without sending complete message body (incomplete chunked read)

The above exception was the direct cause of the following exception:

Traceback (most recent call last):
  File "/home/aludy/scires/Cloud_Spec_Exp/external/baselines/MetaGPT/metagpt/utils/common.py", line 678, in wrapper
    result = await func(self, *args, **kwargs)
  File "/home/aludy/scires/Cloud_Spec_Exp/external/baselines/MetaGPT/metagpt/team.py", line 134, in run
    await self.env.run()
Exception: Traceback (most recent call last):
  File "/home/aludy/miniconda3/envs/metagpt/lib/python3.10/site-packages/httpx/_transports/default.py", line 101, in map_httpcore_exceptions
    yield
  File "/home/aludy/miniconda3/envs/metagpt/lib/python3.10/site-packages/httpx/_transports/default.py", line 271, in __aiter__
    async for part in self._httpcore_stream:
  File "/home/aludy/miniconda3/envs/metagpt/lib/python3.10/site-packages/httpcore/_async/connection_pool.py", line 407, in __aiter__
    raise exc from None
  File "/home/aludy/miniconda3/envs/metagpt/lib/python3.10/site-packages/httpcore/_async/connection_pool.py", line 403, in __aiter__
    async for part in self._stream:
  File "/home/aludy/miniconda3/envs/metagpt/lib/python3.10/site-packages/httpcore/_async/http11.py", line 342, in __aiter__
    raise exc
  File "/home/aludy/miniconda3/envs/metagpt/lib/python3.10/site-packages/httpcore/_async/http11.py", line 334, in __aiter__
    async for chunk in self._connection._receive_response_body(**kwargs):
  File "/home/aludy/miniconda3/envs/metagpt/lib/python3.10/site-packages/httpcore/_async/http11.py", line 203, in _receive_response_body
    event = await self._receive_event(timeout=timeout)
  File "/home/aludy/miniconda3/envs/metagpt/lib/python3.10/site-packages/httpcore/_async/http11.py", line 213, in _receive_event
    with map_exceptions({h11.RemoteProtocolError: RemoteProtocolError}):
  File "/home/aludy/miniconda3/envs/metagpt/lib/python3.10/contextlib.py", line 153, in __exit__
    self.gen.throw(typ, value, traceback)
  File "/home/aludy/miniconda3/envs/metagpt/lib/python3.10/site-packages/httpcore/_exceptions.py", line 14, in map_exceptions
    raise to_exc(exc) from exc
httpcore.RemoteProtocolError: peer closed connection without sending complete message body (incomplete chunked read)

The above exception was the direct cause of the following exception:

Traceback (most recent call last):
  File "/home/aludy/scires/Cloud_Spec_Exp/external/baselines/MetaGPT/metagpt/utils/common.py", line 692, in wrapper
    return await func(self, *args, **kwargs)
  File "/home/aludy/scires/Cloud_Spec_Exp/external/baselines/MetaGPT/metagpt/roles/role.py", line 548, in run
    rsp = await self.react()
  File "/home/aludy/scires/Cloud_Spec_Exp/external/baselines/MetaGPT/metagpt/roles/role.py", line 515, in react
    rsp = await self._react()
  File "/home/aludy/scires/Cloud_Spec_Exp/external/baselines/MetaGPT/metagpt/roles/di/role_zero.py", line 319, in _react
    has_todo = await self._think()
  File "/home/aludy/scires/Cloud_Spec_Exp/external/baselines/MetaGPT/metagpt/roles/di/engineer2.py", line 59, in _think
    res = await super()._think()
  File "/home/aludy/scires/Cloud_Spec_Exp/external/baselines/MetaGPT/metagpt/roles/di/role_zero.py", line 254, in _think
    self.command_rsp = await self.llm_cached_aask(req=req, system_msgs=[system_prompt], state_data=state_data)
  File "/home/aludy/scires/Cloud_Spec_Exp/external/baselines/MetaGPT/metagpt/exp_pool/decorator.py", line 187, in async_wrapper
    return await wrapped_func(args, kwargs)
  File "/home/aludy/scires/Cloud_Spec_Exp/external/baselines/MetaGPT/metagpt/exp_pool/decorator.py", line 65, in get_or_create
    return await rsp if asyncio.iscoroutine(rsp) else rsp
  File "/home/aludy/scires/Cloud_Spec_Exp/external/baselines/MetaGPT/metagpt/roles/di/role_zero.py", line 274, in llm_cached_aask
    return await self.llm.aask(req, system_msgs=system_msgs)
  File "/home/aludy/scires/Cloud_Spec_Exp/external/baselines/MetaGPT/metagpt/provider/base_llm.py", line 208, in aask
    rsp = await self.acompletion_text(compressed_message, stream=stream, timeout=self.get_timeout(timeout))
  File "/home/aludy/miniconda3/envs/metagpt/lib/python3.10/site-packages/tenacity/_asyncio.py", line 88, in async_wrapped
    return await fn(*args, **kwargs)
  File "/home/aludy/miniconda3/envs/metagpt/lib/python3.10/site-packages/tenacity/_asyncio.py", line 47, in __call__
    do = self.iter(retry_state=retry_state)
  File "/home/aludy/miniconda3/envs/metagpt/lib/python3.10/site-packages/tenacity/__init__.py", line 314, in iter
    return fut.result()
  File "/home/aludy/miniconda3/envs/metagpt/lib/python3.10/concurrent/futures/_base.py", line 451, in result
    return self.__get_result()
  File "/home/aludy/miniconda3/envs/metagpt/lib/python3.10/concurrent/futures/_base.py", line 403, in __get_result
    raise self._exception
  File "/home/aludy/miniconda3/envs/metagpt/lib/python3.10/site-packages/tenacity/_asyncio.py", line 50, in __call__
    result = await fn(*args, **kwargs)
  File "/home/aludy/scires/Cloud_Spec_Exp/external/baselines/MetaGPT/metagpt/provider/openai_api.py", line 175, in acompletion_text
    return await self._achat_completion_stream(messages, timeout=timeout)
  File "/home/aludy/scires/Cloud_Spec_Exp/external/baselines/MetaGPT/metagpt/provider/openai_api.py", line 100, in _achat_completion_stream
    async for chunk in response:
  File "/home/aludy/miniconda3/envs/metagpt/lib/python3.10/site-packages/openai/_streaming.py", line 147, in __aiter__
    async for item in self._iterator:
  File "/home/aludy/miniconda3/envs/metagpt/lib/python3.10/site-packages/openai/_streaming.py", line 160, in __stream__
    async for sse in iterator:
  File "/home/aludy/miniconda3/envs/metagpt/lib/python3.10/site-packages/openai/_streaming.py", line 151, in _iter_events
    async for sse in self._decoder.aiter_bytes(self.response.aiter_bytes()):
  File "/home/aludy/miniconda3/envs/metagpt/lib/python3.10/site-packages/openai/_streaming.py", line 302, in aiter_bytes
    async for chunk in self._aiter_chunks(iterator):
  File "/home/aludy/miniconda3/envs/metagpt/lib/python3.10/site-packages/openai/_streaming.py", line 313, in _aiter_chunks
    async for chunk in iterator:
  File "/home/aludy/miniconda3/envs/metagpt/lib/python3.10/site-packages/httpx/_models.py", line 997, in aiter_bytes
    async for raw_bytes in self.aiter_raw():
  File "/home/aludy/miniconda3/envs/metagpt/lib/python3.10/site-packages/httpx/_models.py", line 1055, in aiter_raw
    async for raw_stream_bytes in self.stream:
  File "/home/aludy/miniconda3/envs/metagpt/lib/python3.10/site-packages/httpx/_client.py", line 176, in __aiter__
    async for chunk in self._stream:
  File "/home/aludy/miniconda3/envs/metagpt/lib/python3.10/site-packages/httpx/_transports/default.py", line 270, in __aiter__
    with map_httpcore_exceptions():
  File "/home/aludy/miniconda3/envs/metagpt/lib/python3.10/contextlib.py", line 153, in __exit__
    self.gen.throw(typ, value, traceback)
  File "/home/aludy/miniconda3/envs/metagpt/lib/python3.10/site-packages/httpx/_transports/default.py", line 118, in map_httpcore_exceptions
    raise mapped_exc(message) from exc
httpx.RemoteProtocolError: peer closed connection without sending complete message body (incomplete chunked read)


/home/aludy/miniconda3/envs/metagpt/lib/python3.10/site-packages/pydantic/_internal/_std_types_schema.py:319: UserWarning: Pydantic serializer warnings:
  Expected `enum` but got `str` with value `'react'` - serialized value may not be as expected
  return handler(v)
/home/aludy/scires/Cloud_Spec_Exp/external/baselines/MetaGPT/metagpt/base/base_serialization.py:26: UserWarning: Pydantic serializer warnings:
  Expected `enum` but got `str` with value `'react'` - serialized value may not be as expected
  ret = default_serializer(self)
Traceback (most recent call last):
  File "/home/aludy/scires/Cloud_Spec_Exp/baselines/metagpt/launch.py", line 307, in <module>
    raise SystemExit(main())
  File "/home/aludy/scires/Cloud_Spec_Exp/baselines/metagpt/launch.py", line 290, in main
    raise NoRepositoryChanges(
NoRepositoryChanges: MetaGPT returned without changing tracked files in the target worktree
ERROR conda.cli.main_run:execute(148): `conda run python /home/aludy/scires/Cloud_Spec_Exp/baselines/metagpt/launch.py --baseline-repo /home/aludy/scires/Cloud_Spec_Exp/external/baselines/MetaGPT --repo /home/aludy/scires/Cloud_Spec_Exp/external/worktrees/oci-metagpt-agentless-mini-rerun/metagpt/runc-5182 --task-file /home/aludy/scires/Cloud_Spec_Exp/results/oci-metagpt-agentless-mini-rerun/metagpt/runc-5182/task.md --output-dir /home/aludy/scires/Cloud_Spec_Exp/results/oci-metagpt-agentless-mini-rerun/metagpt/runc-5182/metagpt-output --model deepseek-v4-flash --api-type deepseek --n-round 10 --investment 3.0 --max-auto-summarize-code 0 --base-url https://api.deepseek.com` failed. (See above for error)
