2026-07-26 21:34:03,897 - INFO - ================ repairing runc-4769 ================
2026-07-26 21:34:03,898 - INFO - prompting with message:
We are currently solving the following issue within our repository. Here is the issue text:
--- BEGIN ISSUE ---
Fix OCI runtime bug case runc-4769.

Target runtime: runc
Title: Behavior change when duplicate additionalGids are specified
Upstream issue: https://github.com/opencontainers/runc/issues/4769
Category: Process & Execution

Goal:
Modify the runtime source code so the candidate runtime behavior matches the configured reference runtime for the OCI reproduction case.
Do not edit the dataset, generated worktree metadata, or oracle scripts.

Writable target repository (the only location where source changes are allowed):
/home/aludy/scires/Cloud_Spec_Exp/external/worktrees/oci-metagpt-agentless-mini-rerun/agentless-oci-adapted/runc-4769

Required first command:
cd /home/aludy/scires/Cloud_Spec_Exp/external/worktrees/oci-metagpt-agentless-mini-rerun/agentless-oci-adapted/runc-4769 && git rev-parse HEAD && git status --short

Inspect, edit, build, and collect git diff only in the writable target repository.
Do not inspect or modify the source checkout under external/subjects; it may be at a different revision.
When writing Agentless SEARCH/REPLACE edit blocks, use repository-relative file paths exactly as shown in the localized source files.
Do not use absolute paths in `### <file>` headers.

Reproduction bundle absolute path (read-only):
/home/aludy/scires/Cloud_Spec_Exp/external/oci-differential-dataset/cases/runc-4769

Rootfs tar absolute path:
/home/aludy/scires/Cloud_Spec_Exp/external/oci-differential-dataset/alpine-base.tar.gz

Run reproduction commands from the reproduction bundle directory.

Build command that will be used after your changes:
make runc

Candidate runtime path after build:
runc

Expected differential behavior and validation notes:
Issue ID: runc-4769
Upstream URL: https://github.com/opencontainers/runc/issues/4769
Category: Process & Execution

Payload under test:
process.user: {"uid": 0, "gid": 0, "additionalGids": [1000, 2000, 3000, 3000]}; process args: ["/usr/bin/id"]

Expected differential behavior:
runc v1.3.0 preserves duplicate additionalGids, so `id` reports `groups=1000,2000,3000,3000`.
runc v1.2.6 deduplicates duplicate additionalGids, so `id` reports `groups=1000,2000,3000`.
crun 1.14.1 also preserves duplicate additionalGids, while youki follows the older runc behavior and deduplicates them.

Validation procedure:
1. Run this case with the affected runtime, for example `RUNTIME=/path/to/runc-v1.3.0 bash repro.sh`.
2. Run the same `buggy_config.json` with a reference runtime, for example `RUNTIME=/path/to/runc-v1.2.6 bash repro.sh`.
3. Compare stdout from `id`; the useful signal is whether the second `3000` is preserved or removed.
4. Run `CONFIG=base_config.json bash repro.sh` as a sanity check; the baseline should report `groups=1000,2000,3000`.
5. Treat missing runtime binaries, missing rootfs archive, or insufficient privileges as environment failures rather than successful reproductions.

Case README:
# runc-4769

## Upstream Issue Summary
- Title: Behavior change when duplicate additionalGids are specified
- URL: https://github.com/opencontainers/runc/issues/4769
- Category: Process & Execution
- Summary: This case reduces the issue to a small OCI process user configuration whose `additionalGids` list contains a duplicate GID.

## Runtime Version Assessment
The upstream report compares runc v1.3.0 with runc v1.2.6. runc v1.3.0 preserves duplicate `additionalGids`, while runc v1.2.6 deduplicates them. The report also notes that crun preserves duplicates and youki follows the older runc deduplication behavior.

## Buggy Version Identification
Issue text identifies `runc version 1.3.0` as the behavior-changing version. The reported behavior changed after opencontainers/runc PR #3999 removed the older path that indirectly deduplicated group IDs through a map.

## Local Reproduction Files
- `base_config.json`: clean OCI configuration with `additionalGids` set to `[1000, 2000, 3000]`.
- `buggy_config.json`: modified OCI configuration with `additionalGids` set to `[1000, 2000, 3000, 3000]`.
- `repro.sh`: helper script that prepares a temporary OCI bundle, extracts `../../alpine-base.tar.gz`, copies the selected config to `config.json`, and invokes the runtime.
- `expected_diff.txt`: expected behavioral difference and validation oracle.
- `README.md`: this case description.

## Reproduction Prerequisites
- Linux host with permission to run OCI runtimes.
- `alpine-base.tar.gz` present in the repository root.
- Runtime binary available on `PATH` or passed with `RUNTIME=/path/to/runtime`.
- A rootfs containing `/usr/bin/id`; the repository Alpine rootfs provides it.

## Reproduction Steps
1. Change into `cases/runc-4769`.
2. Run `bash repro.sh` with the default runtime.
3. Compare implementations by rerunning with explicit binaries, for example `RUNTIME=/path/to/runc-v1.3.0 bash repro.sh` and `RUNTIME=/path/to/runc-v1.2.6 bash repro.sh`.
4. Check the clean baseline with `CONFIG=base_config.json bash repro.sh`.
5. Compare stdout from `id` against `expected_diff.txt`.

## Result Validation
Payload: process.user: {"uid": 0, "gid": 0, "additionalGids": [1000, 2000, 3000, 3000]}; process args: ["/usr/bin/id"]

Oracle: runc v1.3.0 and crun preserve the duplicate group, producing `groups=1000,2000,3000,3000`. runc v1.2.6 and youki deduplicate it, producing `groups=1000,2000,3000`. The baseline config should always produce `groups=1000,2000,3000`.

--- END ISSUE ---


Below are some code segments, each from a relevant file. One or more of these files may contain bugs.

--- BEGIN FILE ---
```
### libcontainer/rootfs_linux.go
package libcontainer

import (
	"encoding/json"
	"errors"
	"fmt"
	"os"
	"path"
	"path/filepath"
	"strconv"
	"strings"
	"syscall"
	"time"

	securejoin "github.com/cyphar/filepath-securejoin"
	"github.com/moby/sys/mountinfo"
	"github.com/moby/sys/userns"
	"github.com/mrunalp/fileutils"
	"github.com/opencontainers/runtime-spec/specs-go"
	"github.com/opencontainers/selinux/go-selinux/label"
	"github.com/sirupsen/logrus"
	"golang.org/x/sys/unix"

	"github.com/opencontainers/cgroups"
	devices "github.com/opencontainers/cgroups/devices/config"
	"github.com/opencontainers/cgroups/fs2"
	"github.com/opencontainers/runc/internal/linux"
	"github.com/opencontainers/runc/libcontainer/configs"
	"github.com/opencontainers/runc/libcontainer/utils"
)

const defaultMountFlags = unix.MS_NOEXEC | unix.MS_NOSUID | unix.MS_NODEV

// mountConfig contains mount data not specific to a mount point.
type mountConfig struct {
	root            string
	label           string
	cgroup2Path     string
	rootlessCgroups bool
	cgroupns        bool
}

// mountEntry contains mount data specific to a mount point.
type mountEntry struct {
	*configs.Mount
	srcFile *mountSource
}

// srcName is only meant for error messages, it returns a "friendly" name.
func (m mountEntry) srcName() string {
	if m.srcFile != nil {
		return m.srcFile.file.Name()
	}
	return m.Source
}

func (m mountEntry) srcStat() (os.FileInfo, *syscall.Stat_t, error) {
	var (
		st  os.FileInfo
		err error
	)
	if m.srcFile != nil {
		st, err = m.srcFile.file.Stat()
	} else {
		st, err = os.Stat(m.Source)
	}
	if err != nil {
		return nil, nil, err
	}
	return st, st.Sys().(*syscall.Stat_t), nil
}

func (m mountEntry) srcStatfs() (*unix.Statfs_t, error) {
	var st unix.Statfs_t
	if m.srcFile != nil {
		if err := unix.Fstatfs(int(m.srcFile.file.Fd()), &st); err != nil {
			return nil, os.NewSyscallError("fstatfs", err)
		}
	} else {
		if err := unix.Statfs(m.Source, &st); err != nil {
			return nil, &os.PathError{Op: "statfs", Path: m.Source, Err: err}
		}
	}
	return &st, nil
}

// needsSetupDev returns true if /dev needs to be set up.
func needsSetupDev(config *configs.Config) bool {
	for _, m := range config.Mounts {
		if m.Device == "bind" && utils.CleanPath(m.Destination) == "/dev" {
			return false
		}
	}
	return true
}

// prepareRootfs sets up the devices, mount points, and filesystems for use
// inside a new mount namespace. It doesn't set anything as ro. You must call
// finalizeRootfs after this function to finish setting up the rootfs.
func prepareRootfs(pipe *syncSocket, iConfig *initConfig) (err error) {
	config := iConfig.Config
	if err := prepareRoot(config); err != nil {
		return fmt.Errorf("error preparing rootfs: %w", err)
	}

	mountConfig := &mountConfig{
		root:            config.Rootfs,
		label:           config.MountLabel,
		cgroup2Path:     iConfig.Cgroup2Path,
		rootlessCgroups: config.RootlessCgroups,
		cgroupns:        config.Namespaces.Contains(configs.NEWCGROUP),
	}
	for _, m := range config.Mounts {
		entry := mountEntry{Mount: m}
		// Figure out whether we need to request runc to give us an
		// open_tree(2)-style mountfd. For idmapped mounts, this is always
		// necessary. For bind-mounts, this is only necessary if we cannot
		// resolve the parent mount (this is only hit if you are running in a
		// userns -- but for rootless the host-side thread can't help).
		wantSourceFile := m.IsIDMapped()
		if m.IsBind() && !config.RootlessEUID {
			if _, err := os.Stat(m.Source); err != nil {
				wantSourceFile = true
			}
		}
		if wantSourceFile {
			// Request a source file from the host.
			if err := writeSyncArg(pipe, procMountPlease, m); err != nil {
				return fmt.Errorf("failed to request mountfd for %q: %w", m.Source, err)
			}
			sync, err := readSyncFull(pipe, procMountFd)
			if err != nil {
				return fmt.Errorf("mountfd request for %q failed: %w", m.Source, err)
			}
			if sync.File == nil {
				return fmt.Errorf("mountfd request for %q: response missing attached fd", m.Source)
			}
			defer sync.File.Close()
			// Sanity-check to make sure we didn't get the wrong fd back. Note
			// that while m.Source might contain symlinks, the (*os.File).Name
			// is based on the path provided to os.OpenFile, not what it
			// resolves to. So this should never happen.
			if sync.File.Name() != m.Source {
				return fmt.Errorf("returned mountfd for %q doesn't match requested mount configuration: mountfd path is %q", m.Source, sync.File.Name())
			}
			// Unmarshal the procMountFd argument (the file is sync.File).
			var src *mountSource
			if sync.Arg == nil {
				return fmt.Errorf("sync %q is missing an argument", sync.Type)
			}
			if err := json.Unmarshal(*sync.Arg, &src); err != nil {
				return fmt.Errorf("invalid mount fd response argument %q: %w", string(*sync.Arg), err)
			}
			if src == nil {
				return fmt.Errorf("mountfd request for %q: no mount source info received", m.Source)
			}
			src.file = sync.File
			entry.srcFile = src
		}
		if err := mountToRootfs(mountConfig, entry); err != nil {
			return fmt.Errorf("error mounting %q to rootfs at %q: %w", m.Source, m.Destination, err)
		}
	}

	setupDev := needsSetupDev(config)
	if setupDev {
		if err := createDevices(config); err != nil {
			return fmt.Errorf("error creating device nodes: %w", err)
		}
		if err := setupPtmx(config); err != nil {
			return fmt.Errorf("error setting up ptmx: %w", err)
		}
		if err := setupDevSymlinks(config.Rootfs); err != nil {
			return fmt.Errorf("error setting up /dev symlinks: %w", err)
		}
	}

	// Signal the parent to run the pre-start hooks.
	// The hooks are run after the mounts are setup, but before we switch to the new
	// root, so that the old root is still available in the hooks for any mount
	// manipulations.
	// Note that iConfig.Cwd is not guaranteed to exist here.
	if err := syncParentHooks(pipe); err != nil {
		return err
	}

	// The reason these operations are done here rather than in finalizeRootfs
	// is because the console-handling code gets quite sticky if we have to set
	// up the console before doing the pivot_root(2). This is because the
	// Console API has to also work with the ExecIn case, which means that the
	// API must be able to deal with being inside as well as outside the
	// container. It's just cleaner to do this here (at the expense of the
	// operation not being perfectly split).

	if err := unix.Chdir(config.Rootfs); err != nil {
		return &os.PathError{Op: "chdir", Path: config.Rootfs, Err: err}
	}

	if s := iConfig.SpecState; s != nil {
		s.Pid = unix.Getpid()
		s.Status = specs.StateCreating
		if err := iConfig.Config.Hooks.Run(configs.CreateContainer, s); err != nil {
			return err
		}
	}

	if config.NoPivotRoot {
		err = msMoveRoot(config.Rootfs)
	} else if config.Namespaces.Contains(configs.NEWNS) {
		err = pivotRoot(config.Rootfs)
	} else {
		err = chroot()
	}
	if err != nil {
		return fmt.Errorf("error jailing process inside rootfs: %w", err)
	}

	// Apply root mount propagation flags.
	// This must be done after pivot_root/chroot because the mount propagation flag is applied
	// to the current root ("/"), and not to the old rootfs before it becomes "/". Applying the
	// flag in prepareRoot would affect the host mount namespace if the container's
	// root mount is shared.
	// MS_PRIVATE is skipped as rootfsParentMountPrivate() is already called.
	if config.RootPropagation != 0 && config.RootPropagation&unix.MS_PRIVATE == 0 {
		if err := mount("", "/", "", uintptr(config.RootPropagation), ""); err != nil {
			return fmt.Errorf("unable to apply root propagation flags: %w", err)
		}
	}

	if setupDev {
		if err := reOpenDevNull(); err != nil {
			return fmt.Errorf("error reopening /dev/null inside container: %w", err)
		}
	}

	if cwd := iConfig.Cwd; cwd != "" {
		// Note that spec.Process.Cwd can contain unclean value like  "../../../../foo/bar...".
		// However, we are safe to call MkDirAll directly because we are in the jail here.
		if err := os.MkdirAll(cwd, 0o755); err != nil {
			return err
		}
	}

	return nil
}

// finalizeRootfs sets anything to ro if necessary. You must call
// prepareRootfs first.
func finalizeRootfs(config *configs.Config) (err error) {
	// All tmpfs mounts and /dev were previously mounted as rw
	// by mountPropagate. Remount them read-only as requested.
	for _, m := range config.Mounts {
		if m.Flags&unix.MS_RDONLY != unix.MS_RDONLY {
			continue
		}
		if m.Device == "tmpfs" || utils.CleanPath(m.Destination) == "/dev" {
			if err := remountReadonly(m); err != nil {
				return err
			}
		}
	}

	// set rootfs ( / ) as readonly
	if config.Readonlyfs {
		if err := setReadonly(); err != nil {
			return fmt.Errorf("error setting rootfs as readonly: %w", err)
		}
	}

	if config.Umask != nil {
		unix.Umask(int(*config.Umask))
	} else {
		unix.Umask(0o022)
	}
	return nil
}

// /tmp has to be mounted as private to allow MS_MOVE to work in all situations
func prepareTmp(topTmpDir string) (string, error) {
	tmpdir, err := os.MkdirTemp(topTmpDir, "runctop")
	if err != nil {
		return "", err
	}
	if err := mount(tmpdir, tmpdir, "bind", unix.MS_BIND, ""); err != nil {
		return "", err
	}
	if err := mount("", tmpdir, "", uintptr(unix.MS_PRIVATE), ""); err != nil {
		return "", err
	}
	return tmpdir, nil
}

func cleanupTmp(tmpdir string) {
	_ = unix.Unmount(tmpdir, 0)
	_ = os.RemoveAll(tmpdir)
}

func mountCgroupV1(m *configs.Mount, c *mountConfig) error {
	binds, err := getCgroupMounts(m)
	if err != nil {
		return err
	}
	var merged []string
	for _, b := range binds {
		ss := filepath.Base(b.Destination)
		if strings.Contains(ss, ",") {
			merged = append(merged, ss)
		}
	}
	tmpfs := &configs.Mount{
		Source:           "tmpfs",
		Device:           "tmpfs",
		Destination:      m.Destination,
		Flags:            defaultMountFlags,
		Data:             "mode=755",
		PropagationFlags: m.PropagationFlags,
	}

	if err := mountToRootfs(c, mountEntry{Mount: tmpfs}); err != nil {
		return err
	}

	for _, b := range binds {
		if c.cgroupns {
			// We just created the tmpfs, and so we can just use filepath.Join
			// here (not to mention we want to make sure we create the path
			// inside the tmpfs, so we don't want to resolve symlinks).
			subsystemPath := filepath.Join(c.root, b.Destination)
			subsystemName := filepath.Base(b.Destination)
			if err := utils.MkdirAllInRoot(c.root, subsystemPath, 0o755); err != nil {
				return err
			}
			if err := utils.WithProcfd(c.root, b.Destination, func(dstFd string) error {
				flags := defaultMountFlags
				if m.Flags&unix.MS_RDONLY != 0 {
					flags = flags | unix.MS_RDONLY
				}
				var (
					source = "cgroup"
					data   = subsystemName
				)
				if data == "systemd" {
					data = cgroups.CgroupNamePrefix + data
					source = "systemd"
				}
				return mountViaFds(source, nil, b.Destination, dstFd, "cgroup", uintptr(flags), data)
			}); err != nil {
				return err
			}
		} else {
			if err := mountToRootfs(c, mountEntry{Mount: b}); err != nil {
				return err
			}
		}
	}
	for _, mc := range merged {
		for _, ss := range strings.Split(mc, ",") {
			// symlink(2) is very dumb, it will just shove the path into
			// the link and doesn't do any checks or relative path
			// conversion. Also, don't error out if the cgroup already exists.
			if err := os.Symlink(mc, filepath.Join(c.root, m.Destination, ss)); err != nil && !os.IsExist(err) {
				return err
			}
		}
	}
	return nil
}

func mountCgroupV2(m *configs.Mount, c *mountConfig) error {
	err := utils.WithProcfd(c.root, m.Destination, func(dstFd string) error {
		return mountViaFds(m.Source, nil, m.Destination, dstFd, "cgroup2", uintptr(m.Flags), m.Data)
	})
	if err == nil || (!errors.Is(err, unix.EPERM) && !errors.Is(err, unix.EBUSY)) {
		return err
	}

	// When we are in UserNS but CgroupNS is not unshared, we cannot mount
	// cgroup2 (#2158), so fall back to bind mount.
	bindM := &configs.Mount{
		Device:           "bind",
		Source:           fs2.UnifiedMountpoint,
		Destination:      m.Destination,
		Flags:            unix.MS_BIND | m.Flags,
		PropagationFlags: m.PropagationFlags,
	}
	if c.cgroupns && c.cgroup2Path != "" {
		// Emulate cgroupns by bind-mounting the container cgroup path
		// rather than the whole /sys/fs/cgroup.
		bindM.Source = c.cgroup2Path
	}
	// mountToRootfs() handles remounting for MS_RDONLY.
	err = mountToRootfs(c, mountEntry{Mount: bindM})
	if c.rootlessCgroups && errors.Is(err, unix.ENOENT) {
		// ENOENT (for `src = c.cgroup2Path`) happens when rootless runc is being executed
		// outside the userns+mountns.
		//
		// Mask `/sys/fs/cgroup` to ensure it is read-only, even when `/sys` is mounted
		// with `rbind,ro` (`runc spec --rootless` produces `rbind,ro` for `/sys`).
		err = utils.WithProcfd(c.root, m.Destination, func(procfd string) error {
			return maskPath(procfd, c.label)
		})
	}
	return err
}

func doTmpfsCopyUp(m mountEntry, rootfs, mountLabel string) (Err error) {
	// Set up a scratch dir for the tmpfs on the host.
	tmpdir, err := prepareTmp("/tmp")
	if err != nil {
		return fmt.Errorf("tmpcopyup: failed to setup tmpdir: %w", err)
	}
	defer cleanupTmp(tmpdir)
	tmpDir, err := os.MkdirTemp(tmpdir, "runctmpdir")
	if err != nil {
		return fmt.Errorf("tmpcopyup: failed to create tmpdir: %w", err)
	}
	defer os.RemoveAll(tmpDir)

	// Configure the *host* tmpdir as if it's the container mount. We change
	// m.Destination since we are going to mount *on the host*.
	oldDest := m.Destination
	m.Destination = tmpDir
	err = mountPropagate(m, "/", mountLabel)
	m.Destination = oldDest
	if err != nil {
		return err
	}
	defer func() {
		if Err != nil {
			if err := unmount(tmpDir, unix.MNT_DETACH); err != nil {
				logrus.Warnf("tmpcopyup: %v", err)
			}
		}
	}()

	return utils.WithProcfd(rootfs, m.Destination, func(dstFd string) (Err error) {
		// Copy the container data to the host tmpdir. We append "/" to force
		// CopyDirectory to resolve the symlink rather than trying to copy the
		// symlink itself.
		if err := fileutils.CopyDirectory(dstFd+"/", tmpDir); err != nil {
			return fmt.Errorf("tmpcopyup: failed to copy %s to %s (%s): %w", m.Destination, dstFd, tmpDir, err)
		}
		// Now move the mount into the container.
		if err := mountViaFds(tmpDir, nil, m.Destination, dstFd, "", unix.MS_MOVE, ""); err != nil {
			return fmt.Errorf("tmpcopyup: failed to move mount: %w", err)
		}
		return nil
	})
}

const (
	// The atime "enum" flags (which are mutually exclusive).
	mntAtimeEnumFlags = unix.MS_NOATIME | unix.MS_RELATIME | unix.MS_STRICTATIME
	// All atime-related flags.
	mntAtimeFlags = mntAtimeEnumFlags | unix.MS_NODIRATIME
	// Flags which can be locked when inheriting mounts in a different userns.
	// In the kernel, these are the mounts that are locked using MNT_LOCK_*.
	mntLockFlags = unix.MS_RDONLY | unix.MS_NODEV | unix.MS_NOEXEC |
		unix.MS_NOSUID | mntAtimeFlags
)

func statfsToMountFlags(st unix.Statfs_t) int {
	// From <linux/statfs.h>.
	const ST_NOSYMFOLLOW = 0x2000 //nolint:revive

	var flags int
	for _, f := range []struct {
		st, ms int
	}{
		// See calculate_f_flags() in fs/statfs.c.
		{unix.ST_RDONLY, unix.MS_RDONLY},
		{unix.ST_NOSUID, unix.MS_NOSUID},
		{unix.ST_NODEV, unix.MS_NODEV},
		{unix.ST_NOEXEC, unix.MS_NOEXEC},
		{unix.ST_MANDLOCK, unix.MS_MANDLOCK},
		{unix.ST_SYNCHRONOUS, unix.MS_SYNCHRONOUS},
		{unix.ST_NOATIME, unix.MS_NOATIME},
		{unix.ST_NODIRATIME, unix.MS_NODIRATIME},
		{unix.ST_RELATIME, unix.MS_RELATIME},
		{ST_NOSYMFOLLOW, unix.MS_NOSYMFOLLOW},
		// There is no ST_STRICTATIME -- see below.
	} {
		if int(st.Flags)&f.st == f.st {
			flags |= f.ms
		}
	}
	// MS_STRICTATIME is a "fake" MS_* flag. It isn't stored in mnt->mnt_flags,
	// and so it doesn't show up in statfs(2). If none of the other flags in
	// atime enum are present, the mount is MS_STRICTATIME.
	if flags&mntAtimeEnumFlags == 0 {
		flags |= unix.MS_STRICTATIME
	}
	return flags
}

var errRootfsToFile = errors.New("config tries to change rootfs to file")

func createMountpoint(rootfs string, m mountEntry) (string, error) {
	dest, err := securejoin.SecureJoin(rootfs, m.Destination)
	if err != nil {
		return "", err
	}
	if err := checkProcMount(rootfs, dest, m); err != nil {
		return "", fmt.Errorf("check proc-safety of %s mount: %w", m.Destination, err)
	}

	switch m.Device {
	case "bind":
		fi, _, err := m.srcStat()
		if err != nil {
			// Error out if the source of a bind mount does not exist as we
			// will be unable to bind anything to it.
			return "", err
		}
		// If the original source is not a directory, make the target a file.
		if !fi.IsDir() {
			// Make sure we aren't tricked into trying to make the root a file.
			if rootfs == dest {
				return "", fmt.Errorf("%w: file bind mount over rootfs", errRootfsToFile)
			}
			// Make the parent directory.
			destDir, destBase := filepath.Split(dest)
			destDirFd, err := utils.MkdirAllInRootOpen(rootfs, destDir, 0o755)
			if err != nil {
				return "", fmt.Errorf("make parent dir of file bind-mount: %w", err)
			}
			defer destDirFd.Close()
			// Make the target file. We want to avoid opening any file that is
			// already there because it could be a "bad" file like an invalid
			// device or hung tty that might cause a DoS, so we use mknodat.
			// destBase does not contain any "/" components, and mknodat does
			// not follow trailing symlinks, so we can safely just call mknodat
			// here.
			if err := unix.Mknodat(int(destDirFd.Fd()), destBase, unix.S_IFREG|0o644, 0); err != nil {
				// If we get EEXIST, there was already an inode there and
				// we can consider that a success.
				if !errors.Is(err, unix.EEXIST) {
					err = &os.PathError{Op: "mknod regular file", Path: dest, Err: err}
					return "", fmt.Errorf("create target of file bind-mount: %w", err)
				}
			}
			// Nothing left to do.
			return dest, nil
		}

	case "tmpfs":
		// If the original target exists, copy the mode for the tmpfs mount.
		if stat, err := os.Stat(dest); err == nil {
			dt := fmt.Sprintf("mode=%04o", syscallMode(stat.Mode()))
			if m.Data != "" {
				dt = dt + "," + m.Data
			}
			m.Data = dt

			// Nothing left to do.
			return dest, nil
		}
	}

	if err := utils.MkdirAllInRoot(rootfs, dest, 0o755); err != nil {
		return "", err
	}
	return dest, nil
}

func mountToRootfs(c *mountConfig, m mountEntry) error {
	rootfs := c.root

	// procfs and sysfs are special because we need to ensure they are actually
	// mounted on a specific path in a container without any funny business.
	switch m.Device {
	case "proc", "sysfs":
		// If the destination already exists and is not a directory, we bail
		// out. This is to avoid mounting through a symlink or similar -- which
		// has been a "fun" attack scenario in the past.
		// TODO: This won't be necessary once we switch to libpathrs and we can
		//       stop all of these symlink-exchange attacks.
		dest := filepath.Clean(m.Destination)
		if !utils.IsLexicallyInRoot(rootfs, dest) {
			// Do not use securejoin as it resolves symlinks.
			dest = filepath.Join(rootfs, dest)
		}
		if err := checkProcMount(rootfs, dest, m); err != nil {
			return err
		}
		if fi, err := os.Lstat(dest); err != nil {
			if !os.IsNotExist(err) {
				return err
			}
		} else if !fi.IsDir() {
			return fmt.Errorf("filesystem %q must be mounted on ordinary directory", m.Device)
		}
		if err := utils.MkdirAllInRoot(rootfs, dest, 0o755); err != nil {
			return err
		}
		// Selinux kernels do not support labeling of /proc or /sys.
		return mountPropagate(m, rootfs, "")
	}

	dest, err := createMountpoint(rootfs, m)
	if err != nil {
		return fmt.Errorf("create mountpoint for %s mount: %w", m.Destination, err)
	}
	mountLabel := c.label

	switch m.Device {
	case "mqueue":
		if err := mountPropagate(m, rootfs, ""); err != nil {
			return err
		}
		return label.SetFileLabel(dest, mountLabel)
	case "tmpfs":
		if m.Extensions&configs.EXT_COPYUP == configs.EXT_COPYUP {
			err = doTmpfsCopyUp(m, rootfs, mountLabel)
		} else {
			err = mountPropagate(m, rootfs, mountLabel)
		}

		return err
	case "bind":
		// open_tree()-related shenanigans are all handled in mountViaFds.
		if err := mountPropagate(m, rootfs, mountLabel); err != nil {
			return err
		}

		// The initial MS_BIND won't change the mount options, we need to do a
		// separate MS_BIND|MS_REMOUNT to apply the mount options. We skip
		// doing this if the user has not specified any mount flags at all
		// (including cleared flags) -- in which case we just keep the original
		// mount flags.
		//
		// Note that the fact we check whether any clearing flags are set is in
		// contrast to mount(8)'s current behaviour, but is what users probably
		// expect. See <https://github.com/util-linux/util-linux/issues/2433>.
		if m.Flags & ^(unix.MS_BIND|unix.MS_REC|unix.MS_REMOUNT) != 0 || m.ClearedFlags != 0 {
			if err := utils.WithProcfd(rootfs, m.Destination, func(dstFd string) error {
				flags := m.Flags | unix.MS_BIND | unix.MS_REMOUNT
				// The runtime-spec says we SHOULD map to the relevant mount(8)
				// behaviour. However, it's not clear whether we want the
				// "mount --bind -o ..." or "mount --bind -o remount,..."
				// behaviour here -- both of which are somewhat broken[1].
				//
				// So, if the user has passed "remount" as a mount option, we
				// implement the "mount --bind -o remount" behaviour, otherwise
				// we implement the spiritual intent of the "mount --bind -o"
				// behaviour, which should match what users expect. Maybe
				// mount(8) will eventually implement this behaviour too..
				//
				// [1]: https://github.com/util-linux/util-linux/issues/2433

				// Initially, we emulate "mount --bind -o ..." where we set
				// only the requested flags (clearing any existing flags). The
				// only difference from mount(8) is that we do this
				// unconditionally, regardless of whether any set-me mount
				// options have been requested.
				//
				// TODO: We are not doing any special handling of the atime
				// flags here, which means that the mount will inherit the old
				// atime flags if the user didn't explicitly request a
				// different set of flags. This also has the mount(8) bug where
				// "nodiratime,norelatime" will result in a
				// "nodiratime,relatime" mount.
				mountErr := mountViaFds("", nil, m.Destination, dstFd, "", uintptr(flags), "")
				if mountErr == nil {
					return nil
				}

				// If the mount failed, the mount may contain locked mount
				// flags. In that case, we emulate "mount --bind -o
				// remount,...", where we take the existing mount flags of the
				// mount and apply the request flags (including clearing flags)
				// on top. The main divergence we have from mount(8) here is
				// that we handle atimes correctly to make sure we error out if
				// we cannot fulfil the requested mount flags.

				st, err := m.srcStatfs()
				if err != nil {
					return err
				}
				srcFlags := statfsToMountFlags(*st)

				logrus.Debugf(
					"working around failure to set vfs flags on bind-mount %s: srcFlags=%s flagsSet=%s flagsClr=%s: %v",
					m.Destination, stringifyMountFlags(srcFlags),
					stringifyMountFlags(m.Flags), stringifyMountFlags(m.ClearedFlags), mountErr)

				// If the user explicitly request one of the locked flags *not*
				// be set, we need to return an error to avoid producing mounts
				// that don't match the user's request.
				if cannotClearFlags := srcFlags & m.ClearedFlags & mntLockFlags; cannotClearFlags != 0 {
					return fmt.Errorf("cannot clear locked flags %s: %w", stringifyMountFlags(cannotClearFlags), mountErr)
				}

				// If an MS_*ATIME flag was requested, it must match the
				// existing one. This handles two separate kernel bugs, and
				// matches the logic of can_change_locked_flags() but without
				// these bugs:
				//
				// * (2.6.30+) Since commit 613cbe3d4870 ("Don't set relatime
				// when noatime is specified"), MS_RELATIME is ignored when
				// MS_NOATIME is set. This means that us inheriting MS_NOATIME
				// from a mount while requesting MS_RELATIME would *silently*
				// produce an MS_NOATIME mount.
				//
				// * (2.6.30+) Since its introduction in commit d0adde574b84
				// ("Add a strictatime mount option"), MS_STRICTATIME has
				// caused any passed MS_RELATIME and MS_NOATIME flags to be
				// ignored which results in us *silently* producing
				// MS_STRICTATIME mounts even if the user requested MS_RELATIME
				// or MS_NOATIME.
				if m.Flags&mntAtimeFlags != 0 && m.Flags&mntAtimeFlags != srcFlags&mntAtimeFlags {
					return fmt.Errorf("cannot change locked atime flags %s: %w", stringifyMountFlags(srcFlags&mntAtimeFlags), mountErr)
				}

				// Retry the mount with the existing lockable mount flags
				// applied.
				flags |= srcFlags & mntLockFlags
				mountErr = mountViaFds("", nil, m.Destination, dstFd, "", uintptr(flags), "")
				if mountErr != nil {
					mountErr = fmt.Errorf("remount with locked flags %s re-applied: %w", stringifyMountFlags(srcFlags&mntLockFlags), mountErr)
				}
				return mountErr
			}); err != nil {
				return fmt.Errorf("failed to set user-requested vfs flags on bind-mount: %w", err)
			}
		}

		if m.Relabel != "" {
			if err := label.Validate(m.Relabel); err != nil {
				return err
			}
			shared := label.IsShared(m.Relabel)
			if err := label.Relabel(m.Source, mountLabel, shared); err != nil {
				return err
			}
		}
		return setRecAttr(m.Mount, rootfs)
	case "cgroup":
		if cgroups.IsCgroup2UnifiedMode() {
			return mountCgroupV2(m.Mount, c)
		}
		return mountCgroupV1(m.Mount, c)
	default:
		return mountPropagate(m, rootfs, mountLabel)
	}
}

func getCgroupMounts(m *configs.Mount) ([]*configs.Mount, error) {
	mounts, err := cgroups.GetCgroupMounts(false)
	if err != nil {
		return nil, err
	}

	// We don't need to use /proc/thread-self here because runc always runs
	// with every thread in the same cgroup. This lets us avoid having to do
	// runtime.LockOSThread.
	cgroupPaths, err := cgroups.ParseCgroupFile("/proc/self/cgroup")
	if err != nil {
		return nil, err
	}

	var binds []*configs.Mount

	for _, mm := range mounts {
		dir, err := mm.GetOwnCgroup(cgroupPaths)
		if err != nil {
			return nil, err
		}
		relDir, err := filepath.Rel(mm.Root, dir)
		if err != nil {
			return nil, err
		}
		binds = append(binds, &configs.Mount{
			Device:           "bind",
			Source:           filepath.Join(mm.Mountpoint, relDir),
			Destination:      filepath.Join(m.Destination, filepath.Base(mm.Mountpoint)),
			Flags:            unix.MS_BIND | unix.MS_REC | m.Flags,
			PropagationFlags: m.PropagationFlags,
		})
	}

	return binds, nil
}

// Taken from <include/linux/proc_ns.h>. If a file is on a filesystem of type
// PROC_SUPER_MAGIC, we're guaranteed that only the root of the superblock will
// have this inode number.
const procRootIno = 1

// checkProcMount checks to ensure that the mount destination is not over the top of /proc.
// dest is required to be an abs path and have any symlinks resolved before calling this function.
//
// If m is nil, don't stat the filesystem.  This is used for restore of a checkpoint.
func checkProcMount(rootfs, dest string, m mountEntry) error {
	const procPath = "/proc"
	path, err := filepath.Rel(filepath.Join(rootfs, procPath), dest)
	if err != nil {
		return err
	}
	// pass if the mount path is located outside of /proc
	if strings.HasPrefix(path, "..") {
		return nil
	}
	if path == "." {
		// Only allow bind-mounts on top of /proc, and only if the source is a
		// procfs mount.
		if m.IsBind() {
			fsSt, err := m.srcStatfs()
			if err != nil {
				return err
			}
			if fsSt.Type == unix.PROC_SUPER_MAGIC {
				if _, uSt, err := m.srcStat(); err != nil {
					return err
				} else if uSt.Ino != procRootIno {
					// We cannot error out in this case, because we've
					// supported these kinds of mounts for a long time.
					// However, we would expect users to bind-mount the root of
					// a real procfs on top of /proc in the container. We might
					// want to block this in the future.
					logrus.Warnf("bind-mount %v (source %v) is of type procfs but is not the root of a procfs (inode %d). Future versions of runc might block this configuration -- please report an issue to <https://github.com/opencontainers/runc> if you see this warning.", dest, m.srcName(), uSt.Ino)
				}
				return nil
			}
		} else if m.Device == "proc" {
			// Fresh procfs-type mounts are always safe to mount on top of /proc.
			return nil
		}
		return fmt.Errorf("%q cannot be mounted because it is not of type proc", dest)
	}

	// Here dest is definitely under /proc. Do not allow those,
	// except for a few specific entries emulated by lxcfs.
	validProcMounts := []string{
		"/proc/cpuinfo",
		"/proc/diskstats",
		"/proc/meminfo",
		"/proc/stat",
		"/proc/swaps",
		"/proc/uptime",
		"/proc/loadavg",
		"/proc/slabinfo",
		"/proc/net/dev",
		"/proc/sys/kernel/ns_last_pid",
		"/proc/sys/crypto/fips_enabled",
	}
	for _, valid := range validProcMounts {
		path, err := filepath.Rel(filepath.Join(rootfs, valid), dest)
		if err != nil {
			return err
		}
		if path == "." {
			return nil
		}
	}

	return fmt.Errorf("%q cannot be mounted because it is inside /proc", dest)
}

func setupDevSymlinks(rootfs string) error {
	// In theory, these should be links to /proc/thread-self, but systems
	// expect these to be /proc/self and this matches how most distributions
	// work.
	links := [][2]string{
		{"/proc/self/fd", "/dev/fd"},
		{"/proc/self/fd/0", "/dev/stdin"},
		{"/proc/self/fd/1", "/dev/stdout"},
		{"/proc/self/fd/2", "/dev/stderr"},
	}
	// kcore support can be toggled with CONFIG_PROC_KCORE; only create a symlink
	// in /dev if it exists in /proc.
	if _, err := os.Stat("/proc/kcore"); err == nil {
		links = append(links, [2]string{"/proc/kcore", "/dev/core"})
	}
	for _, link := range links {
		var (
			src = link[0]
			dst = filepath.Join(rootfs, link[1])
		)
		if err := os.Symlink(src, dst); err != nil && !os.IsExist(err) {
			return err
		}
	}
	return nil
}

// If stdin, stdout, and/or stderr are pointing to `/dev/null` in the parent's rootfs
// this method will make them point to `/dev/null` in this container's rootfs.  This
// needs to be called after we chroot/pivot into the container's rootfs so that any
// symlinks are resolved locally.
func reOpenDevNull() error {
	var stat, devNullStat unix.Stat_t
	file, err := os.OpenFile("/dev/null", os.O_RDWR, 0)
	if err != nil {
		return err
	}
	defer file.Close()
	if err := unix.Fstat(int(file.Fd()), &devNullStat); err != nil {
		return &os.PathError{Op: "fstat", Path: file.Name(), Err: err}
	}
	for fd := range 3 {
		if err := unix.Fstat(fd, &stat); err != nil {
			return &os.PathError{Op: "fstat", Path: "fd " + strconv.Itoa(fd), Err: err}
		}
		if stat.Rdev == devNullStat.Rdev {
			// Close and re-open the fd.
			if err := linux.Dup3(int(file.Fd()), fd, 0); err != nil {
				return err
			}
		}
	}
	return nil
}

// Create the device nodes in the container.
func createDevices(config *configs.Config) error {
	useBindMount := userns.RunningInUserNS() || config.Namespaces.Contains(configs.NEWUSER)
	for _, node := range config.Devices {

		// The /dev/ptmx device is setup by setupPtmx()
		if utils.CleanPath(node.Path) == "/dev/ptmx" {
			continue
		}

		// containers running in a user namespace are not allowed to mknod
		// devices so we can just bind mount it from the host.
		if err := createDeviceNode(config.Rootfs, node, useBindMount); err != nil {
			return err
		}
	}
	return nil
}

func bindMountDeviceNode(rootfs, dest string, node *devices.Device) error {
	f, err := os.Create(dest)
	if err != nil && !os.IsExist(err) {
		return err
	}
	if f != nil {
		_ = f.Close()
	}
	return utils.WithProcfd(rootfs, dest, func(dstFd string) error {
		return mountViaFds(node.Path, nil, dest, dstFd, "bind", unix.MS_BIND, "")
	})
}

// Creates the device node in the rootfs of the container.
func createDeviceNode(rootfs string, node *devices.Device, bind bool) error {
	if node.Path == "" {
		// The node only exists for cgroup reasons, ignore it here.
		return nil
	}
	dest, err := securejoin.SecureJoin(rootfs, node.Path)
	if err != nil {
		return err
	}
	if dest == rootfs {
		return fmt.Errorf("%w: mknod over rootfs", errRootfsToFile)
	}
	if err := utils.MkdirAllInRoot(rootfs, filepath.Dir(dest), 0o755); err != nil {
		return err
	}
	if bind {
		return bindMountDeviceNode(rootfs, dest, node)
	}
	if err := mknodDevice(dest, node); err != nil {
		if errors.Is(err, os.ErrExist) {
			return nil
		} else if errors.Is(err, os.ErrPermission) {
			return bindMountDeviceNode(rootfs, dest, node)
		}
		return err
	}
	return nil
}

func mknodDevice(dest string, node *devices.Device) error {
	fileMode := node.FileMode
	switch node.Type {
	case devices.BlockDevice:
		fileMode |= unix.S_IFBLK
	case devices.CharDevice:
		fileMode |= unix.S_IFCHR
	case devices.FifoDevice:
		fileMode |= unix.S_IFIFO
	default:
		return fmt.Errorf("%c is not a valid device type for device %s", node.Type, node.Path)
	}
	dev, err := node.Mkdev()
	if err != nil {
		return err
	}
	if err := unix.Mknod(dest, uint32(fileMode), int(dev)); err != nil {
		return &os.PathError{Op: "mknod", Path: dest, Err: err}
	}
	// Ensure permission bits (can be different because of umask).
	if err := os.Chmod(dest, fileMode); err != nil {
		return err
	}
	return os.Chown(dest, int(node.Uid), int(node.Gid))
}

// rootfsParentMountPrivate ensures rootfs parent mount is private.
// This is needed for two reasons:
//   - pivot_root() will fail if parent mount is shared;
//   - when we bind mount rootfs, if its parent is not private, the new mount
//     will propagate (leak!) to parent namespace and we don't want that.
func rootfsParentMountPrivate(path string) error {
	var err error
	// Assuming path is absolute and clean (this is checked in
	// libcontainer/validate). Any error other than EINVAL means we failed,
	// and EINVAL means this is not a mount point, so traverse up until we
	// find one.
	for {
		err = unix.Mount("", path, "", unix.MS_PRIVATE, "")
		if err == nil {
			return nil
		}
		if err != unix.EINVAL || path == "/" {
			break
		}
		path = filepath.Dir(path)
	}
	return &mountError{
		op:     "remount-private",
		target: path,
		flags:  unix.MS_PRIVATE,
		err:    err,
	}
}

func prepareRoot(config *configs.Config) error {
	flag := unix.MS_SLAVE | unix.MS_REC
	if config.RootPropagation != 0 {
		flag = config.RootPropagation
	}
	if err := mount("", "/", "", uintptr(flag), ""); err != nil {
		return err
	}

	if err := rootfsParentMountPrivate(config.Rootfs); err != nil {
		return err
	}

	return mount(config.Rootfs, config.Rootfs, "bind", unix.MS_BIND|unix.MS_REC, "")
}

func setReadonly() error {
	flags := uintptr(unix.MS_BIND | unix.MS_REMOUNT | unix.MS_RDONLY)

	err := mount("", "/", "", flags, "")
	if err == nil {
		return nil
	}
	var s unix.Statfs_t
	if err := unix.Statfs("/", &s); err != nil {
		return &os.PathError{Op: "statfs", Path: "/", Err: err}
	}
	flags |= uintptr(s.Flags)
	return mount("", "/", "", flags, "")
}

func setupPtmx(config *configs.Config) error {
	ptmx := filepath.Join(config.Rootfs, "dev/ptmx")
	if err := os.Remove(ptmx); err != nil && !os.IsNotExist(err) {
		return err
	}
	if err := os.Symlink("pts/ptmx", ptmx); err != nil {
		return err
	}
	return nil
}

// pivotRoot will call pivot_root such that rootfs becomes the new root
// filesystem, and everything else is cleaned up.
func pivotRoot(rootfs string) error {
	// While the documentation may claim otherwise, pivot_root(".", ".") is
	// actually valid. What this results in is / being the new root but
	// /proc/self/cwd being the old root. Since we can play around with the cwd
	// with pivot_root this allows us to pivot without creating directories in
	// the rootfs. Shout-outs to the LXC developers for giving us this idea.

	oldroot, err := linux.Open("/", unix.O_DIRECTORY|unix.O_RDONLY, 0)
	if err != nil {
		return err
	}
	defer unix.Close(oldroot)

	newroot, err := linux.Open(rootfs, unix.O_DIRECTORY|unix.O_RDONLY, 0)
	if err != nil {
		return err
	}
	defer unix.Close(newroot)

	// Change to the new root so that the pivot_root actually acts on it.
	if err := unix.Fchdir(newroot); err != nil {
		return &os.PathError{Op: "fchdir", Path: "fd " + strconv.Itoa(newroot), Err: err}
	}

	if err := unix.PivotRoot(".", "."); err != nil {
		return &os.PathError{Op: "pivot_root", Path: ".", Err: err}
	}

	// Currently our "." is oldroot (according to the current kernel code).
	// However, purely for safety, we will fchdir(oldroot) since there isn't
	// really any guarantee from the kernel what /proc/self/cwd will be after a
	// pivot_root(2).

	if err := unix.Fchdir(oldroot); err != nil {
		return &os.PathError{Op: "fchdir", Path: "fd " + strconv.Itoa(oldroot), Err: err}
	}

	// Make oldroot rslave to make sure our unmounts don't propagate to the
	// host (and thus bork the machine). We don't use rprivate because this is
	// known to cause issues due to races where we still have a reference to a
	// mount while a process in the host namespace are trying to operate on
	// something they think has no mounts (devicemapper in particular).
	if err := mount("", ".", "", unix.MS_SLAVE|unix.MS_REC, ""); err != nil {
		return err
	}
	// Perform the unmount. MNT_DETACH allows us to unmount /proc/self/cwd.
	if err := unmount(".", unix.MNT_DETACH); err != nil {
		return err
	}

	// Switch back to our shiny new root.
	if err := unix.Chdir("/"); err != nil {
		return &os.PathError{Op: "chdir", Path: "/", Err: err}
	}
	return nil
}

func msMoveRoot(rootfs string) error {
	// Before we move the root and chroot we have to mask all "full" sysfs and
	// procfs mounts which exist on the host. This is because while the kernel
	// has protections against mounting procfs if it has masks, when using
	// chroot(2) the *host* procfs mount is still reachable in the mount
	// namespace and the kernel permits procfs mounts inside --no-pivot
	// containers.
	//
	// Users shouldn't be using --no-pivot except in exceptional circumstances,
	// but to avoid such a trivial security flaw we apply a best-effort
	// protection here. The kernel only allows a mount of a pseudo-filesystem
	// like procfs or sysfs if there is a *full* mount (the root of the
	// filesystem is mounted) without any other locked mount points covering a
	// subtree of the mount.
	//
	// So we try to unmount (or mount tmpfs on top of) any mountpoint which is
	// a full mount of either sysfs or procfs (since those are the most
	// concerning filesystems to us).
	mountinfos, err := mountinfo.GetMounts(func(info *mountinfo.Info) (skip, stop bool) {
		// Collect every sysfs and procfs filesystem, except for those which
		// are non-full mounts or are inside the rootfs of the container.
		if info.Root != "/" ||
			(info.FSType != "proc" && info.FSType != "sysfs") ||
			strings.HasPrefix(info.Mountpoint, rootfs) {
			skip = true
		}
		return
	})
	if err != nil {
		return err
	}
	for _, info := range mountinfos {
		p := info.Mountpoint
		// Be sure umount events are not propagated to the host.
		if err := mount("", p, "", unix.MS_SLAVE|unix.MS_REC, ""); err != nil {
			if errors.Is(err, unix.ENOENT) {
				// If the mountpoint doesn't exist that means that we've
				// already blasted away some parent directory of the mountpoint
				// and so we don't care about this error.
				continue
			}
			return err
		}
		if err := unmount(p, unix.MNT_DETACH); err != nil {
			if !errors.Is(err, unix.EINVAL) && !errors.Is(err, unix.EPERM) {
				return err
			} else {
				// If we have not privileges for umounting (e.g. rootless), then
				// cover the path.
				if err := mount("tmpfs", p, "tmpfs", 0, ""); err != nil {
					return err
				}
			}
		}
	}

	// Move the rootfs on top of "/" in our mount namespace.
	if err := mount(rootfs, "/", "", unix.MS_MOVE, ""); err != nil {
		return err
	}
	return chroot()
}

func chroot() error {
	if err := unix.Chroot("."); err != nil {
		return &os.PathError{Op: "chroot", Path: ".", Err: err}
	}
	if err := unix.Chdir("/"); err != nil {
		return &os.PathError{Op: "chdir", Path: "/", Err: err}
	}
	return nil
}

// readonlyPath will make a path read only.
func readonlyPath(path string) error {
	if err := mount(path, path, "", unix.MS_BIND|unix.MS_REC, ""); err != nil {
		if errors.Is(err, os.ErrNotExist) {
			return nil
		}
		return err
	}

	var s unix.Statfs_t
	if err := unix.Statfs(path, &s); err != nil {
		return &os.PathError{Op: "statfs", Path: path, Err: err}
	}
	flags := uintptr(s.Flags) & (unix.MS_NOSUID | unix.MS_NODEV | unix.MS_NOEXEC)

	if err := mount(path, path, "", flags|unix.MS_BIND|unix.MS_REMOUNT|unix.MS_RDONLY, ""); err != nil {
		return err
	}

	return nil
}

// remountReadonly will remount an existing mount point and ensure that it is read-only.
func remountReadonly(m *configs.Mount) error {
	var (
		dest  = m.Destination
		flags = m.Flags
	)
	for range 5 {
		// There is a special case in the kernel for
		// MS_REMOUNT | MS_BIND, which allows us to change only the
		// flags even as an unprivileged user (i.e. user namespace)
		// assuming we don't drop any security related flags (nodev,
		// nosuid, etc.). So, let's use that case so that we can do
		// this re-mount without failing in a userns.
		flags |= unix.MS_REMOUNT | unix.MS_BIND | unix.MS_RDONLY
		if err := mount("", dest, "", uintptr(flags), ""); err != nil {
			if errors.Is(err, unix.EBUSY) {
				time.Sleep(100 * time.Millisecond)
				continue
			}
			return err
		}
		return nil
	}
	return fmt.Errorf("unable to mount %s as readonly max retries reached", dest)
}

// maskPath masks the top of the specified path inside a container to avoid
// security issues from processes reading information from non-namespace aware
// mounts ( proc/kcore ).
// For files, maskPath bind mounts /dev/null over the top of the specified path.
// For directories, maskPath mounts read-only tmpfs over the top of the specified path.
func maskPath(path string, mountLabel string) error {
	if err := mount("/dev/null", path, "", unix.MS_BIND, ""); err != nil && !errors.Is(err, os.ErrNotExist) {
		if errors.Is(err, unix.ENOTDIR) {
			return mount("tmpfs", path, "tmpfs", unix.MS_RDONLY, label.FormatMountLabel("", mountLabel))
		}
		return err
	}
	return nil
}

// writeSystemProperty writes the value to a path under /proc/sys as determined from the key.
// For e.g. net.ipv4.ip_forward translated to /proc/sys/net/ipv4/ip_forward.
func writeSystemProperty(key, value string) error {
	keyPath := strings.ReplaceAll(key, ".", "/")
	return os.WriteFile(path.Join("/proc/sys", keyPath), []byte(value), 0o644)
}

// Do the mount operation followed by additional mounts required to take care
// of propagation flags. This will always be scoped inside the container rootfs.
func mountPropagate(m mountEntry, rootfs string, mountLabel string) error {
	var (
		data  = label.FormatMountLabel(m.Data, mountLabel)
		flags = m.Flags
	)
	// Delay mounting the filesystem read-only if we need to do further
	// operations on it. We need to set up files in "/dev", and other tmpfs
	// mounts may need to be chmod-ed after mounting. These mounts will be
	// remounted ro later in finalizeRootfs(), if necessary.
	if m.Device == "tmpfs" || utils.CleanPath(m.Destination) == "/dev" {
		flags &= ^unix.MS_RDONLY
	}

	// Because the destination is inside a container path which might be
	// mutating underneath us, we verify that we are actually going to mount
	// inside the container with WithProcfd() -- mounting through a procfd
	// mounts on the target.
	if err := utils.WithProcfd(rootfs, m.Destination, func(dstFd string) error {
		return mountViaFds(m.Source, m.srcFile, m.Destination, dstFd, m.Device, uintptr(flags), data)
	}); err != nil {
		return err
	}
	// We have to apply mount propagation flags in a separate WithProcfd() call
	// because the previous call invalidates the passed procfd -- the mount
	// target needs to be re-opened.
	if err := utils.WithProcfd(rootfs, m.Destination, func(dstFd string) error {
		for _, pflag := range m.PropagationFlags {
			if err := mountViaFds("", nil, m.Destination, dstFd, "", uintptr(pflag), ""); err != nil {
				return err
			}
		}
		return nil
	}); err != nil {
		return fmt.Errorf("change mount propagation through procfd: %w", err)
	}
	return nil
}

func setRecAttr(m *configs.Mount, rootfs string) error {
	if m.RecAttr == nil {
		return nil
	}
	return utils.WithProcfd(rootfs, m.Destination, func(procfd string) error {
		return unix.MountSetattr(-1, procfd, unix.AT_RECURSIVE, m.RecAttr)
	})
}



### libcontainer/container_linux.go
package libcontainer

import (
	"bytes"
	"errors"
	"fmt"
	"io"
	"os"
	"os/exec"
	"path"
	"path/filepath"
	"reflect"
	"strconv"
	"strings"
	"sync"
	"time"

	"github.com/opencontainers/runtime-spec/specs-go"
	"github.com/sirupsen/logrus"
	"github.com/vishvananda/netlink/nl"
	"golang.org/x/sys/unix"

	"github.com/opencontainers/cgroups"
	"github.com/opencontainers/runc/libcontainer/configs"
	"github.com/opencontainers/runc/libcontainer/exeseal"
	"github.com/opencontainers/runc/libcontainer/intelrdt"
	"github.com/opencontainers/runc/libcontainer/system"
	"github.com/opencontainers/runc/libcontainer/utils"
)

const stdioFdCount = 3

// Container is a libcontainer container object.
type Container struct {
	id                   string
	stateDir             string
	config               *configs.Config
	cgroupManager        cgroups.Manager
	intelRdtManager      *intelrdt.Manager
	initProcess          parentProcess
	initProcessStartTime uint64
	m                    sync.Mutex
	criuVersion          int
	state                containerState
	created              time.Time
	fifo                 *os.File
}

// State represents a running container's state
type State struct {
	BaseState

	// Platform specific fields below.

	// Specified if the container was started under the rootless mode.
	// Set to true if BaseState.Config.RootlessEUID && BaseState.Config.RootlessCgroups
	Rootless bool `json:"rootless,omitempty"`

	// Paths to all the container's cgroups, as returned by (*cgroups.Manager).GetPaths
	//
	// For cgroup v1, a key is cgroup subsystem name, and the value is the path
	// to the cgroup for this subsystem.
	//
	// For cgroup v2 unified hierarchy, a key is "", and the value is the unified path.
	CgroupPaths map[string]string `json:"cgroup_paths,omitempty"`

	// NamespacePaths are filepaths to the container's namespaces. Key is the namespace type
	// with the value as the path.
	NamespacePaths map[configs.NamespaceType]string `json:"namespace_paths"`

	// Container's standard descriptors (std{in,out,err}), needed for checkpoint and restore.
	ExternalDescriptors []string `json:"external_descriptors,omitempty"`

	// Intel RDT "resource control" filesystem path.
	IntelRdtPath string `json:"intel_rdt_path,omitempty"`
}

// ID returns the container's unique ID
func (c *Container) ID() string {
	return c.id
}

// Config returns the container's configuration
func (c *Container) Config() configs.Config {
	return *c.config
}

// Status returns the current status of the container.
func (c *Container) Status() (Status, error) {
	c.m.Lock()
	defer c.m.Unlock()
	return c.currentStatus()
}

// State returns the current container's state information.
func (c *Container) State() (*State, error) {
	c.m.Lock()
	defer c.m.Unlock()
	return c.currentState(), nil
}

// OCIState returns the current container's state information.
func (c *Container) OCIState() (*specs.State, error) {
	c.m.Lock()
	defer c.m.Unlock()
	return c.currentOCIState()
}

// ignoreCgroupError filters out cgroup-related errors that can be ignored,
// because the container is stopped and its cgroup is gone.
func (c *Container) ignoreCgroupError(err error) error {
	if err == nil {
		return nil
	}
	if errors.Is(err, os.ErrNotExist) && !c.hasInit() && !c.cgroupManager.Exists() {
		return nil
	}
	return err
}

// Processes returns the PIDs inside this container. The PIDs are in the
// namespace of the calling process.
//
// Some of the returned PIDs may no longer refer to processes in the container,
// unless the container state is PAUSED in which case every PID in the slice is
// valid.
func (c *Container) Processes() ([]int, error) {
	pids, err := c.cgroupManager.GetAllPids()
	if err = c.ignoreCgroupError(err); err != nil {
		return nil, fmt.Errorf("unable to get all container pids: %w", err)
	}
	return pids, nil
}

// Stats returns statistics for the container.
func (c *Container) Stats() (*Stats, error) {
	var (
		err   error
		stats = &Stats{}
	)
	if stats.CgroupStats, err = c.cgroupManager.GetStats(); err != nil {
		return stats, fmt.Errorf("unable to get container cgroup stats: %w", err)
	}
	if c.intelRdtManager != nil {
		if stats.IntelRdtStats, err = c.intelRdtManager.GetStats(); err != nil {
			return stats, fmt.Errorf("unable to get container Intel RDT stats: %w", err)
		}
	}
	for _, iface := range c.config.Networks {
		switch iface.Type {
		case "veth":
			istats, err := getNetworkInterfaceStats(iface.HostInterfaceName)
			if err != nil {
				return stats, fmt.Errorf("unable to get network stats for interface %q: %w", iface.HostInterfaceName, err)
			}
			stats.Interfaces = append(stats.Interfaces, istats)
		}
	}
	return stats, nil
}

// Set resources of container as configured. Can be used to change resources
// when the container is running.
func (c *Container) Set(config configs.Config) error {
	c.m.Lock()
	defer c.m.Unlock()
	status, err := c.currentStatus()
	if err != nil {
		return err
	}
	if status == Stopped {
		return ErrNotRunning
	}
	if err := c.cgroupManager.Set(config.Cgroups.Resources); err != nil {
		// Set configs back
		if err2 := c.cgroupManager.Set(c.config.Cgroups.Resources); err2 != nil {
			logrus.Warnf("Setting back cgroup configs failed due to error: %v, your state.json and actual configs might be inconsistent.", err2)
		}
		return err
	}
	if c.intelRdtManager != nil {
		if err := c.intelRdtManager.Set(&config); err != nil {
			// Set configs back
			if err2 := c.cgroupManager.Set(c.config.Cgroups.Resources); err2 != nil {
				logrus.Warnf("Setting back cgroup configs failed due to error: %v, your state.json and actual configs might be inconsistent.", err2)
			}
			if err2 := c.intelRdtManager.Set(c.config); err2 != nil {
				logrus.Warnf("Setting back intelrdt configs failed due to error: %v, your state.json and actual configs might be inconsistent.", err2)
			}
			return err
		}
	}
	// After config setting succeed, update config and states
	c.config = &config
	_, err = c.updateState(nil)
	return err
}

// Start starts a process inside the container. Returns error if process fails
// to start. You can track process lifecycle with passed Process structure.
func (c *Container) Start(process *Process) error {
	c.m.Lock()
	defer c.m.Unlock()
	return c.start(process)
}

// Run immediately starts the process inside the container. Returns an error if
// the process fails to start. It does not block waiting for the exec fifo
// after start returns but opens the fifo after start returns.
func (c *Container) Run(process *Process) error {
	c.m.Lock()
	defer c.m.Unlock()
	if err := c.start(process); err != nil {
		return err
	}
	if process.Init {
		return c.exec()
	}
	return nil
}

// Exec signals the container to exec the users process at the end of the init.
func (c *Container) Exec() error {
	c.m.Lock()
	defer c.m.Unlock()
	return c.exec()
}

func (c *Container) exec() error {
	path := filepath.Join(c.stateDir, execFifoFilename)
	pid := c.initProcess.pid()
	blockingFifoOpenCh := awaitFifoOpen(path)
	for {
		select {
		case result := <-blockingFifoOpenCh:
			return handleFifoResult(result)

		case <-time.After(time.Millisecond * 100):
			stat, err := system.Stat(pid)
			if err != nil || stat.State == system.Zombie {
				// could be because process started, ran, and completed between our 100ms timeout and our system.Stat() check.
				// see if the fifo exists and has data (with a non-blocking open, which will succeed if the writing process is complete).
				if err := handleFifoResult(fifoOpen(path, false)); err != nil {
					return errors.New("container process is already dead")
				}
				return nil
			}
		}
	}
}

func readFromExecFifo(execFifo io.Reader) error {
	data, err := io.ReadAll(execFifo)
	if err != nil {
		return err
	}
	if len(data) <= 0 {
		return errors.New("cannot start an already running container")
	}
	return nil
}

func awaitFifoOpen(path string) <-chan openResult {
	fifoOpened := make(chan openResult)
	go func() {
		result := fifoOpen(path, true)
		fifoOpened <- result
	}()
	return fifoOpened
}

func fifoOpen(path string, block bool) openResult {
	flags := os.O_RDONLY
	if !block {
		flags |= unix.O_NONBLOCK
	}
	f, err := os.OpenFile(path, flags, 0)
	if err != nil {
		return openResult{err: fmt.Errorf("exec fifo: %w", err)}
	}
	return openResult{file: f}
}

func handleFifoResult(result openResult) error {
	if result.err != nil {
		return result.err
	}
	f := result.file
	defer f.Close()
	if err := readFromExecFifo(f); err != nil {
		return err
	}
	return os.Remove(f.Name())
}

type openResult struct {
	file *os.File
	err  error
}

func (c *Container) start(process *Process) (retErr error) {
	if c.config.Cgroups.Resources.SkipDevices {
		return errors.New("can't start container with SkipDevices set")
	}

	if c.config.RootlessEUID && len(process.AdditionalGroups) > 0 {
		// We cannot set any additional groups in a rootless container
		// and thus we bail if the user asked us to do so.
		return errors.New("cannot set any additional groups in a rootless container")
	}

	if process.Init {
		if c.initProcessStartTime != 0 {
			return errors.New("container already has init process")
		}
		if err := c.createExecFifo(); err != nil {
			return err
		}
		defer func() {
			if retErr != nil {
				c.deleteExecFifo()
			}
		}()
	}

	parent, err := c.newParentProcess(process)
	if err != nil {
		return fmt.Errorf("unable to create new parent process: %w", err)
	}
	// We do not need the cloned binaries once the process is spawned.
	defer process.closeClonedExes()

	logsDone := parent.forwardChildLogs()

	// Before starting "runc init", mark all non-stdio open files as O_CLOEXEC
	// to make sure we don't leak any files into "runc init". Any files to be
	// passed to "runc init" through ExtraFiles will get dup2'd by the Go
	// runtime and thus their O_CLOEXEC flag will be cleared. This is some
	// additional protection against attacks like CVE-2024-21626, by making
	// sure we never leak files to "runc init" we didn't intend to.
	if err := utils.CloseExecFrom(3); err != nil {
		return fmt.Errorf("unable to mark non-stdio fds as cloexec: %w", err)
	}
	if err := parent.start(); err != nil {
		return fmt.Errorf("unable to start container process: %w", err)
	}

	if logsDone != nil {
		defer func() {
			// Wait for log forwarder to finish. This depends on
			// runc init closing the _LIBCONTAINER_LOGPIPE log fd.
			err := <-logsDone
			if err != nil && retErr == nil {
				retErr = fmt.Errorf("unable to forward init logs: %w", err)
			}
		}()
	}

	if process.Init {
		c.fifo.Close()
		if c.config.HasHook(configs.Poststart) {
			s, err := c.currentOCIState()
			if err != nil {
				return err
			}

			if err := c.config.Hooks.Run(configs.Poststart, s); err != nil {
				if err := ignoreTerminateErrors(parent.terminate()); err != nil {
					logrus.Warn(fmt.Errorf("error running poststart hook: %w", err))
				}
				return err
			}
		}
	}
	return nil
}

// Signal sends a specified signal to container's init.
//
// When s is SIGKILL and the container does not have its own PID namespace, all
// the container's processes are killed. In this scenario, the libcontainer
// user may be required to implement a proper child reaper.
func (c *Container) Signal(s os.Signal) error {
	c.m.Lock()
	defer c.m.Unlock()

	// When a container has its own PID namespace, inside it the init PID
	// is 1, and thus it is handled specially by the kernel. In particular,
	// killing init with SIGKILL from an ancestor namespace will also kill
	// all other processes in that PID namespace (see pid_namespaces(7)).
	//
	// OTOH, if PID namespace is shared, we should kill all pids to avoid
	// leftover processes. Handle this special case here.
	if s == unix.SIGKILL && !c.config.Namespaces.IsPrivate(configs.NEWPID) {
		if err := signalAllProcesses(c.cgroupManager, unix.SIGKILL); err != nil {
			if c.config.RootlessCgroups { // may not have an access to cgroup
				logrus.WithError(err).Warn("failed to kill all processes, possibly due to lack of cgroup (Hint: enable cgroup v2 delegation)")
				// Some processes may leak when cgroup is not delegated
				// https://github.com/opencontainers/runc/pull/4395#pullrequestreview-2291179652
				return c.signal(s)
			}
			// For not rootless container, if there is no init process and no cgroup,
			// it means that the container is not running.
			if errors.Is(err, ErrCgroupNotExist) && !c.hasInit() {
				err = ErrNotRunning
			}
			return fmt.Errorf("unable to kill all processes: %w", err)
		}
		return nil
	}

	return c.signal(s)
}

func (c *Container) signal(s os.Signal) error {
	// To avoid a PID reuse attack, don't kill non-running container.
	if !c.hasInit() {
		return ErrNotRunning
	}
	if err := c.initProcess.signal(s); err != nil {
		return fmt.Errorf("unable to signal init: %w", err)
	}
	if s == unix.SIGKILL {
		// For cgroup v1, killing a process in a frozen cgroup
		// does nothing until it's thawed. Only thaw the cgroup
		// for SIGKILL.
		if paused, _ := c.isPaused(); paused {
			_ = c.cgroupManager.Freeze(cgroups.Thawed)
		}
	}
	return nil
}

func (c *Container) createExecFifo() (retErr error) {
	rootuid, err := c.config.HostRootUID()
	if err != nil {
		return err
	}
	rootgid, err := c.config.HostRootGID()
	if err != nil {
		return err
	}

	fifoName := filepath.Join(c.stateDir, execFifoFilename)
	if err := unix.Mkfifo(fifoName, 0o622); err != nil {
		return &os.PathError{Op: "mkfifo", Path: fifoName, Err: err}
	}
	defer func() {
		if retErr != nil {
			os.Remove(fifoName)
		}
	}()
	// Ensure permission bits (can be different because of umask).
	if err := os.Chmod(fifoName, 0o622); err != nil {
		return err
	}
	return os.Chown(fifoName, rootuid, rootgid)
}

func (c *Container) deleteExecFifo() {
	fifoName := filepath.Join(c.stateDir, execFifoFilename)
	os.Remove(fifoName)
}

// includeExecFifo opens the container's execfifo as a pathfd, so that the
// container cannot access the statedir (and the FIFO itself remains
// un-opened). It then adds the FifoFd to the given exec.Cmd as an inherited
// fd, with _LIBCONTAINER_FIFOFD set to its fd number.
func (c *Container) includeExecFifo(cmd *exec.Cmd) error {
	fifoName := filepath.Join(c.stateDir, execFifoFilename)
	fifo, err := os.OpenFile(fifoName, unix.O_PATH|unix.O_CLOEXEC, 0)
	if err != nil {
		return err
	}
	c.fifo = fifo

	cmd.ExtraFiles = append(cmd.ExtraFiles, fifo)
	cmd.Env = append(cmd.Env,
		"_LIBCONTAINER_FIFOFD="+strconv.Itoa(stdioFdCount+len(cmd.ExtraFiles)-1))
	return nil
}

func (c *Container) newParentProcess(p *Process) (parentProcess, error) {
	comm, err := newProcessComm()
	if err != nil {
		return nil, err
	}

	// Make sure we use a new safe copy of /proc/self/exe binary each time, this
	// is called to make sure that if a container manages to overwrite the file,
	// it cannot affect other containers on the system. For runc, this code will
	// only ever be called once, but libcontainer users might call this more than
	// once.
	p.closeClonedExes()
	var (
		exePath string
		safeExe *os.File
	)
	if exeseal.IsSelfExeCloned() {
		// /proc/self/exe is already a cloned binary -- no need to do anything
		logrus.Debug("skipping binary cloning -- /proc/self/exe is already cloned!")
		// We don't need to use /proc/thread-self here because the exe mm of a
		// thread-group is guaranteed to be the same for all threads by
		// definition. This lets us avoid having to do runtime.LockOSThread.
		exePath = "/proc/self/exe"
	} else {
		var err error
		safeExe, err = exeseal.CloneSelfExe(c.stateDir)
		if err != nil {
			return nil, fmt.Errorf("unable to create safe /proc/self/exe clone for runc init: %w", err)
		}
		exePath = "/proc/self/fd/" + strconv.Itoa(int(safeExe.Fd()))
		p.clonedExes = append(p.clonedExes, safeExe)
		logrus.Debug("runc exeseal: using /proc/self/exe clone") // used for tests
	}

	cmd := exec.Command(exePath, "init")
	cmd.Args[0] = os.Args[0]
	cmd.Stdin = p.Stdin
	cmd.Stdout = p.Stdout
	cmd.Stderr = p.Stderr
	cmd.Dir = c.config.Rootfs
	if cmd.SysProcAttr == nil {
		cmd.SysProcAttr = &unix.SysProcAttr{}
	}
	cmd.Env = append(cmd.Env, "GOMAXPROCS="+os.Getenv("GOMAXPROCS"))
	cmd.ExtraFiles = append(cmd.ExtraFiles, p.ExtraFiles...)
	if p.ConsoleSocket != nil {
		cmd.ExtraFiles = append(cmd.ExtraFiles, p.ConsoleSocket)
		cmd.Env = append(cmd.Env,
			"_LIBCONTAINER_CONSOLE="+strconv.Itoa(stdioFdCount+len(cmd.ExtraFiles)-1),
		)
	}

	cmd.ExtraFiles = append(cmd.ExtraFiles, comm.initSockChild)
	cmd.Env = append(cmd.Env,
		"_LIBCONTAINER_INITPIPE="+strconv.Itoa(stdioFdCount+len(cmd.ExtraFiles)-1),
	)
	cmd.ExtraFiles = append(cmd.ExtraFiles, comm.syncSockChild.File())
	cmd.Env = append(cmd.Env,
		"_LIBCONTAINER_SYNCPIPE="+strconv.Itoa(stdioFdCount+len(cmd.ExtraFiles)-1),
	)

	cmd.ExtraFiles = append(cmd.ExtraFiles, comm.logPipeChild)
	cmd.Env = append(cmd.Env,
		"_LIBCONTAINER_LOGPIPE="+strconv.Itoa(stdioFdCount+len(cmd.ExtraFiles)-1))
	if p.LogLevel != "" {
		cmd.Env = append(cmd.Env, "_LIBCONTAINER_LOGLEVEL="+p.LogLevel)
	}

	if p.PidfdSocket != nil {
		cmd.ExtraFiles = append(cmd.ExtraFiles, p.PidfdSocket)
		cmd.Env = append(cmd.Env,
			"_LIBCONTAINER_PIDFD_SOCK="+strconv.Itoa(stdioFdCount+len(cmd.ExtraFiles)-1),
		)
	}

	// TODO: After https://go-review.googlesource.com/c/go/+/515799 included
	// in go versions supported by us, we can remove this logic.
	if safeExe != nil {
		// Due to a Go stdlib bug, we need to add safeExe to the set of
		// ExtraFiles otherwise it is possible for the stdlib to clobber the fd
		// during forkAndExecInChild1 and replace it with some other file that
		// might be malicious. This is less than ideal (because the descriptor
		// will be non-O_CLOEXEC) however we have protections in "runc init" to
		// stop us from leaking extra file descriptors.
		//
		// See <https://github.com/golang/go/issues/61751>.
		cmd.ExtraFiles = append(cmd.ExtraFiles, safeExe)

		// There is a race situation when we are opening a file, if there is a
		// small fd was closed at that time, maybe it will be reused by safeExe.
		// Because of Go stdlib fds shuffling bug, if the fd of safeExe is too
		// small, go stdlib will dup3 it to another fd, or dup3 a other fd to this
		// fd, then it will cause the fd type cmd.Path refers to a random path,
		// and it can lead to an error "permission denied" when starting the process.
		// Please see #4294.
		// So we should not use the original fd of safeExe, but use the fd after
		// shuffled by Go stdlib. Because Go stdlib will guarantee this fd refers to
		// the correct file.
		cmd.Path = "/proc/self/fd/" + strconv.Itoa(stdioFdCount+len(cmd.ExtraFiles)-1)
	}

	// NOTE: when running a container with no PID namespace and the parent
	//       process spawning the container is PID1 the pdeathsig is being
	//       delivered to the container's init process by the kernel for some
	//       reason even with the parent still running.
	if c.config.ParentDeathSignal > 0 {
		cmd.SysProcAttr.Pdeathsig = unix.Signal(c.config.ParentDeathSignal)
	}

	if p.Init {
		// We only set up fifoFd if we're not doing a `runc exec`. The historic
		// reason for this is that previously we would pass a dirfd that allowed
		// for container rootfs escape (and not doing it in `runc exec` avoided
		// that problem), but we no longer do that. However, there's no need to do
		// this for `runc exec` so we just keep it this way to be safe.
		if err := c.includeExecFifo(cmd); err != nil {
			return nil, fmt.Errorf("unable to setup exec fifo: %w", err)
		}
		return c.newInitProcess(p, cmd, comm)
	}
	return c.newSetnsProcess(p, cmd, comm)
}

func (c *Container) newInitProcess(p *Process, cmd *exec.Cmd, comm *processComm) (*initProcess, error) {
	cmd.Env = append(cmd.Env, "_LIBCONTAINER_INITTYPE="+string(initStandard))
	nsMaps := make(map[configs.NamespaceType]string)
	for _, ns := range c.config.Namespaces {
		if ns.Path != "" {
			nsMaps[ns.Type] = ns.Path
		}
	}
	data, err := c.bootstrapData(c.config.Namespaces.CloneFlags(), nsMaps)
	if err != nil {
		return nil, err
	}

	init := &initProcess{
		containerProcess: containerProcess{
			cmd:           cmd,
			comm:          comm,
			manager:       c.cgroupManager,
			config:        c.newInitConfig(p),
			process:       p,
			bootstrapData: data,
			container:     c,
		},
		intelRdtManager: c.intelRdtManager,
	}
	c.initProcess = init
	return init, nil
}

func (c *Container) newSetnsProcess(p *Process, cmd *exec.Cmd, comm *processComm) (*setnsProcess, error) {
	cmd.Env = append(cmd.Env, "_LIBCONTAINER_INITTYPE="+string(initSetns))
	state := c.currentState()
	// for setns process, we don't have to set cloneflags as the process namespaces
	// will only be set via setns syscall
	data, err := c.bootstrapData(0, state.NamespacePaths)
	if err != nil {
		return nil, err
	}
	proc := &setnsProcess{
		containerProcess: containerProcess{
			cmd:           cmd,
			comm:          comm,
			manager:       c.cgroupManager,
			config:        c.newInitConfig(p),
			process:       p,
			bootstrapData: data,
			container:     c,
		},
		cgroupPaths:     state.CgroupPaths,
		rootlessCgroups: c.config.RootlessCgroups,
		intelRdtPath:    state.IntelRdtPath,
		initProcessPid:  state.InitProcessPid,
	}
	if len(p.SubCgroupPaths) > 0 {
		if add, ok := p.SubCgroupPaths[""]; ok {
			// cgroup v1: using the same path for all controllers.
			// cgroup v2: the only possible way.
			for k := range proc.cgroupPaths {
				subPath := path.Join(proc.cgroupPaths[k], add)
				if !strings.HasPrefix(subPath, proc.cgroupPaths[k]) {
					return nil, fmt.Errorf("%s is not a sub cgroup path", add)
				}
				proc.cgroupPaths[k] = subPath
			}
			// cgroup v2: do not try to join init process's cgroup
			// as a fallback (see (*setnsProcess).start).
			proc.initProcessPid = 0
		} else {
			// Per-controller paths.
			for ctrl, add := range p.SubCgroupPaths {
				if val, ok := proc.cgroupPaths[ctrl]; ok {
					subPath := path.Join(val, add)
					if !strings.HasPrefix(subPath, val) {
						return nil, fmt.Errorf("%s is not a sub cgroup path", add)
					}
					proc.cgroupPaths[ctrl] = subPath
				} else {
					return nil, fmt.Errorf("unknown controller %s in SubCgroupPaths", ctrl)
				}
			}
		}
	}
	return proc, nil
}

func (c *Container) newInitConfig(process *Process) *initConfig {
	// Set initial properties. For those properties that exist
	// both in the container config and the process, use the ones
	// from the container config first, and override them later.
	cfg := &initConfig{
		Config:           c.config,
		Args:             process.Args,
		Env:              process.Env,
		UID:              process.UID,
		GID:              process.GID,
		AdditionalGroups: process.AdditionalGroups,
		Cwd:              process.Cwd,
		Capabilities:     c.config.Capabilities,
		PassedFilesCount: len(process.ExtraFiles),
		ContainerID:      c.ID(),
		NoNewPrivileges:  c.config.NoNewPrivileges,
		AppArmorProfile:  c.config.AppArmorProfile,
		ProcessLabel:     c.config.ProcessLabel,
		Rlimits:          c.config.Rlimits,
		IOPriority:       c.config.IOPriority,
		Scheduler:        c.config.Scheduler,
		CPUAffinity:      c.config.ExecCPUAffinity,
		CreateConsole:    process.ConsoleSocket != nil,
		ConsoleWidth:     process.ConsoleWidth,
		ConsoleHeight:    process.ConsoleHeight,
	}

	// Overwrite config properties with ones from process.

	if process.Capabilities != nil {
		cfg.Capabilities = process.Capabilities
	}
	if process.NoNewPrivileges != nil {
		cfg.NoNewPrivileges = *process.NoNewPrivileges
	}
	if process.AppArmorProfile != "" {
		cfg.AppArmorProfile = process.AppArmorProfile
	}
	if process.Label != "" {
		cfg.ProcessLabel = process.Label
	}
	if len(process.Rlimits) > 0 {
		cfg.Rlimits = process.Rlimits
	}
	if process.IOPriority != nil {
		cfg.IOPriority = process.IOPriority
	}
	if process.Scheduler != nil {
		cfg.Scheduler = process.Scheduler
	}
	if process.CPUAffinity != nil {
		cfg.CPUAffinity = process.CPUAffinity
	}

	// Set misc properties.

	if cgroups.IsCgroup2UnifiedMode() {
		cfg.Cgroup2Path = c.cgroupManager.Path("")
	}

	return cfg
}

// Destroy destroys the container, if its in a valid state.
//
// Any event registrations are removed before the container is destroyed.
// No error is returned if the container is already destroyed.
//
// Running containers must first be stopped using Signal.
// Paused containers must first be resumed using Resume.
func (c *Container) Destroy() error {
	c.m.Lock()
	defer c.m.Unlock()
	if err := c.state.destroy(); err != nil {
		return fmt.Errorf("unable to destroy container: %w", err)
	}
	return nil
}

// Pause pauses the container, if its state is RUNNING or CREATED, changing
// its state to PAUSED. If the state is already PAUSED, does nothing.
func (c *Container) Pause() error {
	c.m.Lock()
	defer c.m.Unlock()
	status, err := c.currentStatus()
	if err != nil {
		return err
	}
	switch status {
	case Running, Created:
		if err := c.cgroupManager.Freeze(cgroups.Frozen); err != nil {
			return err
		}
		return c.state.transition(&pausedState{
			c: c,
		})
	}
	return ErrNotRunning
}

// Resume resumes the execution of any user processes in the
// container before setting the container state to RUNNING.
// This is only performed if the current state is PAUSED.
// If the Container state is RUNNING, does nothing.
func (c *Container) Resume() error {
	c.m.Lock()
	defer c.m.Unlock()
	status, err := c.currentStatus()
	if err != nil {
		return err
	}
	if status != Paused {
		return ErrNotPaused
	}
	if err := c.cgroupManager.Freeze(cgroups.Thawed); err != nil {
		return err
	}
	return c.state.transition(&runningState{
		c: c,
	})
}

// NotifyOOM returns a read-only channel signaling when the container receives
// an OOM notification.
func (c *Container) NotifyOOM() (<-chan struct{}, error) {
	// XXX(cyphar): This requires cgroups.
	if c.config.RootlessCgroups {
		logrus.Warn("getting OOM notifications may fail if you don't have the full access to cgroups")
	}
	path := c.cgroupManager.Path("memory")
	if cgroups.IsCgroup2UnifiedMode() {
		return notifyOnOOMV2(path)
	}
	return notifyOnOOM(path)
}

// NotifyMemoryPressure returns a read-only channel signaling when the
// container reaches a given pressure level.
func (c *Container) NotifyMemoryPressure(level PressureLevel) (<-chan struct{}, error) {
	// XXX(cyphar): This requires cgroups.
	if c.config.RootlessCgroups {
		logrus.Warn("getting memory pressure notifications may fail if you don't have the full access to cgroups")
	}
	return notifyMemoryPressure(c.cgroupManager.Path("memory"), level)
}

func (c *Container) updateState(process parentProcess) (*State, error) {
	if process != nil {
		c.initProcess = process
	}
	state := c.currentState()
	if err := c.saveState(state); err != nil {
		return nil, err
	}
	return state, nil
}

func (c *Container) saveState(s *State) (retErr error) {
	tmpFile, err := os.CreateTemp(c.stateDir, "state-")
	if err != nil {
		return err
	}

	defer func() {
		if retErr != nil {
			tmpFile.Close()
			os.Remove(tmpFile.Name())
		}
	}()

	err = utils.WriteJSON(tmpFile, s)
	if err != nil {
		return err
	}
	err = tmpFile.Close()
	if err != nil {
		return err
	}

	stateFilePath := filepath.Join(c.stateDir, stateFilename)
	return os.Rename(tmpFile.Name(), stateFilePath)
}

func (c *Container) currentStatus() (Status, error) {
	if err := c.refreshState(); err != nil {
		return -1, err
	}
	return c.state.status(), nil
}

// refreshState needs to be called to verify that the current state on the
// container is what is true.  Because consumers of libcontainer can use it
// out of process we need to verify the container's status based on runtime
// information and not rely on our in process info.
func (c *Container) refreshState() error {
	paused, err := c.isPaused()
	if err != nil {
		return err
	}
	if paused {
		return c.state.transition(&pausedState{c: c})
	}
	if !c.hasInit() {
		return c.state.transition(&stoppedState{c: c})
	}
	// The presence of exec fifo helps to distinguish between
	// the created and the running states.
	if _, err := os.Stat(filepath.Join(c.stateDir, execFifoFilename)); err == nil {
		return c.state.transition(&createdState{c: c})
	}
	return c.state.transition(&runningState{c: c})
}

// hasInit tells whether the container init process exists.
func (c *Container) hasInit() bool {
	if c.initProcess == nil {
		return false
	}
	pid := c.initProcess.pid()
	stat, err := system.Stat(pid)
	if err != nil {
		return false
	}
	if stat.StartTime != c.initProcessStartTime || stat.State == system.Zombie || stat.State == system.Dead {
		return false
	}
	return true
}

func (c *Container) isPaused() (bool, error) {
	state, err := c.cgroupManager.GetFreezerState()
	if err != nil {
		return false, err
	}
	return state == cgroups.Frozen, nil
}

func (c *Container) currentState() *State {
	var (
		startTime           uint64
		externalDescriptors []string
		pid                 = -1
	)
	if c.initProcess != nil {
		pid = c.initProcess.pid()
		startTime, _ = c.initProcess.startTime()
		externalDescriptors = c.initProcess.externalDescriptors()
	}

	intelRdtPath := ""
	if c.intelRdtManager != nil {
		intelRdtPath = c.intelRdtManager.GetPath()
	}
	state := &State{
		BaseState: BaseState{
			ID:                   c.ID(),
			Config:               *c.config,
			InitProcessPid:       pid,
			InitProcessStartTime: startTime,
			Created:              c.created,
		},
		Rootless:            c.config.RootlessEUID && c.config.RootlessCgroups,
		CgroupPaths:         c.cgroupManager.GetPaths(),
		IntelRdtPath:        intelRdtPath,
		NamespacePaths:      make(map[configs.NamespaceType]string),
		ExternalDescriptors: externalDescriptors,
	}
	if pid > 0 {
		for _, ns := range c.config.Namespaces {
			state.NamespacePaths[ns.Type] = ns.GetPath(pid)
		}
		for _, nsType := range configs.NamespaceTypes() {
			if !configs.IsNamespaceSupported(nsType) {
				continue
			}
			if _, ok := state.NamespacePaths[nsType]; !ok {
				ns := configs.Namespace{Type: nsType}
				state.NamespacePaths[ns.Type] = ns.GetPath(pid)
			}
		}
	}
	return state
}

func (c *Container) currentOCIState() (*specs.State, error) {
	bundle, annotations := utils.Annotations(c.config.Labels)
	state := &specs.State{
		Version:     specs.Version,
		ID:          c.ID(),
		Bundle:      bundle,
		Annotations: annotations,
	}
	status, err := c.currentStatus()
	if err != nil {
		return nil, err
	}
	state.Status = specs.ContainerState(status.String())
	if status != Stopped {
		if c.initProcess != nil {
			state.Pid = c.initProcess.pid()
		}
	}
	return state, nil
}

// orderNamespacePaths sorts namespace paths into a list of paths that we
// can setns in order.
func (c *Container) orderNamespacePaths(namespaces map[configs.NamespaceType]string) ([]string, error) {
	paths := []string{}
	for _, ns := range configs.NamespaceTypes() {

		// Remove namespaces that we don't need to join.
		if !c.config.Namespaces.Contains(ns) {
			continue
		}

		if p, ok := namespaces[ns]; ok && p != "" {
			// check if the requested namespace is supported
			if !configs.IsNamespaceSupported(ns) {
				return nil, fmt.Errorf("namespace %s is not supported", ns)
			}
			// only set to join this namespace if it exists
			if _, err := os.Lstat(p); err != nil {
				return nil, fmt.Errorf("namespace path: %w", err)
			}
			// do not allow namespace path with comma as we use it to separate
			// the namespace paths
			if strings.ContainsRune(p, ',') {
				return nil, fmt.Errorf("invalid namespace path %s", p)
			}
			paths = append(paths, fmt.Sprintf("%s:%s", configs.NsName(ns), p))
		}

	}

	return paths, nil
}

func encodeIDMapping(idMap []configs.IDMap) ([]byte, error) {
	data := bytes.NewBuffer(nil)
	for _, im := range idMap {
		line := fmt.Sprintf("%d %d %d\n", im.ContainerID, im.HostID, im.Size)
		if _, err := data.WriteString(line); err != nil {
			return nil, err
		}
	}
	return data.Bytes(), nil
}

// netlinkError is an error wrapper type for use by custom netlink message
// types. Panics with errors are wrapped in netlinkError so that the recover
// in bootstrapData can distinguish intentional panics.
type netlinkError struct{ error }

// bootstrapData encodes the necessary data in netlink binary format
// as a io.Reader.
// Consumer can write the data to a bootstrap program
// such as one that uses nsenter package to bootstrap the container's
// init process correctly, i.e. with correct namespaces, uid/gid
// mapping etc.
func (c *Container) bootstrapData(cloneFlags uintptr, nsMaps map[configs.NamespaceType]string) (_ io.Reader, Err error) {
	// create the netlink message
	r := nl.NewNetlinkRequest(int(InitMsg), 0)

	// Our custom messages cannot bubble up an error using returns, instead
	// they will panic with the specific error type, netlinkError. In that
	// case, recover from the panic and return that as an error.
	defer func() {
		if r := recover(); r != nil {
			if e, ok := r.(netlinkError); ok {
				Err = e.error
			} else {
				panic(r)
			}
		}
	}()

	// write cloneFlags
	r.AddData(&Int32msg{
		Type:  CloneFlagsAttr,
		Value: uint32(cloneFlags),
	})

	// write custom namespace paths
	if len(nsMaps) > 0 {
		nsPaths, err := c.orderNamespacePaths(nsMaps)
		if err != nil {
			return nil, err
		}
		r.AddData(&Bytemsg{
			Type:  NsPathsAttr,
			Value: []byte(strings.Join(nsPaths, ",")),
		})
	}

	// write namespace paths only when we are not joining an existing user ns
	_, joinExistingUser := nsMaps[configs.NEWUSER]
	if !joinExistingUser {
		// write uid mappings
		if len(c.config.UIDMappings) > 0 {
			if c.config.RootlessEUID {
				// We resolve the paths for new{u,g}idmap from
				// the context of runc to avoid doing a path
				// lookup in the nsexec context.
				if path, err := exec.LookPath("newuidmap"); err == nil {
					r.AddData(&Bytemsg{
						Type:  UidmapPathAttr,
						Value: []byte(path),
					})
				}
			}
			b, err := encodeIDMapping(c.config.UIDMappings)
			if err != nil {
				return nil, err
			}
			r.AddData(&Bytemsg{
				Type:  UidmapAttr,
				Value: b,
			})
		}

		// write gid mappings
		if len(c.config.GIDMappings) > 0 {
			b, err := encodeIDMapping(c.config.GIDMappings)
			if err != nil {
				return nil, err
			}
			r.AddData(&Bytemsg{
				Type:  GidmapAttr,
				Value: b,
			})
			if c.config.RootlessEUID {
				if path, err := exec.LookPath("newgidmap"); err == nil {
					r.AddData(&Bytemsg{
						Type:  GidmapPathAttr,
						Value: []byte(path),
					})
				}
			}
			if requiresRootOrMappingTool(c.config) {
				r.AddData(&Boolmsg{
					Type:  SetgroupAttr,
					Value: true,
				})
			}
		}
	}

	if c.config.OomScoreAdj != nil {
		// write oom_score_adj
		r.AddData(&Bytemsg{
			Type:  OomScoreAdjAttr,
			Value: []byte(strconv.Itoa(*c.config.OomScoreAdj)),
		})
	}

	// write rootless
	r.AddData(&Boolmsg{
		Type:  RootlessEUIDAttr,
		Value: c.config.RootlessEUID,
	})

	// write boottime and monotonic time ns offsets only when we are not joining an existing time ns
	_, joinExistingTime := nsMaps[configs.NEWTIME]
	if !joinExistingTime && c.config.TimeOffsets != nil {
		var offsetSpec bytes.Buffer
		for clock, offset := range c.config.TimeOffsets {
			fmt.Fprintf(&offsetSpec, "%s %d %d\n", clock, offset.Secs, offset.Nanosecs)
		}
		r.AddData(&Bytemsg{
			Type:  TimeOffsetsAttr,
			Value: offsetSpec.Bytes(),
		})
	}

	return bytes.NewReader(r.Serialize()), nil
}

// ignoreTerminateErrors returns nil if the given err matches an error known
// to indicate that the terminate occurred successfully or err was nil, otherwise
// err is returned unaltered.
func ignoreTerminateErrors(err error) error {
	if err == nil {
		return nil
	}
	// terminate() might return an error from either Kill or Wait.
	// The (*Cmd).Wait documentation says: "If the command fails to run
	// or doesn't complete successfully, the error is of type *ExitError".
	// Filter out such errors (like "exit status 1" or "signal: killed").
	var exitErr *exec.ExitError
	if errors.As(err, &exitErr) {
		return nil
	}
	if errors.Is(err, os.ErrProcessDone) {
		return nil
	}
	s := err.Error()
	if strings.Contains(s, "Wait was already called") {
		return nil
	}
	return err
}

func requiresRootOrMappingTool(c *configs.Config) bool {
	gidMap := []configs.IDMap{
		{ContainerID: 0, HostID: int64(os.Getegid()), Size: 1},
	}
	return !reflect.DeepEqual(c.GIDMappings, gidMap)
}



### libcontainer/init_linux.go
package libcontainer

import (
	"bytes"
	"encoding/json"
	"errors"
	"fmt"
	"net"
	"os"
	"path/filepath"
	"runtime"
	"runtime/debug"
	"strconv"
	"syscall"

	"github.com/containerd/console"
	"github.com/opencontainers/runtime-spec/specs-go"
	"github.com/sirupsen/logrus"
	"github.com/vishvananda/netlink"
	"golang.org/x/sys/unix"

	"github.com/opencontainers/cgroups"
	"github.com/opencontainers/runc/internal/linux"
	"github.com/opencontainers/runc/libcontainer/capabilities"
	"github.com/opencontainers/runc/libcontainer/configs"
	"github.com/opencontainers/runc/libcontainer/system"
	"github.com/opencontainers/runc/libcontainer/utils"
)

type initType string

const (
	initSetns    initType = "setns"
	initStandard initType = "standard"
)

type pid struct {
	Pid           int `json:"stage2_pid"`
	PidFirstChild int `json:"stage1_pid"`
}

// network is an internal struct used to setup container networks.
type network struct {
	configs.Network

	// TempVethPeerName is a unique temporary veth peer name that was placed into
	// the container's namespace.
	TempVethPeerName string `json:"temp_veth_peer_name"`
}

// initConfig is used for transferring parameters from Exec() to Init().
// It contains:
//   - original container config;
//   - some [Process] properties;
//   - set of properties merged from the container config ([configs.Config])
//     and the process ([Process]);
//   - some properties that come from the container.
//
// When adding new fields, please make sure they go into the relevant section.
type initConfig struct {
	// Config is the original container config.
	Config *configs.Config `json:"config"`

	// Properties that are unique to and come from [Process].

	Args             []string `json:"args"`
	Env              []string `json:"env"`
	UID              int      `json:"uid"`
	GID              int      `json:"gid"`
	AdditionalGroups []int    `json:"additional_groups"`
	Cwd              string   `json:"cwd"`
	CreateConsole    bool     `json:"create_console"`
	ConsoleWidth     uint16   `json:"console_width"`
	ConsoleHeight    uint16   `json:"console_height"`
	PassedFilesCount int      `json:"passed_files_count"`

	// Properties that exists both in the container config and the process,
	// as merged by [Container.newInitConfig] (process properties has preference).

	AppArmorProfile string                `json:"apparmor_profile"`
	Capabilities    *configs.Capabilities `json:"capabilities"`
	NoNewPrivileges bool                  `json:"no_new_privileges"`
	ProcessLabel    string                `json:"process_label"`
	Rlimits         []configs.Rlimit      `json:"rlimits"`
	IOPriority      *configs.IOPriority   `json:"io_priority,omitempty"`
	Scheduler       *configs.Scheduler    `json:"scheduler,omitempty"`
	CPUAffinity     *configs.CPUAffinity  `json:"cpu_affinity,omitempty"`

	// Miscellaneous properties, filled in by [Container.newInitConfig]
	// unless documented otherwise.

	ContainerID string `json:"containerid"`
	Cgroup2Path string `json:"cgroup2_path,omitempty"`

	// Networks is filled in from container config by [initProcess.createNetworkInterfaces].
	Networks []*network `json:"network"`

	// SpecState is filled in by [initProcess.Start].
	SpecState *specs.State `json:"spec_state,omitempty"`
}

// Init is part of "runc init" implementation.
func Init() {
	runtime.GOMAXPROCS(1)
	runtime.LockOSThread()

	if err := startInitialization(); err != nil {
		// If the error is returned, it was not communicated
		// back to the parent (which is not a common case),
		// so print it to stderr here as a last resort.
		//
		// Do not use logrus as we are not sure if it has been
		// set up yet, but most important, if the parent is
		// alive (and its log forwarding is working).
		fmt.Fprintln(os.Stderr, err)
	}
	// Normally, StartInitialization() never returns, meaning
	// if we are here, it had failed.
	os.Exit(255)
}

// Normally, this function does not return. If it returns, with or without an
// error, it means the initialization has failed. If the error is returned,
// it means the error can not be communicated back to the parent.
func startInitialization() (retErr error) {
	// Get the synchronisation pipe.
	envSyncPipe := os.Getenv("_LIBCONTAINER_SYNCPIPE")
	syncPipeFd, err := strconv.Atoi(envSyncPipe)
	if err != nil {
		return fmt.Errorf("unable to convert _LIBCONTAINER_SYNCPIPE: %w", err)
	}
	syncPipe := newSyncSocket(os.NewFile(uintptr(syncPipeFd), "sync"))
	defer syncPipe.Close()

	defer func() {
		// If this defer is ever called, this means initialization has failed.
		// Send the error back to the parent process in the form of an initError
		// if the sync socket has not been closed.
		if syncPipe.isClosed() {
			return
		}
		ierr := initError{Message: retErr.Error()}
		if err := writeSyncArg(syncPipe, procError, ierr); err != nil {
			fmt.Fprintln(os.Stderr, err)
			return
		}
		// The error is sent, no need to also return it (or it will be reported twice).
		retErr = nil
	}()

	// Get the INITPIPE.
	envInitPipe := os.Getenv("_LIBCONTAINER_INITPIPE")
	initPipeFd, err := strconv.Atoi(envInitPipe)
	if err != nil {
		return fmt.Errorf("unable to convert _LIBCONTAINER_INITPIPE: %w", err)
	}
	initPipe := os.NewFile(uintptr(initPipeFd), "init")
	defer initPipe.Close()

	// Set up logging. This is used rarely, and mostly for init debugging.

	// Passing log level is optional; currently libcontainer/integration does not do it.
	if levelStr := os.Getenv("_LIBCONTAINER_LOGLEVEL"); levelStr != "" {
		logLevel, err := strconv.Atoi(levelStr)
		if err != nil {
			return fmt.Errorf("unable to convert _LIBCONTAINER_LOGLEVEL: %w", err)
		}
		logrus.SetLevel(logrus.Level(logLevel))
	}

	logFd, err := strconv.Atoi(os.Getenv("_LIBCONTAINER_LOGPIPE"))
	if err != nil {
		return fmt.Errorf("unable to convert _LIBCONTAINER_LOGPIPE: %w", err)
	}
	logPipe := os.NewFile(uintptr(logFd), "logpipe")

	logrus.SetOutput(logPipe)
	logrus.SetFormatter(new(logrus.JSONFormatter))
	logrus.Debug("child process in init()")

	// Only init processes have FIFOFD.
	var fifoFile *os.File
	envInitType := os.Getenv("_LIBCONTAINER_INITTYPE")
	it := initType(envInitType)
	if it == initStandard {
		fifoFd, err := strconv.Atoi(os.Getenv("_LIBCONTAINER_FIFOFD"))
		if err != nil {
			return fmt.Errorf("unable to convert _LIBCONTAINER_FIFOFD: %w", err)
		}
		fifoFile = os.NewFile(uintptr(fifoFd), "initfifo")
	}

	var consoleSocket *os.File
	if envConsole := os.Getenv("_LIBCONTAINER_CONSOLE"); envConsole != "" {
		console, err := strconv.Atoi(envConsole)
		if err != nil {
			return fmt.Errorf("unable to convert _LIBCONTAINER_CONSOLE: %w", err)
		}
		consoleSocket = os.NewFile(uintptr(console), "console-socket")
		defer consoleSocket.Close()
	}

	var pidfdSocket *os.File
	if envSockFd := os.Getenv("_LIBCONTAINER_PIDFD_SOCK"); envSockFd != "" {
		sockFd, err := strconv.Atoi(envSockFd)
		if err != nil {
			return fmt.Errorf("unable to convert _LIBCONTAINER_PIDFD_SOCK: %w", err)
		}
		pidfdSocket = os.NewFile(uintptr(sockFd), "pidfd-socket")
		defer pidfdSocket.Close()
	}

	// From here on, we don't need current process environment. It is not
	// used directly anywhere below this point, but let's clear it anyway.
	os.Clearenv()

	defer func() {
		if err := recover(); err != nil {
			if err2, ok := err.(error); ok {
				retErr = fmt.Errorf("panic from initialization: %w, %s", err2, debug.Stack())
			} else {
				retErr = fmt.Errorf("panic from initialization: %v, %s", err, debug.Stack())
			}
		}
	}()

	var config initConfig
	if err := json.NewDecoder(initPipe).Decode(&config); err != nil {
		return err
	}

	// If init succeeds, it will not return, hence none of the defers will be called.
	return containerInit(it, &config, syncPipe, consoleSocket, pidfdSocket, fifoFile, logPipe)
}

func containerInit(t initType, config *initConfig, pipe *syncSocket, consoleSocket, pidfdSocket, fifoFile, logPipe *os.File) error {
	// Clean the RLIMIT_NOFILE cache in go runtime.
	// Issue: https://github.com/opencontainers/runc/issues/4195
	maybeClearRlimitNofileCache(config.Rlimits)

	switch t {
	case initSetns:
		i := &linuxSetnsInit{
			pipe:          pipe,
			consoleSocket: consoleSocket,
			pidfdSocket:   pidfdSocket,
			config:        config,
			logPipe:       logPipe,
		}
		return i.Init()
	case initStandard:
		i := &linuxStandardInit{
			pipe:          pipe,
			consoleSocket: consoleSocket,
			pidfdSocket:   pidfdSocket,
			parentPid:     unix.Getppid(),
			config:        config,
			fifoFile:      fifoFile,
			logPipe:       logPipe,
		}
		return i.Init()
	}
	return fmt.Errorf("unknown init type %q", t)
}

// verifyCwd ensures that the current directory is actually inside the mount
// namespace root of the current process.
func verifyCwd() error {
	// getcwd(2) on Linux detects if cwd is outside of the rootfs of the
	// current mount namespace root, and in that case prefixes "(unreachable)"
	// to the returned string. glibc's getcwd(3) and Go's Getwd() both detect
	// when this happens and return ENOENT rather than returning a non-absolute
	// path. In both cases we can therefore easily detect if we have an invalid
	// cwd by checking the return value of getcwd(3). See getcwd(3) for more
	// details, and CVE-2024-21626 for the security issue that motivated this
	// check.
	//
	// We do not use os.Getwd() here because it has a workaround for
	// $PWD which involves doing stat(.), which can fail if the current
	// directory is inaccessible to the container process.
	if wd, err := linux.Getwd(); errors.Is(err, unix.ENOENT) {
		return errors.New("current working directory is outside of container mount namespace root -- possible container breakout detected")
	} else if err != nil {
		return fmt.Errorf("failed to verify if current working directory is safe: %w", err)
	} else if !filepath.IsAbs(wd) {
		// We shouldn't ever hit this, but check just in case.
		return fmt.Errorf("current working directory is not absolute -- possible container breakout detected: cwd is %q", wd)
	}
	return nil
}

// finalizeNamespace drops the caps, sets the correct user
// and working dir, and closes any leaked file descriptors
// before executing the command inside the namespace.
func finalizeNamespace(config *initConfig) error {
	// Ensure that all unwanted fds we may have accidentally
	// inherited are marked close-on-exec so they stay out of the
	// container
	if err := utils.CloseExecFrom(config.PassedFilesCount + 3); err != nil {
		return fmt.Errorf("error closing exec fds: %w", err)
	}

	// we only do chdir if it's specified
	doChdir := config.Cwd != ""
	if doChdir {
		// First, attempt the chdir before setting up the user.
		// This could allow us to access a directory that the user running runc can access
		// but the container user cannot.
		err := unix.Chdir(config.Cwd)
		switch {
		case err == nil:
			doChdir = false
		case os.IsPermission(err):
			// If we hit an EPERM, we should attempt again after setting up user.
			// This will allow us to successfully chdir if the container user has access
			// to the directory, but the user running runc does not.
			// This is useful in cases where the cwd is also a volume that's been chowned to the container user.
		default:
			return fmt.Errorf("chdir to cwd (%q) set in config.json failed: %w", config.Cwd, err)
		}
	}

	// We should set envs after we are in the jail of the container.
	// Please see https://github.com/opencontainers/runc/issues/4688
	env, err := prepareEnv(config.Env, config.UID)
	if err != nil {
		return err
	}
	config.Env = env

	w, err := capabilities.New(config.Capabilities)
	if err != nil {
		return err
	}
	// drop capabilities in bounding set before changing user
	if err := w.ApplyBoundingSet(); err != nil {
		return fmt.Errorf("unable to apply bounding set: %w", err)
	}
	// preserve existing capabilities while we change users
	if err := system.SetKeepCaps(); err != nil {
		return fmt.Errorf("unable to set keep caps: %w", err)
	}
	if err := setupUser(config); err != nil {
		return fmt.Errorf("unable to setup user: %w", err)
	}
	// Change working directory AFTER the user has been set up, if we haven't done it yet.
	if doChdir {
		if err := unix.Chdir(config.Cwd); err != nil {
			return fmt.Errorf("chdir to cwd (%q) set in config.json failed: %w", config.Cwd, err)
		}
	}
	// Make sure our final working directory is inside the container.
	if err := verifyCwd(); err != nil {
		return err
	}
	if err := system.ClearKeepCaps(); err != nil {
		return fmt.Errorf("unable to clear keep caps: %w", err)
	}
	if err := w.ApplyCaps(); err != nil {
		return fmt.Errorf("unable to apply caps: %w", err)
	}
	return nil
}

// setupConsole sets up the console from inside the container, and sends the
// master pty fd to the config.Pipe (using cmsg). This is done to ensure that
// consoles are scoped to a container properly (see runc#814 and the many
// issues related to that). This has to be run *after* we've pivoted to the new
// rootfs (and the users' configuration is entirely set up).
func setupConsole(socket *os.File, config *initConfig, mount bool) error {
	defer socket.Close()
	// At this point, /dev/ptmx points to something that we would expect. We
	// used to change the owner of the slave path, but since the /dev/pts mount
	// can have gid=X set (at the users' option). So touching the owner of the
	// slave PTY is not necessary, as the kernel will handle that for us. Note
	// however, that setupUser (specifically fixStdioPermissions) *will* change
	// the UID owner of the console to be the user the process will run as (so
	// they can actually control their console).

	pty, slavePath, err := console.NewPty()
	if err != nil {
		return err
	}
	// After we return from here, we don't need the console anymore.
	defer pty.Close()

	if config.ConsoleHeight != 0 && config.ConsoleWidth != 0 {
		err = pty.Resize(console.WinSize{
			Height: config.ConsoleHeight,
			Width:  config.ConsoleWidth,
		})
		if err != nil {
			return err
		}
	}

	// Mount the console inside our rootfs.
	if mount {
		if err := mountConsole(slavePath); err != nil {
			return err
		}
	}
	// While we can access console.master, using the API is a good idea.
	if err := utils.SendRawFd(socket, pty.Name(), pty.Fd()); err != nil {
		return err
	}
	runtime.KeepAlive(pty)

	// Now, dup over all the things.
	return dupStdio(slavePath)
}

// syncParentReady sends to the given pipe a JSON payload which indicates that
// the init is ready to Exec the child process. It then waits for the parent to
// indicate that it is cleared to Exec.
func syncParentReady(pipe *syncSocket) error {
	// Tell parent.
	if err := writeSync(pipe, procReady); err != nil {
		return err
	}
	// Wait for parent to give the all-clear.
	return readSync(pipe, procRun)
}

// syncParentHooks sends to the given pipe a JSON payload which indicates that
// the parent should execute pre-start hooks. It then waits for the parent to
// indicate that it is cleared to resume.
func syncParentHooks(pipe *syncSocket) error {
	// Tell parent.
	if err := writeSync(pipe, procHooks); err != nil {
		return err
	}
	// Wait for parent to give the all-clear.
	return readSync(pipe, procHooksDone)
}

// syncParentSeccomp sends the fd associated with the seccomp file descriptor
// to the parent, and wait for the parent to do pidfd_getfd() to grab a copy.
func syncParentSeccomp(pipe *syncSocket, seccompFd int) error {
	if seccompFd == -1 {
		return nil
	}
	defer unix.Close(seccompFd)

	// Tell parent to grab our fd.
	//
	// Notably, we do not use writeSyncFile here because a container might have
	// an SCMP_ACT_NOTIFY action on sendmsg(2) so we need to use the smallest
	// possible number of system calls here because all of those syscalls
	// cannot be used with SCMP_ACT_NOTIFY as a result (any syscall we use here
	// before the parent gets the file descriptor would deadlock "runc init" if
	// we allowed it for SCMP_ACT_NOTIFY). See seccomp.InitSeccomp() for more
	// details.
	if err := writeSyncArg(pipe, procSeccomp, seccompFd); err != nil {
		return err
	}
	// Wait for parent to tell us they've grabbed the seccompfd.
	return readSync(pipe, procSeccompDone)
}

// setupUser changes the groups, gid, and uid for the user inside the container.
func setupUser(config *initConfig) error {
	// Before we change to the container's user make sure that the processes
	// STDIO is correctly owned by the user that we are switching to.
	if err := fixStdioPermissions(config.UID); err != nil {
		return err
	}

	// We don't need to use /proc/thread-self here because setgroups is a
	// per-userns file and thus is global to all threads in a thread-group.
	// This lets us avoid having to do runtime.LockOSThread.
	setgroups, err := os.ReadFile("/proc/self/setgroups")
	if err != nil && !os.IsNotExist(err) {
		return err
	}

	// This isn't allowed in an unprivileged user namespace since Linux 3.19.
	// There's nothing we can do about /etc/group entries, so we silently
	// ignore setting groups here (since the user didn't explicitly ask us to
	// set the group).
	allowSupGroups := !config.Config.RootlessEUID && string(bytes.TrimSpace(setgroups)) != "deny"

	if allowSupGroups {
		if err := unix.Setgroups(config.AdditionalGroups); err != nil {
			return &os.SyscallError{Syscall: "setgroups", Err: err}
		}
	}

	if err := unix.Setgid(config.GID); err != nil {
		if err == unix.EINVAL {
			return fmt.Errorf("cannot setgid to unmapped gid %d in user namespace", config.GID)
		}
		return err
	}
	if err := unix.Setuid(config.UID); err != nil {
		if err == unix.EINVAL {
			return fmt.Errorf("cannot setuid to unmapped uid %d in user namespace", config.UID)
		}
		return err
	}
	return nil
}

// fixStdioPermissions fixes the permissions of PID 1's STDIO within the container to the specified uid.
// The ownership needs to match because it is created outside of the container and needs to be
// localized.
func fixStdioPermissions(uid int) error {
	var null unix.Stat_t
	if err := unix.Stat("/dev/null", &null); err != nil {
		return &os.PathError{Op: "stat", Path: "/dev/null", Err: err}
	}
	for _, file := range []*os.File{os.Stdin, os.Stdout, os.Stderr} {
		var s unix.Stat_t
		if err := unix.Fstat(int(file.Fd()), &s); err != nil {
			return &os.PathError{Op: "fstat", Path: file.Name(), Err: err}
		}

		// Skip chown if uid is already the one we want or any of the STDIO descriptors
		// were redirected to /dev/null.
		if int(s.Uid) == uid || s.Rdev == null.Rdev {
			continue
		}

		// We only change the uid (as it is possible for the mount to
		// prefer a different gid, and there's no reason for us to change it).
		// The reason why we don't just leave the default uid=X mount setup is
		// that users expect to be able to actually use their console. Without
		// this code, you couldn't effectively run as a non-root user inside a
		// container and also have a console set up.
		if err := file.Chown(uid, -1); err != nil {
			// If we've hit an EPERM then the inode's current owner
			// is not mapped in our user namespace (in particular,
			// privileged_wrt_inode_uidgid() has failed). Read-only
			// /dev can result in EROFS error. In any case, it's
			// better for us to just not touch the stdio rather
			// than bail at this point.
			// EINVAL should never happen, as it would mean the uid
			// is not mapped, we expect this function to be called
			// with a mapped uid.
			if errors.Is(err, unix.EPERM) || errors.Is(err, unix.EROFS) {
				continue
			}
			return err
		}
	}
	return nil
}

// setupNetwork sets up and initializes any network interface inside the container.
func setupNetwork(config *initConfig) error {
	for _, config := range config.Networks {
		strategy, err := getStrategy(config.Type)
		if err != nil {
			return err
		}
		if err := strategy.initialize(config); err != nil {
			return err
		}
	}
	return nil
}

func setupRoute(config *configs.Config) error {
	for _, config := range config.Routes {
		_, dst, err := net.ParseCIDR(config.Destination)
		if err != nil {
			return err
		}
		src := net.ParseIP(config.Source)
		if src == nil {
			return fmt.Errorf("Invalid source for route: %s", config.Source)
		}
		gw := net.ParseIP(config.Gateway)
		if gw == nil {
			return fmt.Errorf("Invalid gateway for route: %s", config.Gateway)
		}
		l, err := netlink.LinkByName(config.InterfaceName)
		if err != nil {
			return err
		}
		route := &netlink.Route{
			Scope:     netlink.SCOPE_UNIVERSE,
			Dst:       dst,
			Src:       src,
			Gw:        gw,
			LinkIndex: l.Attrs().Index,
		}
		if err := netlink.RouteAdd(route); err != nil {
			return err
		}
	}
	return nil
}

func maybeClearRlimitNofileCache(limits []configs.Rlimit) {
	for _, rlimit := range limits {
		if rlimit.Type == syscall.RLIMIT_NOFILE {
			system.ClearRlimitNofileCache(&syscall.Rlimit{
				Cur: rlimit.Soft,
				Max: rlimit.Hard,
			})
			return
		}
	}
}

func setupRlimits(limits []configs.Rlimit, pid int) error {
	for _, rlimit := range limits {
		if err := unix.Prlimit(pid, rlimit.Type, &unix.Rlimit{Max: rlimit.Hard, Cur: rlimit.Soft}, nil); err != nil {
			return fmt.Errorf("error setting rlimit type %v: %w", rlimit.Type, err)
		}
	}
	return nil
}

func setupScheduler(config *initConfig) error {
	if config.Scheduler == nil {
		return nil
	}
	attr, err := configs.ToSchedAttr(config.Scheduler)
	if err != nil {
		return err
	}
	if err := unix.SchedSetAttr(0, attr, 0); err != nil {
		if errors.Is(err, unix.EPERM) && config.Config.Cgroups.CpusetCpus != "" {
			return errors.New("process scheduler can't be used together with AllowedCPUs")
		}
		return fmt.Errorf("error setting scheduler: %w", err)
	}
	return nil
}

func setupIOPriority(config *initConfig) error {
	const ioprioWhoPgrp = 1

	ioprio := config.IOPriority
	if ioprio == nil {
		return nil
	}
	class := 0
	switch ioprio.Class {
	case specs.IOPRIO_CLASS_RT:
		class = 1
	case specs.IOPRIO_CLASS_BE:
		class = 2
	case specs.IOPRIO_CLASS_IDLE:
		class = 3
	default:
		return fmt.Errorf("invalid io priority class: %s", ioprio.Class)
	}

	// Combine class and priority into a single value
	// https://github.com/torvalds/linux/blob/v5.18/include/uapi/linux/ioprio.h#L5-L17
	iop := (class << 13) | ioprio.Priority
	_, _, errno := unix.RawSyscall(unix.SYS_IOPRIO_SET, ioprioWhoPgrp, 0, uintptr(iop))
	if errno != 0 {
		return fmt.Errorf("failed to set io priority: %w", errno)
	}
	return nil
}

func setupPersonality(config *configs.Config) error {
	return system.SetLinuxPersonality(config.Personality.Domain)
}

// signalAllProcesses freezes then iterates over all the processes inside the
// manager's cgroups sending the signal s to them.
func signalAllProcesses(m cgroups.Manager, s unix.Signal) error {
	if !m.Exists() {
		return ErrCgroupNotExist
	}
	// Use cgroup.kill, if available.
	if s == unix.SIGKILL {
		if p := m.Path(""); p != "" { // Either cgroup v2 or hybrid.
			err := cgroups.WriteFile(p, "cgroup.kill", "1")
			if err == nil || !errors.Is(err, os.ErrNotExist) {
				return err
			}
			// Fallback to old implementation.
		}
	}

	if err := m.Freeze(cgroups.Frozen); err != nil {
		logrus.Warn(err)
	}
	pids, err := m.GetAllPids()
	if err != nil {
		if err := m.Freeze(cgroups.Thawed); err != nil {
			logrus.Warn(err)
		}
		return err
	}
	for _, pid := range pids {
		err := unix.Kill(pid, s)
		if err != nil && err != unix.ESRCH {
			logrus.Warnf("kill %d: %v", pid, err)
		}
	}
	if err := m.Freeze(cgroups.Thawed); err != nil {
		logrus.Warn(err)
	}

	return nil
}

// setupPidfd opens a process file descriptor of init process, and sends the
// file descriptor back to the socket.
func setupPidfd(socket *os.File, initType string) error {
	defer socket.Close()

	pidFd, err := unix.PidfdOpen(os.Getpid(), 0)
	if err != nil {
		return fmt.Errorf("failed to pidfd_open: %w", err)
	}

	if err := utils.SendRawFd(socket, initType, uintptr(pidFd)); err != nil {
		unix.Close(pidFd)
		return fmt.Errorf("failed to send pidfd on socket: %w", err)
	}
	return unix.Close(pidFd)
}



### libcontainer/integration/exec_test.go
package integration

import (
	"bytes"
	"encoding/json"
	"fmt"
	"os"
	"os/exec"
	"path/filepath"
	"reflect"
	"strconv"
	"strings"
	"syscall"
	"testing"

	"github.com/opencontainers/cgroups"
	"github.com/opencontainers/cgroups/systemd"
	"github.com/opencontainers/runc/libcontainer"
	"github.com/opencontainers/runc/libcontainer/configs"
	"github.com/opencontainers/runc/libcontainer/internal/userns"
	"github.com/opencontainers/runc/libcontainer/utils"
	"github.com/opencontainers/runtime-spec/specs-go"

	"golang.org/x/sys/unix"
)

func TestExecPS(t *testing.T) {
	testExecPS(t, false)
}

func TestUsernsExecPS(t *testing.T) {
	needUserNS(t)
	testExecPS(t, true)
}

func testExecPS(t *testing.T, userns bool) {
	if testing.Short() {
		return
	}
	config := newTemplateConfig(t, &tParam{userns: userns})

	buffers := runContainerOk(t, config, "ps", "-o", "pid,user,comm")
	lines := strings.Split(buffers.Stdout.String(), "\n")
	if len(lines) < 2 {
		t.Fatalf("more than one process running for output %q", buffers.Stdout.String())
	}
	expected := `1 root     ps`
	actual := strings.Trim(lines[1], "\n ")
	if actual != expected {
		t.Fatalf("expected output %q but received %q", expected, actual)
	}
}

func TestIPCPrivate(t *testing.T) {
	if testing.Short() {
		return
	}

	l, err := os.Readlink("/proc/1/ns/ipc")
	ok(t, err)

	config := newTemplateConfig(t, nil)
	buffers := runContainerOk(t, config, "readlink", "/proc/self/ns/ipc")

	if actual := strings.Trim(buffers.Stdout.String(), "\n"); actual == l {
		t.Fatalf("ipc link should be private to the container but equals host %q %q", actual, l)
	}
}

func TestIPCHost(t *testing.T) {
	if testing.Short() {
		return
	}

	l, err := os.Readlink("/proc/1/ns/ipc")
	ok(t, err)

	config := newTemplateConfig(t, nil)
	config.Namespaces.Remove(configs.NEWIPC)
	buffers := runContainerOk(t, config, "readlink", "/proc/self/ns/ipc")

	if actual := strings.Trim(buffers.Stdout.String(), "\n"); actual != l {
		t.Fatalf("ipc link not equal to host link %q %q", actual, l)
	}
}

func TestIPCJoinPath(t *testing.T) {
	if testing.Short() {
		return
	}

	l, err := os.Readlink("/proc/1/ns/ipc")
	ok(t, err)

	config := newTemplateConfig(t, nil)
	config.Namespaces.Add(configs.NEWIPC, "/proc/1/ns/ipc")
	buffers := runContainerOk(t, config, "readlink", "/proc/self/ns/ipc")

	if actual := strings.Trim(buffers.Stdout.String(), "\n"); actual != l {
		t.Fatalf("ipc link not equal to host link %q %q", actual, l)
	}
}

func TestIPCBadPath(t *testing.T) {
	if testing.Short() {
		return
	}

	config := newTemplateConfig(t, nil)
	config.Namespaces.Add(configs.NEWIPC, "/proc/1/ns/ipcc")

	if _, _, err := runContainer(t, config, "true"); err == nil {
		t.Fatal("container succeeded with bad ipc path")
	}
}

func TestRlimit(t *testing.T) {
	testRlimit(t, false)
}

func TestUsernsRlimit(t *testing.T) {
	needUserNS(t)
	testRlimit(t, true)
}

func testRlimit(t *testing.T, userns bool) {
	if testing.Short() {
		return
	}

	config := newTemplateConfig(t, &tParam{userns: userns})

	// Ensure limit is lower than what the config requests to test that in a user namespace
	// the Setrlimit call happens early enough that we still have permissions to raise the limit.
	// Do not change the Cur value to be equal to the Max value, please see:
	// https://github.com/opencontainers/runc/pull/4265#discussion_r1589666444
	ok(t, unix.Setrlimit(unix.RLIMIT_NOFILE, &unix.Rlimit{
		Max: 1024,
		Cur: 512,
	}))

	out := runContainerOk(t, config, "/bin/sh", "-c", "ulimit -n")
	if limit := strings.TrimSpace(out.Stdout.String()); limit != "1025" {
		t.Fatalf("expected rlimit to be 1025, got %s", limit)
	}
}

func TestEnter(t *testing.T) {
	if testing.Short() {
		return
	}

	config := newTemplateConfig(t, nil)

	container, err := newContainer(t, config)
	ok(t, err)
	defer destroyContainer(container)

	// Execute a first process in the container
	stdinR, stdinW, err := os.Pipe()
	ok(t, err)

	var stdout, stdout2 bytes.Buffer

	pconfig := libcontainer.Process{
		Cwd:    "/",
		Args:   []string{"sh", "-c", "cat && readlink /proc/self/ns/pid"},
		Env:    standardEnvironment,
		Stdin:  stdinR,
		Stdout: &stdout,
		Init:   true,
	}
	err = container.Run(&pconfig)
	_ = stdinR.Close()
	defer stdinW.Close()
	ok(t, err)
	pid, err := pconfig.Pid()
	ok(t, err)

	// Execute another process in the container
	stdinR2, stdinW2, err := os.Pipe()
	ok(t, err)
	pconfig2 := libcontainer.Process{
		Cwd: "/",
		Env: standardEnvironment,
	}
	pconfig2.Args = []string{"sh", "-c", "cat && readlink /proc/self/ns/pid"}
	pconfig2.Stdin = stdinR2
	pconfig2.Stdout = &stdout2

	err = container.Run(&pconfig2)
	_ = stdinR2.Close()
	defer stdinW2.Close()
	ok(t, err)

	pid2, err := pconfig2.Pid()
	ok(t, err)

	processes, err := container.Processes()
	ok(t, err)

	n := 0
	for i := range processes {
		if processes[i] == pid || processes[i] == pid2 {
			n++
		}
	}
	if n != 2 {
		t.Fatal("unexpected number of processes", processes, pid, pid2)
	}

	// Wait processes
	_ = stdinW2.Close()
	waitProcess(&pconfig2, t)

	_ = stdinW.Close()
	waitProcess(&pconfig, t)

	// Check that both processes live in the same pidns
	pidns := stdout.String()
	ok(t, err)

	pidns2 := stdout2.String()
	ok(t, err)

	if pidns != pidns2 {
		t.Fatal("The second process isn't in the required pid namespace", pidns, pidns2)
	}
}

func TestProcessEnv(t *testing.T) {
	if testing.Short() {
		return
	}

	config := newTemplateConfig(t, nil)
	container, err := newContainer(t, config)
	ok(t, err)
	defer destroyContainer(container)

	var stdout bytes.Buffer
	pconfig := libcontainer.Process{
		Cwd:  "/",
		Args: []string{"sh", "-c", "env"},
		Env: []string{
			"PATH=/usr/local/sbin:/usr/local/bin:/usr/sbin:/usr/bin:/sbin:/bin",
			"HOSTNAME=integration",
			"TERM=xterm",
			"FOO=BAR",
		},
		Stdin:  nil,
		Stdout: &stdout,
		Init:   true,
	}
	err = container.Run(&pconfig)
	ok(t, err)

	// Wait for process
	waitProcess(&pconfig, t)

	outputEnv := stdout.String()

	// Check that the environment has the key/value pair we added
	if !strings.Contains(outputEnv, "FOO=BAR") {
		t.Fatal("Environment doesn't have the expected FOO=BAR key/value pair: ", outputEnv)
	}

	// Make sure that HOME is set
	if !strings.Contains(outputEnv, "HOME=/root") {
		t.Fatal("Environment doesn't have HOME set: ", outputEnv)
	}
}

func TestProcessEmptyCaps(t *testing.T) {
	if testing.Short() {
		return
	}

	config := newTemplateConfig(t, nil)
	config.Capabilities = nil

	container, err := newContainer(t, config)
	ok(t, err)
	defer destroyContainer(container)

	var stdout bytes.Buffer
	pconfig := libcontainer.Process{
		Cwd:    "/",
		Args:   []string{"sh", "-c", "cat /proc/self/status"},
		Env:    standardEnvironment,
		Stdin:  nil,
		Stdout: &stdout,
		Init:   true,
	}
	err = container.Run(&pconfig)
	ok(t, err)

	// Wait for process
	waitProcess(&pconfig, t)

	outputStatus := stdout.String()

	lines := strings.Split(outputStatus, "\n")

	effectiveCapsLine := ""
	for _, l := range lines {
		line := strings.TrimSpace(l)
		if strings.Contains(line, "CapEff:") {
			effectiveCapsLine = line
			break
		}
	}

	if effectiveCapsLine == "" {
		t.Fatal("Couldn't find effective caps: ", outputStatus)
	}
}

func TestProcessCaps(t *testing.T) {
	if testing.Short() {
		return
	}

	config := newTemplateConfig(t, nil)
	container, err := newContainer(t, config)
	ok(t, err)
	defer destroyContainer(container)

	var stdout bytes.Buffer
	pconfig := libcontainer.Process{
		Cwd:          "/",
		Args:         []string{"sh", "-c", "cat /proc/self/status"},
		Env:          standardEnvironment,
		Stdin:        nil,
		Stdout:       &stdout,
		Capabilities: &configs.Capabilities{},
		Init:         true,
	}
	pconfig.Capabilities.Bounding = append(config.Capabilities.Bounding, "CAP_NET_ADMIN")
	pconfig.Capabilities.Permitted = append(config.Capabilities.Permitted, "CAP_NET_ADMIN")
	pconfig.Capabilities.Effective = append(config.Capabilities.Effective, "CAP_NET_ADMIN")
	err = container.Run(&pconfig)
	ok(t, err)

	// Wait for process
	waitProcess(&pconfig, t)

	outputStatus := stdout.String()

	lines := strings.Split(outputStatus, "\n")

	effectiveCapsLine := ""
	for _, l := range lines {
		line := strings.TrimSpace(l)
		if strings.Contains(line, "CapEff:") {
			effectiveCapsLine = line
			break
		}
	}

	if effectiveCapsLine == "" {
		t.Fatal("Couldn't find effective caps: ", outputStatus)
	}

	parts := strings.Split(effectiveCapsLine, ":")
	effectiveCapsStr := strings.TrimSpace(parts[1])

	effectiveCaps, err := strconv.ParseUint(effectiveCapsStr, 16, 64)
	if err != nil {
		t.Fatal("Could not parse effective caps", err)
	}

	const netAdminMask = 1 << unix.CAP_NET_ADMIN
	if effectiveCaps&netAdminMask != netAdminMask {
		t.Fatal("CAP_NET_ADMIN is not set as expected")
	}
}

func TestAdditionalGroups(t *testing.T) {
	if testing.Short() {
		return
	}

	config := newTemplateConfig(t, nil)
	container, err := newContainer(t, config)
	ok(t, err)
	defer destroyContainer(container)

	var stdout bytes.Buffer
	pconfig := libcontainer.Process{
		Cwd:              "/",
		Args:             []string{"sh", "-c", "id", "-Gn"},
		Env:              standardEnvironment,
		Stdin:            nil,
		Stdout:           &stdout,
		AdditionalGroups: []int{3333, 99999},
		Init:             true,
	}
	err = container.Run(&pconfig)
	ok(t, err)

	// Wait for process
	waitProcess(&pconfig, t)

	outputGroups := stdout.String()

	// Check that the groups output has the groups that we specified.
	for _, gid := range pconfig.AdditionalGroups {
		if !strings.Contains(outputGroups, strconv.Itoa(gid)) {
			t.Errorf("Listed groups do not contain gid %d as expected: %v", gid, outputGroups)
		}
	}
}

func TestFreeze(t *testing.T) {
	for _, systemd := range []bool{true, false} {
		for _, set := range []bool{true, false} {
			name := ""
			if systemd {
				name += "Systemd"
			} else {
				name += "FS"
			}
			if set {
				name += "ViaSet"
			} else {
				name += "ViaPauseResume"
			}
			t.Run(name, func(t *testing.T) {
				testFreeze(t, systemd, set)
			})
		}
	}
}

func testFreeze(t *testing.T, withSystemd bool, useSet bool) {
	if testing.Short() {
		return
	}
	if withSystemd && !systemd.IsRunningSystemd() {
		t.Skip("Test requires systemd.")
	}

	config := newTemplateConfig(t, &tParam{systemd: withSystemd})
	container, err := newContainer(t, config)
	ok(t, err)
	defer destroyContainer(container)

	stdinR, stdinW, err := os.Pipe()
	ok(t, err)

	pconfig := &libcontainer.Process{
		Cwd:   "/",
		Args:  []string{"cat"},
		Env:   standardEnvironment,
		Stdin: stdinR,
		Init:  true,
	}
	err = container.Run(pconfig)
	_ = stdinR.Close()
	defer stdinW.Close()
	ok(t, err)

	if !useSet {
		err = container.Pause()
	} else {
		config.Cgroups.Resources.Freezer = cgroups.Frozen
		err = container.Set(*config)
	}
	ok(t, err)

	state, err := container.Status()
	ok(t, err)
	if state != libcontainer.Paused {
		t.Fatal("Unexpected state: ", state)
	}

	if !useSet {
		err = container.Resume()
	} else {
		config.Cgroups.Resources.Freezer = cgroups.Thawed
		err = container.Set(*config)
	}
	ok(t, err)

	_ = stdinW.Close()
	waitProcess(pconfig, t)
}

func TestCpuShares(t *testing.T) {
	testCpuShares(t, false)
}

func TestCpuSharesSystemd(t *testing.T) {
	if !systemd.IsRunningSystemd() {
		t.Skip("Test requires systemd.")
	}
	testCpuShares(t, true)
}

func testCpuShares(t *testing.T, systemd bool) {
	if testing.Short() {
		return
	}
	if cgroups.IsCgroup2UnifiedMode() {
		t.Skip("cgroup v2 does not support CpuShares")
	}

	config := newTemplateConfig(t, &tParam{systemd: systemd})
	config.Cgroups.Resources.CpuShares = 1

	if _, _, err := runContainer(t, config, "ps"); err == nil {
		t.Fatal("runContainer should fail with invalid CpuShares")
	}
}

func TestPids(t *testing.T) {
	testPids(t, false)
}

func TestPidsSystemd(t *testing.T) {
	if !systemd.IsRunningSystemd() {
		t.Skip("Test requires systemd.")
	}
	testPids(t, true)
}

func testPids(t *testing.T, systemd bool) {
	if testing.Short() {
		return
	}

	config := newTemplateConfig(t, &tParam{systemd: systemd})
	config.Cgroups.Resources.PidsLimit = -1

	// Running multiple processes, expecting it to succeed with no pids limit.
	runContainerOk(t, config, "/bin/sh", "-c", "/bin/true | /bin/true | /bin/true | /bin/true")

	// Enforce a permissive limit. This needs to be fairly hand-wavey due to the
	// issues with running Go binaries with pids restrictions (see below).
	config.Cgroups.Resources.PidsLimit = 64
	runContainerOk(t, config, "/bin/sh", "-c", `
	/bin/true | /bin/true | /bin/true | /bin/true | /bin/true | /bin/true | bin/true | /bin/true |
	/bin/true | /bin/true | /bin/true | /bin/true | /bin/true | /bin/true | bin/true | /bin/true |
	/bin/true | /bin/true | /bin/true | /bin/true | /bin/true | /bin/true | bin/true | /bin/true |
	/bin/true | /bin/true | /bin/true | /bin/true | /bin/true | /bin/true | bin/true | /bin/true`)

	// Enforce a restrictive limit. 64 * /bin/true + 1 * shell should cause
	// this to fail reliably.
	config.Cgroups.Resources.PidsLimit = 64
	out, _, err := runContainer(t, config, "/bin/sh", "-c", `
	/bin/true | /bin/true | /bin/true | /bin/true | /bin/true | /bin/true | bin/true | /bin/true |
	/bin/true | /bin/true | /bin/true | /bin/true | /bin/true | /bin/true | bin/true | /bin/true |
	/bin/true | /bin/true | /bin/true | /bin/true | /bin/true | /bin/true | bin/true | /bin/true |
	/bin/true | /bin/true | /bin/true | /bin/true | /bin/true | /bin/true | bin/true | /bin/true |
	/bin/true | /bin/true | /bin/true | /bin/true | /bin/true | /bin/true | bin/true | /bin/true |
	/bin/true | /bin/true | /bin/true | /bin/true | /bin/true | /bin/true | bin/true | /bin/true |
	/bin/true | /bin/true | /bin/true | /bin/true | /bin/true | /bin/true | bin/true | /bin/true |
	/bin/true | /bin/true | /bin/true | /bin/true | /bin/true | /bin/true | bin/true | /bin/true`)
	if err != nil && !strings.Contains(out.String(), "sh: can't fork") {
		t.Fatal(err)
	}

	if err == nil {
		t.Fatal("expected fork() to fail with restrictive pids limit")
	}

	// Minimal restrictions are not really supported, due to quirks in using Go
	// due to the fact that it spawns random processes. While we do our best with
	// late setting cgroup values, it's just too unreliable with very small pids.max.
	// As such, we don't test that case. YMMV.
}

func TestCgroupResourcesUnifiedErrorOnV1(t *testing.T) {
	testCgroupResourcesUnifiedErrorOnV1(t, false)
}

func TestCgroupResourcesUnifiedErrorOnV1Systemd(t *testing.T) {
	if !systemd.IsRunningSystemd() {
		t.Skip("Test requires systemd.")
	}
	testCgroupResourcesUnifiedErrorOnV1(t, true)
}

func testCgroupResourcesUnifiedErrorOnV1(t *testing.T, systemd bool) {
	if testing.Short() {
		return
	}
	if cgroups.IsCgroup2UnifiedMode() {
		t.Skip("requires cgroup v1")
	}

	config := newTemplateConfig(t, &tParam{systemd: systemd})
	config.Cgroups.Resources.Unified = map[string]string{
		"memory.min": "10240",
	}
	_, _, err := runContainer(t, config, "true")
	if !strings.Contains(err.Error(), cgroups.ErrV1NoUnified.Error()) {
		t.Fatalf("expected error to contain %v, got %v", cgroups.ErrV1NoUnified, err)
	}
}

func TestCgroupResourcesUnified(t *testing.T) {
	testCgroupResourcesUnified(t, false)
}

func TestCgroupResourcesUnifiedSystemd(t *testing.T) {
	if !systemd.IsRunningSystemd() {
		t.Skip("Test requires systemd.")
	}
	testCgroupResourcesUnified(t, true)
}

func testCgroupResourcesUnified(t *testing.T, systemd bool) {
	if testing.Short() {
		return
	}
	if !cgroups.IsCgroup2UnifiedMode() {
		t.Skip("requires cgroup v2")
	}

	config := newTemplateConfig(t, &tParam{systemd: systemd})
	config.Cgroups.Resources.Memory = 536870912     // 512M
	config.Cgroups.Resources.MemorySwap = 536870912 // 512M, i.e. no swap
	config.Namespaces.Add(configs.NEWCGROUP, "")

	testCases := []struct {
		name     string
		cfg      map[string]string
		expError string
		cmd      []string
		exp      string
	}{
		{
			name: "dummy",
			cmd:  []string{"true"},
			exp:  "",
		},
		{
			name: "set memory.min",
			cfg:  map[string]string{"memory.min": "131072"},
			cmd:  []string{"cat", "/sys/fs/cgroup/memory.min"},
			exp:  "131072\n",
		},
		{
			name: "check memory.max",
			cmd:  []string{"cat", "/sys/fs/cgroup/memory.max"},
			exp:  strconv.Itoa(int(config.Cgroups.Resources.Memory)) + "\n",
		},

		{
			name: "overwrite memory.max",
			cfg:  map[string]string{"memory.max": "268435456"},
			cmd:  []string{"cat", "/sys/fs/cgroup/memory.max"},
			exp:  "268435456\n",
		},
		{
			name:     "no such controller error",
			cfg:      map[string]string{"privet.vsem": "vam"},
			expError: "controller \"privet\" not available",
		},
		{
			name:     "slash in key error",
			cfg:      map[string]string{"bad/key": "val"},
			expError: "must be a file name (no slashes)",
		},
		{
			name:     "no dot in key error",
			cfg:      map[string]string{"badkey": "val"},
			expError: "must be in the form CONTROLLER.PARAMETER",
		},
		{
			name:     "read-only parameter",
			cfg:      map[string]string{"pids.current": "42"},
			expError: "failed to write",
		},
	}

	for _, tc := range testCases {
		config.Cgroups.Resources.Unified = tc.cfg
		buffers, ret, err := runContainer(t, config, tc.cmd...)
		if tc.expError != "" {
			if err == nil {
				t.Errorf("case %q failed: expected error, got nil", tc.name)
				continue
			}
			if !strings.Contains(err.Error(), tc.expError) {
				t.Errorf("case %q failed: expected error to contain %q, got %q", tc.name, tc.expError, err)
			}
			continue
		}
		if err != nil {
			t.Errorf("case %q failed: expected no error, got %v (command: %v, status: %d, stderr: %q)",
				tc.name, err, tc.cmd, ret, buffers.Stderr.String())
			continue
		}
		if tc.exp != "" {
			out := buffers.Stdout.String()
			if out != tc.exp {
				t.Errorf("expected %q, got %q", tc.exp, out)
			}
		}
	}
}

func TestContainerState(t *testing.T) {
	if testing.Short() {
		return
	}

	l, err := os.Readlink("/proc/1/ns/ipc")
	ok(t, err)

	config := newTemplateConfig(t, nil)
	config.Namespaces = configs.Namespaces([]configs.Namespace{
		{Type: configs.NEWNS},
		{Type: configs.NEWUTS},
		// host for IPC
		// {Type: configs.NEWIPC},
		{Type: configs.NEWPID},
		{Type: configs.NEWNET},
	})

	container, err := newContainer(t, config)
	ok(t, err)
	defer destroyContainer(container)

	stdinR, stdinW, err := os.Pipe()
	ok(t, err)

	p := &libcontainer.Process{
		Cwd:   "/",
		Args:  []string{"cat"},
		Env:   standardEnvironment,
		Stdin: stdinR,
		Init:  true,
	}
	err = container.Run(p)
	ok(t, err)
	_ = stdinR.Close()
	defer stdinW.Close()

	st, err := container.State()
	ok(t, err)

	l1, err := os.Readlink(st.NamespacePaths[configs.NEWIPC])
	ok(t, err)
	if l1 != l {
		t.Fatal("Container using non-host ipc namespace")
	}
	_ = stdinW.Close()
	waitProcess(p, t)
}

func TestPassExtraFiles(t *testing.T) {
	if testing.Short() {
		return
	}

	config := newTemplateConfig(t, nil)
	container, err := newContainer(t, config)
	ok(t, err)
	defer destroyContainer(container)

	var stdout bytes.Buffer
	pipeout1, pipein1, err := os.Pipe()
	ok(t, err)
	pipeout2, pipein2, err := os.Pipe()
	ok(t, err)
	process := libcontainer.Process{
		Cwd:        "/",
		Args:       []string{"sh", "-c", "cd /proc/$$/fd; echo -n *; echo -n 1 >3; echo -n 2 >4"},
		Env:        []string{"PATH=/usr/local/sbin:/usr/local/bin:/usr/sbin:/usr/bin:/sbin:/bin"},
		ExtraFiles: []*os.File{pipein1, pipein2},
		Stdin:      nil,
		Stdout:     &stdout,
		Init:       true,
	}
	err = container.Run(&process)
	ok(t, err)

	waitProcess(&process, t)

	out := stdout.String()
	// fd 5 is the directory handle for /proc/$$/fd
	if out != "0 1 2 3 4 5" {
		t.Fatalf("expected to have the file descriptors '0 1 2 3 4 5' passed to init, got '%s'", out)
	}
	buf := []byte{0}
	_, err = pipeout1.Read(buf)
	ok(t, err)
	out1 := string(buf)
	if out1 != "1" {
		t.Fatalf("expected first pipe to receive '1', got '%s'", out1)
	}

	_, err = pipeout2.Read(buf)
	ok(t, err)
	out2 := string(buf)
	if out2 != "2" {
		t.Fatalf("expected second pipe to receive '2', got '%s'", out2)
	}
}

func TestSysctl(t *testing.T) {
	if testing.Short() {
		return
	}

	config := newTemplateConfig(t, nil)
	config.Sysctl = map[string]string{
		"kernel.shmmni": "8192",
		"kernel/shmmax": "4194304",
	}
	const (
		cmd = "cat shmmni shmmax"
		exp = "8192\n4194304\n"
	)

	container, err := newContainer(t, config)
	ok(t, err)
	defer destroyContainer(container)

	var stdout bytes.Buffer
	pconfig := libcontainer.Process{
		Cwd:    "/proc/sys/kernel",
		Args:   []string{"sh", "-c", cmd},
		Env:    standardEnvironment,
		Stdin:  nil,
		Stdout: &stdout,
		Init:   true,
	}
	err = container.Run(&pconfig)
	ok(t, err)

	// Wait for process
	waitProcess(&pconfig, t)

	out := stdout.String()
	if out != exp {
		t.Fatalf("expected %s, got %s", exp, out)
	}
}

func TestMountCgroupRO(t *testing.T) {
	if testing.Short() {
		return
	}
	config := newTemplateConfig(t, nil)
	buffers := runContainerOk(t, config, "mount")

	mountInfo := buffers.Stdout.String()
	lines := strings.Split(mountInfo, "\n")
	for _, l := range lines {
		if strings.HasPrefix(l, "tmpfs on /sys/fs/cgroup") {
			if !strings.Contains(l, "ro") ||
				!strings.Contains(l, "nosuid") ||
				!strings.Contains(l, "nodev") ||
				!strings.Contains(l, "noexec") {
				t.Fatalf("Mode expected to contain 'ro,nosuid,nodev,noexec': %s", l)
			}
			if !strings.Contains(l, "mode=755") {
				t.Fatalf("Mode expected to contain 'mode=755': %s", l)
			}
			continue
		}
		if !strings.HasPrefix(l, "cgroup") {
			continue
		}
		if !strings.Contains(l, "ro") ||
			!strings.Contains(l, "nosuid") ||
			!strings.Contains(l, "nodev") ||
			!strings.Contains(l, "noexec") {
			t.Fatalf("Mode expected to contain 'ro,nosuid,nodev,noexec': %s", l)
		}
	}
}

func TestMountCgroupRW(t *testing.T) {
	if testing.Short() {
		return
	}
	config := newTemplateConfig(t, nil)
	// clear the RO flag from cgroup mount
	for _, m := range config.Mounts {
		if m.Device == "cgroup" {
			m.Flags = defaultMountFlags
			break
		}
	}

	buffers := runContainerOk(t, config, "mount")

	mountInfo := buffers.Stdout.String()
	lines := strings.Split(mountInfo, "\n")
	for _, l := range lines {
		if strings.HasPrefix(l, "tmpfs on /sys/fs/cgroup") {
			if !strings.Contains(l, "rw") ||
				!strings.Contains(l, "nosuid") ||
				!strings.Contains(l, "nodev") ||
				!strings.Contains(l, "noexec") {
				t.Fatalf("Mode expected to contain 'rw,nosuid,nodev,noexec': %s", l)
			}
			if !strings.Contains(l, "mode=755") {
				t.Fatalf("Mode expected to contain 'mode=755': %s", l)
			}
			continue
		}
		if !strings.HasPrefix(l, "cgroup") {
			continue
		}
		if !strings.Contains(l, "rw") ||
			!strings.Contains(l, "nosuid") ||
			!strings.Contains(l, "nodev") ||
			!strings.Contains(l, "noexec") {
			t.Fatalf("Mode expected to contain 'rw,nosuid,nodev,noexec': %s", l)
		}
	}
}

func TestOomScoreAdj(t *testing.T) {
	if testing.Short() {
		return
	}

	config := newTemplateConfig(t, nil)
	config.OomScoreAdj = ptrInt(200)

	container, err := newContainer(t, config)
	ok(t, err)
	defer destroyContainer(container)

	var stdout bytes.Buffer
	pconfig := libcontainer.Process{
		Cwd:    "/",
		Args:   []string{"sh", "-c", "cat /proc/self/oom_score_adj"},
		Env:    standardEnvironment,
		Stdin:  nil,
		Stdout: &stdout,
		Init:   true,
	}
	err = container.Run(&pconfig)
	ok(t, err)

	// Wait for process
	waitProcess(&pconfig, t)
	outputOomScoreAdj := strings.TrimSpace(stdout.String())

	// Check that the oom_score_adj matches the value that was set as part of config.
	if outputOomScoreAdj != strconv.Itoa(*config.OomScoreAdj) {
		t.Fatalf("Expected oom_score_adj %d; got %q", *config.OomScoreAdj, outputOomScoreAdj)
	}
}

func TestHook(t *testing.T) {
	if testing.Short() {
		return
	}

	config := newTemplateConfig(t, nil)
	expectedBundle := t.TempDir()
	config.Labels = append(config.Labels, "bundle="+expectedBundle)

	getRootfsFromBundle := func(bundle string) (string, error) {
		f, err := os.Open(filepath.Join(bundle, "config.json"))
		if err != nil {
			return "", err
		}

		var config configs.Config
		if err = json.NewDecoder(f).Decode(&config); err != nil {
			return "", err
		}
		return config.Rootfs, nil
	}
	createFileFromBundle := func(filename, bundle string) error {
		root, err := getRootfsFromBundle(bundle)
		if err != nil {
			return err
		}

		f, err := os.Create(filepath.Join(root, filename))
		if err != nil {
			return err
		}
		return f.Close()
	}

	// Note FunctionHooks can't be serialized to json this means they won't be passed down to the container
	// For CreateContainer and StartContainer which run in the container namespace, this means we need to pass Command Hooks.
	hookFiles := map[configs.HookName]string{
		configs.Prestart:        "prestart",
		configs.CreateRuntime:   "createRuntime",
		configs.CreateContainer: "createContainer",
		configs.StartContainer:  "startContainer",
		configs.Poststart:       "poststart",
	}

	config.Hooks = configs.Hooks{
		configs.Prestart: configs.HookList{
			configs.NewFunctionHook(func(s *specs.State) error {
				if s.Bundle != expectedBundle {
					t.Fatalf("Expected prestart hook bundlePath '%s'; got '%s'", expectedBundle, s.Bundle)
				}
				return createFileFromBundle(hookFiles[configs.Prestart], s.Bundle)
			}),
		},
		configs.CreateRuntime: configs.HookList{
			configs.NewFunctionHook(func(s *specs.State) error {
				if s.Bundle != expectedBundle {
					t.Fatalf("Expected createRuntime hook bundlePath '%s'; got '%s'", expectedBundle, s.Bundle)
				}
				return createFileFromBundle(hookFiles[configs.CreateRuntime], s.Bundle)
			}),
		},
		configs.CreateContainer: configs.HookList{
			configs.NewCommandHook(&configs.Command{
				Path: "/bin/bash",
				Args: []string{"/bin/bash", "-c", fmt.Sprintf("touch ./%s", hookFiles[configs.CreateContainer])},
			}),
		},
		configs.StartContainer: configs.HookList{
			configs.NewCommandHook(&configs.Command{
				Path: "/bin/sh",
				Args: []string{"/bin/sh", "-c", fmt.Sprintf("touch /%s", hookFiles[configs.StartContainer])},
			}),
		},
		configs.Poststart: configs.HookList{
			configs.NewFunctionHook(func(s *specs.State) error {
				if s.Bundle != expectedBundle {
					t.Fatalf("Expected poststart hook bundlePath '%s'; got '%s'", expectedBundle, s.Bundle)
				}
				return createFileFromBundle(hookFiles[configs.Poststart], s.Bundle)
			}),
		},
		configs.Poststop: configs.HookList{
			configs.NewFunctionHook(func(s *specs.State) error {
				if s.Bundle != expectedBundle {
					t.Fatalf("Expected poststop hook bundlePath '%s'; got '%s'", expectedBundle, s.Bundle)
				}

				root, err := getRootfsFromBundle(s.Bundle)
				if err != nil {
					return err
				}

				for _, hook := range hookFiles {
					if err = os.RemoveAll(filepath.Join(root, hook)); err != nil {
						return err
					}
				}
				return nil
			}),
		},
	}

	// write config of json format into config.json under bundle
	f, err := os.OpenFile(filepath.Join(expectedBundle, "config.json"), os.O_CREATE|os.O_RDWR, 0o644)
	ok(t, err)
	ok(t, json.NewEncoder(f).Encode(config))

	container, err := newContainer(t, config)
	ok(t, err)

	// e.g: 'ls /prestart ...'
	cmd := "ls "
	for _, hook := range hookFiles {
		cmd += "/" + hook + " "
	}

	var stdout bytes.Buffer
	pconfig := libcontainer.Process{
		Cwd:    "/",
		Args:   []string{"sh", "-c", cmd},
		Env:    standardEnvironment,
		Stdin:  nil,
		Stdout: &stdout,
		Init:   true,
	}
	err = container.Run(&pconfig)
	ok(t, err)

	// Wait for process
	waitProcess(&pconfig, t)

	if err := container.Destroy(); err != nil {
		t.Fatalf("container destroy %s", err)
	}

	for _, hook := range []string{"prestart", "createRuntime", "poststart"} {
		fi, err := os.Stat(filepath.Join(config.Rootfs, hook))
		if err == nil || !os.IsNotExist(err) {
			t.Fatalf("expected file '%s to not exists, but it does", fi.Name())
		}
	}
}

func TestSTDIOPermissions(t *testing.T) {
	if testing.Short() {
		return
	}

	config := newTemplateConfig(t, nil)
	buffers := runContainerOk(t, config, "sh", "-c", "echo hi > /dev/stderr")

	if actual := strings.Trim(buffers.Stderr.String(), "\n"); actual != "hi" {
		t.Fatalf("stderr should equal be equal %q %q", actual, "hi")
	}
}

func unmountOp(path string) {
	_ = unix.Unmount(path, unix.MNT_DETACH)
}

// Launch container with rootfsPropagation in rslave mode. Also
// bind mount a volume /mnt1host at /mnt1cont at the time of launch. Now do
// another mount on host (/mnt1host/mnt2host) and this new mount should
// propagate to container (/mnt1cont/mnt2host)
func TestRootfsPropagationSlaveMount(t *testing.T) {
	var mountPropagated bool
	var dir1cont string
	var dir2cont string

	dir1cont = "/root/mnt1cont"

	if testing.Short() {
		return
	}
	config := newTemplateConfig(t, nil)
	config.RootPropagation = unix.MS_SLAVE | unix.MS_REC

	// Bind mount a volume.
	dir1host := t.TempDir()

	// Make this dir a "shared" mount point. This will make sure a
	// slave relationship can be established in container.
	err := unix.Mount(dir1host, dir1host, "bind", unix.MS_BIND|unix.MS_REC, "")
	ok(t, err)
	err = unix.Mount("", dir1host, "", unix.MS_SHARED|unix.MS_REC, "")
	ok(t, err)
	defer unmountOp(dir1host)

	config.Mounts = append(config.Mounts, &configs.Mount{
		Source:      dir1host,
		Destination: dir1cont,
		Device:      "bind",
		Flags:       unix.MS_BIND | unix.MS_REC,
	})

	container, err := newContainer(t, config)
	ok(t, err)
	defer destroyContainer(container)

	stdinR, stdinW, err := os.Pipe()
	ok(t, err)

	pconfig := &libcontainer.Process{
		Cwd:   "/",
		Args:  []string{"cat"},
		Env:   standardEnvironment,
		Stdin: stdinR,
		Init:  true,
	}

	err = container.Run(pconfig)
	_ = stdinR.Close()
	defer stdinW.Close()
	ok(t, err)

	// Create mnt2host under dir1host and bind mount itself on top of it.
	// This should be visible in container.
	dir2host := filepath.Join(dir1host, "mnt2host")
	err = os.Mkdir(dir2host, 0o700)
	ok(t, err)
	defer remove(dir2host)

	err = unix.Mount(dir2host, dir2host, "bind", unix.MS_BIND, "")
	defer unmountOp(dir2host)
	ok(t, err)

	// Run "cat /proc/self/mountinfo" in container and look at mount points.
	var stdout2 bytes.Buffer

	stdinR2, stdinW2, err := os.Pipe()
	ok(t, err)

	pconfig2 := &libcontainer.Process{
		Cwd:    "/",
		Args:   []string{"cat", "/proc/self/mountinfo"},
		Env:    standardEnvironment,
		Stdin:  stdinR2,
		Stdout: &stdout2,
	}

	err = container.Run(pconfig2)
	_ = stdinR2.Close()
	defer stdinW2.Close()
	ok(t, err)

	_ = stdinW2.Close()
	waitProcess(pconfig2, t)
	_ = stdinW.Close()
	waitProcess(pconfig, t)

	mountPropagated = false
	dir2cont = filepath.Join(dir1cont, filepath.Base(dir2host))

	propagationInfo := stdout2.String()
	lines := strings.Split(propagationInfo, "\n")
	for _, l := range lines {
		linefields := strings.Split(l, " ")
		if len(linefields) < 5 {
			continue
		}

		if linefields[4] == dir2cont {
			mountPropagated = true
			break
		}
	}

	if mountPropagated != true {
		t.Fatalf("Mount on host %s did not propagate in container at %s\n", dir2host, dir2cont)
	}
}

// Launch container with rootfsPropagation 0 so no propagation flags are
// applied. Also bind mount a volume /mnt1host at /mnt1cont at the time of
// launch. Now do a mount in container (/mnt1cont/mnt2cont) and this new
// mount should propagate to host (/mnt1host/mnt2cont)

func TestRootfsPropagationSharedMount(t *testing.T) {
	var dir1cont string
	var dir2cont string

	dir1cont = "/root/mnt1cont"

	if testing.Short() {
		return
	}
	config := newTemplateConfig(t, nil)
	config.RootPropagation = unix.MS_PRIVATE

	// Bind mount a volume.
	dir1host := t.TempDir()

	// Make this dir a "shared" mount point. This will make sure a
	// shared relationship can be established in container.
	err := unix.Mount(dir1host, dir1host, "bind", unix.MS_BIND|unix.MS_REC, "")
	ok(t, err)
	err = unix.Mount("", dir1host, "", unix.MS_SHARED|unix.MS_REC, "")
	ok(t, err)
	defer unmountOp(dir1host)

	config.Mounts = append(config.Mounts, &configs.Mount{
		Source:      dir1host,
		Destination: dir1cont,
		Device:      "bind",
		Flags:       unix.MS_BIND | unix.MS_REC,
	})

	container, err := newContainer(t, config)
	ok(t, err)
	defer destroyContainer(container)

	stdinR, stdinW, err := os.Pipe()
	ok(t, err)

	pconfig := &libcontainer.Process{
		Cwd:   "/",
		Args:  []string{"cat"},
		Env:   standardEnvironment,
		Stdin: stdinR,
		Init:  true,
	}

	err = container.Run(pconfig)
	_ = stdinR.Close()
	defer stdinW.Close()
	ok(t, err)

	// Create mnt2cont under dir1host. This will become visible inside container
	// at mnt1cont/mnt2cont. Bind mount itself on top of it. This
	// should be visible on host now.
	dir2host := filepath.Join(dir1host, "mnt2cont")
	err = os.Mkdir(dir2host, 0o700)
	ok(t, err)
	defer remove(dir2host)

	dir2cont = filepath.Join(dir1cont, filepath.Base(dir2host))

	// Mount something in container and see if it is visible on host.
	var stdout2 bytes.Buffer

	stdinR2, stdinW2, err := os.Pipe()
	ok(t, err)

	pconfig2 := &libcontainer.Process{
		Cwd:          "/",
		Args:         []string{"mount", "--bind", dir2cont, dir2cont},
		Env:          standardEnvironment,
		Stdin:        stdinR2,
		Stdout:       &stdout2,
		Capabilities: &configs.Capabilities{},
	}

	// Provide CAP_SYS_ADMIN
	pconfig2.Capabilities.Bounding = append(config.Capabilities.Bounding, "CAP_SYS_ADMIN")
	pconfig2.Capabilities.Permitted = append(config.Capabilities.Permitted, "CAP_SYS_ADMIN")
	pconfig2.Capabilities.Effective = append(config.Capabilities.Effective, "CAP_SYS_ADMIN")

	err = container.Run(pconfig2)
	_ = stdinR2.Close()
	defer stdinW2.Close()
	ok(t, err)

	// Wait for process
	_ = stdinW2.Close()
	waitProcess(pconfig2, t)
	_ = stdinW.Close()
	waitProcess(pconfig, t)

	defer unmountOp(dir2host)

	// Check if mount is visible on host or not.
	out, err := exec.Command("findmnt", "-n", "-f", "-oTARGET", dir2host).CombinedOutput()
	outtrim := string(bytes.TrimSpace(out))
	if err != nil {
		t.Logf("findmnt error %q: %q", err, outtrim)
	}

	if outtrim != dir2host {
		t.Fatalf("Mount in container on %s did not propagate to host on %s. finmnt output=%s", dir2cont, dir2host, outtrim)
	}
}

func TestPIDHost(t *testing.T) {
	if testing.Short() {
		return
	}

	l, err := os.Readlink("/proc/1/ns/pid")
	ok(t, err)

	config := newTemplateConfig(t, nil)
	config.Namespaces.Remove(configs.NEWPID)
	buffers := runContainerOk(t, config, "readlink", "/proc/self/ns/pid")

	if actual := strings.Trim(buffers.Stdout.String(), "\n"); actual != l {
		t.Fatalf("ipc link not equal to host link %q %q", actual, l)
	}
}

func TestHostPidnsInitKill(t *testing.T) {
	config := newTemplateConfig(t, nil)
	// Implicitly use host pid ns.
	config.Namespaces.Remove(configs.NEWPID)
	testPidnsInitKill(t, config)
}

func TestSharedPidnsInitKill(t *testing.T) {
	config := newTemplateConfig(t, nil)
	// Explicitly use host pid ns.
	config.Namespaces.Add(configs.NEWPID, "/proc/1/ns/pid")
	testPidnsInitKill(t, config)
}

func testPidnsInitKill(t *testing.T, config *configs.Config) {
	if testing.Short() {
		return
	}

	// Run a container with two long-running processes.
	container, err := newContainer(t, config)
	ok(t, err)
	defer destroyContainer(container)

	process1 := &libcontainer.Process{
		Cwd:  "/",
		Args: []string{"sleep", "1h"},
		Env:  standardEnvironment,
		Init: true,
	}
	err = container.Run(process1)
	ok(t, err)

	process2 := &libcontainer.Process{
		Cwd:  "/",
		Args: []string{"sleep", "1h"},
		Env:  standardEnvironment,
		Init: false,
	}
	err = container.Run(process2)
	ok(t, err)

	// Kill the container.
	err = container.Signal(syscall.SIGKILL)
	ok(t, err)
	_, err = process1.Wait()
	if err == nil {
		t.Fatal("expected Wait to indicate failure")
	}

	// The non-init process must've also been killed. If not,
	// the test will time out.
	_, err = process2.Wait()
	if err == nil {
		t.Fatal("expected Wait to indicate failure")
	}
}

func TestInitJoinPID(t *testing.T) {
	if testing.Short() {
		return
	}
	// Execute a long-running container
	config1 := newTemplateConfig(t, nil)
	container1, err := newContainer(t, config1)
	ok(t, err)
	defer destroyContainer(container1)

	stdinR1, stdinW1, err := os.Pipe()
	ok(t, err)
	init1 := &libcontainer.Process{
		Cwd:   "/",
		Args:  []string{"cat"},
		Env:   standardEnvironment,
		Stdin: stdinR1,
		Init:  true,
	}
	err = container1.Run(init1)
	_ = stdinR1.Close()
	defer stdinW1.Close()
	ok(t, err)

	// get the state of the first container
	state1, err := container1.State()
	ok(t, err)
	pidns1 := state1.NamespacePaths[configs.NEWPID]

	// Run a container inside the existing pidns but with different cgroups
	config2 := newTemplateConfig(t, nil)
	config2.Namespaces.Add(configs.NEWPID, pidns1)
	config2.Cgroups.Path = "integration/test2"
	container2, err := newContainer(t, config2)
	ok(t, err)
	defer destroyContainer(container2)

	stdinR2, stdinW2, err := os.Pipe()
	ok(t, err)
	init2 := &libcontainer.Process{
		Cwd:   "/",
		Args:  []string{"cat"},
		Env:   standardEnvironment,
		Stdin: stdinR2,
		Init:  true,
	}
	err = container2.Run(init2)
	_ = stdinR2.Close()
	defer stdinW2.Close()
	ok(t, err)
	// get the state of the second container
	state2, err := container2.State()
	ok(t, err)

	ns1, err := os.Readlink(fmt.Sprintf("/proc/%d/ns/pid", state1.InitProcessPid))
	ok(t, err)
	ns2, err := os.Readlink(fmt.Sprintf("/proc/%d/ns/pid", state2.InitProcessPid))
	ok(t, err)
	if ns1 != ns2 {
		t.Errorf("pidns(%s), wanted %s", ns2, ns1)
	}

	// check that namespaces are not the same
	if reflect.DeepEqual(state2.NamespacePaths, state1.NamespacePaths) {
		t.Errorf("Namespaces(%v), original %v", state2.NamespacePaths,
			state1.NamespacePaths)
	}
	// check that pidns is joined correctly. The initial container process list
	// should contain the second container's init process
	buffers := newStdBuffers()
	ps := &libcontainer.Process{
		Cwd:    "/",
		Args:   []string{"ps"},
		Env:    standardEnvironment,
		Stdout: buffers.Stdout,
	}
	err = container1.Run(ps)
	ok(t, err)
	waitProcess(ps, t)

	// Stop init processes one by one. Stop the second container should
	// not stop the first.
	_ = stdinW2.Close()
	waitProcess(init2, t)
	_ = stdinW1.Close()
	waitProcess(init1, t)

	out := strings.TrimSpace(buffers.Stdout.String())
	// output of ps inside the initial PID namespace should have
	// 1 line of header,
	// 2 lines of init processes,
	// 1 line of ps process
	if len(strings.Split(out, "\n")) != 4 {
		t.Errorf("unexpected running process, output %q", out)
	}
}

func TestInitJoinNetworkAndUser(t *testing.T) {
	needUserNS(t)
	if testing.Short() {
		return
	}

	// Execute a long-running container
	config1 := newTemplateConfig(t, &tParam{userns: true})
	container1, err := newContainer(t, config1)
	ok(t, err)
	defer destroyContainer(container1)

	stdinR1, stdinW1, err := os.Pipe()
	ok(t, err)
	init1 := &libcontainer.Process{
		Cwd:   "/",
		Args:  []string{"cat"},
		Env:   standardEnvironment,
		Stdin: stdinR1,
		Init:  true,
	}
	err = container1.Run(init1)
	_ = stdinR1.Close()
	defer stdinW1.Close()
	ok(t, err)

	// get the state of the first container
	state1, err := container1.State()
	ok(t, err)
	netns1 := state1.NamespacePaths[configs.NEWNET]
	userns1 := state1.NamespacePaths[configs.NEWUSER]

	// Run a container inside the existing pidns but with different cgroups.
	config2 := newTemplateConfig(t, &tParam{userns: true})
	config2.Namespaces.Add(configs.NEWNET, netns1)
	config2.Namespaces.Add(configs.NEWUSER, userns1)
	// Emulate specconv.setupUserNamespace().
	uidMap, gidMap, err := userns.GetUserNamespaceMappings(userns1)
	ok(t, err)
	config2.UIDMappings = uidMap
	config2.GIDMappings = gidMap
	config2.Cgroups.Path = "integration/test2"
	container2, err := newContainer(t, config2)
	ok(t, err)
	defer destroyContainer(container2)

	stdinR2, stdinW2, err := os.Pipe()
	ok(t, err)
	init2 := &libcontainer.Process{
		Cwd:   "/",
		Args:  []string{"cat"},
		Env:   standardEnvironment,
		Stdin: stdinR2,
		Init:  true,
	}
	err = container2.Run(init2)
	_ = stdinR2.Close()
	defer stdinW2.Close()
	ok(t, err)

	// get the state of the second container
	state2, err := container2.State()
	ok(t, err)

	for _, ns := range []string{"net", "user"} {
		ns1, err := os.Readlink(fmt.Sprintf("/proc/%d/ns/%s", state1.InitProcessPid, ns))
		ok(t, err)
		ns2, err := os.Readlink(fmt.Sprintf("/proc/%d/ns/%s", state2.InitProcessPid, ns))
		ok(t, err)
		if ns1 != ns2 {
			t.Errorf("%s(%s), wanted %s", ns, ns2, ns1)
		}
	}

	// check that namespaces are not the same
	if reflect.DeepEqual(state2.NamespacePaths, state1.NamespacePaths) {
		t.Errorf("Namespaces(%v), original %v", state2.NamespacePaths,
			state1.NamespacePaths)
	}
	// Stop init processes one by one. Stop the second container should
	// not stop the first.
	_ = stdinW2.Close()
	waitProcess(init2, t)
	_ = stdinW1.Close()
	waitProcess(init1, t)
}

func TestTmpfsCopyUp(t *testing.T) {
	if testing.Short() {
		return
	}

	config := newTemplateConfig(t, nil)
	config.Mounts = append(config.Mounts, &configs.Mount{
		Source:      "tmpfs",
		Destination: "/etc",
		Device:      "tmpfs",
		Extensions:  configs.EXT_COPYUP,
	})

	container, err := newContainer(t, config)
	ok(t, err)
	defer destroyContainer(container)

	var stdout bytes.Buffer
	pconfig := libcontainer.Process{
		Args:   []string{"ls", "/etc/passwd"},
		Env:    standardEnvironment,
		Stdin:  nil,
		Stdout: &stdout,
		Init:   true,
	}
	err = container.Run(&pconfig)
	ok(t, err)

	// Wait for process
	waitProcess(&pconfig, t)

	outputLs := stdout.String()

	// Check that the ls output has /etc/passwd
	if !strings.Contains(outputLs, "/etc/passwd") {
		t.Fatalf("/etc/passwd not copied up as expected: %v", outputLs)
	}
}

func TestCGROUPPrivate(t *testing.T) {
	if _, err := os.Stat("/proc/self/ns/cgroup"); os.IsNotExist(err) {
		t.Skip("Test requires cgroupns.")
	}
	if testing.Short() {
		return
	}

	l, err := os.Readlink("/proc/1/ns/cgroup")
	ok(t, err)

	config := newTemplateConfig(t, nil)
	config.Namespaces.Add(configs.NEWCGROUP, "")
	buffers := runContainerOk(t, config, "readlink", "/proc/self/ns/cgroup")

	if actual := strings.Trim(buffers.Stdout.String(), "\n"); actual == l {
		t.Fatalf("cgroup link should be private to the container but equals host %q %q", actual, l)
	}
}

func TestCGROUPHost(t *testing.T) {
	if _, err := os.Stat("/proc/self/ns/cgroup"); os.IsNotExist(err) {
		t.Skip("Test requires cgroupns.")
	}
	if testing.Short() {
		return
	}

	l, err := os.Readlink("/proc/1/ns/cgroup")
	ok(t, err)

	config := newTemplateConfig(t, nil)
	buffers := runContainerOk(t, config, "readlink", "/proc/self/ns/cgroup")

	if actual := strings.Trim(buffers.Stdout.String(), "\n"); actual != l {
		t.Fatalf("cgroup link not equal to host link %q %q", actual, l)
	}
}

func TestFdLeaks(t *testing.T) {
	testFdLeaks(t, false)
}

func TestFdLeaksSystemd(t *testing.T) {
	if !systemd.IsRunningSystemd() {
		t.Skip("Test requires systemd.")
	}
	testFdLeaks(t, true)
}

func fdList(t *testing.T) []string {
	procSelfFd, closer := utils.ProcThreadSelf("fd")
	defer closer()

	fdDir, err := os.Open(procSelfFd)
	ok(t, err)
	defer fdDir.Close()

	fds, err := fdDir.Readdirnames(-1)
	ok(t, err)

	return fds
}

func testFdLeaks(t *testing.T, systemd bool) {
	if testing.Short() {
		return
	}

	config := newTemplateConfig(t, &tParam{systemd: systemd})
	// Run a container once to exclude file descriptors that are only
	// opened once during the process lifetime by the library and are
	// never closed. Those are not considered leaks.
	//
	// Examples of this open-once file descriptors are:
	//  - /sys/fs/cgroup dirfd opened by prepareOpenat2 in libct/cgroups;
	//  - dbus connection opened by getConnection in libct/cgroups/systemd.
	runContainerOk(t, config, "true")
	fds0 := fdList(t)

	runContainerOk(t, config, "true")
	fds1 := fdList(t)

	if reflect.DeepEqual(fds0, fds1) {
		return
	}
	// Show the extra opened files.

	excludedPaths := []string{
		"anon_inode:bpf-prog", // FIXME: see https://github.com/opencontainers/runc/issues/2366#issuecomment-776411392
	}

	count := 0

	procSelfFd, closer := utils.ProcThreadSelf("fd/")
	defer closer()

next_fd:
	for _, fd1 := range fds1 {
		for _, fd0 := range fds0 {
			if fd0 == fd1 {
				continue next_fd
			}
		}
		dst, _ := os.Readlink(filepath.Join(procSelfFd, fd1))
		for _, ex := range excludedPaths {
			if ex == dst {
				continue next_fd
			}
		}

		count++
		t.Logf("extra fd %s -> %s", fd1, dst)
	}
	if count > 0 {
		t.Fatalf("found %d extra fds after container.Run", count)
	}
}

// Test that a container using user namespaces is able to bind mount a folder
// that does not have permissions for group/others.
func TestBindMountAndUser(t *testing.T) {
	needUserNS(t)
	if testing.Short() {
		return
	}

	temphost := t.TempDir()
	dirhost := filepath.Join(temphost, "inaccessible", "dir")

	err := os.MkdirAll(dirhost, 0o755)
	ok(t, err)

	err = os.WriteFile(filepath.Join(dirhost, "foo.txt"), []byte("Hello"), 0o755)
	ok(t, err)

	// Make this dir inaccessible to "group,others".
	err = os.Chmod(filepath.Join(temphost, "inaccessible"), 0o700)
	ok(t, err)

	config := newTemplateConfig(t, &tParam{
		userns: true,
	})

	// Set HostID to 1000 to avoid DAC_OVERRIDE bypassing the purpose of this test.
	config.UIDMappings[0].HostID = 1000
	config.GIDMappings[0].HostID = 1000

	// Set the owner of rootfs to the effective IDs in the host to avoid errors
	// while creating the folders to perform the mounts.
	err = os.Chown(config.Rootfs, 1000, 1000)
	ok(t, err)

	config.Mounts = append(config.Mounts, &configs.Mount{
		Source:      dirhost,
		Destination: "/tmp/mnt1cont",
		Device:      "bind",
		Flags:       unix.MS_BIND | unix.MS_REC,
	})

	container, err := newContainer(t, config)
	ok(t, err)
	defer destroyContainer(container)

	var stdout bytes.Buffer

	pconfig := libcontainer.Process{
		Cwd:    "/",
		Args:   []string{"sh", "-c", "stat /tmp/mnt1cont/foo.txt"},
		Env:    standardEnvironment,
		Stdout: &stdout,
		Init:   true,
	}
	err = container.Run(&pconfig)
	ok(t, err)

	waitProcess(&pconfig, t)
}



### libcontainer/criu_linux.go
//go:build !runc_nocriu

package libcontainer

import (
	"bufio"
	"bytes"
	"encoding/json"
	"errors"
	"fmt"
	"net"
	"os"
	"os/exec"
	"path/filepath"
	"reflect"
	"strings"
	"time"

	"github.com/checkpoint-restore/go-criu/v7"
	criurpc "github.com/checkpoint-restore/go-criu/v7/rpc"
	securejoin "github.com/cyphar/filepath-securejoin"
	"github.com/sirupsen/logrus"
	"golang.org/x/sys/unix"
	"google.golang.org/protobuf/proto"

	"github.com/opencontainers/cgroups"
	"github.com/opencontainers/runc/libcontainer/configs"
	"github.com/opencontainers/runc/libcontainer/utils"
)

var criuFeatures *criurpc.CriuFeatures

var ErrCriuMissingFeatures = errors.New("criu is missing features")

func (c *Container) checkCriuFeatures(criuOpts *CriuOpts, criuFeat *criurpc.CriuFeatures) error {
	t := criurpc.CriuReqType_FEATURE_CHECK

	// make sure the features we are looking for are really not from
	// some previous check
	criuFeatures = nil

	req := &criurpc.CriuReq{
		Type:     &t,
		Features: criuFeat,
	}

	err := c.criuSwrk(nil, req, criuOpts, nil)
	if err != nil {
		return fmt.Errorf("CRIU feature check failed: %w", err)
	}

	var missingFeatures []string

	// The outer if checks if the fields actually exist
	if (criuFeat.MemTrack != nil) &&
		(criuFeatures.MemTrack != nil) {
		// The inner if checks if they are set to true
		if *criuFeat.MemTrack && !*criuFeatures.MemTrack {
			missingFeatures = append(missingFeatures, "MemTrack")
			logrus.Debugf("CRIU does not support MemTrack")
		}
	}

	// This needs to be repeated for every new feature check.
	// Is there a way to put this in a function. Reflection?
	if (criuFeat.LazyPages != nil) &&
		(criuFeatures.LazyPages != nil) {
		if *criuFeat.LazyPages && !*criuFeatures.LazyPages {
			missingFeatures = append(missingFeatures, "LazyPages")
			logrus.Debugf("CRIU does not support LazyPages")
		}
	}

	if len(missingFeatures) != 0 {
		return fmt.Errorf("%w: %v", ErrCriuMissingFeatures, missingFeatures)
	}

	return nil
}

func compareCriuVersion(criuVersion int, minVersion int) error {
	// simple function to perform the actual version compare
	if criuVersion < minVersion {
		return fmt.Errorf("CRIU version %d must be %d or higher", criuVersion, minVersion)
	}

	return nil
}

// checkCriuVersion checks CRIU version greater than or equal to minVersion.
func (c *Container) checkCriuVersion(minVersion int) error {
	// If the version of criu has already been determined there is no need
	// to ask criu for the version again. Use the value from c.criuVersion.
	if c.criuVersion != 0 {
		return compareCriuVersion(c.criuVersion, minVersion)
	}

	criu := criu.MakeCriu()
	var err error
	c.criuVersion, err = criu.GetCriuVersion()
	if err != nil {
		return fmt.Errorf("CRIU version check failed: %w", err)
	}

	return compareCriuVersion(c.criuVersion, minVersion)
}

const descriptorsFilename = "descriptors.json"

func (c *Container) addCriuDumpMount(req *criurpc.CriuReq, m *configs.Mount) {
	mountDest := strings.TrimPrefix(m.Destination, c.config.Rootfs)
	if dest, err := securejoin.SecureJoin(c.config.Rootfs, mountDest); err == nil {
		mountDest = dest[len(c.config.Rootfs):]
	}
	extMnt := &criurpc.ExtMountMap{
		Key: proto.String(mountDest),
		Val: proto.String(mountDest),
	}
	req.Opts.ExtMnt = append(req.Opts.ExtMnt, extMnt)
}

func (c *Container) addMaskPaths(req *criurpc.CriuReq) error {
	for _, path := range c.config.MaskPaths {
		fi, err := os.Stat(fmt.Sprintf("/proc/%d/root/%s", c.initProcess.pid(), path))
		if err != nil {
			if os.IsNotExist(err) {
				continue
			}
			return err
		}
		if fi.IsDir() {
			continue
		}

		extMnt := &criurpc.ExtMountMap{
			Key: proto.String(path),
			Val: proto.String("/dev/null"),
		}
		req.Opts.ExtMnt = append(req.Opts.ExtMnt, extMnt)
	}
	return nil
}

func (c *Container) handleCriuConfigurationFile(rpcOpts *criurpc.CriuOpts) {
	// CRIU will evaluate a configuration starting with release 3.11.
	// Settings in the configuration file will overwrite RPC settings.
	// Look for annotations. The annotation 'org.criu.config'
	// specifies if CRIU should use a different, container specific
	// configuration file.
	configFile, exists := utils.SearchLabels(c.config.Labels, "org.criu.config")
	if exists {
		// If the annotation 'org.criu.config' exists and is set
		// to a non-empty string, tell CRIU to use that as a
		// configuration file. If the file does not exist, CRIU
		// will just ignore it.
		if configFile != "" {
			rpcOpts.ConfigFile = proto.String(configFile)
		}
		// If 'org.criu.config' exists and is set to an empty
		// string, a runc specific CRIU configuration file will
		// be not set at all.
	} else {
		// If the mentioned annotation has not been found, specify
		// a default CRIU configuration file.
		rpcOpts.ConfigFile = proto.String("/etc/criu/runc.conf")
	}
}

func (c *Container) criuSupportsExtNS(t configs.NamespaceType) bool {
	var minVersion int
	switch t {
	case configs.NEWNET:
		// CRIU supports different external namespace with different released CRIU versions.
		// For network namespaces to work we need at least criu 3.11.0 => 31100.
		minVersion = 31100
	case configs.NEWPID:
		// For PID namespaces criu 31500 is needed.
		minVersion = 31500
	default:
		return false
	}
	return c.checkCriuVersion(minVersion) == nil
}

func criuNsToKey(t configs.NamespaceType) string {
	return "extRoot" + strings.Title(configs.NsName(t)) + "NS" //nolint:staticcheck // SA1019: strings.Title is deprecated
}

func (c *Container) handleCheckpointingExternalNamespaces(rpcOpts *criurpc.CriuOpts, t configs.NamespaceType) error {
	if !c.criuSupportsExtNS(t) {
		return fmt.Errorf("criu lacks support for external %s namespace during checkpointing process (old criu version?)", configs.NsName(t))
	}

	nsPath := c.config.Namespaces.PathOf(t)
	if nsPath == "" {
		return nil
	}
	// CRIU expects the information about an external namespace
	// like this: --external <TYPE>[<inode>]:<key>
	// This <key> is always 'extRoot<TYPE>NS'.
	var ns unix.Stat_t
	if err := unix.Stat(nsPath, &ns); err != nil {
		return err
	}
	criuExternal := fmt.Sprintf("%s[%d]:%s", configs.NsName(t), ns.Ino, criuNsToKey(t))
	rpcOpts.External = append(rpcOpts.External, criuExternal)

	return nil
}

func (c *Container) handleRestoringNamespaces(rpcOpts *criurpc.CriuOpts, extraFiles *[]*os.File) error {
	for _, ns := range c.config.Namespaces {
		switch ns.Type {
		case configs.NEWNET, configs.NEWPID:
			// If the container is running in a network or PID namespace and has
			// a path to the network or PID namespace configured, we will dump
			// that network or PID namespace as an external namespace and we
			// will expect that the namespace exists during restore.
			// This basically means that CRIU will ignore the namespace
			// and expect it to be setup correctly.
			if err := c.handleRestoringExternalNamespaces(rpcOpts, extraFiles, ns.Type); err != nil {
				return err
			}
		default:
			// For all other namespaces except NET and PID CRIU has
			// a simpler way of joining the existing namespace if set
			nsPath := c.config.Namespaces.PathOf(ns.Type)
			if nsPath == "" {
				continue
			}
			if ns.Type == configs.NEWCGROUP {
				// CRIU has no code to handle NEWCGROUP
				return fmt.Errorf("Do not know how to handle namespace %v", ns.Type)
			}
			// CRIU has code to handle NEWTIME, but it does not seem to be defined in runc

			// CRIU will issue a warning for NEWUSER:
			// criu/namespaces.c: 'join-ns with user-namespace is not fully tested and dangerous'
			rpcOpts.JoinNs = append(rpcOpts.JoinNs, &criurpc.JoinNamespace{
				Ns:     proto.String(configs.NsName(ns.Type)),
				NsFile: proto.String(nsPath),
			})
		}
	}

	return nil
}

func (c *Container) handleRestoringExternalNamespaces(rpcOpts *criurpc.CriuOpts, extraFiles *[]*os.File, t configs.NamespaceType) error {
	if !c.criuSupportsExtNS(t) {
		return fmt.Errorf("criu lacks support for external %s namespace during the restoration process (old criu version?)", configs.NsName(t))
	}

	nsPath := c.config.Namespaces.PathOf(t)
	if nsPath == "" {
		return nil
	}
	// CRIU wants the information about an existing namespace
	// like this: --inherit-fd fd[<fd>]:<key>
	// The <key> needs to be the same as during checkpointing.
	// We are always using 'extRoot<TYPE>NS' as the key in this.
	nsFd, err := os.Open(nsPath)
	if err != nil {
		logrus.Errorf("If a specific network namespace is defined it must exist: %s", err)
		return fmt.Errorf("Requested network namespace %v does not exist", nsPath)
	}
	inheritFd := &criurpc.InheritFd{
		Key: proto.String(criuNsToKey(t)),
		// The offset of four is necessary because 0, 1, 2 and 3 are
		// already used by stdin, stdout, stderr, 'criu swrk' socket.
		Fd: proto.Int32(int32(4 + len(*extraFiles))),
	}
	rpcOpts.InheritFd = append(rpcOpts.InheritFd, inheritFd)
	// All open FDs need to be transferred to CRIU via extraFiles
	*extraFiles = append(*extraFiles, nsFd)

	return nil
}

func (c *Container) Checkpoint(criuOpts *CriuOpts) error {
	const logFile = "dump.log"
	c.m.Lock()
	defer c.m.Unlock()

	// Checkpoint is unlikely to work if os.Geteuid() != 0 || system.RunningInUserNS().
	// (CLI prints a warning)
	// TODO(avagin): Figure out how to make this work nicely. CRIU 2.0 has
	//               support for doing unprivileged dumps, but the setup of
	//               rootless containers might make this complicated.

	// We are relying on the CRIU version RPC which was introduced with CRIU 3.0.0
	if err := c.checkCriuVersion(30000); err != nil {
		return err
	}

	if criuOpts.ImagesDirectory == "" {
		return errors.New("invalid directory to save checkpoint")
	}

	cgMode, err := criuCgMode(criuOpts.ManageCgroupsMode)
	if err != nil {
		return err
	}

	// Since a container can be C/R'ed multiple times,
	// the checkpoint directory may already exist.
	if err := os.Mkdir(criuOpts.ImagesDirectory, 0o700); err != nil && !os.IsExist(err) {
		return err
	}

	logDir := criuOpts.ImagesDirectory
	imageDir, err := os.Open(criuOpts.ImagesDirectory)
	if err != nil {
		return err
	}
	defer imageDir.Close()

	rpcOpts := criurpc.CriuOpts{
		ImagesDirFd:       proto.Int32(int32(imageDir.Fd())),
		LogLevel:          proto.Int32(4),
		LogFile:           proto.String(logFile),
		Root:              proto.String(c.config.Rootfs),
		ManageCgroups:     proto.Bool(true), // Obsoleted by ManageCgroupsMode.
		ManageCgroupsMode: &cgMode,
		NotifyScripts:     proto.Bool(true),
		Pid:               proto.Int32(int32(c.initProcess.pid())),
		ShellJob:          proto.Bool(criuOpts.ShellJob),
		LeaveRunning:      proto.Bool(criuOpts.LeaveRunning),
		TcpEstablished:    proto.Bool(criuOpts.TcpEstablished),
		TcpSkipInFlight:   proto.Bool(criuOpts.TcpSkipInFlight),
		LinkRemap:         proto.Bool(criuOpts.LinkRemap),
		ExtUnixSk:         proto.Bool(criuOpts.ExternalUnixConnections),
		FileLocks:         proto.Bool(criuOpts.FileLocks),
		EmptyNs:           proto.Uint32(criuOpts.EmptyNs),
		OrphanPtsMaster:   proto.Bool(true),
		AutoDedup:         proto.Bool(criuOpts.AutoDedup),
		LazyPages:         proto.Bool(criuOpts.LazyPages),
	}

	// if criuOpts.WorkDirectory is not set, criu default is used.
	if criuOpts.WorkDirectory != "" {
		if err := os.Mkdir(criuOpts.WorkDirectory, 0o700); err != nil && !os.IsExist(err) {
			return err
		}
		workDir, err := os.Open(criuOpts.WorkDirectory)
		if err != nil {
			return err
		}
		defer workDir.Close()
		rpcOpts.WorkDirFd = proto.Int32(int32(workDir.Fd()))
		logDir = criuOpts.WorkDirectory
	}

	c.handleCriuConfigurationFile(&rpcOpts)

	// If the container is running in a network namespace and has
	// a path to the network namespace configured, we will dump
	// that network namespace as an external namespace and we
	// will expect that the namespace exists during restore.
	// This basically means that CRIU will ignore the namespace
	// and expect to be setup correctly.
	if err := c.handleCheckpointingExternalNamespaces(&rpcOpts, configs.NEWNET); err != nil {
		return err
	}

	// Same for possible external PID namespaces
	if err := c.handleCheckpointingExternalNamespaces(&rpcOpts, configs.NEWPID); err != nil {
		return err
	}

	// CRIU can use cgroup freezer; when rpcOpts.FreezeCgroup
	// is not set, CRIU uses ptrace() to pause the processes.
	// Note cgroup v2 freezer is only supported since CRIU release 3.14.
	if !cgroups.IsCgroup2UnifiedMode() || c.checkCriuVersion(31400) == nil {
		if fcg := c.cgroupManager.Path("freezer"); fcg != "" {
			rpcOpts.FreezeCgroup = proto.String(fcg)
		}
	}

	// append optional criu opts, e.g., page-server and port
	if criuOpts.PageServer.Address != "" && criuOpts.PageServer.Port != 0 {
		rpcOpts.Ps = &criurpc.CriuPageServerInfo{
			Address: proto.String(criuOpts.PageServer.Address),
			Port:    proto.Int32(criuOpts.PageServer.Port),
		}
	}

	// pre-dump may need parentImage param to complete iterative migration
	if criuOpts.ParentImage != "" {
		rpcOpts.ParentImg = proto.String(criuOpts.ParentImage)
		rpcOpts.TrackMem = proto.Bool(true)
	}

	var t criurpc.CriuReqType
	if criuOpts.PreDump {
		feat := criurpc.CriuFeatures{
			MemTrack: proto.Bool(true),
		}

		if err := c.checkCriuFeatures(criuOpts, &feat); err != nil {
			return err
		}

		t = criurpc.CriuReqType_PRE_DUMP
	} else {
		t = criurpc.CriuReqType_DUMP
	}

	if criuOpts.LazyPages {
		// lazy migration requested; check if criu supports it
		feat := criurpc.CriuFeatures{
			LazyPages: proto.Bool(true),
		}
		if err := c.checkCriuFeatures(criuOpts, &feat); err != nil {
			return err
		}

		if fd := criuOpts.StatusFd; fd != -1 {
			// check that the FD is valid
			flags, err := unix.FcntlInt(uintptr(fd), unix.F_GETFL, 0)
			if err != nil {
				return fmt.Errorf("invalid --status-fd argument %d: %w", fd, err)
			}
			// and writable
			if flags&unix.O_WRONLY == 0 {
				return fmt.Errorf("invalid --status-fd argument %d: not writable", fd)
			}

			if c.checkCriuVersion(31500) != nil {
				// For criu 3.15+, use notifications (see case "status-ready"
				// in criuNotifications). Otherwise, rely on criu status fd.
				rpcOpts.StatusFd = proto.Int32(int32(fd))
			}
		}
	}

	req := &criurpc.CriuReq{
		Type: &t,
		Opts: &rpcOpts,
	}

	// no need to dump all this in pre-dump
	if !criuOpts.PreDump {
		hasCgroupns := c.config.Namespaces.Contains(configs.NEWCGROUP)
		for _, m := range c.config.Mounts {
			switch m.Device {
			case "bind":
				c.addCriuDumpMount(req, m)
			case "cgroup":
				if cgroups.IsCgroup2UnifiedMode() || hasCgroupns {
					// real mount(s)
					continue
				}
				// a set of "external" bind mounts
				binds, err := getCgroupMounts(m)
				if err != nil {
					return err
				}
				for _, b := range binds {
					c.addCriuDumpMount(req, b)
				}
			}
		}

		if err := c.addMaskPaths(req); err != nil {
			return err
		}

		for _, node := range c.config.Devices {
			m := &configs.Mount{Destination: node.Path, Source: node.Path}
			c.addCriuDumpMount(req, m)
		}

		// Write the FD info to a file in the image directory
		fdsJSON, err := json.Marshal(c.initProcess.externalDescriptors())
		if err != nil {
			return err
		}

		err = os.WriteFile(filepath.Join(criuOpts.ImagesDirectory, descriptorsFilename), fdsJSON, 0o600)
		if err != nil {
			return err
		}
	}

	err = c.criuSwrk(nil, req, criuOpts, nil)
	if err != nil {
		logCriuErrors(logDir, logFile)
		return err
	}
	return nil
}

func (c *Container) addCriuRestoreMount(req *criurpc.CriuReq, m *configs.Mount) {
	mountDest := strings.TrimPrefix(m.Destination, c.config.Rootfs)
	if dest, err := securejoin.SecureJoin(c.config.Rootfs, mountDest); err == nil {
		mountDest = dest[len(c.config.Rootfs):]
	}
	extMnt := &criurpc.ExtMountMap{
		Key: proto.String(mountDest),
		Val: proto.String(m.Source),
	}
	req.Opts.ExtMnt = append(req.Opts.ExtMnt, extMnt)
}

func (c *Container) restoreNetwork(req *criurpc.CriuReq, criuOpts *CriuOpts) {
	for _, iface := range c.config.Networks {
		switch iface.Type {
		case "veth":
			veth := new(criurpc.CriuVethPair)
			veth.IfOut = proto.String(iface.HostInterfaceName)
			veth.IfIn = proto.String(iface.Name)
			req.Opts.Veths = append(req.Opts.Veths, veth)
		case "loopback":
			// Do nothing
		}
	}
	for _, i := range criuOpts.VethPairs {
		veth := new(criurpc.CriuVethPair)
		veth.IfOut = proto.String(i.HostInterfaceName)
		veth.IfIn = proto.String(i.ContainerInterfaceName)
		req.Opts.Veths = append(req.Opts.Veths, veth)
	}
}

// makeCriuRestoreMountpoints makes the actual mountpoints for the
// restore using CRIU. This function is inspired from the code in
// rootfs_linux.go.
func (c *Container) makeCriuRestoreMountpoints(m *configs.Mount) error {
	if m.Device == "cgroup" {
		// No mount point(s) need to be created:
		//
		// * for v1, mount points are saved by CRIU because
		//   /sys/fs/cgroup is a tmpfs mount
		//
		// * for v2, /sys/fs/cgroup is a real mount, but
		//   the mountpoint appears as soon as /sys is mounted
		return nil
	}
	// TODO: pass srcFD? Not sure if criu is impacted by issue #2484.
	me := mountEntry{Mount: m}
	// For all other filesystems, just make the target.
	if _, err := createMountpoint(c.config.Rootfs, me); err != nil {
		return fmt.Errorf("create criu restore mountpoint for %s mount: %w", me.Destination, err)
	}
	return nil
}

// isPathInPrefixList is a small function for CRIU restore to make sure
// mountpoints, which are on a tmpfs, are not created in the roofs.
func isPathInPrefixList(path string, prefix []string) bool {
	for _, p := range prefix {
		if strings.HasPrefix(path, p+"/") {
			return true
		}
	}
	return false
}

// prepareCriuRestoreMounts tries to set up the rootfs of the
// container to be restored in the same way runc does it for
// initial container creation. Even for a read-only rootfs container
// runc modifies the rootfs to add mountpoints which do not exist.
// This function also creates missing mountpoints as long as they
// are not on top of a tmpfs, as CRIU will restore tmpfs content anyway.
func (c *Container) prepareCriuRestoreMounts(mounts []*configs.Mount) error {
	// First get a list of a all tmpfs mounts
	tmpfs := []string{}
	for _, m := range mounts {
		switch m.Device {
		case "tmpfs":
			tmpfs = append(tmpfs, m.Destination)
		}
	}
	// Now go through all mounts and create the mountpoints
	// if the mountpoints are not on a tmpfs, as CRIU will
	// restore the complete tmpfs content from its checkpoint.
	umounts := []string{}
	defer func() {
		for _, u := range umounts {
			_ = utils.WithProcfd(c.config.Rootfs, u, func(procfd string) error {
				if e := unix.Unmount(procfd, unix.MNT_DETACH); e != nil {
					if e != unix.EINVAL {
						// Ignore EINVAL as it means 'target is not a mount point.'
						// It probably has already been unmounted.
						logrus.Warnf("Error during cleanup unmounting of %s (%s): %v", procfd, u, e)
					}
				}
				return nil
			})
		}
	}()
	for _, m := range mounts {
		if !isPathInPrefixList(m.Destination, tmpfs) {
			if err := c.makeCriuRestoreMountpoints(m); err != nil {
				return err
			}
			// If the mount point is a bind mount, we need to mount
			// it now so that runc can create the necessary mount
			// points for mounts in bind mounts.
			// This also happens during initial container creation.
			// Without this CRIU restore will fail
			// See: https://github.com/opencontainers/runc/issues/2748
			// It is also not necessary to order the mount points
			// because during initial container creation mounts are
			// set up in the order they are configured.
			if m.Device == "bind" {
				if err := utils.WithProcfd(c.config.Rootfs, m.Destination, func(dstFd string) error {
					return mountViaFds(m.Source, nil, m.Destination, dstFd, "", unix.MS_BIND|unix.MS_REC, "")
				}); err != nil {
					return err
				}
				umounts = append(umounts, m.Destination)
			}
		}
	}
	return nil
}

// Restore restores the checkpointed container to a running state using the
// criu(8) utility.
func (c *Container) Restore(process *Process, criuOpts *CriuOpts) error {
	const logFile = "restore.log"
	c.m.Lock()
	defer c.m.Unlock()

	var extraFiles []*os.File

	// Restore is unlikely to work if os.Geteuid() != 0 || system.RunningInUserNS().
	// (CLI prints a warning)
	// TODO(avagin): Figure out how to make this work nicely. CRIU doesn't have
	//               support for unprivileged restore at the moment.

	// We are relying on the CRIU version RPC which was introduced with CRIU 3.0.0
	if err := c.checkCriuVersion(30000); err != nil {
		return err
	}
	if criuOpts.ImagesDirectory == "" {
		return errors.New("invalid directory to restore checkpoint")
	}

	cgMode, err := criuCgMode(criuOpts.ManageCgroupsMode)
	if err != nil {
		return err
	}

	logDir := criuOpts.ImagesDirectory
	imageDir, err := os.Open(criuOpts.ImagesDirectory)
	if err != nil {
		return err
	}
	defer imageDir.Close()
	// CRIU has a few requirements for a root directory:
	// * it must be a mount point
	// * its parent must not be overmounted
	// c.config.Rootfs is bind-mounted to a temporary directory
	// to satisfy these requirements.
	root := filepath.Join(c.stateDir, "criu-root")
	if err := os.Mkdir(root, 0o755); err != nil {
		return err
	}
	defer os.Remove(root)
	root, err = filepath.EvalSymlinks(root)
	if err != nil {
		return err
	}
	err = mount(c.config.Rootfs, root, "", unix.MS_BIND|unix.MS_REC, "")
	if err != nil {
		return err
	}
	defer unix.Unmount(root, unix.MNT_DETACH) //nolint: errcheck
	t := criurpc.CriuReqType_RESTORE
	req := &criurpc.CriuReq{
		Type: &t,
		Opts: &criurpc.CriuOpts{
			ImagesDirFd:       proto.Int32(int32(imageDir.Fd())),
			EvasiveDevices:    proto.Bool(true),
			LogLevel:          proto.Int32(4),
			LogFile:           proto.String(logFile),
			RstSibling:        proto.Bool(true),
			Root:              proto.String(root),
			ManageCgroups:     proto.Bool(true), // Obsoleted by ManageCgroupsMode.
			ManageCgroupsMode: &cgMode,
			NotifyScripts:     proto.Bool(true),
			ShellJob:          proto.Bool(criuOpts.ShellJob),
			ExtUnixSk:         proto.Bool(criuOpts.ExternalUnixConnections),
			TcpEstablished:    proto.Bool(criuOpts.TcpEstablished),
			FileLocks:         proto.Bool(criuOpts.FileLocks),
			EmptyNs:           proto.Uint32(criuOpts.EmptyNs),
			OrphanPtsMaster:   proto.Bool(true),
			AutoDedup:         proto.Bool(criuOpts.AutoDedup),
			LazyPages:         proto.Bool(criuOpts.LazyPages),
		},
	}

	if criuOpts.LsmProfile != "" {
		// CRIU older than 3.16 has a bug which breaks the possibility
		// to set a different LSM profile.
		if err := c.checkCriuVersion(31600); err != nil {
			return errors.New("--lsm-profile requires at least CRIU 3.16")
		}
		req.Opts.LsmProfile = proto.String(criuOpts.LsmProfile)
	}
	if criuOpts.LsmMountContext != "" {
		if err := c.checkCriuVersion(31600); err != nil {
			return errors.New("--lsm-mount-context requires at least CRIU 3.16")
		}
		req.Opts.LsmMountContext = proto.String(criuOpts.LsmMountContext)
	}

	if criuOpts.WorkDirectory != "" {
		// Since a container can be C/R'ed multiple times,
		// the work directory may already exist.
		if err := os.Mkdir(criuOpts.WorkDirectory, 0o700); err != nil && !os.IsExist(err) {
			return err
		}
		workDir, err := os.Open(criuOpts.WorkDirectory)
		if err != nil {
			return err
		}
		defer workDir.Close()
		req.Opts.WorkDirFd = proto.Int32(int32(workDir.Fd()))
		logDir = criuOpts.WorkDirectory
	}
	c.handleCriuConfigurationFile(req.Opts)

	if err := c.handleRestoringNamespaces(req.Opts, &extraFiles); err != nil {
		return err
	}

	// This will modify the rootfs of the container in the same way runc
	// modifies the container during initial creation.
	if err := c.prepareCriuRestoreMounts(c.config.Mounts); err != nil {
		return err
	}

	hasCgroupns := c.config.Namespaces.Contains(configs.NEWCGROUP)
	for _, m := range c.config.Mounts {
		switch m.Device {
		case "bind":
			c.addCriuRestoreMount(req, m)
		case "cgroup":
			if cgroups.IsCgroup2UnifiedMode() || hasCgroupns {
				continue
			}
			// cgroup v1 is a set of bind mounts, unless cgroupns is used
			binds, err := getCgroupMounts(m)
			if err != nil {
				return err
			}
			for _, b := range binds {
				c.addCriuRestoreMount(req, b)
			}
		}
	}

	if len(c.config.MaskPaths) > 0 {
		m := &configs.Mount{Destination: "/dev/null", Source: "/dev/null"}
		c.addCriuRestoreMount(req, m)
	}

	for _, node := range c.config.Devices {
		m := &configs.Mount{Destination: node.Path, Source: node.Path}
		c.addCriuRestoreMount(req, m)
	}

	if criuOpts.EmptyNs&unix.CLONE_NEWNET == 0 {
		c.restoreNetwork(req, criuOpts)
	}

	var (
		fds    []string
		fdJSON []byte
	)
	if fdJSON, err = os.ReadFile(filepath.Join(criuOpts.ImagesDirectory, descriptorsFilename)); err != nil {
		return err
	}

	if err := json.Unmarshal(fdJSON, &fds); err != nil {
		return err
	}
	for i := range fds {
		if s := fds[i]; strings.Contains(s, "pipe:") {
			inheritFd := new(criurpc.InheritFd)
			inheritFd.Key = proto.String(s)
			inheritFd.Fd = proto.Int32(int32(i))
			req.Opts.InheritFd = append(req.Opts.InheritFd, inheritFd)
		}
	}
	err = c.criuSwrk(process, req, criuOpts, extraFiles)
	if err != nil {
		logCriuErrors(logDir, logFile)
	}

	// Now that CRIU is done let's close all opened FDs CRIU needed.
	for _, fd := range extraFiles {
		fd.Close()
	}

	return err
}

// logCriuErrors tries to find and log errors from a criu log file.
// The output is similar to what "grep -n -B5 Error" does.
func logCriuErrors(dir, file string) {
	lookFor := []byte("Error") // Print the line that contains this...
	const max = 5 + 1          // ... and a few preceding lines.

	logFile := filepath.Join(dir, file)
	f, err := os.Open(logFile)
	if err != nil {
		logrus.Warn(err)
		return
	}
	defer f.Close()

	var lines [max][]byte
	var idx, lineNo, printedLineNo int
	s := bufio.NewScanner(f)
	for s.Scan() {
		lineNo++
		lines[idx] = s.Bytes()
		idx = (idx + 1) % max
		if !bytes.Contains(s.Bytes(), lookFor) {
			continue
		}
		// Found an error.
		if printedLineNo == 0 {
			logrus.Warnf("--- Quoting %q", logFile)
		} else if lineNo-max > printedLineNo {
			// Mark the gap.
			logrus.Warn("...")
		}
		// Print the last lines.
		for add := range max {
			i := (idx + add) % max
			s := lines[i]
			actLineNo := lineNo + add - max + 1
			if len(s) > 0 && actLineNo > printedLineNo {
				logrus.Warnf("%d:%s", actLineNo, s)
				printedLineNo = actLineNo
			}
		}
	}
	if printedLineNo != 0 {
		logrus.Warn("---") // End of "Quoting ...".
	}
	if err := s.Err(); err != nil {
		logrus.Warnf("read %q: %v", logFile, err)
	}
}

func (c *Container) criuApplyCgroups(pid int, req *criurpc.CriuReq) error {
	// need to apply cgroups only on restore
	if req.GetType() != criurpc.CriuReqType_RESTORE {
		return nil
	}

	// XXX: Do we need to deal with this case? AFAIK criu still requires root.
	if err := c.cgroupManager.Apply(pid); err != nil {
		return err
	}

	if err := c.cgroupManager.Set(c.config.Cgroups.Resources); err != nil {
		return err
	}

	// TODO(@kolyshkin): should we use c.cgroupManager.GetPaths()
	// instead of reading /proc/pid/cgroup?
	path := fmt.Sprintf("/proc/%d/cgroup", pid)
	cgroupsPaths, err := cgroups.ParseCgroupFile(path)
	if err != nil {
		return err
	}

	for c, p := range cgroupsPaths {
		cgroupRoot := &criurpc.CgroupRoot{
			Ctrl: proto.String(c),
			Path: proto.String(p),
		}
		req.Opts.CgRoot = append(req.Opts.CgRoot, cgroupRoot)
	}

	return nil
}

func (c *Container) criuSwrk(process *Process, req *criurpc.CriuReq, opts *CriuOpts, extraFiles []*os.File) error {
	fds, err := unix.Socketpair(unix.AF_LOCAL, unix.SOCK_SEQPACKET|unix.SOCK_CLOEXEC, 0)
	if err != nil {
		return err
	}

	criuClient := os.NewFile(uintptr(fds[0]), "criu-transport-client")
	criuClientFileCon, err := net.FileConn(criuClient)
	criuClient.Close()
	if err != nil {
		return err
	}

	criuClientCon := criuClientFileCon.(*net.UnixConn)
	defer criuClientCon.Close()

	criuServer := os.NewFile(uintptr(fds[1]), "criu-transport-server")
	defer criuServer.Close()

	if c.criuVersion != 0 {
		// If the CRIU Version is still '0' then this is probably
		// the initial CRIU run to detect the version. Skip it.
		logrus.Debugf("Using CRIU %d", c.criuVersion)
	}
	cmd := exec.Command("criu", "swrk", "3")
	if process != nil {
		cmd.Stdin = process.Stdin
		cmd.Stdout = process.Stdout
		cmd.Stderr = process.Stderr
	}
	cmd.ExtraFiles = append(cmd.ExtraFiles, criuServer)
	if extraFiles != nil {
		cmd.ExtraFiles = append(cmd.ExtraFiles, extraFiles...)
	}

	if err := cmd.Start(); err != nil {
		return err
	}
	// we close criuServer so that even if CRIU crashes or unexpectedly exits, runc will not hang.
	criuServer.Close()
	// cmd.Process will be replaced by a restored init.
	criuProcess := cmd.Process

	var criuProcessState *os.ProcessState
	defer func() {
		if criuProcessState == nil {
			criuClientCon.Close()
			_, err := criuProcess.Wait()
			if err != nil {
				logrus.Warnf("wait on criuProcess returned %v", err)
			}
		}
	}()

	if err := c.criuApplyCgroups(criuProcess.Pid, req); err != nil {
		return err
	}

	var extFds []string
	if process != nil {
		extFds, err = getPipeFds(criuProcess.Pid)
		if err != nil {
			return err
		}
	}

	logrus.Debugf("Using CRIU in %s mode", req.GetType().String())
	// In the case of criurpc.CriuReqType_FEATURE_CHECK req.GetOpts()
	// should be empty. For older CRIU versions it still will be
	// available but empty. criurpc.CriuReqType_VERSION actually
	// has no req.GetOpts().
	if logrus.GetLevel() >= logrus.DebugLevel &&
		(req.GetType() != criurpc.CriuReqType_FEATURE_CHECK &&
			req.GetType() != criurpc.CriuReqType_VERSION) {

		val := reflect.ValueOf(req.GetOpts())
		v := reflect.Indirect(val)
		for i := range v.NumField() {
			st := v.Type()
			name := st.Field(i).Name
			if 'A' <= name[0] && name[0] <= 'Z' {
				value := val.MethodByName("Get" + name).Call([]reflect.Value{})
				logrus.Debugf("CRIU option %s with value %v", name, value[0])
			}
		}
	}
	data, err := proto.Marshal(req)
	if err != nil {
		return err
	}
	_, err = criuClientCon.Write(data)
	if err != nil {
		return err
	}

	buf := make([]byte, 10*4096)
	oob := make([]byte, 4096)
	for {
		n, oobn, _, _, err := criuClientCon.ReadMsgUnix(buf, oob)
		if req.Opts != nil && req.Opts.StatusFd != nil {
			// Close status_fd as soon as we got something back from criu,
			// assuming it has consumed (reopened) it by this time.
			// Otherwise it will might be left open forever and whoever
			// is waiting on it will wait forever.
			fd := int(*req.Opts.StatusFd)
			_ = unix.Close(fd)
			req.Opts.StatusFd = nil
		}
		if err != nil {
			return err
		}
		if n == 0 {
			return errors.New("unexpected EOF")
		}
		if n == len(buf) {
			return errors.New("buffer is too small")
		}

		resp := new(criurpc.CriuResp)
		err = proto.Unmarshal(buf[:n], resp)
		if err != nil {
			return err
		}
		t := resp.GetType()
		if !resp.GetSuccess() {
			return fmt.Errorf("criu failed: type %s errno %d", t, resp.GetCrErrno())
		}

		switch t {
		case criurpc.CriuReqType_FEATURE_CHECK:
			logrus.Debugf("Feature check says: %s", resp)
			criuFeatures = resp.GetFeatures()
		case criurpc.CriuReqType_NOTIFY:
			if err := c.criuNotifications(resp, process, cmd, opts, extFds, oob[:oobn]); err != nil {
				return err
			}
			req = &criurpc.CriuReq{
				Type:          &t,
				NotifySuccess: proto.Bool(true),
			}
			data, err = proto.Marshal(req)
			if err != nil {
				return err
			}
			_, err = criuClientCon.Write(data)
			if err != nil {
				return err
			}
			continue
		case criurpc.CriuReqType_RESTORE:
		case criurpc.CriuReqType_DUMP:
		case criurpc.CriuReqType_PRE_DUMP:
		default:
			return fmt.Errorf("unable to parse the response %s", resp.String())
		}

		break
	}

	_ = criuClientCon.CloseWrite()
	// cmd.Wait() waits cmd.goroutines which are used for proxying file descriptors.
	// Here we want to wait only the CRIU process.
	criuProcessState, err = criuProcess.Wait()
	if err != nil {
		return err
	}

	// In pre-dump mode CRIU is in a loop and waits for
	// the final DUMP command.
	// The current runc pre-dump approach, however, is
	// start criu in PRE_DUMP once for a single pre-dump
	// and not the whole series of pre-dump, pre-dump, ...m, dump
	// If we got the message CriuReqType_PRE_DUMP it means
	// CRIU was successful and we need to forcefully stop CRIU
	if !criuProcessState.Success() && *req.Type != criurpc.CriuReqType_PRE_DUMP {
		return fmt.Errorf("criu failed: %s", criuProcessState)
	}
	return nil
}

// lockNetwork blocks any external network activity.
func lockNetwork(config *configs.Config) error {
	for _, config := range config.Networks {
		strategy, err := getStrategy(config.Type)
		if err != nil {
			return err
		}

		if err := strategy.detach(config); err != nil {
			return err
		}
	}
	return nil
}

func unlockNetwork(config *configs.Config) error {
	for _, config := range config.Networks {
		strategy, err := getStrategy(config.Type)
		if err != nil {
			return err
		}
		if err = strategy.attach(config); err != nil {
			return err
		}
	}
	return nil
}

func (c *Container) criuNotifications(resp *criurpc.CriuResp, process *Process, cmd *exec.Cmd, opts *CriuOpts, fds []string, oob []byte) error {
	notify := resp.GetNotify()
	if notify == nil {
		return fmt.Errorf("invalid response: %s", resp.String())
	}
	script := notify.GetScript()
	logrus.Debugf("notify: %s\n", script)
	switch script {
	case "post-dump":
		f, err := os.Create(filepath.Join(c.stateDir, "checkpoint"))
		if err != nil {
			return err
		}
		f.Close()
	case "network-unlock":
		if err := unlockNetwork(c.config); err != nil {
			return err
		}
	case "network-lock":
		if err := lockNetwork(c.config); err != nil {
			return err
		}
	case "setup-namespaces":
		if c.config.HasHook(configs.Prestart, configs.CreateRuntime) {
			s, err := c.currentOCIState()
			if err != nil {
				return nil
			}
			s.Pid = int(notify.GetPid())

			if err := c.config.Hooks.Run(configs.Prestart, s); err != nil {
				return err
			}
			if err := c.config.Hooks.Run(configs.CreateRuntime, s); err != nil {
				return err
			}
		}
	case "post-restore":
		pid := notify.GetPid()

		p, err := os.FindProcess(int(pid))
		if err != nil {
			return err
		}
		cmd.Process = p

		r, err := newRestoredProcess(cmd, fds)
		if err != nil {
			return err
		}
		process.ops = r
		if err := c.state.transition(&restoredState{
			imageDir: opts.ImagesDirectory,
			c:        c,
		}); err != nil {
			return err
		}
		// create a timestamp indicating when the restored checkpoint was started
		c.created = time.Now().UTC()
		if !c.config.Namespaces.Contains(configs.NEWTIME) &&
			configs.IsNamespaceSupported(configs.NEWTIME) &&
			c.checkCriuVersion(31400) == nil {
			// CRIU restores processes into a time namespace.
			c.config.Namespaces = append(c.config.Namespaces,
				configs.Namespace{Type: configs.NEWTIME})
		}
		if _, err := c.updateState(r); err != nil {
			return err
		}
		if err := os.Remove(filepath.Join(c.stateDir, "checkpoint")); err != nil {
			if !os.IsNotExist(err) {
				logrus.Error(err)
			}
		}
	case "orphan-pts-master":
		scm, err := unix.ParseSocketControlMessage(oob)
		if err != nil {
			return err
		}
		fds, err := unix.ParseUnixRights(&scm[0])
		if err != nil {
			return err
		}

		master := os.NewFile(uintptr(fds[0]), "orphan-pts-master")
		defer master.Close()

		// While we can access console.master, using the API is a good idea.
		if err := utils.SendFile(process.ConsoleSocket, master); err != nil {
			return err
		}
	case "status-ready":
		if opts.StatusFd != -1 {
			// write \0 to status fd to notify that lazy page server is ready
			_, err := unix.Write(opts.StatusFd, []byte{0})
			if err != nil {
				logrus.Warnf("can't write \\0 to status fd: %v", err)
			}
			_ = unix.Close(opts.StatusFd)
			opts.StatusFd = -1
		}
	}
	return nil
}

func criuCgMode(mode string) (criurpc.CriuCgMode, error) {
	switch mode {
	case "":
		return criurpc.CriuCgMode_DEFAULT, nil
	case "soft":
		return criurpc.CriuCgMode_SOFT, nil
	case "full":
		return criurpc.CriuCgMode_FULL, nil
	case "strict":
		return criurpc.CriuCgMode_STRICT, nil
	case "ignore":
		return criurpc.CriuCgMode_IGNORE, nil
	default:
		return 0, errors.New("invalid manage-cgroups-mode value")
	}
}
```
--- END FILE ---

Please first localize the bug based on the issue statement, and then generate *SEARCH/REPLACE* edits to fix the issue.

Every *SEARCH/REPLACE* edit must use this format:
1. The file path
2. The start of search block: <<<<<<< SEARCH
3. A contiguous chunk of lines to search for in the existing source code
4. The dividing line: =======
5. The lines to replace into the source code
6. The end of the replace block: >>>>>>> REPLACE

Here is an example:

```python
### mathweb/flask/app.py
<<<<<<< SEARCH
from flask import Flask
=======
import math
from flask import Flask
>>>>>>> REPLACE
```

Please note that the *SEARCH/REPLACE* edit REQUIRES PROPER INDENTATION. If you would like to add the line '        print(x)', you must fully write that out, with all those spaces before the code!
Wrap the *SEARCH/REPLACE* edit in blocks ```python...```.
2026-07-26 21:34:03,899 - INFO - Initializing a decoder model: gpt-5.5 ...
2026-07-26 21:34:03,932 - INFO - Creating API request
2026-07-26 21:34:27,876 - INFO - API response ChatCompletion(id='resp_08ac85b00d924e0c016a660cd0a024819086b1634ec0780ebd', choices=[Choice(finish_reason='stop', index=0, logprobs=None, message=ChatCompletionMessage(content='The bug is localized to the process user setup path: `libcontainer/init_linux.go` calls `unix.Setgroups(config.AdditionalGroups)` directly, so duplicate supplemental GIDs from OCI `process.user.additionalGids` are preserved. To match the configured reference runtime behavior, deduplicate supplemental groups while preserving first-seen order before calling `setgroups(2)`.\n\n```python\n### libcontainer/init_linux.go\n<<<<<<< SEARCH\n\tif allowSupGroups {\n\t\tif err := unix.Setgroups(config.AdditionalGroups); err != nil {\n\t\t\treturn &os.SyscallError{Syscall: "setgroups", Err: err}\n\t\t}\n\t}\n\n\tif err := unix.Setgid(config.GID); err != nil {\n=======\n\tif allowSupGroups {\n\t\tif err := unix.Setgroups(dedupAdditionalGroups(config.AdditionalGroups)); err != nil {\n\t\t\treturn &os.SyscallError{Syscall: "setgroups", Err: err}\n\t\t}\n\t}\n\n\tif err := unix.Setgid(config.GID); err != nil {\n>>>>>>> REPLACE\n```\n\n```python\n### libcontainer/init_linux.go\n<<<<<<< SEARCH\nfunc setupUser(config *initConfig) error {\n\t// Before we change to the container\'s user make sure that the processes\n\t// STDIO is correctly owned by the user that we are switching to.\n\tif err := fixStdioPermissions(config.UID); err != nil {\n=======\nfunc dedupAdditionalGroups(groups []int) []int {\n\tif len(groups) < 2 {\n\t\treturn groups\n\t}\n\n\tseen := make(map[int]struct{}, len(groups))\n\tdeduped := groups[:0]\n\tfor _, gid := range groups {\n\t\tif _, ok := seen[gid]; ok {\n\t\t\tcontinue\n\t\t}\n\t\tseen[gid] = struct{}{}\n\t\tdeduped = append(deduped, gid)\n\t}\n\treturn deduped\n}\n\nfunc setupUser(config *initConfig) error {\n\t// Before we change to the container\'s user make sure that the processes\n\t// STDIO is correctly owned by the user that we are switching to.\n\tif err := fixStdioPermissions(config.UID); err != nil {\n>>>>>>> REPLACE\n```', refusal=None, role='assistant', annotations=None, audio=None, function_call=None, tool_calls=None))], created=1785072867, model='gpt-5.5', object='chat.completion', moderation=None, service_tier=None, system_fingerprint=None, usage=CompletionUsage(completion_tokens=975, prompt_tokens=54881, total_tokens=55856, completion_tokens_details=CompletionTokensDetails(accepted_prediction_tokens=None, audio_tokens=None, reasoning_tokens=516, rejected_prediction_tokens=None), prompt_tokens_details=None))
2026-07-26 21:34:27,877 - INFO - Initializing a decoder model: gpt-5.5 ...
2026-07-26 21:34:27,877 - INFO - raw output:
The bug is localized to the process user setup path: `libcontainer/init_linux.go` calls `unix.Setgroups(config.AdditionalGroups)` directly, so duplicate supplemental GIDs from OCI `process.user.additionalGids` are preserved. To match the configured reference runtime behavior, deduplicate supplemental groups while preserving first-seen order before calling `setgroups(2)`.

```python
### libcontainer/init_linux.go
<<<<<<< SEARCH
	if allowSupGroups {
		if err := unix.Setgroups(config.AdditionalGroups); err != nil {
			return &os.SyscallError{Syscall: "setgroups", Err: err}
		}
	}

	if err := unix.Setgid(config.GID); err != nil {
=======
	if allowSupGroups {
		if err := unix.Setgroups(dedupAdditionalGroups(config.AdditionalGroups)); err != nil {
			return &os.SyscallError{Syscall: "setgroups", Err: err}
		}
	}

	if err := unix.Setgid(config.GID); err != nil {
>>>>>>> REPLACE
```

```python
### libcontainer/init_linux.go
<<<<<<< SEARCH
func setupUser(config *initConfig) error {
	// Before we change to the container's user make sure that the processes
	// STDIO is correctly owned by the user that we are switching to.
	if err := fixStdioPermissions(config.UID); err != nil {
=======
func dedupAdditionalGroups(groups []int) []int {
	if len(groups) < 2 {
		return groups
	}

	seen := make(map[int]struct{}, len(groups))
	deduped := groups[:0]
	for _, gid := range groups {
		if _, ok := seen[gid]; ok {
			continue
		}
		seen[gid] = struct{}{}
		deduped = append(deduped, gid)
	}
	return deduped
}

func setupUser(config *initConfig) error {
	// Before we change to the container's user make sure that the processes
	// STDIO is correctly owned by the user that we are switching to.
	if err := fixStdioPermissions(config.UID); err != nil {
>>>>>>> REPLACE
```
2026-07-26 21:34:27,877 - INFO - === file_to_commands: ===
2026-07-26 21:34:27,877 - INFO - {
  "'libcontainer/init_linux.go'": [
    "<<<<<<< SEARCH\n\tif allowSupGroups {\n\t\tif err := unix.Setgroups(config.AdditionalGroups); err != nil {\n\t\t\treturn &os.SyscallError{Syscall: \"setgroups\", Err: err}\n\t\t}\n\t}\n\n\tif err := unix.Setgid(config.GID); err != nil {\n=======\n\tif allowSupGroups {\n\t\tif err := unix.Setgroups(dedupAdditionalGroups(config.AdditionalGroups)); err != nil {\n\t\t\treturn &os.SyscallError{Syscall: \"setgroups\", Err: err}\n\t\t}\n\t}\n\n\tif err := unix.Setgid(config.GID); err != nil {\n>>>>>>> REPLACE",
    "<<<<<<< SEARCH\nfunc setupUser(config *initConfig) error {\n\t// Before we change to the container's user make sure that the processes\n\t// STDIO is correctly owned by the user that we are switching to.\n\tif err := fixStdioPermissions(config.UID); err != nil {\n=======\nfunc dedupAdditionalGroups(groups []int) []int {\n\tif len(groups) < 2 {\n\t\treturn groups\n\t}\n\n\tseen := make(map[int]struct{}, len(groups))\n\tdeduped := groups[:0]\n\tfor _, gid := range groups {\n\t\tif _, ok := seen[gid]; ok {\n\t\t\tcontinue\n\t\t}\n\t\tseen[gid] = struct{}{}\n\t\tdeduped = append(deduped, gid)\n\t}\n\treturn deduped\n}\n\nfunc setupUser(config *initConfig) error {\n\t// Before we change to the container's user make sure that the processes\n\t// STDIO is correctly owned by the user that we are switching to.\n\tif err := fixStdioPermissions(config.UID); err != nil {\n>>>>>>> REPLACE"
  ]
}
2026-07-26 21:34:27,877 - INFO - === edited_file: 'libcontainer/init_linux.go' ===
2026-07-26 21:34:27,877 - INFO - === edit_commands: ===
2026-07-26 21:34:27,877 - INFO - <<<<<<< SEARCH
	if allowSupGroups {
		if err := unix.Setgroups(config.AdditionalGroups); err != nil {
			return &os.SyscallError{Syscall: "setgroups", Err: err}
		}
	}

	if err := unix.Setgid(config.GID); err != nil {
=======
	if allowSupGroups {
		if err := unix.Setgroups(dedupAdditionalGroups(config.AdditionalGroups)); err != nil {
			return &os.SyscallError{Syscall: "setgroups", Err: err}
		}
	}

	if err := unix.Setgid(config.GID); err != nil {
>>>>>>> REPLACE
2026-07-26 21:34:27,877 - INFO - 
----------------------------------------
2026-07-26 21:34:27,877 - INFO - <<<<<<< SEARCH
func setupUser(config *initConfig) error {
	// Before we change to the container's user make sure that the processes
	// STDIO is correctly owned by the user that we are switching to.
	if err := fixStdioPermissions(config.UID); err != nil {
=======
func dedupAdditionalGroups(groups []int) []int {
	if len(groups) < 2 {
		return groups
	}

	seen := make(map[int]struct{}, len(groups))
	deduped := groups[:0]
	for _, gid := range groups {
		if _, ok := seen[gid]; ok {
			continue
		}
		seen[gid] = struct{}{}
		deduped = append(deduped, gid)
	}
	return deduped
}

func setupUser(config *initConfig) error {
	// Before we change to the container's user make sure that the processes
	// STDIO is correctly owned by the user that we are switching to.
	if err := fixStdioPermissions(config.UID); err != nil {
>>>>>>> REPLACE
2026-07-26 21:34:27,877 - INFO - 
----------------------------------------
2026-07-26 21:34:27,878 - ERROR - parse_diff_edit_commands failed for libcontainer/init_linux.go; fallback to parse_search_replace_commands: cannot access local variable 'original' where it is not associated with a value
2026-07-26 21:34:27,879 - INFO - extracted patch:
2026-07-26 21:34:27,879 - INFO - --- libcontainer/init_linux.go
+++ libcontainer/init_linux.go
@@ -459,6 +459,23 @@
 }
 
 // setupUser changes the groups, gid, and uid for the user inside the container.
+func dedupAdditionalGroups(groups []int) []int {
+	if len(groups) < 2 {
+		return groups
+	}
+
+	seen := make(map[int]struct{}, len(groups))
+	deduped := groups[:0]
+	for _, gid := range groups {
+		if _, ok := seen[gid]; ok {
+			continue
+		}
+		seen[gid] = struct{}{}
+		deduped = append(deduped, gid)
+	}
+	return deduped
+}
+
 func setupUser(config *initConfig) error {
 	// Before we change to the container's user make sure that the processes
 	// STDIO is correctly owned by the user that we are switching to.
@@ -481,7 +498,7 @@
 	allowSupGroups := !config.Config.RootlessEUID && string(bytes.TrimSpace(setgroups)) != "deny"
 
 	if allowSupGroups {
-		if err := unix.Setgroups(config.AdditionalGroups); err != nil {
+		if err := unix.Setgroups(dedupAdditionalGroups(config.AdditionalGroups)); err != nil {
 			return &os.SyscallError{Syscall: "setgroups", Err: err}
 		}
 	}
2026-07-26 21:34:27,885 - INFO - === file_to_commands: ===
2026-07-26 21:34:27,885 - INFO - === file_to_commands: ===
2026-07-26 21:34:27,885 - INFO - {
  "'libcontainer/init_linux.go'": [
    "<<<<<<< SEARCH\n\tif allowSupGroups {\n\t\tif err := unix.Setgroups(config.AdditionalGroups); err != nil {\n\t\t\treturn &os.SyscallError{Syscall: \"setgroups\", Err: err}\n\t\t}\n\t}\n\n\tif err := unix.Setgid(config.GID); err != nil {\n=======\n\tif allowSupGroups {\n\t\tif err := unix.Setgroups(dedupAdditionalGroups(config.AdditionalGroups)); err != nil {\n\t\t\treturn &os.SyscallError{Syscall: \"setgroups\", Err: err}\n\t\t}\n\t}\n\n\tif err := unix.Setgid(config.GID); err != nil {\n>>>>>>> REPLACE",
    "<<<<<<< SEARCH\nfunc setupUser(config *initConfig) error {\n\t// Before we change to the container's user make sure that the processes\n\t// STDIO is correctly owned by the user that we are switching to.\n\tif err := fixStdioPermissions(config.UID); err != nil {\n=======\nfunc dedupAdditionalGroups(groups []int) []int {\n\tif len(groups) < 2 {\n\t\treturn groups\n\t}\n\n\tseen := make(map[int]struct{}, len(groups))\n\tdeduped := groups[:0]\n\tfor _, gid := range groups {\n\t\tif _, ok := seen[gid]; ok {\n\t\t\tcontinue\n\t\t}\n\t\tseen[gid] = struct{}{}\n\t\tdeduped = append(deduped, gid)\n\t}\n\treturn deduped\n}\n\nfunc setupUser(config *initConfig) error {\n\t// Before we change to the container's user make sure that the processes\n\t// STDIO is correctly owned by the user that we are switching to.\n\tif err := fixStdioPermissions(config.UID); err != nil {\n>>>>>>> REPLACE"
  ]
}
2026-07-26 21:34:27,885 - INFO - {
  "'libcontainer/init_linux.go'": [
    "<<<<<<< SEARCH\n\tif allowSupGroups {\n\t\tif err := unix.Setgroups(config.AdditionalGroups); err != nil {\n\t\t\treturn &os.SyscallError{Syscall: \"setgroups\", Err: err}\n\t\t}\n\t}\n\n\tif err := unix.Setgid(config.GID); err != nil {\n=======\n\tif allowSupGroups {\n\t\tif err := unix.Setgroups(dedupAdditionalGroups(config.AdditionalGroups)); err != nil {\n\t\t\treturn &os.SyscallError{Syscall: \"setgroups\", Err: err}\n\t\t}\n\t}\n\n\tif err := unix.Setgid(config.GID); err != nil {\n>>>>>>> REPLACE",
    "<<<<<<< SEARCH\nfunc setupUser(config *initConfig) error {\n\t// Before we change to the container's user make sure that the processes\n\t// STDIO is correctly owned by the user that we are switching to.\n\tif err := fixStdioPermissions(config.UID); err != nil {\n=======\nfunc dedupAdditionalGroups(groups []int) []int {\n\tif len(groups) < 2 {\n\t\treturn groups\n\t}\n\n\tseen := make(map[int]struct{}, len(groups))\n\tdeduped := groups[:0]\n\tfor _, gid := range groups {\n\t\tif _, ok := seen[gid]; ok {\n\t\t\tcontinue\n\t\t}\n\t\tseen[gid] = struct{}{}\n\t\tdeduped = append(deduped, gid)\n\t}\n\treturn deduped\n}\n\nfunc setupUser(config *initConfig) error {\n\t// Before we change to the container's user make sure that the processes\n\t// STDIO is correctly owned by the user that we are switching to.\n\tif err := fixStdioPermissions(config.UID); err != nil {\n>>>>>>> REPLACE"
  ]
}
2026-07-26 21:34:27,886 - INFO - === edited_file: 'libcontainer/init_linux.go' ===
2026-07-26 21:34:27,886 - INFO - === edited_file: 'libcontainer/init_linux.go' ===
2026-07-26 21:34:27,886 - INFO - === edit_commands: ===
2026-07-26 21:34:27,886 - INFO - === edit_commands: ===
2026-07-26 21:34:27,886 - INFO - <<<<<<< SEARCH
	if allowSupGroups {
		if err := unix.Setgroups(config.AdditionalGroups); err != nil {
			return &os.SyscallError{Syscall: "setgroups", Err: err}
		}
	}

	if err := unix.Setgid(config.GID); err != nil {
=======
	if allowSupGroups {
		if err := unix.Setgroups(dedupAdditionalGroups(config.AdditionalGroups)); err != nil {
			return &os.SyscallError{Syscall: "setgroups", Err: err}
		}
	}

	if err := unix.Setgid(config.GID); err != nil {
>>>>>>> REPLACE
2026-07-26 21:34:27,886 - INFO - <<<<<<< SEARCH
	if allowSupGroups {
		if err := unix.Setgroups(config.AdditionalGroups); err != nil {
			return &os.SyscallError{Syscall: "setgroups", Err: err}
		}
	}

	if err := unix.Setgid(config.GID); err != nil {
=======
	if allowSupGroups {
		if err := unix.Setgroups(dedupAdditionalGroups(config.AdditionalGroups)); err != nil {
			return &os.SyscallError{Syscall: "setgroups", Err: err}
		}
	}

	if err := unix.Setgid(config.GID); err != nil {
>>>>>>> REPLACE
2026-07-26 21:34:27,886 - INFO - 
----------------------------------------
2026-07-26 21:34:27,886 - INFO - 
----------------------------------------
2026-07-26 21:34:27,886 - INFO - <<<<<<< SEARCH
func setupUser(config *initConfig) error {
	// Before we change to the container's user make sure that the processes
	// STDIO is correctly owned by the user that we are switching to.
	if err := fixStdioPermissions(config.UID); err != nil {
=======
func dedupAdditionalGroups(groups []int) []int {
	if len(groups) < 2 {
		return groups
	}

	seen := make(map[int]struct{}, len(groups))
	deduped := groups[:0]
	for _, gid := range groups {
		if _, ok := seen[gid]; ok {
			continue
		}
		seen[gid] = struct{}{}
		deduped = append(deduped, gid)
	}
	return deduped
}

func setupUser(config *initConfig) error {
	// Before we change to the container's user make sure that the processes
	// STDIO is correctly owned by the user that we are switching to.
	if err := fixStdioPermissions(config.UID); err != nil {
>>>>>>> REPLACE
2026-07-26 21:34:27,886 - INFO - <<<<<<< SEARCH
func setupUser(config *initConfig) error {
	// Before we change to the container's user make sure that the processes
	// STDIO is correctly owned by the user that we are switching to.
	if err := fixStdioPermissions(config.UID); err != nil {
=======
func dedupAdditionalGroups(groups []int) []int {
	if len(groups) < 2 {
		return groups
	}

	seen := make(map[int]struct{}, len(groups))
	deduped := groups[:0]
	for _, gid := range groups {
		if _, ok := seen[gid]; ok {
			continue
		}
		seen[gid] = struct{}{}
		deduped = append(deduped, gid)
	}
	return deduped
}

func setupUser(config *initConfig) error {
	// Before we change to the container's user make sure that the processes
	// STDIO is correctly owned by the user that we are switching to.
	if err := fixStdioPermissions(config.UID); err != nil {
>>>>>>> REPLACE
2026-07-26 21:34:27,886 - INFO - 
----------------------------------------
2026-07-26 21:34:27,886 - INFO - 
----------------------------------------
2026-07-26 21:34:27,886 - ERROR - parse_diff_edit_commands failed for libcontainer/init_linux.go; fallback to parse_search_replace_commands: cannot access local variable 'original' where it is not associated with a value
2026-07-26 21:34:27,886 - ERROR - parse_diff_edit_commands failed for libcontainer/init_linux.go; fallback to parse_search_replace_commands: cannot access local variable 'original' where it is not associated with a value
2026-07-26 21:34:27,887 - INFO - extracted patch:
2026-07-26 21:34:27,887 - INFO - extracted patch:
2026-07-26 21:34:27,887 - INFO - --- libcontainer/init_linux.go
+++ libcontainer/init_linux.go
@@ -459,6 +459,23 @@
 }
 
 // setupUser changes the groups, gid, and uid for the user inside the container.
+func dedupAdditionalGroups(groups []int) []int {
+	if len(groups) < 2 {
+		return groups
+	}
+
+	seen := make(map[int]struct{}, len(groups))
+	deduped := groups[:0]
+	for _, gid := range groups {
+		if _, ok := seen[gid]; ok {
+			continue
+		}
+		seen[gid] = struct{}{}
+		deduped = append(deduped, gid)
+	}
+	return deduped
+}
+
 func setupUser(config *initConfig) error {
 	// Before we change to the container's user make sure that the processes
 	// STDIO is correctly owned by the user that we are switching to.
@@ -481,7 +498,7 @@
 	allowSupGroups := !config.Config.RootlessEUID && string(bytes.TrimSpace(setgroups)) != "deny"
 
 	if allowSupGroups {
-		if err := unix.Setgroups(config.AdditionalGroups); err != nil {
+		if err := unix.Setgroups(dedupAdditionalGroups(config.AdditionalGroups)); err != nil {
 			return &os.SyscallError{Syscall: "setgroups", Err: err}
 		}
 	}
2026-07-26 21:34:27,887 - INFO - --- libcontainer/init_linux.go
+++ libcontainer/init_linux.go
@@ -459,6 +459,23 @@
 }
 
 // setupUser changes the groups, gid, and uid for the user inside the container.
+func dedupAdditionalGroups(groups []int) []int {
+	if len(groups) < 2 {
+		return groups
+	}
+
+	seen := make(map[int]struct{}, len(groups))
+	deduped := groups[:0]
+	for _, gid := range groups {
+		if _, ok := seen[gid]; ok {
+			continue
+		}
+		seen[gid] = struct{}{}
+		deduped = append(deduped, gid)
+	}
+	return deduped
+}
+
 func setupUser(config *initConfig) error {
 	// Before we change to the container's user make sure that the processes
 	// STDIO is correctly owned by the user that we are switching to.
@@ -481,7 +498,7 @@
 	allowSupGroups := !config.Config.RootlessEUID && string(bytes.TrimSpace(setgroups)) != "deny"
 
 	if allowSupGroups {
-		if err := unix.Setgroups(config.AdditionalGroups); err != nil {
+		if err := unix.Setgroups(dedupAdditionalGroups(config.AdditionalGroups)); err != nil {
 			return &os.SyscallError{Syscall: "setgroups", Err: err}
 		}
 	}
2026-07-26 21:34:27,980 - INFO - differ_by_empty_lines = False
2026-07-26 21:34:27,980 - INFO - differ_by_empty_lines = False
