Starting MetaGPT incremental repair mode.
2026-07-25 14:11:08.094 | INFO     | metagpt.const:get_metagpt_root:25 - PROJECT_ROOT set from environment variable to /home/aludy/scires/Cloud_Spec_Exp/external/baselines/MetaGPT
2026-07-25 14:11:08.094 | INFO     | metagpt.const:get_metagpt_package_root:15 - Package root set to /home/aludy/scires/Cloud_Spec_Exp/external/baselines/MetaGPT
/home/aludy/miniconda3/envs/metagpt/lib/python3.10/site-packages/pydantic/main.py:214: UserWarning: A custom validator is returning a value other than `self`.
Returning anything other than `self` from a top level model validator isn't supported when validating via `__init__`.
See the `model_validator` docs (https://docs.pydantic.dev/latest/concepts/validators/#model-validators) for more details.
  warnings.warn(
2026-07-25 14:11:12.531 | INFO     | metagpt.team:invest:96 - Investment: $3.0.
2026-07-25 14:11:30.495 | INFO     | metagpt.roles.di.role_zero:_act:292 - Commands: 
[{'command_name': 'Plan.append_task', 'args': {'task_id': '1', 'dependent_task_ids': [], 'instruction': "Fix OCI runtime bug crun-129 in the writable repository at /home/aludy/scires/Cloud_Spec_Exp/external/worktrees/oci-metagpt-agentless-mini-rerun/metagpt/crun-129. The bug: crun hangs when an OCI prestart hook exits non-zero. The upstream fix is 'exit immediately if a prestart hook fails' (commit e3b974cdeecebbe4f58b38905c639e89017e917c). Tasks: 1. cd to the writable repo and run 'git rev-parse HEAD && git status --short'. 2. Inspect the container lifecycle code (likely src/ or src_libcrun/ directories) to find where OCI hooks are executed. 3. Modify the code so that if a prestart hook fails (exits non-zero), the runtime exits immediately with the hook failure instead of continuing or hanging. 4. Build using './autogen.sh && ./configure && make -j$(nproc)'. 5. Validate by running the reproduction script from /home/aludy/scires/Cloud_Spec_Exp/external/oci-differential-dataset/cases/crun-129 (use RUNTIME=../path_to_crun binary bash repro.sh with buggy_config.json). The candidate runtime path after build is 'crun'. Do not edit the dataset, generated worktree metadata, or oracle scripts. Use absolute paths when editing files and ensure all edits are inside the writable target repository.", 'assignee': 'Alex'}}, {'command_name': 'TeamLeader.publish_message', 'args': {'content': "Fix OCI runtime bug crun-129 in the writable repository at /home/aludy/scires/Cloud_Spec_Exp/external/worktrees/oci-metagpt-agentless-mini-rerun/metagpt/crun-129. The bug: crun hangs when an OCI prestart hook exits non-zero. The upstream fix is 'exit immediately if a prestart hook fails' (commit e3b974cdeecebbe4f58b38905c639e89017e917c). Tasks: 1. cd to the writable repo and run 'git rev-parse HEAD && git status --short'. 2. Inspect the container lifecycle code (likely src/ or src_libcrun/ directories) to find where OCI hooks are executed. 3. Modify the code so that if a prestart hook fails (exits non-zero), the runtime exits immediately with the hook failure instead of continuing or hanging. 4. Build using './autogen.sh && ./configure && make -j$(nproc)'. 5. Validate by running the reproduction script from /home/aludy/scires/Cloud_Spec_Exp/external/oci-differential-dataset/cases/crun-129 (use RUNTIME=../path_to_crun binary bash repro.sh with buggy_config.json). The candidate runtime path after build is 'crun'. Do not edit the dataset, generated worktree metadata, or oracle scripts. Use absolute paths when editing files and ensure all edits are inside the writable target repository.", 'send_to': 'Alex'}}, {'command_name': 'RoleZero.reply_to_human', 'args': {'content': "I have assigned the crun-129 bug fix task to Alex (Engineer). He will inspect the C source code in the writable repository, find where OCI prestart hooks are executed, modify the code to exit immediately on hook failure (instead of hanging), build the runtime, and validate using the provided reproduction bundle. I'll keep you updated on the progress."}}, {'command_name': 'end'}]
2026-07-25 14:11:30.496 | INFO     | metagpt.roles.di.role_zero:_act:294 - Commands outputs: 
Command Plan.append_task executed

Command TeamLeader.publish_message executed

Command RoleZero.reply_to_human executed: SUCCESS, human has received your reply. Refrain from resending duplicate messages.  If you no longer need to take action, use the command ‘end’ to stop.

Command end executed:
2026-07-25 14:11:30.499 | INFO     | metagpt.tools.libs.terminal:_check_state:65 - The terminal is at:
2026-07-25 14:11:33.951 | INFO     | metagpt.roles.di.role_zero:_act:292 - Commands: 
[{'command_name': 'Terminal.run_command', 'args': {'cmd': 'cd /home/aludy/scires/Cloud_Spec_Exp/external/worktrees/oci-metagpt-agentless-mini-rerun/metagpt/crun-129 && git rev-parse HEAD && git status --short'}}]
2026-07-25 14:11:33.958 | INFO     | metagpt.roles.di.role_zero:_act:294 - Commands outputs: 
Command Terminal.run_command executed:
[command]: cd /home/aludy/scires/Cloud_Spec_Exp/external/worktrees/oci-metagpt-agentless-mini-rerun/metagpt/crun-129 && git rev-parse HEAD && git status --short 
[command output] : 3d28553bd97cbd077dd9612c3c931a6b49d92fe2

2026-07-25 14:11:36.364 | INFO     | metagpt.roles.di.role_zero:_act:292 - Commands: 
[{'command_name': 'Terminal.run_command', 'args': {'cmd': 'cd /home/aludy/scires/Cloud_Spec_Exp/external/worktrees/oci-metagpt-agentless-mini-rerun/metagpt/crun-129 && find . -maxdepth 2 -type d | head -30'}}]
2026-07-25 14:11:36.366 | INFO     | metagpt.roles.di.role_zero:_act:294 - Commands outputs: 
Command Terminal.run_command executed:
[command]: cd /home/aludy/scires/Cloud_Spec_Exp/external/worktrees/oci-metagpt-agentless-mini-rerun/metagpt/crun-129 && find . -maxdepth 2 -type d | head -30 
[command output] : .
./tests
./tests/podman
./tests/oci-validation
./src
./src/libcrun
./rpm
./m4
./build-aux
./python
./contrib
./contrib/terminal-receiver
./contrib/static-builder-x86_64
./libocispec

2026-07-25 14:11:37.849 | INFO     | metagpt.roles.di.role_zero:_act:292 - Commands: 
[{'command_name': 'Terminal.run_command', 'args': {'cmd': "cd /home/aludy/scires/Cloud_Spec_Exp/external/worktrees/oci-metagpt-agentless-mini-rerun/metagpt/crun-129 && find ./src -type f -name '*.c' -o -name '*.h' | sort"}}]
2026-07-25 14:11:37.852 | INFO     | metagpt.roles.di.role_zero:_act:294 - Commands outputs: 
Command Terminal.run_command executed:
[command]: cd /home/aludy/scires/Cloud_Spec_Exp/external/worktrees/oci-metagpt-agentless-mini-rerun/metagpt/crun-129 && find ./src -type f -name '*.c' -o -name '*.h' | sort 
[command output] : ./src/create.c
./src/create.h
./src/crun.c
./src/crun.h
./src/delete.c
./src/delete.h
./src/exec.c
./src/exec.h
./src/kill.c
./src/kill.h
./src/libcrun/cgroup.c
./src/libcrun/cgroup.h
./src/libcrun/chroot_realpath.c
./src/libcrun/cloned_binary.c
./src/libcrun/container.c
./src/libcrun/container.h
./src/libcrun/ebpf.c
./src/libcrun/ebpf.h
./src/libcrun/error.c
./src/libcrun/error.h
./src/libcrun/intprops.h
./src/libcrun/linux.c
./src/libcrun/linux.h
./src/libcrun/seccomp.c
./src/libcrun/seccomp.h
./src/libcrun/sig2str.c
./src/libcrun/sig2str.h
./src/libcrun/status.c
./src/libcrun/status.h
./src/libcrun/terminal.c
./src/libcrun/terminal.h
./src/libcrun/utils.c
./src/libcrun/utils.h
./src/list.c
./src/list.h
./src/pause.c
./src/pause.h
./src/run.c
./src/run.h
./src/spec.c
./src/spec.h
./src/start.c
./src/start.h
./src/state.c
./src/state.h
./src/unpause.c
./src/unpause.h
./src/update.c
./src/update.h

2026-07-25 14:11:40.504 | INFO     | metagpt.roles.di.role_zero:_act:292 - Commands: 
[{'command_name': 'Editor.goto_line', 'args': {'line_number': 1}}, {'command_name': 'Editor.open_file', 'args': {'path': '/home/aludy/scires/Cloud_Spec_Exp/external/worktrees/oci-metagpt-agentless-mini-rerun/metagpt/crun-129/src/libcrun/container.c', 'context_lines': 200}}]
2026-07-25 14:11:40.505 | ERROR    | metagpt.roles.di.role_zero:_run_commands:407 - No file open. Use the open_file function first.Traceback (most recent call last):
  File "/home/aludy/scires/Cloud_Spec_Exp/external/baselines/MetaGPT/metagpt/roles/di/role_zero.py", line 401, in _run_commands
    tool_output = tool_obj(**cmd["args"])
  File "/home/aludy/scires/Cloud_Spec_Exp/external/baselines/MetaGPT/metagpt/tools/libs/editor.py", line 322, in goto_line
    self._check_current_file()
  File "/home/aludy/scires/Cloud_Spec_Exp/external/baselines/MetaGPT/metagpt/tools/libs/editor.py", line 195, in _check_current_file
    raise ValueError("No file open. Use the open_file function first.")
ValueError: No file open. Use the open_file function first.

Traceback (most recent call last):

  File "/home/aludy/scires/Cloud_Spec_Exp/baselines/metagpt/launch.py", line 307, in <module>
    raise SystemExit(main())
                     └ <function main at 0x74fec4942ef0>

  File "/home/aludy/scires/Cloud_Spec_Exp/baselines/metagpt/launch.py", line 277, in main
    result = generate_repo(**supported)
             │               └ {'idea': 'Fix OCI runtime bug case crun-129.\n\nTarget runtime: crun\nTitle: crun hangs when an OCI hook exists non-zero\nUps...
             └ <function generate_repo at 0x74fe0becdcf0>

  File "/home/aludy/scires/Cloud_Spec_Exp/external/baselines/MetaGPT/metagpt/software_company.py", line 72, in generate_repo
    asyncio.run(company.run(n_round=n_round, idea=idea))
    │       │   │       │           │             └ 'Fix OCI runtime bug case crun-129.\n\nTarget runtime: crun\nTitle: crun hangs when an OCI hook exists non-zero\nUpstream iss...
    │       │   │       │           └ 10
    │       │   │       └ <function serialize_decorator.<locals>.wrapper at 0x74fe01e981f0>
    │       │   └ Team(env=MGXEnv(), investment=3.0, idea='Fix OCI runtime bug case crun-129.\n\nTarget runtime: crun\nTitle: crun hangs when a...
    │       └ <function run at 0x74fec2591750>
    └ <module 'asyncio' from '/home/aludy/miniconda3/envs/metagpt/lib/python3.10/asyncio/__init__.py'>

  File "/home/aludy/miniconda3/envs/metagpt/lib/python3.10/asyncio/runners.py", line 44, in run
    return loop.run_until_complete(main)
           │    │                  └ <coroutine object serialize_decorator.<locals>.wrapper at 0x74fe01db3610>
           │    └ <function BaseEventLoop.run_until_complete at 0x74fec2593130>
           └ <_UnixSelectorEventLoop running=True closed=False debug=False>
  File "/home/aludy/miniconda3/envs/metagpt/lib/python3.10/asyncio/base_events.py", line 636, in run_until_complete
    self.run_forever()
    │    └ <function BaseEventLoop.run_forever at 0x74fec25930a0>
    └ <_UnixSelectorEventLoop running=True closed=False debug=False>
  File "/home/aludy/miniconda3/envs/metagpt/lib/python3.10/asyncio/base_events.py", line 603, in run_forever
    self._run_once()
    │    └ <function BaseEventLoop._run_once at 0x74fec2594c10>
    └ <_UnixSelectorEventLoop running=True closed=False debug=False>
  File "/home/aludy/miniconda3/envs/metagpt/lib/python3.10/asyncio/base_events.py", line 1909, in _run_once
    handle._run()
    │      └ <function Handle._run at 0x74fec2544280>
    └ <Handle Task.task_wakeup(<Task finishe...> result=None>)>
  File "/home/aludy/miniconda3/envs/metagpt/lib/python3.10/asyncio/events.py", line 80, in _run
    self._context.run(self._callback, *self._args)
    │    │            │    │           │    └ <member '_args' of 'Handle' objects>
    │    │            │    │           └ <Handle Task.task_wakeup(<Task finishe...> result=None>)>
    │    │            │    └ <member '_callback' of 'Handle' objects>
    │    │            └ <Handle Task.task_wakeup(<Task finishe...> result=None>)>
    │    └ <member '_context' of 'Handle' objects>
    └ <Handle Task.task_wakeup(<Task finishe...> result=None>)>

  File "/home/aludy/scires/Cloud_Spec_Exp/external/baselines/MetaGPT/metagpt/utils/common.py", line 692, in wrapper
    return await func(self, *args, **kwargs)
                 │    │      │       └ {}
                 │    │      └ ()
                 │    └ Engineer2(private_context=Context(kwargs=AttrDict(), config=Config(extra_fields=None, project_path='/home/aludy/scires/Cloud_...
                 └ <function Role.run at 0x74fe02b565f0>

  File "/home/aludy/scires/Cloud_Spec_Exp/external/baselines/MetaGPT/metagpt/roles/role.py", line 548, in run
    rsp = await self.react()
                │    └ <function Role.react at 0x74fe02b564d0>
                └ Engineer2(private_context=Context(kwargs=AttrDict(), config=Config(extra_fields=None, project_path='/home/aludy/scires/Cloud_...

  File "/home/aludy/scires/Cloud_Spec_Exp/external/baselines/MetaGPT/metagpt/roles/role.py", line 515, in react
    rsp = await self._react()
                │    └ <function RoleZero._react at 0x74fe02879f30>
                └ Engineer2(private_context=Context(kwargs=AttrDict(), config=Config(extra_fields=None, project_path='/home/aludy/scires/Cloud_...

  File "/home/aludy/scires/Cloud_Spec_Exp/external/baselines/MetaGPT/metagpt/roles/di/role_zero.py", line 324, in _react
    rsp = await self._act()
                │    └ <function RoleZero._act at 0x74fe02879ea0>
                └ Engineer2(private_context=Context(kwargs=AttrDict(), config=Config(extra_fields=None, project_path='/home/aludy/scires/Cloud_...

  File "/home/aludy/scires/Cloud_Spec_Exp/external/baselines/MetaGPT/metagpt/roles/di/role_zero.py", line 293, in _act
    outputs = await self._run_commands(commands)
                    │    │             └ [{'command_name': 'Editor.goto_line', 'args': {'line_number': 1}}, {'command_name': 'Editor.open_file', 'args': {'path': '/ho...
                    │    └ <function RoleZero._run_commands at 0x74fe0287a0e0>
                    └ Engineer2(private_context=Context(kwargs=AttrDict(), config=Config(extra_fields=None, project_path='/home/aludy/scires/Cloud_...

> File "/home/aludy/scires/Cloud_Spec_Exp/external/baselines/MetaGPT/metagpt/roles/di/role_zero.py", line 401, in _run_commands
    tool_output = tool_obj(**cmd["args"])
                  │          └ {'command_name': 'Editor.goto_line', 'args': {'line_number': 1}}
                  └ <bound method Editor.goto_line of Editor(resource=EditorReporter(block=<BlockType.EDITOR: 'Editor'>, uuid=UUID('0c461533-5963...

  File "/home/aludy/scires/Cloud_Spec_Exp/external/baselines/MetaGPT/metagpt/tools/libs/editor.py", line 322, in goto_line
    self._check_current_file()
    │    └ <function Editor._check_current_file at 0x74fe0d29a170>
    └ Editor(resource=EditorReporter(block=<BlockType.EDITOR: 'Editor'>, uuid=UUID('0c461533-5963-4950-871e-064acc432dd4'), enable_...

  File "/home/aludy/scires/Cloud_Spec_Exp/external/baselines/MetaGPT/metagpt/tools/libs/editor.py", line 195, in _check_current_file
    raise ValueError("No file open. Use the open_file function first.")

ValueError: No file open. Use the open_file function first.
2026-07-25 14:11:40.591 | INFO     | metagpt.roles.di.role_zero:_act:294 - Commands outputs: 
Command Editor.goto_line executed: Traceback (most recent call last):
  File "/home/aludy/scires/Cloud_Spec_Exp/external/baselines/MetaGPT/metagpt/roles/di/role_zero.py", line 401, in _run_commands
    tool_output = tool_obj(**cmd["args"])
  File "/home/aludy/scires/Cloud_Spec_Exp/external/baselines/MetaGPT/metagpt/tools/libs/editor.py", line 322, in goto_line
    self._check_current_file()
  File "/home/aludy/scires/Cloud_Spec_Exp/external/baselines/MetaGPT/metagpt/tools/libs/editor.py", line 195, in _check_current_file
    raise ValueError("No file open. Use the open_file function first.")
ValueError: No file open. Use the open_file function first.

2026-07-25 14:11:43.026 | INFO     | metagpt.roles.di.role_zero:_act:292 - Commands: 
[{'command_name': 'Editor.open_file', 'args': {'path': '/home/aludy/scires/Cloud_Spec_Exp/external/worktrees/oci-metagpt-agentless-mini-rerun/metagpt/crun-129/src/libcrun/container.c', 'context_lines': 200}}]
2026-07-25 14:11:43.027 | INFO     | metagpt.roles.di.role_zero:_act:294 - Commands outputs: 
Command Editor.open_file executed: [File: /home/aludy/scires/Cloud_Spec_Exp/external/worktrees/oci-metagpt-agentless-mini-rerun/metagpt/crun-129/src/libcrun/container.c (2301 lines total)]
(this is the beginning of the file)
001|/*
002| * crun - OCI runtime written in C
003| *
004| * Copyright (C) 2017, 2018, 2019 Giuseppe Scrivano <giuseppe@scrivano.org>
005| * crun is free software; you can redistribute it and/or modify
006| * it under the terms of the GNU Lesser General Public License as published by
007| * the Free Software Foundation; either version 3 of the License, or
008| * (at your option) any later version.
009| *
010| * crun is distributed in the hope that it will be useful,
011| * but WITHOUT ANY WARRANTY; without even the implied warranty of
012| * MERCHANTABILITY or FITNESS FOR A PARTICULAR PURPOSE.  See the
013| * GNU Lesser General Public License for more details.
014| *
015| * You should have received a copy of the GNU Lesser General Public License
016| * along with crun.  If not, see <http://www.gnu.org/licenses/>.
017| */
018|#define _GNU_SOURCE
019|
020|#include <config.h>
021|#include <stdbool.h>
022|#include "container.h"
023|#include "utils.h"
024|#include "seccomp.h"
025|#include <stdbool.h>
026|#include <argp.h>
027|#include <unistd.h>
028|#include <sys/stat.h>
029|#include <sys/types.h>
030|#include <sched.h>
031|#include <sys/wait.h>
032|#include <string.h>
033|#include <fcntl.h>
034|#include "status.h"
035|#include "linux.h"
036|#include "terminal.h"
037|#include "cgroup.h"
038|#include <sys/prctl.h>
039|#include <sys/signalfd.h>
040|#include <sys/epoll.h>
041|#include <sys/socket.h>
042|#include <grp.h>
043|
044|#ifdef HAVE_SYSTEMD
045|# include <systemd/sd-daemon.h>
046|#endif
047|
048|#include <yajl/yajl_tree.h>
049|#include <yajl/yajl_gen.h>
050|
051|#define YAJL_STR(x) ((const unsigned char *) (x))
052|
053|enum
054|  {
055|    SYNC_SOCKET_SYNC_MESSAGE,
056|    SYNC_SOCKET_ERROR_MESSAGE,
057|    SYNC_SOCKET_WARNING_MESSAGE,
058|  };
059|
060|struct container_entrypoint_s
061|{
062|  libcrun_container_t *container;
063|  libcrun_context_t *context;
064|  int has_terminal_socket_pair;
065|  int terminal_socketpair[2];
066|  int sync_socket;
067|  int seccomp_fd;
068|  int console_socket_fd;
069|};
070|
071|struct sync_socket_message_s
072|{
073|  int type;
074|  int error_value;
075|  char message[512];
076|};
077|
078|
079|
080|static char spec_file[] = "\
081|  {\n\
082|	\"ociVersion\": \"1.0.0\",\n\
083|	\"process\": {\n\
084|		\"terminal\": true,\n\
085|		\"user\": {\n\
086|			\"uid\": 0,\n\
087|			\"gid\": 0\n\
088|		},\n\
089|		\"args\": [\n\
090|			\"sh\"\n\
091|		],\n\
092|		\"env\": [\n\
093|			\"PATH=/usr/local/sbin:/usr/local/bin:/usr/sbin:/usr/bin:/sbin:/bin\",\n\
094|			\"TERM=xterm\"\n\
095|		],\n\
096|		\"cwd\": \"/\",\n\
097|		\"capabilities\": {\n\
098|			\"bounding\": [\n\
099|				\"CAP_AUDIT_WRITE\",\n\
100|				\"CAP_KILL\",\n\
101|				\"CAP_NET_BIND_SERVICE\"\n\
102|			],\n\
103|			\"effective\": [\n\
104|				\"CAP_AUDIT_WRITE\",\n\
105|				\"CAP_KILL\",\n\
106|				\"CAP_NET_BIND_SERVICE\"\n\
107|			],\n\
108|			\"inheritable\": [\n\
109|				\"CAP_AUDIT_WRITE\",\n\
110|				\"CAP_KILL\",\n\
111|				\"CAP_NET_BIND_SERVICE\"\n\
112|			],\n\
113|			\"permitted\": [\n\
114|				\"CAP_AUDIT_WRITE\",\n\
115|				\"CAP_KILL\",\n\
116|				\"CAP_NET_BIND_SERVICE\"\n\
117|			],\n\
118|			\"ambient\": [\n\
119|				\"CAP_AUDIT_WRITE\",\n\
120|				\"CAP_KILL\",\n\
121|				\"CAP_NET_BIND_SERVICE\"\n\
122|			]\n\
123|		},\n\
124|		\"rlimits\": [\n\
125|			{\n\
126|				\"type\": \"RLIMIT_NOFILE\",\n\
127|				\"hard\": 1024,\n\
128|				\"soft\": 1024\n\
129|			}\n\
130|		],\n\
131|		\"noNewPrivileges\": true\n\
132|	},\n\
133|	\"root\": {\n\
134|		\"path\": \"rootfs\",\n\
135|		\"readonly\": true\n\
136|	},\n\
137|	\"hostname\": \"crun\",\n\
138|	\"mounts\": [\n\
139|		{\n\
140|			\"destination\": \"/proc\",\n\
141|			\"type\": \"proc\",\n\
142|			\"source\": \"proc\"\n\
143|		},\n\
144|		{\n\
145|			\"destination\": \"/dev\",\n\
146|			\"type\": \"tmpfs\",\n\
147|			\"source\": \"tmpfs\",\n\
148|			\"options\": [\n\
149|				\"nosuid\",\n\
150|				\"strictatime\",\n\
151|				\"mode=755\",\n\
152|				\"size=65536k\"\n\
153|			]\n\
154|		},\n\
155|		{\n\
156|			\"destination\": \"/dev/pts\",\n\
157|			\"type\": \"devpts\",\n\
158|			\"source\": \"devpts\",\n\
159|			\"options\": [\n\
160|				\"nosuid\",\n\
161|				\"noexec\",\n\
162|				\"newinstance\",\n\
163|				\"ptmxmode=0666\",\n\
164|				\"mode=0620\",\n\
165|				\"gid=5\"\n\
166|			]\n\
167|		},\n\
168|		{\n\
169|			\"destination\": \"/dev/shm\",\n\
170|			\"type\": \"tmpfs\",\n\
171|			\"source\": \"shm\",\n\
172|			\"options\": [\n\
173|				\"nosuid\",\n\
174|				\"noexec\",\n\
175|				\"nodev\",\n\
176|				\"mode=1777\",\n\
177|				\"size=65536k\"\n\
178|			]\n\
179|		},\n\
180|		{\n\
181|			\"destination\": \"/dev/mqueue\",\n\
182|			\"type\": \"mqueue\",\n\
183|			\"source\": \"mqueue\",\n\
184|			\"options\": [\n\
185|				\"nosuid\",\n\
186|				\"noexec\",\n\
187|				\"nodev\"\n\
188|			]\n\
189|		},\n\
190|		{\n\
191|			\"destination\": \"/sys\",\n\
192|			\"type\": \"sysfs\",\n\
193|			\"source\": \"sysfs\",\n\
194|			\"options\": [\n\
195|				\"nosuid\",\n\
196|				\"noexec\",\n\
197|				\"nodev\",\n\
198|				\"ro\"\n\
199|			]\n\
200|		},\n\
(2101 more lines below)
2026-07-25 14:11:44.740 | INFO     | metagpt.roles.di.role_zero:_act:292 - Commands: 
[{'command_name': 'Editor.search_file', 'args': {'search_term': 'hook', 'file_path': '/home/aludy/scires/Cloud_Spec_Exp/external/worktrees/oci-metagpt-agentless-mini-rerun/metagpt/crun-129/src/libcrun/container.c'}}]
2026-07-25 14:11:44.741 | INFO     | metagpt.roles.di.role_zero:_act:294 - Commands outputs: 
Command Editor.search_file executed: [Found 20 matches for "hook" in /home/aludy/scires/Cloud_Spec_Exp/external/worktrees/oci-metagpt-agentless-mini-rerun/metagpt/crun-129/src/libcrun/container.c]
Line 731: struct hook_s
Line 744: do_hooks (oci_container *def, pid_t pid, const char *id, bool keep_going, const char *rootfs,
Line 745: const char *cwd, const char *status, struct hook_s **hooks, size_t hooks_len,
Line 786: for (i = 0; i < hooks_len; i++)
Line 788: ret = run_process_with_stdin_timeout_envp (hooks[i]->path, hooks[i]->args, cwd, hooks[i]->timeout, hooks[i]->env, stdin, stdin_len, err);
Line 823: run_poststop_hooks (libcrun_context_t *context, oci_container *def,
Line 839: if (def->hooks && def->hooks->poststop_len)
Line 841: ret = do_hooks (def, 0, id, true, def->root->path, status->bundle,
Line 842: "stopped", (struct hook_s **) def->hooks->poststop,
Line 843: def->hooks->poststop_len, err);
Line 942: ret = run_poststop_hooks (context, def, &status, state_root, id, err);
Line 1474: prestart hooks.  */
Line 1475: if (def->hooks && def->hooks->prestart_len)
Line 1477: ret = do_hooks (def, pid, context->id, false, def->root->path, NULL, "created",
Line 1478: (struct hook_s **) def->hooks->prestart,
Line 1479: def->hooks->prestart_len, err);
Line 1535: if (def->hooks && def->hooks->poststart_len)
Line 1537: ret = do_hooks (def, pid, context->id, true, def->root->path, NULL, "running",
Line 1538: (struct hook_s **) def->hooks->poststart,
Line 1539: def->hooks->poststart_len, err);
[End of matches for "hook" in /home/aludy/scires/Cloud_Spec_Exp/external/worktrees/oci-metagpt-agentless-mini-rerun/metagpt/crun-129/src/libcrun/container.c]
2026-07-25 14:11:49.443 | INFO     | metagpt.roles.di.role_zero:_act:292 - Commands: 
[{'command_name': 'Editor.goto_line', 'args': {'line_number': 731}}]
2026-07-25 14:11:49.444 | INFO     | metagpt.roles.di.role_zero:_act:294 - Commands outputs: 
Command Editor.goto_line executed: [File: /home/aludy/scires/Cloud_Spec_Exp/external/worktrees/oci-metagpt-agentless-mini-rerun/metagpt/crun-129/src/libcrun/container.c (2301 lines total)]
(630 more lines above)
631|    {
632|      char *notify_socket_env;
633|      xasprintf (&notify_socket_env, "NOTIFY_SOCKET=%s", notify_socket);
634|      if (putenv (notify_socket_env) < 0)
635|        return crun_make_error (err, errno, "putenv '%s'", notify_socket_env);
636|    }
637|
638|  return 0;
639|}
640|
641|/* Entrypoint to the container.  */
642|static int
643|container_entrypoint (void *args, const char *notify_socket,
644|                      int sync_socket, libcrun_error_t *err)
645|{
646|  struct container_entrypoint_s *entrypoint_args = args;
647|  int ret;
648|  oci_container *def = entrypoint_args->container->container_def;
649|  cleanup_free const char *exec_path = NULL;
650|  entrypoint_args->sync_socket = sync_socket;
651|
652|  crun_set_output_handler (log_write_to_sync_socket, args, false);
653|
654|  ret = container_entrypoint_init (args, notify_socket, sync_socket, &exec_path, err);
655|  if (UNLIKELY (ret < 0))
656|    {
657|      /* If it fails to write the error using the sync socket, then fallback
658|         to stderr.  */
659|      if (sync_socket_write_error (sync_socket, err) < 0)
660|        return ret;
661|
662|      crun_error_release (err);
663|      return ret;
664|    }
665|
666|  entrypoint_args->sync_socket = -1;
667|
668|  ret = unblock_signals (err);
669|  if (UNLIKELY (ret < 0))
670|    return ret;
671|
672|  ret = sync_socket_send_sync (sync_socket, false, err);
673|  if (UNLIKELY (ret < 0))
674|    return ret;
675|
676|  if (entrypoint_args->context->fifo_exec_wait_fd >= 0)
677|    {
678|      char buffer[1];
679|      fd_set read_set;
680|      cleanup_close int fd = entrypoint_args->context->fifo_exec_wait_fd;
681|      entrypoint_args->context->fifo_exec_wait_fd = -1;
682|
683|      FD_ZERO (&read_set);
684|      FD_SET (fd, &read_set);
685|      do
686|        {
687|          ret = select (fd + 1, &read_set, NULL, NULL, NULL);
688|          if (UNLIKELY (ret < 0))
689|            return crun_make_error (err, errno, "select");
690|
691|          ret = TEMP_FAILURE_RETRY (read (fd, buffer, sizeof (buffer)));
692|          if (UNLIKELY (ret < 0))
693|            return crun_make_error (err, errno, "read from the exec fifo");
694|        }
695|      while (ret == 0);
696|    }
697|
698|  crun_set_output_handler (log_write_to_stderr, NULL, false);
699|
700|  ret = close_fds_ge_than (entrypoint_args->context->preserve_fds + 3, err);
701|  if (UNLIKELY (ret < 0))
702|    crun_error_write_warning_and_release (entrypoint_args->context->output_handler_arg, &err);
703|
704|  if (def->process && def->process->no_new_privileges)
705|    {
706|      char **seccomp_flags = NULL;
707|      size_t seccomp_flags_len = 0;
708|
709|      if (def->linux && def->linux->seccomp)
710|        {
711|          seccomp_flags = def->linux->seccomp->flags;
712|          seccomp_flags_len = def->linux->seccomp->flags_len;
713|        }
714|
715|      ret = libcrun_generate_and_load_seccomp (entrypoint_args->container, entrypoint_args->seccomp_fd, seccomp_flags, seccomp_flags_len, err);
716|      if (UNLIKELY (ret < 0))
717|        return ret;
718|    }
719|
720|  if (UNLIKELY (def->process == NULL))
721|    return crun_make_error (err, errno, "block 'process' not found");
722|
723|  if (UNLIKELY (exec_path == NULL))
724|    return crun_make_error (err, errno, "executable path not specified");
725|
726|  execv (exec_path, def->process->args);
727|
728|  return crun_make_error (err, errno, "exec the container process");
729|}
730|
731|struct hook_s
732|{
733|    char *path;
734|    char **args;
735|    size_t args_len;
736|
737|    int timeout;
738|    char **env;
739|    size_t env_len;
740|
741|};
742|
743|static int
744|do_hooks (oci_container *def, pid_t pid, const char *id, bool keep_going, const char *rootfs,
745|          const char *cwd, const char *status, struct hook_s **hooks, size_t hooks_len,
746|          libcrun_error_t *err)
747|{
748|  size_t i, stdin_len;
749|  int ret;
750|  cleanup_free char *stdin = NULL;
751|  const unsigned char *annotations = (const unsigned char *) "{}";
752|  cleanup_free char *cwd_allocated = NULL;
753|  yajl_gen gen = NULL;
754|
755|  if (cwd == NULL)
756|    {
757|      cwd = cwd_allocated = get_current_dir_name ();
758|      if (cwd == NULL)
759|        OOM ();
760|    }
761|
762|  if (def && def->annotations && def->annotations->len)
763|    {
764|      size_t len;
765|
766|      gen = yajl_gen_alloc (NULL);
767|      if (gen == NULL)
768|        return crun_make_error (err, 0, "yajl_gen_alloc failed");
769|
770|      yajl_gen_map_open (gen);
771|      for (i = 0; i < def->annotations->len; i++)
772|        {
773|          const char *key = def->annotations->keys[i];
774|          const char *val = def->annotations->values[i];
775|
776|          yajl_gen_string (gen, YAJL_STR (key), strlen (key));
777|          yajl_gen_string (gen, YAJL_STR (val), strlen (val));
778|        }
779|      yajl_gen_map_close (gen);
780|
781|      yajl_gen_get_buf (gen, &annotations, &len);
782|    }
783|
784|  stdin_len = xasprintf (&stdin, "{\"ociVersion\":\"1.0\", \"id\":\"%s\", \"pid\":%i, \"root\":\"%s\", \"bundle\":\"%s\", \"status\":\"%s\", \"annotations\":%s}", id, pid, rootfs, cwd, status, annotations);
785|
786|  for (i = 0; i < hooks_len; i++)
787|    {
788|      ret = run_process_with_stdin_timeout_envp (hooks[i]->path, hooks[i]->args, cwd, hooks[i]->timeout, hooks[i]->env, stdin, stdin_len, err);
789|      if (!keep_going && UNLIKELY (ret != 0))
790|          goto exit;
791|    }
792|
793|  ret = 0;
794|
795| exit:
796|  if (gen)
797|    yajl_gen_free (gen);
798|
799|  return ret;
800|}
801|
802|static int
803|read_container_config_from_state (libcrun_container_t **container, const char *state_root, const char *id, libcrun_error_t *err)
804|{
805|  cleanup_free char *dir = NULL;
806|  cleanup_free char *config_file = NULL;
807|
808|  *container = NULL;
809|
810|  dir = libcrun_get_state_directory (state_root, id);
811|  if (UNLIKELY (dir == NULL))
812|    return crun_make_error (err, 0, "cannot get state directory from %s", state_root);
813|
814|  xasprintf (&config_file, "%s/config.json", dir);
815|  *container = libcrun_container_load_from_file (config_file, err);
816|  if (*container == NULL)
817|    return crun_make_error (err, 0, "error loading %s", config_file);
818|
819|  return 0;
820|}
821|
822|static int
823|run_poststop_hooks (libcrun_context_t *context, oci_container *def,
824|                    libcrun_container_status_t *status,
825|                    const char *state_root, const char *id, libcrun_error_t *err)
826|{
827|  cleanup_free libcrun_container_t *container = NULL;
828|  int ret;
829|
830|  if (def == NULL)
831|    {
(1470 more lines below)
2026-07-25 14:11:52.883 | INFO     | metagpt.roles.di.role_zero:_act:292 - Commands: 
[{'command_name': 'Editor.goto_line', 'args': {'line_number': 1470}}]
2026-07-25 14:11:52.884 | INFO     | metagpt.roles.di.role_zero:_act:294 - Commands outputs: 
Command Editor.goto_line executed: [File: /home/aludy/scires/Cloud_Spec_Exp/external/worktrees/oci-metagpt-agentless-mini-rerun/metagpt/crun-129/src/libcrun/container.c (2301 lines total)]
(1369 more lines above)
1370|  if (!context->no_new_keyring)
1371|    {
1372|      ret = libcrun_create_keyring (container->context->id, err);
1373|      if (UNLIKELY (ret < 0))
1374|        return ret;
1375|    }
1376|
1377|  if (def->process && def->process->terminal && !detach && context->console_socket == NULL)
1378|    {
1379|      container_args.has_terminal_socket_pair = 1;
1380|      ret = create_socket_pair (container_args.terminal_socketpair, err);
1381|      if (UNLIKELY (ret < 0))
1382|        return ret;
1383|      socket_pair_0 = container_args.terminal_socketpair[0];
1384|      socket_pair_1 = container_args.terminal_socketpair[1];
1385|    }
1386|
1387|  ret = block_signals (err);
1388|  if (UNLIKELY (ret < 0))
1389|    return ret;
1390|
1391|  if (def->linux && def->linux->seccomp)
1392|    {
1393|      ret = open_seccomp_output (context->id, &seccomp_fd, false, context->state_root, err);
1394|      if (UNLIKELY (ret < 0))
1395|        return ret;
1396|    }
1397|  container_args.seccomp_fd = seccomp_fd;
1398|
1399|  if (context->console_socket)
1400|    {
1401|      console_socket_fd = open_unix_domain_client_socket (context->console_socket, 0, err);
1402|      if (UNLIKELY (console_socket_fd < 0))
1403|        return ret;
1404|      container_args.console_socket_fd = console_socket_fd;
1405|    }
1406|
1407|  pid = libcrun_run_linux_container (container, context->detach,
1408|                                     container_entrypoint, &container_args,
1409|                                     &sync_socket, err);
1410|  if (UNLIKELY (pid < 0))
1411|    return pid;
1412|
1413|  if (context->fifo_exec_wait_fd < 0 && context->notify_socket)
1414|    {
1415|      /* Do not open the notify socket here on "create".  "start" will take care of it.  */
1416|      ret = get_notify_fd (context, container, &notify_socket, err);
1417|      if (UNLIKELY (ret < 0))
1418|        return ret;
1419|    }
1420|
1421|  if (seccomp_fd >= 0)
1422|    close_and_reset (&seccomp_fd);
1423|
1424|  if (container_args.terminal_socketpair[1] >= 0)
1425|    close_and_reset (&socket_pair_1);
1426|
1427|  cgroup_mode = libcrun_get_cgroup_mode (err);
1428|  if (cgroup_mode < 0)
1429|    return cgroup_mode;
1430|
1431|  cgroup_manager = CGROUP_MANAGER_CGROUPFS;
1432|  if (context->systemd_cgroup)
1433|    cgroup_manager = CGROUP_MANAGER_SYSTEMD;
1434|  else if (context->force_no_cgroup)
1435|    cgroup_manager = CGROUP_MANAGER_DISABLED;
1436|
1437|  /* If we are root (either on the host or in a namespace), then chown the cgroup to root in the container user namespace.  */
1438|  get_root_in_the_userns_for_cgroups (def, container->host_uid, container->host_gid, &root_uid, &root_gid);
1439|
1440|  ret = libcrun_cgroup_enter (def->linux ? def->linux->resources : NULL, cgroup_mode,
1441|                              &cgroup_path, def->linux ? def->linux->cgroups_path : "",
1442|                              cgroup_manager, pid, root_uid, root_gid, context->id, err);
1443|  if (UNLIKELY (ret < 0))
1444|    {
1445|      cleanup_watch (context, pid, def, context->id, sync_socket, terminal_fd);
1446|      return ret;
1447|    }
1448|
1449|  if (def->linux && def->linux->resources)
1450|    {
1451|      ret = libcrun_update_cgroup_resources (cgroup_mode, def->linux->resources, cgroup_path, err);
1452|      if (UNLIKELY (ret < 0))
1453|        {
1454|          cleanup_watch (context, pid, def, context->id, sync_socket, terminal_fd);
1455|          return ret;
1456|        }
1457|    }
1458|
1459|  ret = sync_socket_send_sync (sync_socket, true, err);
1460|  if (UNLIKELY (ret < 0))
1461|    {
1462|      cleanup_watch (context, pid, def, context->id, sync_socket, terminal_fd);
1463|      return ret;
1464|    }
1465|
1466|  ret = sync_socket_wait_sync (context, sync_socket, false, err);
1467|  if (UNLIKELY (ret < 0))
1468|    {
1469|      cleanup_watch (context, pid, def, context->id, sync_socket, terminal_fd);
1470|      return ret;
1471|    }
1472|
1473|  /* The container is waiting that we write back.  In this phase we can launch the
1474|     prestart hooks.  */
1475|  if (def->hooks && def->hooks->prestart_len)
1476|    {
1477|      ret = do_hooks (def, pid, context->id, false, def->root->path, NULL, "created",
1478|                      (struct hook_s **) def->hooks->prestart,
1479|                      def->hooks->prestart_len, err);
1480|      if (UNLIKELY (ret != 0))
1481|        {
1482|          cleanup_watch (context, pid, def, context->id, sync_socket, terminal_fd);
1483|          return ret;
1484|        }
1485|    }
1486|
1487|  ret = sync_socket_send_sync (sync_socket, true, err);
1488|  if (UNLIKELY (ret < 0))
1489|    {
1490|      cleanup_watch (context, pid, def, context->id, sync_socket, terminal_fd);
1491|      return ret;
1492|    }
1493|
1494|  ret = sync_socket_wait_sync (context, sync_socket, false, err);
1495|  if (UNLIKELY (ret < 0))
1496|    {
1497|      cleanup_watch (context, pid, def, context->id, sync_socket, terminal_fd);
1498|      return ret;
1499|    }
1500|
1501|  if (def->process && def->process->terminal && !detach && context->console_socket == NULL)
1502|    {
1503|      terminal_fd = receive_fd_from_socket (socket_pair_0, err);
1504|      if (UNLIKELY (terminal_fd < 0))
1505|        {
1506|          cleanup_watch (context, pid, def, context->id, sync_socket, terminal_fd);
1507|          return terminal_fd;
1508|        }
1509|
1510|      close_and_reset (&socket_pair_0);
1511|
1512|      ret = libcrun_setup_terminal_master (terminal_fd, &orig_terminal, err);
1513|      if (UNLIKELY (ret < 0))
1514|        {
1515|          cleanup_watch (context, pid, def, context->id, sync_socket, terminal_fd);
1516|          return terminal_fd;
1517|        }
1518|    }
1519|
1520|  ret = close_and_reset (&sync_socket);
1521|  if (UNLIKELY (ret < 0))
1522|    {
1523|      cleanup_watch (context, pid, def, context->id, sync_socket, terminal_fd);
1524|      return ret;
1525|    }
1526|
1527|  get_current_timestamp (created);
1528|  ret = write_container_status (container, context, pid, cgroup_path, created, err);
1529|  if (UNLIKELY (ret < 0))
1530|    {
1531|      cleanup_watch (context, pid, def, context->id, sync_socket, terminal_fd);
1532|      return ret;
1533|    }
1534|
1535|  if (def->hooks && def->hooks->poststart_len)
1536|    {
1537|      ret = do_hooks (def, pid, context->id, true, def->root->path, NULL, "running",
1538|                      (struct hook_s **) def->hooks->poststart,
1539|                      def->hooks->poststart_len, err);
1540|      if (UNLIKELY (ret < 0))
1541|        {
1542|          cleanup_watch (context, pid, def, context->id, sync_socket, terminal_fd);
1543|          return ret;
1544|        }
1545|    }
1546|
1547|  ret = wait_for_process (pid, context, terminal_fd, notify_socket, container_ready_fd, err);
1548|  if (!context->detach)
1549|    cleanup_watch (context, 0, def, context->id, sync_socket, terminal_fd);
1550|
1551|  return ret;
1552|}
1553|
1554|static
1555|int check_config_file (oci_container *def, libcrun_error_t *err)
1556|{
1557|  if (UNLIKELY (def->root == NULL))
1558|    return crun_make_error (err, 0, "invalid config file, no 'root' block specified");
1559|  if (UNLIKELY (def->linux == NULL))
1560|    return crun_make_error (err, 0, "invalid config file, no 'linux' block specified");
1561|  if (UNLIKELY (def->mounts == NULL))
1562|    return crun_make_error (err, 0, "invalid config file, no 'mounts' block specified");
1563|  return 0;
1564|}
1565|
1566|static
1567|int libcrun_copy_config_file (const char *id, const char *state_root, const char *bundle, libcrun_error_t *err)
1568|{
1569|  int ret;
1570|  cleanup_free char *src_path = NULL;
(731 more lines below)
2026-07-25 14:11:58.544 | INFO     | metagpt.roles.di.role_zero:_act:292 - Commands: 
[{'command_name': 'Editor.search_file', 'args': {'search_term': 'run_process_with_stdin_timeout_envp', 'file_path': '/home/aludy/scires/Cloud_Spec_Exp/external/worktrees/oci-metagpt-agentless-mini-rerun/metagpt/crun-129/src/libcrun/container.c'}}]
2026-07-25 14:11:58.556 | INFO     | metagpt.roles.di.role_zero:_act:294 - Commands outputs: 
Command Editor.search_file executed: [Found 1 matches for "run_process_with_stdin_timeout_envp" in /home/aludy/scires/Cloud_Spec_Exp/external/worktrees/oci-metagpt-agentless-mini-rerun/metagpt/crun-129/src/libcrun/container.c]
Line 788: ret = run_process_with_stdin_timeout_envp (hooks[i]->path, hooks[i]->args, cwd, hooks[i]->timeout, hooks[i]->env, stdin, stdin_len, err);
[End of matches for "run_process_with_stdin_timeout_envp" in /home/aludy/scires/Cloud_Spec_Exp/external/worktrees/oci-metagpt-agentless-mini-rerun/metagpt/crun-129/src/libcrun/container.c]
2026-07-25 14:12:01.838 | INFO     | metagpt.roles.di.role_zero:_act:292 - Commands: 
[{'command_name': 'Editor.search_file', 'args': {'search_term': 'run_process_with_stdin_timeout_envp'}}]
2026-07-25 14:12:01.838 | INFO     | metagpt.roles.di.role_zero:_act:294 - Commands outputs: 
Command Editor.search_file executed: [Found 1 matches for "run_process_with_stdin_timeout_envp" in /home/aludy/scires/Cloud_Spec_Exp/external/worktrees/oci-metagpt-agentless-mini-rerun/metagpt/crun-129/src/libcrun/container.c]
Line 788: ret = run_process_with_stdin_timeout_envp (hooks[i]->path, hooks[i]->args, cwd, hooks[i]->timeout, hooks[i]->env, stdin, stdin_len, err);
[End of matches for "run_process_with_stdin_timeout_envp" in /home/aludy/scires/Cloud_Spec_Exp/external/worktrees/oci-metagpt-agentless-mini-rerun/metagpt/crun-129/src/libcrun/container.c]
2026-07-25 14:12:05.027 | INFO     | metagpt.roles.di.role_zero:_act:292 - Commands: 
[{'command_name': 'Editor.search_file', 'args': {'search_term': 'cleanup_watch', 'file_path': '/home/aludy/scires/Cloud_Spec_Exp/external/worktrees/oci-metagpt-agentless-mini-rerun/metagpt/crun-129/src/libcrun/container.c'}}]
2026-07-25 14:12:05.028 | INFO     | metagpt.roles.di.role_zero:_act:294 - Commands outputs: 
Command Editor.search_file executed: [Found 14 matches for "cleanup_watch" in /home/aludy/scires/Cloud_Spec_Exp/external/worktrees/oci-metagpt-agentless-mini-rerun/metagpt/crun-129/src/libcrun/container.c]
Line 1237: cleanup_watch (libcrun_context_t *context, pid_t init_pid, oci_container *def, const char *id, int sync_socket, int terminal_fd)
Line 1445: cleanup_watch (context, pid, def, context->id, sync_socket, terminal_fd);
Line 1454: cleanup_watch (context, pid, def, context->id, sync_socket, terminal_fd);
Line 1462: cleanup_watch (context, pid, def, context->id, sync_socket, terminal_fd);
Line 1469: cleanup_watch (context, pid, def, context->id, sync_socket, terminal_fd);
Line 1482: cleanup_watch (context, pid, def, context->id, sync_socket, terminal_fd);
Line 1490: cleanup_watch (context, pid, def, context->id, sync_socket, terminal_fd);
Line 1497: cleanup_watch (context, pid, def, context->id, sync_socket, terminal_fd);
Line 1506: cleanup_watch (context, pid, def, context->id, sync_socket, terminal_fd);
Line 1515: cleanup_watch (context, pid, def, context->id, sync_socket, terminal_fd);
Line 1523: cleanup_watch (context, pid, def, context->id, sync_socket, terminal_fd);
Line 1531: cleanup_watch (context, pid, def, context->id, sync_socket, terminal_fd);
Line 1542: cleanup_watch (context, pid, def, context->id, sync_socket, terminal_fd);
Line 1549: cleanup_watch (context, 0, def, context->id, sync_socket, terminal_fd);
[End of matches for "cleanup_watch" in /home/aludy/scires/Cloud_Spec_Exp/external/worktrees/oci-metagpt-agentless-mini-rerun/metagpt/crun-129/src/libcrun/container.c]
2026-07-25 14:12:12.338 | INFO     | metagpt.roles.di.role_zero:_act:292 - Commands: 
[{'command_name': 'Editor.goto_line', 'args': {'line_number': 1237}}]
2026-07-25 14:12:12.339 | INFO     | metagpt.roles.di.role_zero:_act:294 - Commands outputs: 
Command Editor.goto_line executed: [File: /home/aludy/scires/Cloud_Spec_Exp/external/worktrees/oci-metagpt-agentless-mini-rerun/metagpt/crun-129/src/libcrun/container.c (2301 lines total)]
(1136 more lines above)
1137|  while (1)
1138|    {
1139|      struct signalfd_siginfo si;
1140|      ssize_t res;
1141|      struct epoll_event events[10];
1142|      int i, nr_events;
1143|
1144|      nr_events = TEMP_FAILURE_RETRY (epoll_wait (epollfd, events, 10, -1));
1145|      if (UNLIKELY (nr_events < 0))
1146|        return crun_make_error (err, errno, "epoll_wait");
1147|
1148|      for (i = 0; i < nr_events; i++)
1149|        {
1150|          if (events[i].data.fd == 0)
1151|            {
1152|              ret = copy_from_fd_to_fd (0, terminal_fd, 0, err);
1153|              if (UNLIKELY (ret < 0))
1154|                return ret;
1155|            }
1156|          else if (events[i].data.fd == terminal_fd)
1157|            {
1158|              ret = set_blocking_fd (terminal_fd, 0, err);
1159|              if (UNLIKELY (ret < 0))
1160|                return ret;
1161|
1162|              ret = copy_from_fd_to_fd (terminal_fd, 1, 1, err);
1163|              if (UNLIKELY (ret < 0))
1164|                return ret;
1165|
1166|              ret = set_blocking_fd (terminal_fd, 1, err);
1167|              if (UNLIKELY (ret < 0))
1168|                return ret;
1169|            }
1170|          else if (events[i].data.fd == notify_socket)
1171|            {
1172|              ret = handle_notify_socket (notify_socket, err);
1173|              if (UNLIKELY (ret < 0))
1174|                return ret;
1175|              if (ret && context->detach)
1176|                    return 0;
1177|            }
1178|          else if (events[i].data.fd == signalfd)
1179|            {
1180|              res = TEMP_FAILURE_RETRY (read (signalfd, &si, sizeof (si)));
1181|              if (UNLIKELY (res < 0))
1182|                return crun_make_error (err, errno, "read from signalfd");
1183|              if (si.ssi_signo == SIGCHLD)
1184|                {
1185|                  ret = reap_subprocesses (pid, &container_exit_code, &last_process, err);
1186|                  if (UNLIKELY (ret < 0))
1187|                    return ret;
1188|                  if (last_process)
1189|                    return container_exit_code;
1190|                }
1191|              else
1192|                {
1193|                  /* Send any other signal to the child process.  */
1194|                  ret = kill (pid, si.ssi_signo);
1195|                }
1196|            }
1197|          else
1198|            {
1199|              return crun_make_error (err, 0, "unknown fd from epoll_wait");
1200|            }
1201|        }
1202|    }
1203|
1204|  return 0;
1205|}
1206|
1207|static void
1208|flush_fd_to_err (libcrun_context_t *context, int terminal_fd)
1209|{
1210|  char buf[256];
1211|  int flags;
1212|  if (terminal_fd < 0 || stderr == NULL)
1213|    return;
1214|
1215|  flags = fcntl (terminal_fd, F_GETFL, 0);
1216|  if (flags == -1)
1217|    return;
1218|  if (fcntl (terminal_fd, F_SETFL, flags | O_NONBLOCK) < 0)
1219|    return;
1220|
1221|  for (;;)
1222|    {
1223|      int ret = read (terminal_fd, buf, sizeof (buf) - 1);
1224|      if (ret <= 0)
1225|        break;
1226|      buf[ret] = '\0';
1227|      if (context->output_handler)
1228|        context->output_handler (0, buf, false, context->output_handler_arg);
1229|    }
1230|  (void) fcntl (terminal_fd, F_SETFL, flags);
1231|  fflush (stderr);
1232|  fsync (1);
1233|  fsync (2);
1234|}
1235|
1236|static void
1237|cleanup_watch (libcrun_context_t *context, pid_t init_pid, oci_container *def, const char *id, int sync_socket, int terminal_fd)
1238|{
1239|  libcrun_error_t err = NULL;
1240|  container_delete_internal (context, def, id, 1, true, &err);
1241|  crun_error_release (&err);
1242|
1243|  if (init_pid)
1244|    kill (init_pid, SIGKILL);
1245|
1246|  sync_socket_wait_sync (context, sync_socket, true, &err);
1247|  if (err)
1248|    {
1249|      if (context->output_handler)
1250|        context->output_handler (err->status, err->msg, false, context->output_handler_arg);
1251|      crun_error_release (&err);
1252|    }
1253|
1254|  if (terminal_fd >= 0)
1255|    flush_fd_to_err (context, terminal_fd);
1256|}
1257|
1258|static
1259|int open_seccomp_output (const char *id, int *fd, bool readonly, const char *state_root, libcrun_error_t *err)
1260|{
1261|  int ret;
1262|  cleanup_free char *dest_path = NULL;
1263|  cleanup_free char *dir = NULL;
1264|
1265|  dir = libcrun_get_state_directory (state_root, id);
1266|  if (UNLIKELY (dir == NULL))
1267|        return crun_make_error (err, 0, "cannot get state directory");
1268|
1269|  xasprintf (&dest_path, "%s/seccomp.bpf", dir);
1270|
1271|  *fd = -1;
1272|  if (readonly)
1273|    {
1274|      ret = TEMP_FAILURE_RETRY (open (dest_path, O_RDONLY));
1275|      if (UNLIKELY (ret < 0))
1276|        {
1277|          if (errno == ENOENT)
1278|            return 0;
1279|          return crun_make_error (err, 0, "open seccomp.bpf");
1280|        }
1281|      *fd = ret;
1282|    }
1283|  else
1284|    {
1285|      ret = TEMP_FAILURE_RETRY (open (dest_path, O_RDWR | O_CREAT, 0700));
1286|      if (UNLIKELY (ret < 0))
1287|        return crun_make_error (err, 0, "open seccomp.bpf");
1288|      *fd = ret;
1289|    }
1290|
1291|  return 0;
1292|}
1293|
1294|/* Find the uid:gid that is mapped to root inside the container user namespace.  */
1295|static void
1296|get_root_in_the_userns_for_cgroups (oci_container *def, uid_t host_uid, gid_t host_gid, uid_t *uid, gid_t *gid)
1297|{
1298|  *uid = -1;
1299|  *gid = -1;
1300|
1301|  /* Not root in the namespace.  */
1302|  if (host_uid)
1303|    return;
1304|
1305|  if (def->linux && def->linux->uid_mappings)
1306|    {
1307|      size_t i;
1308|
1309|      for (i = 0; i < def->linux->uid_mappings_len; i++)
1310|        if (def->linux->uid_mappings[i]->container_id == 0)
1311|          {
1312|            *uid = def->linux->uid_mappings[i]->host_id;
1313|            break;
1314|          }
1315|    }
1316|  if (def->linux && def->linux->gid_mappings)
1317|    {
1318|      size_t i;
1319|
1320|      for (i = 0; i < def->linux->gid_mappings_len; i++)
1321|        if (def->linux->gid_mappings[i]->container_id == 0)
1322|          {
1323|            *gid = def->linux->gid_mappings[i]->host_id;
1324|            break;
1325|          }
1326|    }
1327|
1328|  /* If the uid and the gid are not changed, do not attempt any chown.  */
1329|  if (*uid == host_uid && *gid == host_gid)
1330|    *uid = *gid = -1;
1331|}
1332|
1333|static int
1334|libcrun_container_run_internal (libcrun_container_t *container, libcrun_context_t *context, int container_ready_fd, libcrun_error_t *err)
1335|{
1336|  oci_container *def = container->container_def;
1337|  int ret;
(964 more lines below)
2026-07-25 14:12:15.445 | INFO     | metagpt.roles.di.role_zero:_act:292 - Commands: 
[{'command_name': 'Editor.search_file', 'args': {'search_term': 'do_hooks', 'file_path': '/home/aludy/scires/Cloud_Spec_Exp/external/worktrees/oci-metagpt-agentless-mini-rerun/metagpt/crun-129/src/libcrun/container.c'}}]
2026-07-25 14:12:15.446 | INFO     | metagpt.roles.di.role_zero:_act:294 - Commands outputs: 
Command Editor.search_file executed: [Found 4 matches for "do_hooks" in /home/aludy/scires/Cloud_Spec_Exp/external/worktrees/oci-metagpt-agentless-mini-rerun/metagpt/crun-129/src/libcrun/container.c]
Line 744: do_hooks (oci_container *def, pid_t pid, const char *id, bool keep_going, const char *rootfs,
Line 841: ret = do_hooks (def, 0, id, true, def->root->path, status->bundle,
Line 1477: ret = do_hooks (def, pid, context->id, false, def->root->path, NULL, "created",
Line 1537: ret = do_hooks (def, pid, context->id, true, def->root->path, NULL, "running",
[End of matches for "do_hooks" in /home/aludy/scires/Cloud_Spec_Exp/external/worktrees/oci-metagpt-agentless-mini-rerun/metagpt/crun-129/src/libcrun/container.c]
2026-07-25 14:12:16.995 | INFO     | metagpt.roles.di.role_zero:_act:292 - Commands: 
[{'command_name': 'Editor.goto_line', 'args': {'line_number': 744}}]
2026-07-25 14:12:16.996 | INFO     | metagpt.roles.di.role_zero:_act:294 - Commands outputs: 
Command Editor.goto_line executed: [File: /home/aludy/scires/Cloud_Spec_Exp/external/worktrees/oci-metagpt-agentless-mini-rerun/metagpt/crun-129/src/libcrun/container.c (2301 lines total)]
(643 more lines above)
644|                      int sync_socket, libcrun_error_t *err)
645|{
646|  struct container_entrypoint_s *entrypoint_args = args;
647|  int ret;
648|  oci_container *def = entrypoint_args->container->container_def;
649|  cleanup_free const char *exec_path = NULL;
650|  entrypoint_args->sync_socket = sync_socket;
651|
652|  crun_set_output_handler (log_write_to_sync_socket, args, false);
653|
654|  ret = container_entrypoint_init (args, notify_socket, sync_socket, &exec_path, err);
655|  if (UNLIKELY (ret < 0))
656|    {
657|      /* If it fails to write the error using the sync socket, then fallback
658|         to stderr.  */
659|      if (sync_socket_write_error (sync_socket, err) < 0)
660|        return ret;
661|
662|      crun_error_release (err);
663|      return ret;
664|    }
665|
666|  entrypoint_args->sync_socket = -1;
667|
668|  ret = unblock_signals (err);
669|  if (UNLIKELY (ret < 0))
670|    return ret;
671|
672|  ret = sync_socket_send_sync (sync_socket, false, err);
673|  if (UNLIKELY (ret < 0))
674|    return ret;
675|
676|  if (entrypoint_args->context->fifo_exec_wait_fd >= 0)
677|    {
678|      char buffer[1];
679|      fd_set read_set;
680|      cleanup_close int fd = entrypoint_args->context->fifo_exec_wait_fd;
681|      entrypoint_args->context->fifo_exec_wait_fd = -1;
682|
683|      FD_ZERO (&read_set);
684|      FD_SET (fd, &read_set);
685|      do
686|        {
687|          ret = select (fd + 1, &read_set, NULL, NULL, NULL);
688|          if (UNLIKELY (ret < 0))
689|            return crun_make_error (err, errno, "select");
690|
691|          ret = TEMP_FAILURE_RETRY (read (fd, buffer, sizeof (buffer)));
692|          if (UNLIKELY (ret < 0))
693|            return crun_make_error (err, errno, "read from the exec fifo");
694|        }
695|      while (ret == 0);
696|    }
697|
698|  crun_set_output_handler (log_write_to_stderr, NULL, false);
699|
700|  ret = close_fds_ge_than (entrypoint_args->context->preserve_fds + 3, err);
701|  if (UNLIKELY (ret < 0))
702|    crun_error_write_warning_and_release (entrypoint_args->context->output_handler_arg, &err);
703|
704|  if (def->process && def->process->no_new_privileges)
705|    {
706|      char **seccomp_flags = NULL;
707|      size_t seccomp_flags_len = 0;
708|
709|      if (def->linux && def->linux->seccomp)
710|        {
711|          seccomp_flags = def->linux->seccomp->flags;
712|          seccomp_flags_len = def->linux->seccomp->flags_len;
713|        }
714|
715|      ret = libcrun_generate_and_load_seccomp (entrypoint_args->container, entrypoint_args->seccomp_fd, seccomp_flags, seccomp_flags_len, err);
716|      if (UNLIKELY (ret < 0))
717|        return ret;
718|    }
719|
720|  if (UNLIKELY (def->process == NULL))
721|    return crun_make_error (err, errno, "block 'process' not found");
722|
723|  if (UNLIKELY (exec_path == NULL))
724|    return crun_make_error (err, errno, "executable path not specified");
725|
726|  execv (exec_path, def->process->args);
727|
728|  return crun_make_error (err, errno, "exec the container process");
729|}
730|
731|struct hook_s
732|{
733|    char *path;
734|    char **args;
735|    size_t args_len;
736|
737|    int timeout;
738|    char **env;
739|    size_t env_len;
740|
741|};
742|
743|static int
744|do_hooks (oci_container *def, pid_t pid, const char *id, bool keep_going, const char *rootfs,
745|          const char *cwd, const char *status, struct hook_s **hooks, size_t hooks_len,
746|          libcrun_error_t *err)
747|{
748|  size_t i, stdin_len;
749|  int ret;
750|  cleanup_free char *stdin = NULL;
751|  const unsigned char *annotations = (const unsigned char *) "{}";
752|  cleanup_free char *cwd_allocated = NULL;
753|  yajl_gen gen = NULL;
754|
755|  if (cwd == NULL)
756|    {
757|      cwd = cwd_allocated = get_current_dir_name ();
758|      if (cwd == NULL)
759|        OOM ();
760|    }
761|
762|  if (def && def->annotations && def->annotations->len)
763|    {
764|      size_t len;
765|
766|      gen = yajl_gen_alloc (NULL);
767|      if (gen == NULL)
768|        return crun_make_error (err, 0, "yajl_gen_alloc failed");
769|
770|      yajl_gen_map_open (gen);
771|      for (i = 0; i < def->annotations->len; i++)
772|        {
773|          const char *key = def->annotations->keys[i];
774|          const char *val = def->annotations->values[i];
775|
776|          yajl_gen_string (gen, YAJL_STR (key), strlen (key));
777|          yajl_gen_string (gen, YAJL_STR (val), strlen (val));
778|        }
779|      yajl_gen_map_close (gen);
780|
781|      yajl_gen_get_buf (gen, &annotations, &len);
782|    }
783|
784|  stdin_len = xasprintf (&stdin, "{\"ociVersion\":\"1.0\", \"id\":\"%s\", \"pid\":%i, \"root\":\"%s\", \"bundle\":\"%s\", \"status\":\"%s\", \"annotations\":%s}", id, pid, rootfs, cwd, status, annotations);
785|
786|  for (i = 0; i < hooks_len; i++)
787|    {
788|      ret = run_process_with_stdin_timeout_envp (hooks[i]->path, hooks[i]->args, cwd, hooks[i]->timeout, hooks[i]->env, stdin, stdin_len, err);
789|      if (!keep_going && UNLIKELY (ret != 0))
790|          goto exit;
791|    }
792|
793|  ret = 0;
794|
795| exit:
796|  if (gen)
797|    yajl_gen_free (gen);
798|
799|  return ret;
800|}
801|
802|static int
803|read_container_config_from_state (libcrun_container_t **container, const char *state_root, const char *id, libcrun_error_t *err)
804|{
805|  cleanup_free char *dir = NULL;
806|  cleanup_free char *config_file = NULL;
807|
808|  *container = NULL;
809|
810|  dir = libcrun_get_state_directory (state_root, id);
811|  if (UNLIKELY (dir == NULL))
812|    return crun_make_error (err, 0, "cannot get state directory from %s", state_root);
813|
814|  xasprintf (&config_file, "%s/config.json", dir);
815|  *container = libcrun_container_load_from_file (config_file, err);
816|  if (*container == NULL)
817|    return crun_make_error (err, 0, "error loading %s", config_file);
818|
819|  return 0;
820|}
821|
822|static int
823|run_poststop_hooks (libcrun_context_t *context, oci_container *def,
824|                    libcrun_container_status_t *status,
825|                    const char *state_root, const char *id, libcrun_error_t *err)
826|{
827|  cleanup_free libcrun_container_t *container = NULL;
828|  int ret;
829|
830|  if (def == NULL)
831|    {
832|      ret = read_container_config_from_state (&container, state_root, id, err);
833|      if (UNLIKELY (ret < 0))
834|        return ret;
835|
836|      def = container->container_def;
837|    }
838|
839|  if (def->hooks && def->hooks->poststop_len)
840|    {
841|      ret = do_hooks (def, 0, id, true, def->root->path, status->bundle,
842|                      "stopped", (struct hook_s **) def->hooks->poststop,
843|                      def->hooks->poststop_len, err);
844|      if (UNLIKELY (ret < 0))
(1457 more lines below)
2026-07-25 14:12:23.341 | INFO     | metagpt.roles.di.role_zero:_act:292 - Commands: 
[{'command_name': 'Editor.goto_line', 'args': {'line_number': 1400}}]
2026-07-25 14:12:23.342 | INFO     | metagpt.roles.di.role_zero:_act:294 - Commands outputs: 
Command Editor.goto_line executed: [File: /home/aludy/scires/Cloud_Spec_Exp/external/worktrees/oci-metagpt-agentless-mini-rerun/metagpt/crun-129/src/libcrun/container.c (2301 lines total)]
(1299 more lines above)
1300|
1301|  /* Not root in the namespace.  */
1302|  if (host_uid)
1303|    return;
1304|
1305|  if (def->linux && def->linux->uid_mappings)
1306|    {
1307|      size_t i;
1308|
1309|      for (i = 0; i < def->linux->uid_mappings_len; i++)
1310|        if (def->linux->uid_mappings[i]->container_id == 0)
1311|          {
1312|            *uid = def->linux->uid_mappings[i]->host_id;
1313|            break;
1314|          }
1315|    }
1316|  if (def->linux && def->linux->gid_mappings)
1317|    {
1318|      size_t i;
1319|
1320|      for (i = 0; i < def->linux->gid_mappings_len; i++)
1321|        if (def->linux->gid_mappings[i]->container_id == 0)
1322|          {
1323|            *gid = def->linux->gid_mappings[i]->host_id;
1324|            break;
1325|          }
1326|    }
1327|
1328|  /* If the uid and the gid are not changed, do not attempt any chown.  */
1329|  if (*uid == host_uid && *gid == host_gid)
1330|    *uid = *gid = -1;
1331|}
1332|
1333|static int
1334|libcrun_container_run_internal (libcrun_container_t *container, libcrun_context_t *context, int container_ready_fd, libcrun_error_t *err)
1335|{
1336|  oci_container *def = container->container_def;
1337|  int ret;
1338|  pid_t pid;
1339|  int detach = context->detach;
1340|  cleanup_free char *cgroup_path = NULL;
1341|  cleanup_close int terminal_fd = -1;
1342|  cleanup_terminal void *orig_terminal = NULL;
1343|  cleanup_close int sync_socket = -1;
1344|  cleanup_close int notify_socket = -1;
1345|  cleanup_close int socket_pair_0 = -1;
1346|  cleanup_close int socket_pair_1 = -1;
1347|  cleanup_close int seccomp_fd = -1;
1348|  cleanup_close int console_socket_fd = -1;
1349|  int cgroup_mode, cgroup_manager;
1350|  char created[35];
1351|  uid_t root_uid = -1;
1352|  gid_t root_gid = -1;
1353|  struct container_entrypoint_s container_args =
1354|    {
1355|      .container = container,
1356|      .context = context,
1357|      .terminal_socketpair = {-1, -1},
1358|      .console_socket_fd = -1
1359|    };
1360|
1361|  container->context = context;
1362|
1363|  if (!detach)
1364|    {
1365|      ret = prctl (PR_SET_CHILD_SUBREAPER, 1, 0, 0, 0);
1366|      if (UNLIKELY (ret < 0))
1367|        return crun_make_error (err, errno, "set child subreaper");
1368|    }
1369|
1370|  if (!context->no_new_keyring)
1371|    {
1372|      ret = libcrun_create_keyring (container->context->id, err);
1373|      if (UNLIKELY (ret < 0))
1374|        return ret;
1375|    }
1376|
1377|  if (def->process && def->process->terminal && !detach && context->console_socket == NULL)
1378|    {
1379|      container_args.has_terminal_socket_pair = 1;
1380|      ret = create_socket_pair (container_args.terminal_socketpair, err);
1381|      if (UNLIKELY (ret < 0))
1382|        return ret;
1383|      socket_pair_0 = container_args.terminal_socketpair[0];
1384|      socket_pair_1 = container_args.terminal_socketpair[1];
1385|    }
1386|
1387|  ret = block_signals (err);
1388|  if (UNLIKELY (ret < 0))
1389|    return ret;
1390|
1391|  if (def->linux && def->linux->seccomp)
1392|    {
1393|      ret = open_seccomp_output (context->id, &seccomp_fd, false, context->state_root, err);
1394|      if (UNLIKELY (ret < 0))
1395|        return ret;
1396|    }
1397|  container_args.seccomp_fd = seccomp_fd;
1398|
1399|  if (context->console_socket)
1400|    {
1401|      console_socket_fd = open_unix_domain_client_socket (context->console_socket, 0, err);
1402|      if (UNLIKELY (console_socket_fd < 0))
1403|        return ret;
1404|      container_args.console_socket_fd = console_socket_fd;
1405|    }
1406|
1407|  pid = libcrun_run_linux_container (container, context->detach,
1408|                                     container_entrypoint, &container_args,
1409|                                     &sync_socket, err);
1410|  if (UNLIKELY (pid < 0))
1411|    return pid;
1412|
1413|  if (context->fifo_exec_wait_fd < 0 && context->notify_socket)
1414|    {
1415|      /* Do not open the notify socket here on "create".  "start" will take care of it.  */
1416|      ret = get_notify_fd (context, container, &notify_socket, err);
1417|      if (UNLIKELY (ret < 0))
1418|        return ret;
1419|    }
1420|
1421|  if (seccomp_fd >= 0)
1422|    close_and_reset (&seccomp_fd);
1423|
1424|  if (container_args.terminal_socketpair[1] >= 0)
1425|    close_and_reset (&socket_pair_1);
1426|
1427|  cgroup_mode = libcrun_get_cgroup_mode (err);
1428|  if (cgroup_mode < 0)
1429|    return cgroup_mode;
1430|
1431|  cgroup_manager = CGROUP_MANAGER_CGROUPFS;
1432|  if (context->systemd_cgroup)
1433|    cgroup_manager = CGROUP_MANAGER_SYSTEMD;
1434|  else if (context->force_no_cgroup)
1435|    cgroup_manager = CGROUP_MANAGER_DISABLED;
1436|
1437|  /* If we are root (either on the host or in a namespace), then chown the cgroup to root in the container user namespace.  */
1438|  get_root_in_the_userns_for_cgroups (def, container->host_uid, container->host_gid, &root_uid, &root_gid);
1439|
1440|  ret = libcrun_cgroup_enter (def->linux ? def->linux->resources : NULL, cgroup_mode,
1441|                              &cgroup_path, def->linux ? def->linux->cgroups_path : "",
1442|                              cgroup_manager, pid, root_uid, root_gid, context->id, err);
1443|  if (UNLIKELY (ret < 0))
1444|    {
1445|      cleanup_watch (context, pid, def, context->id, sync_socket, terminal_fd);
1446|      return ret;
1447|    }
1448|
1449|  if (def->linux && def->linux->resources)
1450|    {
1451|      ret = libcrun_update_cgroup_resources (cgroup_mode, def->linux->resources, cgroup_path, err);
1452|      if (UNLIKELY (ret < 0))
1453|        {
1454|          cleanup_watch (context, pid, def, context->id, sync_socket, terminal_fd);
1455|          return ret;
1456|        }
1457|    }
1458|
1459|  ret = sync_socket_send_sync (sync_socket, true, err);
1460|  if (UNLIKELY (ret < 0))
1461|    {
1462|      cleanup_watch (context, pid, def, context->id, sync_socket, terminal_fd);
1463|      return ret;
1464|    }
1465|
1466|  ret = sync_socket_wait_sync (context, sync_socket, false, err);
1467|  if (UNLIKELY (ret < 0))
1468|    {
1469|      cleanup_watch (context, pid, def, context->id, sync_socket, terminal_fd);
1470|      return ret;
1471|    }
1472|
1473|  /* The container is waiting that we write back.  In this phase we can launch the
1474|     prestart hooks.  */
1475|  if (def->hooks && def->hooks->prestart_len)
1476|    {
1477|      ret = do_hooks (def, pid, context->id, false, def->root->path, NULL, "created",
1478|                      (struct hook_s **) def->hooks->prestart,
1479|                      def->hooks->prestart_len, err);
1480|      if (UNLIKELY (ret != 0))
1481|        {
1482|          cleanup_watch (context, pid, def, context->id, sync_socket, terminal_fd);
1483|          return ret;
1484|        }
1485|    }
1486|
1487|  ret = sync_socket_send_sync (sync_socket, true, err);
1488|  if (UNLIKELY (ret < 0))
1489|    {
1490|      cleanup_watch (context, pid, def, context->id, sync_socket, terminal_fd);
1491|      return ret;
1492|    }
1493|
1494|  ret = sync_socket_wait_sync (context, sync_socket, false, err);
1495|  if (UNLIKELY (ret < 0))
1496|    {
1497|      cleanup_watch (context, pid, def, context->id, sync_socket, terminal_fd);
1498|      return ret;
1499|    }
1500|
(801 more lines below)
2026-07-25 14:12:30.656 | INFO     | metagpt.roles.di.role_zero:_act:292 - Commands: 
[{'command_name': 'Editor.search_file', 'args': {'search_term': 'run_process_with_stdin_timeout_envp', 'file_path': '/home/aludy/scires/Cloud_Spec_Exp/external/worktrees/oci-metagpt-agentless-mini-rerun/metagpt/crun-129/src/libcrun/utils.c'}}]
2026-07-25 14:12:30.676 | INFO     | metagpt.roles.di.role_zero:_act:294 - Commands outputs: 
Command Editor.search_file executed: [Found 1 matches for "run_process_with_stdin_timeout_envp" in /home/aludy/scires/Cloud_Spec_Exp/external/worktrees/oci-metagpt-agentless-mini-rerun/metagpt/crun-129/src/libcrun/utils.c]
Line 1013: run_process_with_stdin_timeout_envp (char *path,
[End of matches for "run_process_with_stdin_timeout_envp" in /home/aludy/scires/Cloud_Spec_Exp/external/worktrees/oci-metagpt-agentless-mini-rerun/metagpt/crun-129/src/libcrun/utils.c]
2026-07-25 14:12:32.453 | ERROR    | metagpt.utils.common:parse_code:291 - ```json.*?\s+(.*?)\n``` not match following text:
2026-07-25 14:12:32.453 | ERROR    | metagpt.utils.common:parse_code:292 - 
2026-07-25 14:12:32.453 | WARNING  | metagpt.utils.role_zero_utils:parse_commands:115 - Failed to parse JSON for: . Trying to repair...
2026-07-25 14:12:40.040 | INFO     | metagpt.roles.di.role_zero:_act:292 - Commands: 
[{'command_name': 'Editor.open_file', 'args': {'path': '/home/aludy/scires/Cloud_Spec_Exp/external/worktrees/oci-metagpt-agentless-mini-rerun/metagpt/crun-129/src/libcrun/utils.c', 'line_number': 1010, 'context_lines': 100}}]
2026-07-25 14:12:40.040 | INFO     | metagpt.roles.di.role_zero:_act:294 - Commands outputs: 
Command Editor.open_file executed: [File: /home/aludy/scires/Cloud_Spec_Exp/external/worktrees/oci-metagpt-agentless-mini-rerun/metagpt/crun-129/src/libcrun/utils.c (1540 lines total)]
(959 more lines above)
960|      if (memcmp (lineptr, name, len_name) || lineptr[len_name] != ':')
961|        continue;
962|
963|      *from = strtoull (&lineptr[len_name + 1], &endptr, 10);
964|
965|      if (endptr >= &lineptr[read])
966|        return -1;
967|
968|      *len = strtoull (&endptr[1], &endptr, 10);
969|
970|      return 0;
971|    }
972|}
973|
974|#define MIN(x,y) ((x)<(y)?(x):(y))
975|
976|size_t
977|format_default_id_mapping (char **ret, uid_t container_id, uid_t host_id, int is_uid)
978|{
979|  uint32_t from, available;
980|  cleanup_free char *buffer = NULL;
981|  size_t written = 0;
982|
983|  *ret = NULL;
984|
985|  if (getsubidrange (host_id, is_uid, &from, &available) < 0)
986|    return 0;
987|
988|  /* More than enough space for all the mappings.  */
989|  buffer = xmalloc (15 * 5 * 3);
990|
991|  if (container_id > 0)
992|    {
993|      uint32_t used = MIN (container_id, available);
994|      written += sprintf (buffer + written, "%d %d %d\n", 0, from, used);
995|      from += used;
996|      available -= used;
997|    }
998|
999|  /* Host ID -> Container ID.  */
1000|  written += sprintf (buffer + written, "%d %d 1\n", container_id, host_id);
1001|
1002|  /* Last mapping: use any id that is left.  */
1003|  if (available)
1004|    written += sprintf (buffer + written, "%d %d %d\n", container_id + 1, from, available);
1005|
1006|  *ret = buffer;
1007|  buffer = NULL;
1008|  return written;
1009|}
1010|
1011|/* will leave SIGCHLD blocked if TIMEOUT is used.  */
1012|int
1013|run_process_with_stdin_timeout_envp (char *path,
1014|                                     char **args,
1015|                                     const char *cwd,
1016|                                     int timeout,
1017|                                     char **envp,
1018|                                     char *stdin,
1019|                                     size_t stdin_len,
1020|                                     libcrun_error_t *err)
1021|{
1022|  int stdin_pipe[2];
1023|  pid_t pid;
1024|  int ret;
1025|  cleanup_close int pipe_r = -1;
1026|  cleanup_close int pipe_w = -1;
1027|  sigset_t mask;
1028|
1029|  ret = pipe (stdin_pipe);
1030|  if (UNLIKELY (ret < 0))
1031|    return crun_make_error (err, errno, "pipe");
1032|  pipe_r = stdin_pipe[0];
1033|  pipe_w = stdin_pipe[1];
1034|
1035|  if (timeout > 0)
1036|    {
1037|      sigaddset (&mask, SIGCHLD);
1038|      ret = sigprocmask (SIG_BLOCK, &mask, NULL);
1039|      if (UNLIKELY (ret < 0))
1040|        return crun_make_error (err, errno, "sigprocmask");
1041|    }
1042|
1043|  pid = fork ();
1044|  if (UNLIKELY (pid < 0))
1045|    return crun_make_error (err, errno, "fork");
1046|
1047|  if (pid)
1048|    {
1049|      int r, status;
1050|
1051|      close_and_reset (&pipe_r);
1052|
1053|      ret = write (pipe_w, stdin, stdin_len);
1054|      if (UNLIKELY (ret < 0))
1055|        return crun_make_error (err, errno, "writing to pipe");
1056|
1057|      close_and_reset (&pipe_w);
1058|
1059|      if (timeout)
1060|        {
(480 more lines below)
2026-07-25 14:12:41.542 | INFO     | metagpt.roles.di.role_zero:_act:292 - Commands: 
[{'command_name': 'Editor.scroll_down', 'args': {}}]
2026-07-25 14:12:41.543 | INFO     | metagpt.roles.di.role_zero:_act:294 - Commands outputs: 
Command Editor.scroll_down executed: [File: /home/aludy/scires/Cloud_Spec_Exp/external/worktrees/oci-metagpt-agentless-mini-rerun/metagpt/crun-129/src/libcrun/utils.c (1540 lines total)]
(1109 more lines above)
1110|close_fds_ge_than (int n, libcrun_error_t *err)
1111|{
1112|  cleanup_close int cfd = -1;
1113|  cleanup_dir DIR *dir = NULL;
1114|  int ret;
1115|  int fd;
1116|  struct statfs sfs;
1117|  struct dirent *next;
1118|
1119|  cfd = open ("/proc/self/fd", O_DIRECTORY | O_RDONLY | O_CLOEXEC);
1120|  if (UNLIKELY (cfd < 0))
1121|    return crun_make_error (err, errno, "open /proc/self/fd");
1122|
1123|  ret = fstatfs (cfd, &sfs);
1124|  if (UNLIKELY (ret < 0))
1125|    return crun_make_error (err, errno, "statfs '/proc/self/fd'");
1126|
1127|  if (sfs.f_type != PROC_SUPER_MAGIC)
1128|    return crun_make_error (err, 0, "the path '/proc/self/fd' is not on file system type 'procfs'");
1129|
1130|  dir = fdopendir (cfd);
1131|  if (UNLIKELY (dir == NULL))
1132|    return crun_make_error (err, errno, "cannot fdopendir /proc/self/fd");
1133|
1134|  /* Now it is owned by dir.  */
1135|  cfd = -1;
1136|
1137|  fd = dirfd (dir);
1138|  for (next = readdir (dir); next; next = readdir (dir))
1139|    {
1140|      int val;
1141|      const char *name = next->d_name;
1142|      if (name[0] == '.')
1143|        continue;
1144|
1145|      val = strtoll (name, NULL, 10);
1146|      if (val < n || val == fd)
1147|        continue;
1148|
1149|      ret = fcntl (val, F_SETFD, FD_CLOEXEC);
1150|      if (UNLIKELY (ret < 0))
1151|        return crun_make_error (err, errno, "cannot set CLOEXEC fd for '/proc/self/fd/%s'", name);
1152|    }
1153|  return 0;
1154|}
1155|
1156|void
1157|get_current_timestamp (char *out)
1158|{
1159|  struct timeval tv;
1160|  struct tm now;
1161|  char timestamp[64];
1162|
1163|  gettimeofday (&tv, NULL);
1164|  gmtime_r (&tv.tv_sec, &now);
1165|  strftime (timestamp, sizeof (timestamp), "%Y-%m-%dT%H:%M:%S", &now);
1166|
1167|  sprintf (out, "%s.%09ldZ", timestamp, tv.tv_usec);
1168|}
1169|
1170|int
1171|set_blocking_fd (int fd, int blocking, libcrun_error_t *err)
1172|{
1173|  int ret, flags = fcntl (fd, F_GETFL, 0);
1174|  if (UNLIKELY (flags < 0))
1175|    return crun_make_error (err, errno, "fcntl");
1176|
1177|  ret = fcntl (fd, F_SETFL, blocking ? flags & ~O_NONBLOCK : flags | O_NONBLOCK);
1178|  if (UNLIKELY (ret < 0))
1179|    return crun_make_error (err, errno, "fcntl");
1180|  return 0;
1181|}
1182|
1183|int
1184|parse_json_file (yajl_val *out, const char *jsondata, struct parser_context *ctx arg_unused, libcrun_error_t *err)
1185|{
1186|    char errbuf[1024];
1187|
1188|    *err = NULL;
1189|
1190|    *out = yajl_tree_parse (jsondata, errbuf, sizeof (errbuf));
1191|    if (*out == NULL)
1192|      return crun_make_error (err, 0, "cannot parse the data: '%s'", errbuf);
1193|
1194|    return 0;
1195|}
1196|
1197|int
1198|has_prefix (const char *str, const char *prefix)
1199|{
1200|  size_t prefix_len = strlen (prefix);
1201|  return strlen (str) >= prefix_len && memcmp (str, prefix, prefix_len) == 0;
1202|}
1203|
1204|static int
1205|check_access (const char *path)
1206|{
1207|  int ret;
1208|  mode_t mode;
1209|
1210|  ret = eaccess (path, X_OK);
1211|  if (ret < 0)
1212|    return ret;
1213|
1214|  ret = get_file_type (&mode, path);
1215|  if (UNLIKELY (ret < 0))
1216|    return ret;
1217|
1218|  if (! S_ISREG (mode))
1219|    {
1220|      errno = EPERM;
1221|      return -1;
1222|    }
1223|
1224|  return 0;
1225|}
1226|
1227|const char *
1228|find_executable (const char *executable_path)
1229|{
1230|  cleanup_free char *tmp = NULL;
1231|  char path[PATH_MAX + 1];
1232|  int last_error = ENOENT;
1233|  char *it, *end;
1234|  int ret;
1235|
1236|  if (executable_path[0] == '/')
1237|    {
1238|      ret = check_access (executable_path);
1239|      if (ret == 0)
1240|        return xstrdup (executable_path);
1241|      return NULL;
1242|    }
1243|
1244|  end = tmp = xstrdup (getenv ("PATH"));
1245|
1246|  while ((it = strsep (&end, ":")))
1247|    {
1248|      size_t len;
1249|
1250|      if (it == end)
1251|        it = ".";
1252|
1253|      len = snprintf (path, PATH_MAX, "%s/%s", it, executable_path);
1254|      if (len == PATH_MAX)
1255|        continue;
1256|
1257|      ret = check_access (path);
1258|      if (ret == 0)
1259|        return xstrdup (path);
1260|
1261|      if (errno == ENOENT)
1262|        continue;
1263|
1264|      last_error = errno;
1265|    }
1266|
1267|  errno = last_error;
1268|  return NULL;
1269|}
1270|
1271|#ifdef HAVE_FGETXATTR
1272|
1273|static ssize_t
1274|safe_read_xattr (char **ret, int sfd, const char *srcname, const char *name, size_t initial_size, libcrun_error_t *err)
1275|{
1276|  cleanup_free char *buffer = NULL;
1277|  ssize_t current_size;
1278|  ssize_t s;
1279|
1280|  current_size = (ssize_t) initial_size;
1281|  buffer = xmalloc (current_size + 1);
1282|
1283|  while (1)
1284|    {
1285|      s = fgetxattr (sfd, name, buffer, current_size);
1286|      if (UNLIKELY (s < 0))
1287|        return crun_make_error (err, errno, "get xattr %s from %s", name, srcname);
1288|
1289|      if (s < current_size)
1290|        break;
1291|
1292|      current_size *= 2;
1293|      buffer = xrealloc (buffer, current_size + 1);
1294|    }
1295|
1296|  if (s <= 0)
1297|    return s;
1298|
1299|  buffer[s] = '\0';
1300|
1301|  /* Change owner.  */
1302|  *ret = buffer;
1303|  buffer = NULL;
1304|
1305|  return s;
1306|}
1307|
1308|static ssize_t
1309|copy_xattr (int sfd, int dfd, const char *srcname, const char *destname, libcrun_error_t *err)
1310|{
(230 more lines below)
2026-07-25 14:12:43.615 | INFO     | metagpt.roles.di.role_zero:_act:292 - Commands: 
[{'command_name': 'Editor.scroll_up', 'args': {}}]
2026-07-25 14:12:43.616 | INFO     | metagpt.roles.di.role_zero:_act:294 - Commands outputs: 
Command Editor.scroll_up executed: [File: /home/aludy/scires/Cloud_Spec_Exp/external/worktrees/oci-metagpt-agentless-mini-rerun/metagpt/crun-129/src/libcrun/utils.c (1540 lines total)]
(909 more lines above)
910|  size_t lenlineptr = 0, len_name;
911|  long buf_size;
912|  cleanup_free char *buf = NULL;
913|  const char *name;
914|  struct passwd pwd;
915|
916|  buf_size = sysconf (_SC_GETPW_R_SIZE_MAX);
917|  if (buf_size < 0)
918|    buf_size = 1024;
919|
920|  buf = xmalloc (buf_size);
921|  for (;;)
922|    {
923|      int ret;
924|      struct passwd *ret_pw = NULL;
925|
926|      ret = getpwuid_r (id, &pwd, buf, buf_size, &ret_pw);
927|      if (LIKELY (ret == 0))
928|        {
929|          if (ret_pw)
930|            {
931|              name = ret_pw->pw_name;
932|              break;
933|            }
934|          return -1;
935|        }
936|
937|      if (ret < 0 && errno != ERANGE)
938|        return ret;
939|
940|      buf_size *= 2;
941|      buf = xrealloc (buf, buf_size);
942|    }
943|
944|  len_name = strlen (name);
945|
946|  input = fopen (is_uid ? "/etc/subuid" : "/etc/subgid", "r");
947|  if (input == NULL)
948|    return -1;
949|
950|  for (;;)
951|    {
952|      char *endptr;
953|      ssize_t read = getline (&lineptr, &lenlineptr, input);
954|      if (read < 0)
955|        return -1;
956|
957|      if (read < (ssize_t) (len_name + 2))
958|        continue;
959|
960|      if (memcmp (lineptr, name, len_name) || lineptr[len_name] != ':')
961|        continue;
962|
963|      *from = strtoull (&lineptr[len_name + 1], &endptr, 10);
964|
965|      if (endptr >= &lineptr[read])
966|        return -1;
967|
968|      *len = strtoull (&endptr[1], &endptr, 10);
969|
970|      return 0;
971|    }
972|}
973|
974|#define MIN(x,y) ((x)<(y)?(x):(y))
975|
976|size_t
977|format_default_id_mapping (char **ret, uid_t container_id, uid_t host_id, int is_uid)
978|{
979|  uint32_t from, available;
980|  cleanup_free char *buffer = NULL;
981|  size_t written = 0;
982|
983|  *ret = NULL;
984|
985|  if (getsubidrange (host_id, is_uid, &from, &available) < 0)
986|    return 0;
987|
988|  /* More than enough space for all the mappings.  */
989|  buffer = xmalloc (15 * 5 * 3);
990|
991|  if (container_id > 0)
992|    {
993|      uint32_t used = MIN (container_id, available);
994|      written += sprintf (buffer + written, "%d %d %d\n", 0, from, used);
995|      from += used;
996|      available -= used;
997|    }
998|
999|  /* Host ID -> Container ID.  */
1000|  written += sprintf (buffer + written, "%d %d 1\n", container_id, host_id);
1001|
1002|  /* Last mapping: use any id that is left.  */
1003|  if (available)
1004|    written += sprintf (buffer + written, "%d %d %d\n", container_id + 1, from, available);
1005|
1006|  *ret = buffer;
1007|  buffer = NULL;
1008|  return written;
1009|}
1010|
1011|/* will leave SIGCHLD blocked if TIMEOUT is used.  */
1012|int
1013|run_process_with_stdin_timeout_envp (char *path,
1014|                                     char **args,
1015|                                     const char *cwd,
1016|                                     int timeout,
1017|                                     char **envp,
1018|                                     char *stdin,
1019|                                     size_t stdin_len,
1020|                                     libcrun_error_t *err)
1021|{
1022|  int stdin_pipe[2];
1023|  pid_t pid;
1024|  int ret;
1025|  cleanup_close int pipe_r = -1;
1026|  cleanup_close int pipe_w = -1;
1027|  sigset_t mask;
1028|
1029|  ret = pipe (stdin_pipe);
1030|  if (UNLIKELY (ret < 0))
1031|    return crun_make_error (err, errno, "pipe");
1032|  pipe_r = stdin_pipe[0];
1033|  pipe_w = stdin_pipe[1];
1034|
1035|  if (timeout > 0)
1036|    {
1037|      sigaddset (&mask, SIGCHLD);
1038|      ret = sigprocmask (SIG_BLOCK, &mask, NULL);
1039|      if (UNLIKELY (ret < 0))
1040|        return crun_make_error (err, errno, "sigprocmask");
1041|    }
1042|
1043|  pid = fork ();
1044|  if (UNLIKELY (pid < 0))
1045|    return crun_make_error (err, errno, "fork");
1046|
1047|  if (pid)
1048|    {
1049|      int r, status;
1050|
1051|      close_and_reset (&pipe_r);
1052|
1053|      ret = write (pipe_w, stdin, stdin_len);
1054|      if (UNLIKELY (ret < 0))
1055|        return crun_make_error (err, errno, "writing to pipe");
1056|
1057|      close_and_reset (&pipe_w);
1058|
1059|      if (timeout)
1060|        {
1061|          time_t start = time (NULL);
1062|          time_t now;
1063|          for (now = start; now - start < timeout; now = time (NULL))
1064|            {
1065|              siginfo_t info;
1066|              int elapsed = now - start;
1067|              struct timespec ts_timeout = { .tv_sec = timeout - elapsed, .tv_nsec = 0 };
1068|
1069|              ret = sigtimedwait (&mask, &info, &ts_timeout);
1070|              if (UNLIKELY (ret < 0 && errno != EAGAIN))
1071|                return crun_make_error (err, errno, "sigtimedwait");
1072|
1073|              if (info.si_signo == SIGCHLD && info.si_pid == pid)
1074|                goto read_waitpid;
1075|
1076|              if (ret < 0 && errno == EAGAIN)
1077|                goto timeout;
1078|            }
1079| timeout:
1080|          kill (pid, SIGKILL);
1081|          return crun_make_error (err, 0, "timeout expired for '%s'", path);
1082|        }
1083|
1084| read_waitpid:
1085|      r = TEMP_FAILURE_RETRY (waitpid (pid, &status, 0));
1086|      if (r < 0)
1087|        return crun_make_error (err, errno, "waitpid");
1088|      if (WIFEXITED (status) || WIFSIGNALED (status))
1089|        return WEXITSTATUS (status);
1090|    }
1091|  else
1092|    {
1093|      char *tmp_args[] = {path, NULL};
1094|      close (pipe_w);
1095|      dup2 (pipe_r, 0);
1096|      close (pipe_r);
1097|      if (args == NULL)
1098|        args = tmp_args;
1099|
1100|      if (cwd && chdir (cwd) < 0)
1101|        _exit (EXIT_FAILURE);
1102|
1103|      execvpe (path, args, envp);
1104|      _exit (EXIT_FAILURE);
1105|    }
1106|  return -1;
1107|}
1108|
1109|int
1110|close_fds_ge_than (int n, libcrun_error_t *err)
(430 more lines below)
2026-07-25 14:12:46.249 | INFO     | metagpt.roles.di.role_zero:_act:292 - Commands: 
[{'command_name': 'Editor.goto_line', 'args': {'line_number': 700}}]
2026-07-25 14:12:46.249 | INFO     | metagpt.roles.di.role_zero:_act:294 - Commands outputs: 
Command Editor.goto_line executed: [File: /home/aludy/scires/Cloud_Spec_Exp/external/worktrees/oci-metagpt-agentless-mini-rerun/metagpt/crun-129/src/libcrun/utils.c (1540 lines total)]
(599 more lines above)
600|  struct sockaddr_un addr;
601|  int ret;
602|  cleanup_close int fd = socket (AF_UNIX, dgram ? SOCK_DGRAM : SOCK_STREAM, 0);
603|  if (UNLIKELY (fd < 0))
604|    return crun_make_error (err, errno, "error creating UNIX socket");
605|
606|  memset (&addr, 0, sizeof (addr));
607|  if (strlen (path) >= sizeof (addr.sun_path))
608|    return crun_make_error (err, errno, "invalid path %s specified", path);
609|  strcpy (addr.sun_path, path);
610|  addr.sun_family = AF_UNIX;
611|  ret = connect (fd, (struct sockaddr *) &addr, sizeof (addr));
612|  if (UNLIKELY (ret < 0))
613|    return crun_make_error (err, errno, "connect socket to '%s'", path);
614|
615|  ret = fd;
616|  fd = -1;
617|
618|  return ret;
619|}
620|
621|int
622|open_unix_domain_socket (const char *path, int dgram, libcrun_error_t *err)
623|{
624|  struct sockaddr_un addr;
625|  int ret;
626|  cleanup_close int fd = socket (AF_UNIX, dgram ? SOCK_DGRAM : SOCK_STREAM, 0);
627|  if (UNLIKELY (fd < 0))
628|    return crun_make_error (err, errno, "error creating UNIX socket");
629|
630|  memset (&addr, 0, sizeof (addr));
631|  if (strlen (path) >= sizeof (addr.sun_path))
632|    return crun_make_error (err, errno, "invalid path %s specified", path);
633|  strcpy (addr.sun_path, path);
634|  addr.sun_family = AF_UNIX;
635|  ret = bind (fd, (struct sockaddr *) &addr, sizeof (addr));
636|  if (UNLIKELY (ret < 0))
637|    return crun_make_error (err, errno, "bind socket to '%s'", path);
638|
639|  if (!dgram)
640|    {
641|      ret = listen (fd, 1);
642|      if (UNLIKELY (ret < 0))
643|        return crun_make_error (err, errno, "listen on socket");
644|    }
645|
646|  ret = fd;
647|  fd = -1;
648|
649|  return ret;
650|}
651|
652|int
653|send_fd_to_socket (int server, int fd, libcrun_error_t *err)
654|{
655|  int ret;
656|  struct cmsghdr *cmsg = NULL;
657|  struct iovec iov[1];
658|  struct msghdr msg;
659|  char ctrl_buf[CMSG_SPACE (sizeof (int))];
660|  char data[1];
661|
662|  memset (&msg, 0, sizeof (struct msghdr));
663|  memset (ctrl_buf, 0, CMSG_SPACE (sizeof (int)));
664|
665|  data[0] = ' ';
666|  iov[0].iov_base = data;
667|  iov[0].iov_len = sizeof (data);
668|
669|  msg.msg_name = NULL;
670|  msg.msg_namelen = 0;
671|  msg.msg_iov = iov;
672|  msg.msg_iovlen = 1;
673|  msg.msg_controllen = CMSG_SPACE (sizeof (int));
674|  msg.msg_control = ctrl_buf;
675|
676|  cmsg = CMSG_FIRSTHDR (&msg);
677|  cmsg->cmsg_level = SOL_SOCKET;
678|  cmsg->cmsg_type = SCM_RIGHTS;
679|  cmsg->cmsg_len = CMSG_LEN (sizeof (int));
680|
681|  *((int *) CMSG_DATA (cmsg)) = fd;
682|
683|  ret = TEMP_FAILURE_RETRY (sendmsg (server, &msg, 0));
684|  if (UNLIKELY (ret < 0))
685|    return crun_make_error (err, errno, "sendmsg");
686|  return 0;
687|}
688|
689|int
690|receive_fd_from_socket (int from, libcrun_error_t *err)
691|{
692|  cleanup_close int fd = -1;
693|  int ret;
694|  struct iovec iov[1];
695|  struct msghdr msg;
696|  char ctrl_buf[CMSG_SPACE (sizeof (int))];
697|  char data[1];
698|  struct cmsghdr *cmsg;
699|
700|  memset (&msg, 0, sizeof (struct msghdr));
701|  memset (ctrl_buf, 0, CMSG_SPACE (sizeof (int)));
702|
703|  data[0] = ' ';
704|  iov[0].iov_base = data;
705|  iov[0].iov_len = sizeof (data);
706|
707|  msg.msg_name = NULL;
708|  msg.msg_namelen = 0;
709|  msg.msg_iov = iov;
710|  msg.msg_iovlen = 1;
711|  msg.msg_controllen = CMSG_SPACE (sizeof (int));
712|  msg.msg_control = ctrl_buf;
713|
714|  ret = TEMP_FAILURE_RETRY (recvmsg (from, &msg, 0));
715|  if (UNLIKELY (ret < 0))
716|    return crun_make_error (err, errno, "recvmsg");
717|
718|  cmsg = CMSG_FIRSTHDR (&msg);
719|  if (cmsg == NULL)
720|    return crun_make_error (err, 0, "no msg received");
721|  memcpy (&fd, CMSG_DATA (cmsg), sizeof (fd));
722|
723|  ret = fd;
724|  fd = -1;
725|  return ret;
726|}
727|
728|int
729|create_socket_pair (int *pair, libcrun_error_t *err)
730|{
731|  int ret = socketpair (AF_UNIX, SOCK_SEQPACKET, 0, pair);
732|  if (UNLIKELY (ret < 0))
733|    return crun_make_error (err, errno, "socketpair");
734|  return 0;
735|}
736|
737|int
738|create_signalfd (sigset_t *mask, libcrun_error_t *err)
739|{
740|  int ret = signalfd (-1, mask, 0);
741|  if (UNLIKELY (ret < 0))
742|    return crun_make_error (err, errno, "signalfd");
743|  return ret;
744|}
745|
746|int
747|epoll_helper (int *fds, int *levelfds, libcrun_error_t *err)
748|{
749|  struct epoll_event ev;
750|  cleanup_close int epollfd = -1;
751|  int ret;
752|
753|  int *it;
754|  epollfd = epoll_create1 (0);
755|  if (UNLIKELY (epollfd < 0))
756|    return crun_make_error (err, errno, "epoll_create1");
757|
758|  for (it = fds; *it >= 0; it++)
759|    {
760|      ev.events = EPOLLIN;
761|      ev.data.fd = *it;
762|      ret = epoll_ctl (epollfd, EPOLL_CTL_ADD, *it, &ev);
763|      if (UNLIKELY (ret < 0))
764|        return crun_make_error (err, errno, "epoll_ctl add '%d'", *it);
765|    }
766|  for (it = levelfds; *it >= 0; it++)
767|    {
768|      ev.events = EPOLLIN | EPOLLET;
769|      ev.data.fd = *it;
770|      ret = epoll_ctl (epollfd, EPOLL_CTL_ADD, *it, &ev);
771|      if (UNLIKELY (ret < 0))
772|        return crun_make_error (err, errno, "epoll_ctl add '%d'", *it);
773|    }
774|
775|  ret = epollfd;
776|  epollfd = -1;
777|  return ret;
778|}
779|
780|int
781|copy_from_fd_to_fd (int src, int dst, int consume, libcrun_error_t *err)
782|{
783|  int ret;
784|  ssize_t nread;
785|  do
786|    {
787|      cleanup_free char *buffer = NULL;
788|      ssize_t remaining;
789|
790|#ifdef HAVE_COPY_FILE_RANGE
791|      nread = copy_file_range (src, NULL, dst, NULL, 0, 0);
792|      if (nread < 0 && (errno == EINVAL || errno == EXDEV))
793|        goto fallback;
794|      if (consume && nread < 0 && errno == EAGAIN)
795|        return 0;
796|      if (nread < 0 && errno == EIO)
797|        return 0;
798|      if (UNLIKELY (nread < 0))
799|        return crun_make_error (err, errno, "copy_file_range");
800|
(740 more lines below)
2026-07-25 14:12:49.492 | INFO     | metagpt.roles.di.role_zero:_act:292 - Commands: 
[{'command_name': 'Editor.open_file', 'args': {'path': '/home/aludy/scires/Cloud_Spec_Exp/external/worktrees/oci-metagpt-agentless-mini-rerun/metagpt/crun-129/src/libcrun/container.c', 'line_number': 660, 'context_lines': 120}}]
2026-07-25 14:12:49.493 | INFO     | metagpt.roles.di.role_zero:_act:294 - Commands outputs: 
Command Editor.open_file executed: [File: /home/aludy/scires/Cloud_Spec_Exp/external/worktrees/oci-metagpt-agentless-mini-rerun/metagpt/crun-129/src/libcrun/container.c (2301 lines total)]
(599 more lines above)
600|  ret = libcrun_set_hostname (container, err);
601|  if (UNLIKELY (ret < 0))
602|    return ret;
603|
604|  if (def->process && !def->process->no_new_privileges)
605|    {
606|      char **seccomp_flags = NULL;
607|      size_t seccomp_flags_len = 0;
608|
609|      if (def->linux && def->linux->seccomp)
610|        {
611|          seccomp_flags = def->linux->seccomp->flags;
612|          seccomp_flags_len = def->linux->seccomp->flags_len;
613|        }
614|
615|      ret = libcrun_generate_and_load_seccomp (entrypoint_args->container, entrypoint_args->seccomp_fd, seccomp_flags, seccomp_flags_len, err);
616|      if (UNLIKELY (ret < 0))
617|        return ret;
618|    }
619|
620|  capabilities = def->process ? def->process->capabilities : NULL;
621|  no_new_privs = def->process ? def->process->no_new_privileges : 1;
622|  ret = libcrun_set_caps (capabilities, container->container_uid, container->container_gid, no_new_privs, err);
623|  if (UNLIKELY (ret < 0))
624|    return ret;
625|
626|  if (def->process && def->process->cwd)
627|    if (UNLIKELY (chdir (def->process->cwd) < 0))
628|      return crun_make_error (err, errno, "chdir");
629|
630|  if (notify_socket)
631|    {
632|      char *notify_socket_env;
633|      xasprintf (&notify_socket_env, "NOTIFY_SOCKET=%s", notify_socket);
634|      if (putenv (notify_socket_env) < 0)
635|        return crun_make_error (err, errno, "putenv '%s'", notify_socket_env);
636|    }
637|
638|  return 0;
639|}
640|
641|/* Entrypoint to the container.  */
642|static int
643|container_entrypoint (void *args, const char *notify_socket,
644|                      int sync_socket, libcrun_error_t *err)
645|{
646|  struct container_entrypoint_s *entrypoint_args = args;
647|  int ret;
648|  oci_container *def = entrypoint_args->container->container_def;
649|  cleanup_free const char *exec_path = NULL;
650|  entrypoint_args->sync_socket = sync_socket;
651|
652|  crun_set_output_handler (log_write_to_sync_socket, args, false);
653|
654|  ret = container_entrypoint_init (args, notify_socket, sync_socket, &exec_path, err);
655|  if (UNLIKELY (ret < 0))
656|    {
657|      /* If it fails to write the error using the sync socket, then fallback
658|         to stderr.  */
659|      if (sync_socket_write_error (sync_socket, err) < 0)
660|        return ret;
661|
662|      crun_error_release (err);
663|      return ret;
664|    }
665|
666|  entrypoint_args->sync_socket = -1;
667|
668|  ret = unblock_signals (err);
669|  if (UNLIKELY (ret < 0))
670|    return ret;
671|
672|  ret = sync_socket_send_sync (sync_socket, false, err);
673|  if (UNLIKELY (ret < 0))
674|    return ret;
675|
676|  if (entrypoint_args->context->fifo_exec_wait_fd >= 0)
677|    {
678|      char buffer[1];
679|      fd_set read_set;
680|      cleanup_close int fd = entrypoint_args->context->fifo_exec_wait_fd;
681|      entrypoint_args->context->fifo_exec_wait_fd = -1;
682|
683|      FD_ZERO (&read_set);
684|      FD_SET (fd, &read_set);
685|      do
686|        {
687|          ret = select (fd + 1, &read_set, NULL, NULL, NULL);
688|          if (UNLIKELY (ret < 0))
689|            return crun_make_error (err, errno, "select");
690|
691|          ret = TEMP_FAILURE_RETRY (read (fd, buffer, sizeof (buffer)));
692|          if (UNLIKELY (ret < 0))
693|            return crun_make_error (err, errno, "read from the exec fifo");
694|        }
695|      while (ret == 0);
696|    }
697|
698|  crun_set_output_handler (log_write_to_stderr, NULL, false);
699|
700|  ret = close_fds_ge_than (entrypoint_args->context->preserve_fds + 3, err);
701|  if (UNLIKELY (ret < 0))
702|    crun_error_write_warning_and_release (entrypoint_args->context->output_handler_arg, &err);
703|
704|  if (def->process && def->process->no_new_privileges)
705|    {
706|      char **seccomp_flags = NULL;
707|      size_t seccomp_flags_len = 0;
708|
709|      if (def->linux && def->linux->seccomp)
710|        {
711|          seccomp_flags = def->linux->seccomp->flags;
712|          seccomp_flags_len = def->linux->seccomp->flags_len;
713|        }
714|
715|      ret = libcrun_generate_and_load_seccomp (entrypoint_args->container, entrypoint_args->seccomp_fd, seccomp_flags, seccomp_flags_len, err);
716|      if (UNLIKELY (ret < 0))
717|        return ret;
718|    }
719|
720|  if (UNLIKELY (def->process == NULL))
(1581 more lines below)
2026-07-25 14:12:51.931 | INFO     | metagpt.roles.di.role_zero:_act:292 - Commands: 
[{'command_name': 'Editor.search_file', 'args': {'search_term': 'do_hooks', 'file_path': '/home/aludy/scires/Cloud_Spec_Exp/external/worktrees/oci-metagpt-agentless-mini-rerun/metagpt/crun-129/src/libcrun/container.c'}}]
2026-07-25 14:12:51.931 | INFO     | metagpt.roles.di.role_zero:_act:294 - Commands outputs: 
Command Editor.search_file executed: [Found 4 matches for "do_hooks" in /home/aludy/scires/Cloud_Spec_Exp/external/worktrees/oci-metagpt-agentless-mini-rerun/metagpt/crun-129/src/libcrun/container.c]
Line 744: do_hooks (oci_container *def, pid_t pid, const char *id, bool keep_going, const char *rootfs,
Line 841: ret = do_hooks (def, 0, id, true, def->root->path, status->bundle,
Line 1477: ret = do_hooks (def, pid, context->id, false, def->root->path, NULL, "created",
Line 1537: ret = do_hooks (def, pid, context->id, true, def->root->path, NULL, "running",
[End of matches for "do_hooks" in /home/aludy/scires/Cloud_Spec_Exp/external/worktrees/oci-metagpt-agentless-mini-rerun/metagpt/crun-129/src/libcrun/container.c]
2026-07-25 14:12:53.956 | ERROR    | metagpt.utils.common:parse_code:291 - ```json.*?\s+(.*?)\n``` not match following text:
2026-07-25 14:12:53.956 | ERROR    | metagpt.utils.common:parse_code:292 - 
2026-07-25 14:12:53.956 | WARNING  | metagpt.utils.role_zero_utils:parse_commands:115 - Failed to parse JSON for: . Trying to repair...
2026-07-25 14:13:10.318 | INFO     | metagpt.roles.di.role_zero:_act:292 - Commands: 
[{'command_name': 'Editor.goto_line', 'args': {'line_number': 744}}]
2026-07-25 14:13:10.318 | INFO     | metagpt.roles.di.role_zero:_act:294 - Commands outputs: 
Command Editor.goto_line executed: [File: /home/aludy/scires/Cloud_Spec_Exp/external/worktrees/oci-metagpt-agentless-mini-rerun/metagpt/crun-129/src/libcrun/container.c (2301 lines total)]
(643 more lines above)
644|                      int sync_socket, libcrun_error_t *err)
645|{
646|  struct container_entrypoint_s *entrypoint_args = args;
647|  int ret;
648|  oci_container *def = entrypoint_args->container->container_def;
649|  cleanup_free const char *exec_path = NULL;
650|  entrypoint_args->sync_socket = sync_socket;
651|
652|  crun_set_output_handler (log_write_to_sync_socket, args, false);
653|
654|  ret = container_entrypoint_init (args, notify_socket, sync_socket, &exec_path, err);
655|  if (UNLIKELY (ret < 0))
656|    {
657|      /* If it fails to write the error using the sync socket, then fallback
658|         to stderr.  */
659|      if (sync_socket_write_error (sync_socket, err) < 0)
660|        return ret;
661|
662|      crun_error_release (err);
663|      return ret;
664|    }
665|
666|  entrypoint_args->sync_socket = -1;
667|
668|  ret = unblock_signals (err);
669|  if (UNLIKELY (ret < 0))
670|    return ret;
671|
672|  ret = sync_socket_send_sync (sync_socket, false, err);
673|  if (UNLIKELY (ret < 0))
674|    return ret;
675|
676|  if (entrypoint_args->context->fifo_exec_wait_fd >= 0)
677|    {
678|      char buffer[1];
679|      fd_set read_set;
680|      cleanup_close int fd = entrypoint_args->context->fifo_exec_wait_fd;
681|      entrypoint_args->context->fifo_exec_wait_fd = -1;
682|
683|      FD_ZERO (&read_set);
684|      FD_SET (fd, &read_set);
685|      do
686|        {
687|          ret = select (fd + 1, &read_set, NULL, NULL, NULL);
688|          if (UNLIKELY (ret < 0))
689|            return crun_make_error (err, errno, "select");
690|
691|          ret = TEMP_FAILURE_RETRY (read (fd, buffer, sizeof (buffer)));
692|          if (UNLIKELY (ret < 0))
693|            return crun_make_error (err, errno, "read from the exec fifo");
694|        }
695|      while (ret == 0);
696|    }
697|
698|  crun_set_output_handler (log_write_to_stderr, NULL, false);
699|
700|  ret = close_fds_ge_than (entrypoint_args->context->preserve_fds + 3, err);
701|  if (UNLIKELY (ret < 0))
702|    crun_error_write_warning_and_release (entrypoint_args->context->output_handler_arg, &err);
703|
704|  if (def->process && def->process->no_new_privileges)
705|    {
706|      char **seccomp_flags = NULL;
707|      size_t seccomp_flags_len = 0;
708|
709|      if (def->linux && def->linux->seccomp)
710|        {
711|          seccomp_flags = def->linux->seccomp->flags;
712|          seccomp_flags_len = def->linux->seccomp->flags_len;
713|        }
714|
715|      ret = libcrun_generate_and_load_seccomp (entrypoint_args->container, entrypoint_args->seccomp_fd, seccomp_flags, seccomp_flags_len, err);
716|      if (UNLIKELY (ret < 0))
717|        return ret;
718|    }
719|
720|  if (UNLIKELY (def->process == NULL))
721|    return crun_make_error (err, errno, "block 'process' not found");
722|
723|  if (UNLIKELY (exec_path == NULL))
724|    return crun_make_error (err, errno, "executable path not specified");
725|
726|  execv (exec_path, def->process->args);
727|
728|  return crun_make_error (err, errno, "exec the container process");
729|}
730|
731|struct hook_s
732|{
733|    char *path;
734|    char **args;
735|    size_t args_len;
736|
737|    int timeout;
738|    char **env;
739|    size_t env_len;
740|
741|};
742|
743|static int
744|do_hooks (oci_container *def, pid_t pid, const char *id, bool keep_going, const char *rootfs,
745|          const char *cwd, const char *status, struct hook_s **hooks, size_t hooks_len,
746|          libcrun_error_t *err)
747|{
748|  size_t i, stdin_len;
749|  int ret;
750|  cleanup_free char *stdin = NULL;
751|  const unsigned char *annotations = (const unsigned char *) "{}";
752|  cleanup_free char *cwd_allocated = NULL;
753|  yajl_gen gen = NULL;
754|
755|  if (cwd == NULL)
756|    {
757|      cwd = cwd_allocated = get_current_dir_name ();
758|      if (cwd == NULL)
759|        OOM ();
760|    }
761|
762|  if (def && def->annotations && def->annotations->len)
763|    {
764|      size_t len;
765|
766|      gen = yajl_gen_alloc (NULL);
767|      if (gen == NULL)
768|        return crun_make_error (err, 0, "yajl_gen_alloc failed");
769|
770|      yajl_gen_map_open (gen);
771|      for (i = 0; i < def->annotations->len; i++)
772|        {
773|          const char *key = def->annotations->keys[i];
774|          const char *val = def->annotations->values[i];
775|
776|          yajl_gen_string (gen, YAJL_STR (key), strlen (key));
777|          yajl_gen_string (gen, YAJL_STR (val), strlen (val));
778|        }
779|      yajl_gen_map_close (gen);
780|
781|      yajl_gen_get_buf (gen, &annotations, &len);
782|    }
783|
784|  stdin_len = xasprintf (&stdin, "{\"ociVersion\":\"1.0\", \"id\":\"%s\", \"pid\":%i, \"root\":\"%s\", \"bundle\":\"%s\", \"status\":\"%s\", \"annotations\":%s}", id, pid, rootfs, cwd, status, annotations);
785|
786|  for (i = 0; i < hooks_len; i++)
787|    {
788|      ret = run_process_with_stdin_timeout_envp (hooks[i]->path, hooks[i]->args, cwd, hooks[i]->timeout, hooks[i]->env, stdin, stdin_len, err);
789|      if (!keep_going && UNLIKELY (ret != 0))
790|          goto exit;
791|    }
792|
793|  ret = 0;
794|
795| exit:
796|  if (gen)
797|    yajl_gen_free (gen);
798|
799|  return ret;
800|}
801|
802|static int
803|read_container_config_from_state (libcrun_container_t **container, const char *state_root, const char *id, libcrun_error_t *err)
804|{
805|  cleanup_free char *dir = NULL;
806|  cleanup_free char *config_file = NULL;
807|
808|  *container = NULL;
809|
810|  dir = libcrun_get_state_directory (state_root, id);
811|  if (UNLIKELY (dir == NULL))
812|    return crun_make_error (err, 0, "cannot get state directory from %s", state_root);
813|
814|  xasprintf (&config_file, "%s/config.json", dir);
815|  *container = libcrun_container_load_from_file (config_file, err);
816|  if (*container == NULL)
817|    return crun_make_error (err, 0, "error loading %s", config_file);
818|
819|  return 0;
820|}
821|
822|static int
823|run_poststop_hooks (libcrun_context_t *context, oci_container *def,
824|                    libcrun_container_status_t *status,
825|                    const char *state_root, const char *id, libcrun_error_t *err)
826|{
827|  cleanup_free libcrun_container_t *container = NULL;
828|  int ret;
829|
830|  if (def == NULL)
831|    {
832|      ret = read_container_config_from_state (&container, state_root, id, err);
833|      if (UNLIKELY (ret < 0))
834|        return ret;
835|
836|      def = container->container_def;
837|    }
838|
839|  if (def->hooks && def->hooks->poststop_len)
840|    {
841|      ret = do_hooks (def, 0, id, true, def->root->path, status->bundle,
842|                      "stopped", (struct hook_s **) def->hooks->poststop,
843|                      def->hooks->poststop_len, err);
844|      if (UNLIKELY (ret < 0))
(1457 more lines below)
2026-07-25 14:13:22.189 | INFO     | metagpt.roles.di.role_zero:_act:292 - Commands: 
[{'command_name': 'Editor.goto_line', 'args': {'line_number': 1450}}]
2026-07-25 14:13:22.189 | INFO     | metagpt.roles.di.role_zero:_act:294 - Commands outputs: 
Command Editor.goto_line executed: [File: /home/aludy/scires/Cloud_Spec_Exp/external/worktrees/oci-metagpt-agentless-mini-rerun/metagpt/crun-129/src/libcrun/container.c (2301 lines total)]
(1349 more lines above)
1350|  char created[35];
1351|  uid_t root_uid = -1;
1352|  gid_t root_gid = -1;
1353|  struct container_entrypoint_s container_args =
1354|    {
1355|      .container = container,
1356|      .context = context,
1357|      .terminal_socketpair = {-1, -1},
1358|      .console_socket_fd = -1
1359|    };
1360|
1361|  container->context = context;
1362|
1363|  if (!detach)
1364|    {
1365|      ret = prctl (PR_SET_CHILD_SUBREAPER, 1, 0, 0, 0);
1366|      if (UNLIKELY (ret < 0))
1367|        return crun_make_error (err, errno, "set child subreaper");
1368|    }
1369|
1370|  if (!context->no_new_keyring)
1371|    {
1372|      ret = libcrun_create_keyring (container->context->id, err);
1373|      if (UNLIKELY (ret < 0))
1374|        return ret;
1375|    }
1376|
1377|  if (def->process && def->process->terminal && !detach && context->console_socket == NULL)
1378|    {
1379|      container_args.has_terminal_socket_pair = 1;
1380|      ret = create_socket_pair (container_args.terminal_socketpair, err);
1381|      if (UNLIKELY (ret < 0))
1382|        return ret;
1383|      socket_pair_0 = container_args.terminal_socketpair[0];
1384|      socket_pair_1 = container_args.terminal_socketpair[1];
1385|    }
1386|
1387|  ret = block_signals (err);
1388|  if (UNLIKELY (ret < 0))
1389|    return ret;
1390|
1391|  if (def->linux && def->linux->seccomp)
1392|    {
1393|      ret = open_seccomp_output (context->id, &seccomp_fd, false, context->state_root, err);
1394|      if (UNLIKELY (ret < 0))
1395|        return ret;
1396|    }
1397|  container_args.seccomp_fd = seccomp_fd;
1398|
1399|  if (context->console_socket)
1400|    {
1401|      console_socket_fd = open_unix_domain_client_socket (context->console_socket, 0, err);
1402|      if (UNLIKELY (console_socket_fd < 0))
1403|        return ret;
1404|      container_args.console_socket_fd = console_socket_fd;
1405|    }
1406|
1407|  pid = libcrun_run_linux_container (container, context->detach,
1408|                                     container_entrypoint, &container_args,
1409|                                     &sync_socket, err);
1410|  if (UNLIKELY (pid < 0))
1411|    return pid;
1412|
1413|  if (context->fifo_exec_wait_fd < 0 && context->notify_socket)
1414|    {
1415|      /* Do not open the notify socket here on "create".  "start" will take care of it.  */
1416|      ret = get_notify_fd (context, container, &notify_socket, err);
1417|      if (UNLIKELY (ret < 0))
1418|        return ret;
1419|    }
1420|
1421|  if (seccomp_fd >= 0)
1422|    close_and_reset (&seccomp_fd);
1423|
1424|  if (container_args.terminal_socketpair[1] >= 0)
1425|    close_and_reset (&socket_pair_1);
1426|
1427|  cgroup_mode = libcrun_get_cgroup_mode (err);
1428|  if (cgroup_mode < 0)
1429|    return cgroup_mode;
1430|
1431|  cgroup_manager = CGROUP_MANAGER_CGROUPFS;
1432|  if (context->systemd_cgroup)
1433|    cgroup_manager = CGROUP_MANAGER_SYSTEMD;
1434|  else if (context->force_no_cgroup)
1435|    cgroup_manager = CGROUP_MANAGER_DISABLED;
1436|
1437|  /* If we are root (either on the host or in a namespace), then chown the cgroup to root in the container user namespace.  */
1438|  get_root_in_the_userns_for_cgroups (def, container->host_uid, container->host_gid, &root_uid, &root_gid);
1439|
1440|  ret = libcrun_cgroup_enter (def->linux ? def->linux->resources : NULL, cgroup_mode,
1441|                              &cgroup_path, def->linux ? def->linux->cgroups_path : "",
1442|                              cgroup_manager, pid, root_uid, root_gid, context->id, err);
1443|  if (UNLIKELY (ret < 0))
1444|    {
1445|      cleanup_watch (context, pid, def, context->id, sync_socket, terminal_fd);
1446|      return ret;
1447|    }
1448|
1449|  if (def->linux && def->linux->resources)
1450|    {
1451|      ret = libcrun_update_cgroup_resources (cgroup_mode, def->linux->resources, cgroup_path, err);
1452|      if (UNLIKELY (ret < 0))
1453|        {
1454|          cleanup_watch (context, pid, def, context->id, sync_socket, terminal_fd);
1455|          return ret;
1456|        }
1457|    }
1458|
1459|  ret = sync_socket_send_sync (sync_socket, true, err);
1460|  if (UNLIKELY (ret < 0))
1461|    {
1462|      cleanup_watch (context, pid, def, context->id, sync_socket, terminal_fd);
1463|      return ret;
1464|    }
1465|
1466|  ret = sync_socket_wait_sync (context, sync_socket, false, err);
1467|  if (UNLIKELY (ret < 0))
1468|    {
1469|      cleanup_watch (context, pid, def, context->id, sync_socket, terminal_fd);
1470|      return ret;
1471|    }
1472|
1473|  /* The container is waiting that we write back.  In this phase we can launch the
1474|     prestart hooks.  */
1475|  if (def->hooks && def->hooks->prestart_len)
1476|    {
1477|      ret = do_hooks (def, pid, context->id, false, def->root->path, NULL, "created",
1478|                      (struct hook_s **) def->hooks->prestart,
1479|                      def->hooks->prestart_len, err);
1480|      if (UNLIKELY (ret != 0))
1481|        {
1482|          cleanup_watch (context, pid, def, context->id, sync_socket, terminal_fd);
1483|          return ret;
1484|        }
1485|    }
1486|
1487|  ret = sync_socket_send_sync (sync_socket, true, err);
1488|  if (UNLIKELY (ret < 0))
1489|    {
1490|      cleanup_watch (context, pid, def, context->id, sync_socket, terminal_fd);
1491|      return ret;
1492|    }
1493|
1494|  ret = sync_socket_wait_sync (context, sync_socket, false, err);
1495|  if (UNLIKELY (ret < 0))
1496|    {
1497|      cleanup_watch (context, pid, def, context->id, sync_socket, terminal_fd);
1498|      return ret;
1499|    }
1500|
1501|  if (def->process && def->process->terminal && !detach && context->console_socket == NULL)
1502|    {
1503|      terminal_fd = receive_fd_from_socket (socket_pair_0, err);
1504|      if (UNLIKELY (terminal_fd < 0))
1505|        {
1506|          cleanup_watch (context, pid, def, context->id, sync_socket, terminal_fd);
1507|          return terminal_fd;
1508|        }
1509|
1510|      close_and_reset (&socket_pair_0);
1511|
1512|      ret = libcrun_setup_terminal_master (terminal_fd, &orig_terminal, err);
1513|      if (UNLIKELY (ret < 0))
1514|        {
1515|          cleanup_watch (context, pid, def, context->id, sync_socket, terminal_fd);
1516|          return terminal_fd;
1517|        }
1518|    }
1519|
1520|  ret = close_and_reset (&sync_socket);
1521|  if (UNLIKELY (ret < 0))
1522|    {
1523|      cleanup_watch (context, pid, def, context->id, sync_socket, terminal_fd);
1524|      return ret;
1525|    }
1526|
1527|  get_current_timestamp (created);
1528|  ret = write_container_status (container, context, pid, cgroup_path, created, err);
1529|  if (UNLIKELY (ret < 0))
1530|    {
1531|      cleanup_watch (context, pid, def, context->id, sync_socket, terminal_fd);
1532|      return ret;
1533|    }
1534|
1535|  if (def->hooks && def->hooks->poststart_len)
1536|    {
1537|      ret = do_hooks (def, pid, context->id, true, def->root->path, NULL, "running",
1538|                      (struct hook_s **) def->hooks->poststart,
1539|                      def->hooks->poststart_len, err);
1540|      if (UNLIKELY (ret < 0))
1541|        {
1542|          cleanup_watch (context, pid, def, context->id, sync_socket, terminal_fd);
1543|          return ret;
1544|        }
1545|    }
1546|
1547|  ret = wait_for_process (pid, context, terminal_fd, notify_socket, container_ready_fd, err);
1548|  if (!context->detach)
1549|    cleanup_watch (context, 0, def, context->id, sync_socket, terminal_fd);
1550|
(751 more lines below)
2026-07-25 14:13:27.291 | INFO     | metagpt.roles.di.role_zero:_act:292 - Commands: 
[{'command_name': 'Editor.search_file', 'args': {'search_term': 'run_process_with_stdin_timeout_envp', 'file_path': '/home/aludy/scires/Cloud_Spec_Exp/external/worktrees/oci-metagpt-agentless-mini-rerun/metagpt/crun-129/src/libcrun/utils.c'}}]
2026-07-25 14:13:27.292 | INFO     | metagpt.roles.di.role_zero:_act:294 - Commands outputs: 
Command Editor.search_file executed: [Found 1 matches for "run_process_with_stdin_timeout_envp" in /home/aludy/scires/Cloud_Spec_Exp/external/worktrees/oci-metagpt-agentless-mini-rerun/metagpt/crun-129/src/libcrun/utils.c]
Line 1013: run_process_with_stdin_timeout_envp (char *path,
[End of matches for "run_process_with_stdin_timeout_envp" in /home/aludy/scires/Cloud_Spec_Exp/external/worktrees/oci-metagpt-agentless-mini-rerun/metagpt/crun-129/src/libcrun/utils.c]
2026-07-25 14:13:30.672 | INFO     | metagpt.roles.di.role_zero:_act:292 - Commands: 
[{'command_name': 'Editor.open_file', 'args': {'path': '/home/aludy/scires/Cloud_Spec_Exp/external/worktrees/oci-metagpt-agentless-mini-rerun/metagpt/crun-129/src/libcrun/utils.c', 'line_number': 1013, 'context_lines': 150}}]
2026-07-25 14:13:30.673 | INFO     | metagpt.roles.di.role_zero:_act:294 - Commands outputs: 
Command Editor.open_file executed: [File: /home/aludy/scires/Cloud_Spec_Exp/external/worktrees/oci-metagpt-agentless-mini-rerun/metagpt/crun-129/src/libcrun/utils.c (1540 lines total)]
(937 more lines above)
938|        return ret;
939|
940|      buf_size *= 2;
941|      buf = xrealloc (buf, buf_size);
942|    }
943|
944|  len_name = strlen (name);
945|
946|  input = fopen (is_uid ? "/etc/subuid" : "/etc/subgid", "r");
947|  if (input == NULL)
948|    return -1;
949|
950|  for (;;)
951|    {
952|      char *endptr;
953|      ssize_t read = getline (&lineptr, &lenlineptr, input);
954|      if (read < 0)
955|        return -1;
956|
957|      if (read < (ssize_t) (len_name + 2))
958|        continue;
959|
960|      if (memcmp (lineptr, name, len_name) || lineptr[len_name] != ':')
961|        continue;
962|
963|      *from = strtoull (&lineptr[len_name + 1], &endptr, 10);
964|
965|      if (endptr >= &lineptr[read])
966|        return -1;
967|
968|      *len = strtoull (&endptr[1], &endptr, 10);
969|
970|      return 0;
971|    }
972|}
973|
974|#define MIN(x,y) ((x)<(y)?(x):(y))
975|
976|size_t
977|format_default_id_mapping (char **ret, uid_t container_id, uid_t host_id, int is_uid)
978|{
979|  uint32_t from, available;
980|  cleanup_free char *buffer = NULL;
981|  size_t written = 0;
982|
983|  *ret = NULL;
984|
985|  if (getsubidrange (host_id, is_uid, &from, &available) < 0)
986|    return 0;
987|
988|  /* More than enough space for all the mappings.  */
989|  buffer = xmalloc (15 * 5 * 3);
990|
991|  if (container_id > 0)
992|    {
993|      uint32_t used = MIN (container_id, available);
994|      written += sprintf (buffer + written, "%d %d %d\n", 0, from, used);
995|      from += used;
996|      available -= used;
997|    }
998|
999|  /* Host ID -> Container ID.  */
1000|  written += sprintf (buffer + written, "%d %d 1\n", container_id, host_id);
1001|
1002|  /* Last mapping: use any id that is left.  */
1003|  if (available)
1004|    written += sprintf (buffer + written, "%d %d %d\n", container_id + 1, from, available);
1005|
1006|  *ret = buffer;
1007|  buffer = NULL;
1008|  return written;
1009|}
1010|
1011|/* will leave SIGCHLD blocked if TIMEOUT is used.  */
1012|int
1013|run_process_with_stdin_timeout_envp (char *path,
1014|                                     char **args,
1015|                                     const char *cwd,
1016|                                     int timeout,
1017|                                     char **envp,
1018|                                     char *stdin,
1019|                                     size_t stdin_len,
1020|                                     libcrun_error_t *err)
1021|{
1022|  int stdin_pipe[2];
1023|  pid_t pid;
1024|  int ret;
1025|  cleanup_close int pipe_r = -1;
1026|  cleanup_close int pipe_w = -1;
1027|  sigset_t mask;
1028|
1029|  ret = pipe (stdin_pipe);
1030|  if (UNLIKELY (ret < 0))
1031|    return crun_make_error (err, errno, "pipe");
1032|  pipe_r = stdin_pipe[0];
1033|  pipe_w = stdin_pipe[1];
1034|
1035|  if (timeout > 0)
1036|    {
1037|      sigaddset (&mask, SIGCHLD);
1038|      ret = sigprocmask (SIG_BLOCK, &mask, NULL);
1039|      if (UNLIKELY (ret < 0))
1040|        return crun_make_error (err, errno, "sigprocmask");
1041|    }
1042|
1043|  pid = fork ();
1044|  if (UNLIKELY (pid < 0))
1045|    return crun_make_error (err, errno, "fork");
1046|
1047|  if (pid)
1048|    {
1049|      int r, status;
1050|
1051|      close_and_reset (&pipe_r);
1052|
1053|      ret = write (pipe_w, stdin, stdin_len);
1054|      if (UNLIKELY (ret < 0))
1055|        return crun_make_error (err, errno, "writing to pipe");
1056|
1057|      close_and_reset (&pipe_w);
1058|
1059|      if (timeout)
1060|        {
1061|          time_t start = time (NULL);
1062|          time_t now;
1063|          for (now = start; now - start < timeout; now = time (NULL))
1064|            {
1065|              siginfo_t info;
1066|              int elapsed = now - start;
1067|              struct timespec ts_timeout = { .tv_sec = timeout - elapsed, .tv_nsec = 0 };
1068|
1069|              ret = sigtimedwait (&mask, &info, &ts_timeout);
1070|              if (UNLIKELY (ret < 0 && errno != EAGAIN))
1071|                return crun_make_error (err, errno, "sigtimedwait");
1072|
1073|              if (info.si_signo == SIGCHLD && info.si_pid == pid)
1074|                goto read_waitpid;
1075|
1076|              if (ret < 0 && errno == EAGAIN)
1077|                goto timeout;
1078|            }
1079| timeout:
1080|          kill (pid, SIGKILL);
1081|          return crun_make_error (err, 0, "timeout expired for '%s'", path);
1082|        }
1083|
1084| read_waitpid:
1085|      r = TEMP_FAILURE_RETRY (waitpid (pid, &status, 0));
1086|      if (r < 0)
1087|        return crun_make_error (err, errno, "waitpid");
1088|      if (WIFEXITED (status) || WIFSIGNALED (status))
(452 more lines below)
2026-07-25 14:13:33.346 | INFO     | metagpt.roles.di.role_zero:_act:292 - Commands: 
[{'command_name': 'Editor.scroll_down', 'args': {}}]
2026-07-25 14:13:33.346 | INFO     | metagpt.roles.di.role_zero:_act:294 - Commands outputs: 
Command Editor.scroll_down executed: [File: /home/aludy/scires/Cloud_Spec_Exp/external/worktrees/oci-metagpt-agentless-mini-rerun/metagpt/crun-129/src/libcrun/utils.c (1540 lines total)]
(1112 more lines above)
1113|  cleanup_dir DIR *dir = NULL;
1114|  int ret;
1115|  int fd;
1116|  struct statfs sfs;
1117|  struct dirent *next;
1118|
1119|  cfd = open ("/proc/self/fd", O_DIRECTORY | O_RDONLY | O_CLOEXEC);
1120|  if (UNLIKELY (cfd < 0))
1121|    return crun_make_error (err, errno, "open /proc/self/fd");
1122|
1123|  ret = fstatfs (cfd, &sfs);
1124|  if (UNLIKELY (ret < 0))
1125|    return crun_make_error (err, errno, "statfs '/proc/self/fd'");
1126|
1127|  if (sfs.f_type != PROC_SUPER_MAGIC)
1128|    return crun_make_error (err, 0, "the path '/proc/self/fd' is not on file system type 'procfs'");
1129|
1130|  dir = fdopendir (cfd);
1131|  if (UNLIKELY (dir == NULL))
1132|    return crun_make_error (err, errno, "cannot fdopendir /proc/self/fd");
1133|
1134|  /* Now it is owned by dir.  */
1135|  cfd = -1;
1136|
1137|  fd = dirfd (dir);
1138|  for (next = readdir (dir); next; next = readdir (dir))
1139|    {
1140|      int val;
1141|      const char *name = next->d_name;
1142|      if (name[0] == '.')
1143|        continue;
1144|
1145|      val = strtoll (name, NULL, 10);
1146|      if (val < n || val == fd)
1147|        continue;
1148|
1149|      ret = fcntl (val, F_SETFD, FD_CLOEXEC);
1150|      if (UNLIKELY (ret < 0))
1151|        return crun_make_error (err, errno, "cannot set CLOEXEC fd for '/proc/self/fd/%s'", name);
1152|    }
1153|  return 0;
1154|}
1155|
1156|void
1157|get_current_timestamp (char *out)
1158|{
1159|  struct timeval tv;
1160|  struct tm now;
1161|  char timestamp[64];
1162|
1163|  gettimeofday (&tv, NULL);
1164|  gmtime_r (&tv.tv_sec, &now);
1165|  strftime (timestamp, sizeof (timestamp), "%Y-%m-%dT%H:%M:%S", &now);
1166|
1167|  sprintf (out, "%s.%09ldZ", timestamp, tv.tv_usec);
1168|}
1169|
1170|int
1171|set_blocking_fd (int fd, int blocking, libcrun_error_t *err)
1172|{
1173|  int ret, flags = fcntl (fd, F_GETFL, 0);
1174|  if (UNLIKELY (flags < 0))
1175|    return crun_make_error (err, errno, "fcntl");
1176|
1177|  ret = fcntl (fd, F_SETFL, blocking ? flags & ~O_NONBLOCK : flags | O_NONBLOCK);
1178|  if (UNLIKELY (ret < 0))
1179|    return crun_make_error (err, errno, "fcntl");
1180|  return 0;
1181|}
1182|
1183|int
1184|parse_json_file (yajl_val *out, const char *jsondata, struct parser_context *ctx arg_unused, libcrun_error_t *err)
1185|{
1186|    char errbuf[1024];
1187|
1188|    *err = NULL;
1189|
1190|    *out = yajl_tree_parse (jsondata, errbuf, sizeof (errbuf));
1191|    if (*out == NULL)
1192|      return crun_make_error (err, 0, "cannot parse the data: '%s'", errbuf);
1193|
1194|    return 0;
1195|}
1196|
1197|int
1198|has_prefix (const char *str, const char *prefix)
1199|{
1200|  size_t prefix_len = strlen (prefix);
1201|  return strlen (str) >= prefix_len && memcmp (str, prefix, prefix_len) == 0;
1202|}
1203|
1204|static int
1205|check_access (const char *path)
1206|{
1207|  int ret;
1208|  mode_t mode;
1209|
1210|  ret = eaccess (path, X_OK);
1211|  if (ret < 0)
1212|    return ret;
1213|
1214|  ret = get_file_type (&mode, path);
1215|  if (UNLIKELY (ret < 0))
1216|    return ret;
1217|
1218|  if (! S_ISREG (mode))
1219|    {
1220|      errno = EPERM;
1221|      return -1;
1222|    }
1223|
1224|  return 0;
1225|}
1226|
1227|const char *
1228|find_executable (const char *executable_path)
1229|{
1230|  cleanup_free char *tmp = NULL;
1231|  char path[PATH_MAX + 1];
1232|  int last_error = ENOENT;
1233|  char *it, *end;
1234|  int ret;
1235|
1236|  if (executable_path[0] == '/')
1237|    {
1238|      ret = check_access (executable_path);
1239|      if (ret == 0)
1240|        return xstrdup (executable_path);
1241|      return NULL;
1242|    }
1243|
1244|  end = tmp = xstrdup (getenv ("PATH"));
1245|
1246|  while ((it = strsep (&end, ":")))
1247|    {
1248|      size_t len;
1249|
1250|      if (it == end)
1251|        it = ".";
1252|
1253|      len = snprintf (path, PATH_MAX, "%s/%s", it, executable_path);
1254|      if (len == PATH_MAX)
1255|        continue;
1256|
1257|      ret = check_access (path);
1258|      if (ret == 0)
1259|        return xstrdup (path);
1260|
1261|      if (errno == ENOENT)
1262|        continue;
1263|
1264|      last_error = errno;
1265|    }
1266|
1267|  errno = last_error;
1268|  return NULL;
1269|}
1270|
1271|#ifdef HAVE_FGETXATTR
1272|
1273|static ssize_t
1274|safe_read_xattr (char **ret, int sfd, const char *srcname, const char *name, size_t initial_size, libcrun_error_t *err)
1275|{
1276|  cleanup_free char *buffer = NULL;
1277|  ssize_t current_size;
1278|  ssize_t s;
1279|
1280|  current_size = (ssize_t) initial_size;
1281|  buffer = xmalloc (current_size + 1);
1282|
1283|  while (1)
1284|    {
1285|      s = fgetxattr (sfd, name, buffer, current_size);
1286|      if (UNLIKELY (s < 0))
1287|        return crun_make_error (err, errno, "get xattr %s from %s", name, srcname);
1288|
1289|      if (s < current_size)
1290|        break;
1291|
1292|      current_size *= 2;
1293|      buffer = xrealloc (buffer, current_size + 1);
1294|    }
1295|
1296|  if (s <= 0)
1297|    return s;
1298|
1299|  buffer[s] = '\0';
1300|
1301|  /* Change owner.  */
1302|  *ret = buffer;
1303|  buffer = NULL;
1304|
1305|  return s;
1306|}
1307|
1308|static ssize_t
1309|copy_xattr (int sfd, int dfd, const char *srcname, const char *destname, libcrun_error_t *err)
1310|{
1311|  cleanup_free char *buf = NULL;
1312|  ssize_t xattr_len;
1313|  char *it;
(227 more lines below)
2026-07-25 14:13:37.551 | INFO     | metagpt.roles.di.role_zero:_act:292 - Commands: 
[{'command_name': 'Editor.goto_line', 'args': {'line_number': 1047}}]
2026-07-25 14:13:37.551 | INFO     | metagpt.roles.di.role_zero:_act:294 - Commands outputs: 
Command Editor.goto_line executed: [File: /home/aludy/scires/Cloud_Spec_Exp/external/worktrees/oci-metagpt-agentless-mini-rerun/metagpt/crun-129/src/libcrun/utils.c (1540 lines total)]
(946 more lines above)
947|  if (input == NULL)
948|    return -1;
949|
950|  for (;;)
951|    {
952|      char *endptr;
953|      ssize_t read = getline (&lineptr, &lenlineptr, input);
954|      if (read < 0)
955|        return -1;
956|
957|      if (read < (ssize_t) (len_name + 2))
958|        continue;
959|
960|      if (memcmp (lineptr, name, len_name) || lineptr[len_name] != ':')
961|        continue;
962|
963|      *from = strtoull (&lineptr[len_name + 1], &endptr, 10);
964|
965|      if (endptr >= &lineptr[read])
966|        return -1;
967|
968|      *len = strtoull (&endptr[1], &endptr, 10);
969|
970|      return 0;
971|    }
972|}
973|
974|#define MIN(x,y) ((x)<(y)?(x):(y))
975|
976|size_t
977|format_default_id_mapping (char **ret, uid_t container_id, uid_t host_id, int is_uid)
978|{
979|  uint32_t from, available;
980|  cleanup_free char *buffer = NULL;
981|  size_t written = 0;
982|
983|  *ret = NULL;
984|
985|  if (getsubidrange (host_id, is_uid, &from, &available) < 0)
986|    return 0;
987|
988|  /* More than enough space for all the mappings.  */
989|  buffer = xmalloc (15 * 5 * 3);
990|
991|  if (container_id > 0)
992|    {
993|      uint32_t used = MIN (container_id, available);
994|      written += sprintf (buffer + written, "%d %d %d\n", 0, from, used);
995|      from += used;
996|      available -= used;
997|    }
998|
999|  /* Host ID -> Container ID.  */
1000|  written += sprintf (buffer + written, "%d %d 1\n", container_id, host_id);
1001|
1002|  /* Last mapping: use any id that is left.  */
1003|  if (available)
1004|    written += sprintf (buffer + written, "%d %d %d\n", container_id + 1, from, available);
1005|
1006|  *ret = buffer;
1007|  buffer = NULL;
1008|  return written;
1009|}
1010|
1011|/* will leave SIGCHLD blocked if TIMEOUT is used.  */
1012|int
1013|run_process_with_stdin_timeout_envp (char *path,
1014|                                     char **args,
1015|                                     const char *cwd,
1016|                                     int timeout,
1017|                                     char **envp,
1018|                                     char *stdin,
1019|                                     size_t stdin_len,
1020|                                     libcrun_error_t *err)
1021|{
1022|  int stdin_pipe[2];
1023|  pid_t pid;
1024|  int ret;
1025|  cleanup_close int pipe_r = -1;
1026|  cleanup_close int pipe_w = -1;
1027|  sigset_t mask;
1028|
1029|  ret = pipe (stdin_pipe);
1030|  if (UNLIKELY (ret < 0))
1031|    return crun_make_error (err, errno, "pipe");
1032|  pipe_r = stdin_pipe[0];
1033|  pipe_w = stdin_pipe[1];
1034|
1035|  if (timeout > 0)
1036|    {
1037|      sigaddset (&mask, SIGCHLD);
1038|      ret = sigprocmask (SIG_BLOCK, &mask, NULL);
1039|      if (UNLIKELY (ret < 0))
1040|        return crun_make_error (err, errno, "sigprocmask");
1041|    }
1042|
1043|  pid = fork ();
1044|  if (UNLIKELY (pid < 0))
1045|    return crun_make_error (err, errno, "fork");
1046|
1047|  if (pid)
1048|    {
1049|      int r, status;
1050|
1051|      close_and_reset (&pipe_r);
1052|
1053|      ret = write (pipe_w, stdin, stdin_len);
1054|      if (UNLIKELY (ret < 0))
1055|        return crun_make_error (err, errno, "writing to pipe");
1056|
1057|      close_and_reset (&pipe_w);
1058|
1059|      if (timeout)
1060|        {
1061|          time_t start = time (NULL);
1062|          time_t now;
1063|          for (now = start; now - start < timeout; now = time (NULL))
1064|            {
1065|              siginfo_t info;
1066|              int elapsed = now - start;
1067|              struct timespec ts_timeout = { .tv_sec = timeout - elapsed, .tv_nsec = 0 };
1068|
1069|              ret = sigtimedwait (&mask, &info, &ts_timeout);
1070|              if (UNLIKELY (ret < 0 && errno != EAGAIN))
1071|                return crun_make_error (err, errno, "sigtimedwait");
1072|
1073|              if (info.si_signo == SIGCHLD && info.si_pid == pid)
1074|                goto read_waitpid;
1075|
1076|              if (ret < 0 && errno == EAGAIN)
1077|                goto timeout;
1078|            }
1079| timeout:
1080|          kill (pid, SIGKILL);
1081|          return crun_make_error (err, 0, "timeout expired for '%s'", path);
1082|        }
1083|
1084| read_waitpid:
1085|      r = TEMP_FAILURE_RETRY (waitpid (pid, &status, 0));
1086|      if (r < 0)
1087|        return crun_make_error (err, errno, "waitpid");
1088|      if (WIFEXITED (status) || WIFSIGNALED (status))
1089|        return WEXITSTATUS (status);
1090|    }
1091|  else
1092|    {
1093|      char *tmp_args[] = {path, NULL};
1094|      close (pipe_w);
1095|      dup2 (pipe_r, 0);
1096|      close (pipe_r);
1097|      if (args == NULL)
1098|        args = tmp_args;
1099|
1100|      if (cwd && chdir (cwd) < 0)
1101|        _exit (EXIT_FAILURE);
1102|
1103|      execvpe (path, args, envp);
1104|      _exit (EXIT_FAILURE);
1105|    }
1106|  return -1;
1107|}
1108|
1109|int
1110|close_fds_ge_than (int n, libcrun_error_t *err)
1111|{
1112|  cleanup_close int cfd = -1;
1113|  cleanup_dir DIR *dir = NULL;
1114|  int ret;
1115|  int fd;
1116|  struct statfs sfs;
1117|  struct dirent *next;
1118|
1119|  cfd = open ("/proc/self/fd", O_DIRECTORY | O_RDONLY | O_CLOEXEC);
1120|  if (UNLIKELY (cfd < 0))
1121|    return crun_make_error (err, errno, "open /proc/self/fd");
1122|
1123|  ret = fstatfs (cfd, &sfs);
1124|  if (UNLIKELY (ret < 0))
1125|    return crun_make_error (err, errno, "statfs '/proc/self/fd'");
1126|
1127|  if (sfs.f_type != PROC_SUPER_MAGIC)
1128|    return crun_make_error (err, 0, "the path '/proc/self/fd' is not on file system type 'procfs'");
1129|
1130|  dir = fdopendir (cfd);
1131|  if (UNLIKELY (dir == NULL))
1132|    return crun_make_error (err, errno, "cannot fdopendir /proc/self/fd");
1133|
1134|  /* Now it is owned by dir.  */
1135|  cfd = -1;
1136|
1137|  fd = dirfd (dir);
1138|  for (next = readdir (dir); next; next = readdir (dir))
1139|    {
1140|      int val;
1141|      const char *name = next->d_name;
1142|      if (name[0] == '.')
1143|        continue;
1144|
1145|      val = strtoll (name, NULL, 10);
1146|      if (val < n || val == fd)
1147|        continue;
(393 more lines below)
2026-07-25 14:13:46.030 | INFO     | metagpt.roles.di.role_zero:_act:292 - Commands: 
[{'command_name': 'Editor.open_file', 'args': {'path': '/home/aludy/scires/Cloud_Spec_Exp/external/worktrees/oci-metagpt-agentless-mini-rerun/metagpt/crun-129/src/libcrun/container.c', 'line_number': 744, 'context_lines': 50}}]
2026-07-25 14:13:46.031 | INFO     | metagpt.roles.di.role_zero:_act:294 - Commands outputs: 
Command Editor.open_file executed: [File: /home/aludy/scires/Cloud_Spec_Exp/external/worktrees/oci-metagpt-agentless-mini-rerun/metagpt/crun-129/src/libcrun/container.c (2301 lines total)]
(718 more lines above)
719|
720|  if (UNLIKELY (def->process == NULL))
721|    return crun_make_error (err, errno, "block 'process' not found");
722|
723|  if (UNLIKELY (exec_path == NULL))
724|    return crun_make_error (err, errno, "executable path not specified");
725|
726|  execv (exec_path, def->process->args);
727|
728|  return crun_make_error (err, errno, "exec the container process");
729|}
730|
731|struct hook_s
732|{
733|    char *path;
734|    char **args;
735|    size_t args_len;
736|
737|    int timeout;
738|    char **env;
739|    size_t env_len;
740|
741|};
742|
743|static int
744|do_hooks (oci_container *def, pid_t pid, const char *id, bool keep_going, const char *rootfs,
745|          const char *cwd, const char *status, struct hook_s **hooks, size_t hooks_len,
746|          libcrun_error_t *err)
747|{
748|  size_t i, stdin_len;
749|  int ret;
750|  cleanup_free char *stdin = NULL;
751|  const unsigned char *annotations = (const unsigned char *) "{}";
752|  cleanup_free char *cwd_allocated = NULL;
753|  yajl_gen gen = NULL;
754|
755|  if (cwd == NULL)
756|    {
757|      cwd = cwd_allocated = get_current_dir_name ();
758|      if (cwd == NULL)
759|        OOM ();
760|    }
761|
762|  if (def && def->annotations && def->annotations->len)
763|    {
764|      size_t len;
765|
766|      gen = yajl_gen_alloc (NULL);
767|      if (gen == NULL)
768|        return crun_make_error (err, 0, "yajl_gen_alloc failed");
769|
(1532 more lines below)
2026-07-25 14:13:49.493 | INFO     | metagpt.roles.di.role_zero:_act:292 - Commands: 
[{'command_name': 'Editor.scroll_down', 'args': {}}]
2026-07-25 14:13:49.494 | INFO     | metagpt.roles.di.role_zero:_act:294 - Commands outputs: 
Command Editor.scroll_down executed: [File: /home/aludy/scires/Cloud_Spec_Exp/external/worktrees/oci-metagpt-agentless-mini-rerun/metagpt/crun-129/src/libcrun/container.c (2301 lines total)]
(843 more lines above)
844|      if (UNLIKELY (ret < 0))
845|        crun_error_write_warning_and_release (context->output_handler_arg, &err);
846|    }
847|  if (container && container->container_def)
848|    free_oci_container (container->container_def);
849|  return 0;
850|}
851|
852|static bool
853|has_namespace_in_definition (oci_container *def, const char *namespace)
854|{
855|  size_t i;
856|
857|  if (def->linux == NULL || def->linux->namespaces == NULL)
858|    return false;
859|
860|  for (i = 0; i < def->linux->namespaces_len; i++)
861|    {
862|      if (strcmp (def->linux->namespaces[i]->type, namespace) == 0)
863|        return true;
864|    }
865|  return false;
866|}
867|
868|static int
869|container_delete_internal (libcrun_context_t *context, oci_container *def, const char *id, bool force, bool only_cleanup, libcrun_error_t *err)
870|{
871|  int ret;
872|  cleanup_container_status libcrun_container_status_t status;
873|  const char *state_root = context->state_root;
874|
875|  memset (&status, 0, sizeof (status));
876|  ret = libcrun_read_container_status (&status, state_root, id, err);
877|  if (UNLIKELY (ret < 0))
878|    {
879|      if (force && crun_error_get_errno (err) == ENOENT)
880|        {
881|          libcrun_error_t tmp_err = NULL;
882|
883|          crun_error_release (err);
884|          libcrun_container_delete_status (state_root, id, &tmp_err);
885|          crun_error_release (&tmp_err);
886|          return 0;
887|        }
888|      goto delete;
889|    }
890|
891|  if (!only_cleanup && !status.detached)
892|    {
893|      if (! force)
894|        {
895|          ret = libcrun_is_container_running (&status, err);
896|          if (UNLIKELY (ret < 0))
897|            return ret;
898|          if (ret == 1)
899|            return crun_make_error (err, 0, "the container '%s' is not in 'stopped' state", id);
900|        }
901|      else
902|        {
903|          cleanup_free libcrun_container_t *container = NULL;
904|
905|          if (def == NULL)
906|            {
907|              ret = read_container_config_from_state (&container, state_root, id, err);
908|              if (UNLIKELY (ret < 0))
909|                return ret;
910|
911|              def = container->container_def;
912|            }
913|
914|          /* If the container has a pid namespace, it is enough to kill the first
915|             process (pid=1 in the namespace).
916|          */
917|          if (has_namespace_in_definition (def, "pid"))
918|            {
919|              ret = kill (status.pid, SIGKILL);
920|              if (UNLIKELY (ret < 0) && errno != ESRCH)
921|                {
922|                  crun_make_error (err, errno, "kill cannot find process");
923|                  return ret;
924|                }
925|            }
926|          else
927|            {
928|              ret = libcrun_cgroup_killall (status.cgroup_path, err);
929|              if (UNLIKELY (ret < 0))
930|                return 0;
931|            }
932|        }
933|    }
934|
935|  if (status.cgroup_path)
936|    {
937|      ret = libcrun_cgroup_destroy (id, status.cgroup_path, status.systemd_cgroup, err);
938|      if (UNLIKELY (ret < 0))
939|        crun_error_write_warning_and_release (context->output_handler_arg, &err);
940|    }
941|
942|  ret = run_poststop_hooks (context, def, &status, state_root, id, err);
943|  if (UNLIKELY (ret < 0))
944|    crun_error_write_warning_and_release (context->output_handler_arg, &err);
945|
946| delete:
947|  ret = libcrun_container_delete_status (state_root, id, err);
948|
949|  return ret;
950|}
951|
952|int
953|libcrun_container_delete (libcrun_context_t *context, oci_container *def, const char *id, bool force, libcrun_error_t *err)
954|{
955|  return container_delete_internal (context, def, id, force, false, err);
956|}
957|
958|int
959|libcrun_container_kill (libcrun_context_t *context, const char *id, int signal, libcrun_error_t *err)
960|{
961|  int ret;
962|  const char *state_root = context->state_root;
963|  cleanup_container_status libcrun_container_status_t status;
964|
965|  memset (&status, 0, sizeof (status));
966|
967|  ret = libcrun_read_container_status (&status, state_root, id, err);
968|  if (UNLIKELY (ret < 0))
969|    return ret;
970|
971|  ret = kill (status.pid, signal);
972|  if (UNLIKELY (ret < 0))
973|    return crun_make_error (err, errno, "kill container");
974|  return 0;
975|}
976|
977|int
978|libcrun_container_kill_all (libcrun_context_t *context, const char *id, int signal, libcrun_error_t *err)
979|{
980|  int ret;
981|  const char *state_root = context->state_root;
982|  cleanup_container_status libcrun_container_status_t status;
983|
984|  memset (&status, 0, sizeof (status));
985|
986|  ret = libcrun_read_container_status (&status, state_root, id, err);
987|  if (UNLIKELY (ret < 0))
988|    return ret;
989|
990|  ret = libcrun_cgroup_killall_signal (status.cgroup_path, signal, err);
991|  if (UNLIKELY (ret < 0))
992|    return ret;
993|  return 0;
994|}
995|
996|static int
997|write_container_status (libcrun_container_t *container, libcrun_context_t *context, pid_t pid,
998|                        char *cgroup_path, char *created, libcrun_error_t *err)
999|{
1000|  cleanup_free char *cwd = get_current_dir_name ();
1001|  libcrun_container_status_t status = {.pid = pid,
1002|                                       .cgroup_path = cgroup_path,
1003|                                       .rootfs = container->container_def->root->path,
1004|                                       .bundle = cwd,
1005|                                       .created = created,
1006|                                       .systemd_cgroup = context->systemd_cgroup,
1007|                                       .detached = context->detach};
1008|  if (cwd == NULL)
1009|    OOM ();
1010|  return libcrun_write_container_status (context->state_root, context->id, &status, err);
1011|}
1012|
1013|static int
1014|reap_subprocesses (pid_t main_process, int *main_process_exit, int *last_process, libcrun_error_t *err)
1015|{
1016|  *last_process = 0;
1017|  while (1)
1018|    {
1019|      int status;
1020|      int r = waitpid (-1, &status, WNOHANG);
1021|      if (r < 0)
1022|        {
1023|          if (errno == EINTR)
1024|            continue;
1025|          if (errno == ECHILD)
1026|            {
1027|              *last_process = 1;
1028|              return 0;
1029|            }
1030|          return crun_make_error (err, errno, "waitpid");
1031|        }
1032|      if (r == 0)
1033|        break;
1034|      if (r != main_process)
1035|        continue;
1036|
1037|      if (WIFSIGNALED (status))
1038|        *main_process_exit = 128 + WTERMSIG (status);
1039|      if (WIFEXITED (status))
1040|        *main_process_exit = WEXITSTATUS (status);
1041|    }
1042|  return 0;
1043|}
1044|
(1257 more lines below)
2026-07-25 14:13:52.234 | INFO     | metagpt.roles.di.role_zero:_act:292 - Commands: 
[{'command_name': 'Editor.scroll_down', 'args': {}}]
2026-07-25 14:13:52.235 | INFO     | metagpt.roles.di.role_zero:_act:294 - Commands outputs: 
Command Editor.scroll_down executed: [File: /home/aludy/scires/Cloud_Spec_Exp/external/worktrees/oci-metagpt-agentless-mini-rerun/metagpt/crun-129/src/libcrun/container.c (2301 lines total)]
(1043 more lines above)
1044|
1045|static int
1046|handle_notify_socket (int notify_socketfd, libcrun_error_t *err)
1047|{
1048|#ifdef HAVE_SYSTEMD
1049|  int ret;
1050|  char buf[256];
1051|  const char *ready_str = "READY=1";
1052|
1053|  ret = recvfrom (notify_socketfd, buf, sizeof (buf) - 1, 0, NULL, NULL);
1054|  if (UNLIKELY (ret < 0))
1055|    return crun_make_error (err, errno, "recvfrom notify socket");
1056|
1057|  buf[ret] = '\0';
1058|  if (strstr (buf, ready_str))
1059|    {
1060|      ret = sd_notify (0, ready_str);
1061|      if (UNLIKELY (ret < 0))
1062|        return crun_make_error (err, errno, "sd_notify");
1063|
1064|      return 1;
1065|    }
1066|  return 0;
1067|#else
1068|  return 1;
1069|#endif
1070|}
1071|
1072|static int
1073|wait_for_process (pid_t pid, libcrun_context_t *context, int terminal_fd, int notify_socket, int container_ready_fd, libcrun_error_t *err)
1074|{
1075|  cleanup_close int epollfd = -1;
1076|  cleanup_close int signalfd = -1;
1077|  int ret, container_exit_code = 0, last_process;
1078|  sigset_t mask;
1079|  int fds[10];
1080|  int levelfds[10];
1081|  int levelfds_len = 0;
1082|  int fds_len = 0;
1083|
1084|  container_exit_code = 0;
1085|
1086|  if (context->pid_file)
1087|    {
1088|      char buf[12];
1089|      size_t buf_len = sprintf (buf, "%d", pid);
1090|      ret = write_file (context->pid_file, buf, buf_len, err);
1091|      if (UNLIKELY (ret < 0))
1092|        return ret;
1093|    }
1094|
1095|  /* Also exit if there is nothing more to wait for.  */
1096|  if (context->detach && notify_socket < 0)
1097|    return 0;
1098|
1099|  if (container_ready_fd >= 0)
1100|    {
1101|      ret = 0;
1102|      TEMP_FAILURE_RETRY (write (container_ready_fd, &ret, sizeof (ret)));
1103|      close_and_reset (&container_ready_fd);
1104|    }
1105|
1106|  sigfillset (&mask);
1107|  ret = sigprocmask (SIG_BLOCK, &mask, NULL);
1108|  if (UNLIKELY (ret < 0))
1109|    return crun_make_error (err, errno, "sigprocmask");
1110|
1111|  signalfd = create_signalfd (&mask, err);
1112|  if (UNLIKELY (signalfd < 0))
1113|    return signalfd;
1114|
1115|  ret = reap_subprocesses (pid, &container_exit_code, &last_process, err);
1116|  if (UNLIKELY (ret < 0))
1117|    return ret;
1118|
1119|  if (last_process)
1120|    return container_exit_code;
1121|
1122|  fds[fds_len++] = signalfd;
1123|  if (notify_socket >= 0)
1124|    fds[fds_len++] = notify_socket;
1125|  if (terminal_fd >= 0)
1126|    {
1127|      fds[fds_len++] = 0;
1128|      levelfds[levelfds_len++] = terminal_fd;
1129|    }
1130|  fds[fds_len++] = -1;
1131|  levelfds[levelfds_len++] = -1;
1132|
1133|  epollfd = epoll_helper (fds, levelfds, err);
1134|  if (UNLIKELY (epollfd < 0))
1135|    return epollfd;
1136|
1137|  while (1)
1138|    {
1139|      struct signalfd_siginfo si;
1140|      ssize_t res;
1141|      struct epoll_event events[10];
1142|      int i, nr_events;
1143|
1144|      nr_events = TEMP_FAILURE_RETRY (epoll_wait (epollfd, events, 10, -1));
1145|      if (UNLIKELY (nr_events < 0))
1146|        return crun_make_error (err, errno, "epoll_wait");
1147|
1148|      for (i = 0; i < nr_events; i++)
1149|        {
1150|          if (events[i].data.fd == 0)
1151|            {
1152|              ret = copy_from_fd_to_fd (0, terminal_fd, 0, err);
1153|              if (UNLIKELY (ret < 0))
1154|                return ret;
1155|            }
1156|          else if (events[i].data.fd == terminal_fd)
1157|            {
1158|              ret = set_blocking_fd (terminal_fd, 0, err);
1159|              if (UNLIKELY (ret < 0))
1160|                return ret;
1161|
1162|              ret = copy_from_fd_to_fd (terminal_fd, 1, 1, err);
1163|              if (UNLIKELY (ret < 0))
1164|                return ret;
1165|
1166|              ret = set_blocking_fd (terminal_fd, 1, err);
1167|              if (UNLIKELY (ret < 0))
1168|                return ret;
1169|            }
1170|          else if (events[i].data.fd == notify_socket)
1171|            {
1172|              ret = handle_notify_socket (notify_socket, err);
1173|              if (UNLIKELY (ret < 0))
1174|                return ret;
1175|              if (ret && context->detach)
1176|                    return 0;
1177|            }
1178|          else if (events[i].data.fd == signalfd)
1179|            {
1180|              res = TEMP_FAILURE_RETRY (read (signalfd, &si, sizeof (si)));
1181|              if (UNLIKELY (res < 0))
1182|                return crun_make_error (err, errno, "read from signalfd");
1183|              if (si.ssi_signo == SIGCHLD)
1184|                {
1185|                  ret = reap_subprocesses (pid, &container_exit_code, &last_process, err);
1186|                  if (UNLIKELY (ret < 0))
1187|                    return ret;
1188|                  if (last_process)
1189|                    return container_exit_code;
1190|                }
1191|              else
1192|                {
1193|                  /* Send any other signal to the child process.  */
1194|                  ret = kill (pid, si.ssi_signo);
1195|                }
1196|            }
1197|          else
1198|            {
1199|              return crun_make_error (err, 0, "unknown fd from epoll_wait");
1200|            }
1201|        }
1202|    }
1203|
1204|  return 0;
1205|}
1206|
1207|static void
1208|flush_fd_to_err (libcrun_context_t *context, int terminal_fd)
1209|{
1210|  char buf[256];
1211|  int flags;
1212|  if (terminal_fd < 0 || stderr == NULL)
1213|    return;
1214|
1215|  flags = fcntl (terminal_fd, F_GETFL, 0);
1216|  if (flags == -1)
1217|    return;
1218|  if (fcntl (terminal_fd, F_SETFL, flags | O_NONBLOCK) < 0)
1219|    return;
1220|
1221|  for (;;)
1222|    {
1223|      int ret = read (terminal_fd, buf, sizeof (buf) - 1);
1224|      if (ret <= 0)
1225|        break;
1226|      buf[ret] = '\0';
1227|      if (context->output_handler)
1228|        context->output_handler (0, buf, false, context->output_handler_arg);
1229|    }
1230|  (void) fcntl (terminal_fd, F_SETFL, flags);
1231|  fflush (stderr);
1232|  fsync (1);
1233|  fsync (2);
1234|}
1235|
1236|static void
1237|cleanup_watch (libcrun_context_t *context, pid_t init_pid, oci_container *def, const char *id, int sync_socket, int terminal_fd)
1238|{
1239|  libcrun_error_t err = NULL;
1240|  container_delete_internal (context, def, id, 1, true, &err);
1241|  crun_error_release (&err);
1242|
1243|  if (init_pid)
1244|    kill (init_pid, SIGKILL);
(1057 more lines below)
2026-07-25 14:13:55.456 | INFO     | metagpt.roles.di.role_zero:_act:292 - Commands: 
[{'command_name': 'Editor.search_file', 'args': {'search_term': 'do_hooks', 'file_path': '/home/aludy/scires/Cloud_Spec_Exp/external/worktrees/oci-metagpt-agentless-mini-rerun/metagpt/crun-129/src/libcrun/container.c'}}]
2026-07-25 14:13:55.456 | INFO     | metagpt.roles.di.role_zero:_act:294 - Commands outputs: 
Command Editor.search_file executed: [Found 4 matches for "do_hooks" in /home/aludy/scires/Cloud_Spec_Exp/external/worktrees/oci-metagpt-agentless-mini-rerun/metagpt/crun-129/src/libcrun/container.c]
Line 744: do_hooks (oci_container *def, pid_t pid, const char *id, bool keep_going, const char *rootfs,
Line 841: ret = do_hooks (def, 0, id, true, def->root->path, status->bundle,
Line 1477: ret = do_hooks (def, pid, context->id, false, def->root->path, NULL, "created",
Line 1537: ret = do_hooks (def, pid, context->id, true, def->root->path, NULL, "running",
[End of matches for "do_hooks" in /home/aludy/scires/Cloud_Spec_Exp/external/worktrees/oci-metagpt-agentless-mini-rerun/metagpt/crun-129/src/libcrun/container.c]
2026-07-25 14:13:58.410 | INFO     | metagpt.roles.di.role_zero:_act:292 - Commands: 
[{'command_name': 'Editor.goto_line', 'args': {'line_number': 1470}}]
2026-07-25 14:13:58.410 | INFO     | metagpt.roles.di.role_zero:_act:294 - Commands outputs: 
Command Editor.goto_line executed: [File: /home/aludy/scires/Cloud_Spec_Exp/external/worktrees/oci-metagpt-agentless-mini-rerun/metagpt/crun-129/src/libcrun/container.c (2301 lines total)]
(1369 more lines above)
1370|  if (!context->no_new_keyring)
1371|    {
1372|      ret = libcrun_create_keyring (container->context->id, err);
1373|      if (UNLIKELY (ret < 0))
1374|        return ret;
1375|    }
1376|
1377|  if (def->process && def->process->terminal && !detach && context->console_socket == NULL)
1378|    {
1379|      container_args.has_terminal_socket_pair = 1;
1380|      ret = create_socket_pair (container_args.terminal_socketpair, err);
1381|      if (UNLIKELY (ret < 0))
1382|        return ret;
1383|      socket_pair_0 = container_args.terminal_socketpair[0];
1384|      socket_pair_1 = container_args.terminal_socketpair[1];
1385|    }
1386|
1387|  ret = block_signals (err);
1388|  if (UNLIKELY (ret < 0))
1389|    return ret;
1390|
1391|  if (def->linux && def->linux->seccomp)
1392|    {
1393|      ret = open_seccomp_output (context->id, &seccomp_fd, false, context->state_root, err);
1394|      if (UNLIKELY (ret < 0))
1395|        return ret;
1396|    }
1397|  container_args.seccomp_fd = seccomp_fd;
1398|
1399|  if (context->console_socket)
1400|    {
1401|      console_socket_fd = open_unix_domain_client_socket (context->console_socket, 0, err);
1402|      if (UNLIKELY (console_socket_fd < 0))
1403|        return ret;
1404|      container_args.console_socket_fd = console_socket_fd;
1405|    }
1406|
1407|  pid = libcrun_run_linux_container (container, context->detach,
1408|                                     container_entrypoint, &container_args,
1409|                                     &sync_socket, err);
1410|  if (UNLIKELY (pid < 0))
1411|    return pid;
1412|
1413|  if (context->fifo_exec_wait_fd < 0 && context->notify_socket)
1414|    {
1415|      /* Do not open the notify socket here on "create".  "start" will take care of it.  */
1416|      ret = get_notify_fd (context, container, &notify_socket, err);
1417|      if (UNLIKELY (ret < 0))
1418|        return ret;
1419|    }
1420|
1421|  if (seccomp_fd >= 0)
1422|    close_and_reset (&seccomp_fd);
1423|
1424|  if (container_args.terminal_socketpair[1] >= 0)
1425|    close_and_reset (&socket_pair_1);
1426|
1427|  cgroup_mode = libcrun_get_cgroup_mode (err);
1428|  if (cgroup_mode < 0)
1429|    return cgroup_mode;
1430|
1431|  cgroup_manager = CGROUP_MANAGER_CGROUPFS;
1432|  if (context->systemd_cgroup)
1433|    cgroup_manager = CGROUP_MANAGER_SYSTEMD;
1434|  else if (context->force_no_cgroup)
1435|    cgroup_manager = CGROUP_MANAGER_DISABLED;
1436|
1437|  /* If we are root (either on the host or in a namespace), then chown the cgroup to root in the container user namespace.  */
1438|  get_root_in_the_userns_for_cgroups (def, container->host_uid, container->host_gid, &root_uid, &root_gid);
1439|
1440|  ret = libcrun_cgroup_enter (def->linux ? def->linux->resources : NULL, cgroup_mode,
1441|                              &cgroup_path, def->linux ? def->linux->cgroups_path : "",
1442|                              cgroup_manager, pid, root_uid, root_gid, context->id, err);
1443|  if (UNLIKELY (ret < 0))
1444|    {
1445|      cleanup_watch (context, pid, def, context->id, sync_socket, terminal_fd);
1446|      return ret;
1447|    }
1448|
1449|  if (def->linux && def->linux->resources)
1450|    {
1451|      ret = libcrun_update_cgroup_resources (cgroup_mode, def->linux->resources, cgroup_path, err);
1452|      if (UNLIKELY (ret < 0))
1453|        {
1454|          cleanup_watch (context, pid, def, context->id, sync_socket, terminal_fd);
1455|          return ret;
1456|        }
1457|    }
1458|
1459|  ret = sync_socket_send_sync (sync_socket, true, err);
1460|  if (UNLIKELY (ret < 0))
1461|    {
1462|      cleanup_watch (context, pid, def, context->id, sync_socket, terminal_fd);
1463|      return ret;
1464|    }
1465|
1466|  ret = sync_socket_wait_sync (context, sync_socket, false, err);
1467|  if (UNLIKELY (ret < 0))
1468|    {
1469|      cleanup_watch (context, pid, def, context->id, sync_socket, terminal_fd);
1470|      return ret;
1471|    }
1472|
1473|  /* The container is waiting that we write back.  In this phase we can launch the
1474|     prestart hooks.  */
1475|  if (def->hooks && def->hooks->prestart_len)
1476|    {
1477|      ret = do_hooks (def, pid, context->id, false, def->root->path, NULL, "created",
1478|                      (struct hook_s **) def->hooks->prestart,
1479|                      def->hooks->prestart_len, err);
1480|      if (UNLIKELY (ret != 0))
1481|        {
1482|          cleanup_watch (context, pid, def, context->id, sync_socket, terminal_fd);
1483|          return ret;
1484|        }
1485|    }
1486|
1487|  ret = sync_socket_send_sync (sync_socket, true, err);
1488|  if (UNLIKELY (ret < 0))
1489|    {
1490|      cleanup_watch (context, pid, def, context->id, sync_socket, terminal_fd);
1491|      return ret;
1492|    }
1493|
1494|  ret = sync_socket_wait_sync (context, sync_socket, false, err);
1495|  if (UNLIKELY (ret < 0))
1496|    {
1497|      cleanup_watch (context, pid, def, context->id, sync_socket, terminal_fd);
1498|      return ret;
1499|    }
1500|
1501|  if (def->process && def->process->terminal && !detach && context->console_socket == NULL)
1502|    {
1503|      terminal_fd = receive_fd_from_socket (socket_pair_0, err);
1504|      if (UNLIKELY (terminal_fd < 0))
1505|        {
1506|          cleanup_watch (context, pid, def, context->id, sync_socket, terminal_fd);
1507|          return terminal_fd;
1508|        }
1509|
1510|      close_and_reset (&socket_pair_0);
1511|
1512|      ret = libcrun_setup_terminal_master (terminal_fd, &orig_terminal, err);
1513|      if (UNLIKELY (ret < 0))
1514|        {
1515|          cleanup_watch (context, pid, def, context->id, sync_socket, terminal_fd);
1516|          return terminal_fd;
1517|        }
1518|    }
1519|
1520|  ret = close_and_reset (&sync_socket);
1521|  if (UNLIKELY (ret < 0))
1522|    {
1523|      cleanup_watch (context, pid, def, context->id, sync_socket, terminal_fd);
1524|      return ret;
1525|    }
1526|
1527|  get_current_timestamp (created);
1528|  ret = write_container_status (container, context, pid, cgroup_path, created, err);
1529|  if (UNLIKELY (ret < 0))
1530|    {
1531|      cleanup_watch (context, pid, def, context->id, sync_socket, terminal_fd);
1532|      return ret;
1533|    }
1534|
1535|  if (def->hooks && def->hooks->poststart_len)
1536|    {
1537|      ret = do_hooks (def, pid, context->id, true, def->root->path, NULL, "running",
1538|                      (struct hook_s **) def->hooks->poststart,
1539|                      def->hooks->poststart_len, err);
1540|      if (UNLIKELY (ret < 0))
1541|        {
1542|          cleanup_watch (context, pid, def, context->id, sync_socket, terminal_fd);
1543|          return ret;
1544|        }
1545|    }
1546|
1547|  ret = wait_for_process (pid, context, terminal_fd, notify_socket, container_ready_fd, err);
1548|  if (!context->detach)
1549|    cleanup_watch (context, 0, def, context->id, sync_socket, terminal_fd);
1550|
1551|  return ret;
1552|}
1553|
1554|static
1555|int check_config_file (oci_container *def, libcrun_error_t *err)
1556|{
1557|  if (UNLIKELY (def->root == NULL))
1558|    return crun_make_error (err, 0, "invalid config file, no 'root' block specified");
1559|  if (UNLIKELY (def->linux == NULL))
1560|    return crun_make_error (err, 0, "invalid config file, no 'linux' block specified");
1561|  if (UNLIKELY (def->mounts == NULL))
1562|    return crun_make_error (err, 0, "invalid config file, no 'mounts' block specified");
1563|  return 0;
1564|}
1565|
1566|static
1567|int libcrun_copy_config_file (const char *id, const char *state_root, const char *bundle, libcrun_error_t *err)
1568|{
1569|  int ret;
1570|  cleanup_free char *src_path = NULL;
(731 more lines below)
2026-07-25 14:14:01.321 | INFO     | metagpt.roles.di.role_zero:_act:292 - Commands: 
[{'command_name': 'Editor.open_file', 'args': {'path': '/home/aludy/scires/Cloud_Spec_Exp/external/worktrees/oci-metagpt-agentless-mini-rerun/metagpt/crun-129/src/libcrun/container.c', 'line_number': 744, 'context_lines': 120}}]
2026-07-25 14:14:01.322 | INFO     | metagpt.roles.di.role_zero:_act:294 - Commands outputs: 
Command Editor.open_file executed: [File: /home/aludy/scires/Cloud_Spec_Exp/external/worktrees/oci-metagpt-agentless-mini-rerun/metagpt/crun-129/src/libcrun/container.c (2301 lines total)]
(683 more lines above)
684|      FD_SET (fd, &read_set);
685|      do
686|        {
687|          ret = select (fd + 1, &read_set, NULL, NULL, NULL);
688|          if (UNLIKELY (ret < 0))
689|            return crun_make_error (err, errno, "select");
690|
691|          ret = TEMP_FAILURE_RETRY (read (fd, buffer, sizeof (buffer)));
692|          if (UNLIKELY (ret < 0))
693|            return crun_make_error (err, errno, "read from the exec fifo");
694|        }
695|      while (ret == 0);
696|    }
697|
698|  crun_set_output_handler (log_write_to_stderr, NULL, false);
699|
700|  ret = close_fds_ge_than (entrypoint_args->context->preserve_fds + 3, err);
701|  if (UNLIKELY (ret < 0))
702|    crun_error_write_warning_and_release (entrypoint_args->context->output_handler_arg, &err);
703|
704|  if (def->process && def->process->no_new_privileges)
705|    {
706|      char **seccomp_flags = NULL;
707|      size_t seccomp_flags_len = 0;
708|
709|      if (def->linux && def->linux->seccomp)
710|        {
711|          seccomp_flags = def->linux->seccomp->flags;
712|          seccomp_flags_len = def->linux->seccomp->flags_len;
713|        }
714|
715|      ret = libcrun_generate_and_load_seccomp (entrypoint_args->container, entrypoint_args->seccomp_fd, seccomp_flags, seccomp_flags_len, err);
716|      if (UNLIKELY (ret < 0))
717|        return ret;
718|    }
719|
720|  if (UNLIKELY (def->process == NULL))
721|    return crun_make_error (err, errno, "block 'process' not found");
722|
723|  if (UNLIKELY (exec_path == NULL))
724|    return crun_make_error (err, errno, "executable path not specified");
725|
726|  execv (exec_path, def->process->args);
727|
728|  return crun_make_error (err, errno, "exec the container process");
729|}
730|
731|struct hook_s
732|{
733|    char *path;
734|    char **args;
735|    size_t args_len;
736|
737|    int timeout;
738|    char **env;
739|    size_t env_len;
740|
741|};
742|
743|static int
744|do_hooks (oci_container *def, pid_t pid, const char *id, bool keep_going, const char *rootfs,
745|          const char *cwd, const char *status, struct hook_s **hooks, size_t hooks_len,
746|          libcrun_error_t *err)
747|{
748|  size_t i, stdin_len;
749|  int ret;
750|  cleanup_free char *stdin = NULL;
751|  const unsigned char *annotations = (const unsigned char *) "{}";
752|  cleanup_free char *cwd_allocated = NULL;
753|  yajl_gen gen = NULL;
754|
755|  if (cwd == NULL)
756|    {
757|      cwd = cwd_allocated = get_current_dir_name ();
758|      if (cwd == NULL)
759|        OOM ();
760|    }
761|
762|  if (def && def->annotations && def->annotations->len)
763|    {
764|      size_t len;
765|
766|      gen = yajl_gen_alloc (NULL);
767|      if (gen == NULL)
768|        return crun_make_error (err, 0, "yajl_gen_alloc failed");
769|
770|      yajl_gen_map_open (gen);
771|      for (i = 0; i < def->annotations->len; i++)
772|        {
773|          const char *key = def->annotations->keys[i];
774|          const char *val = def->annotations->values[i];
775|
776|          yajl_gen_string (gen, YAJL_STR (key), strlen (key));
777|          yajl_gen_string (gen, YAJL_STR (val), strlen (val));
778|        }
779|      yajl_gen_map_close (gen);
780|
781|      yajl_gen_get_buf (gen, &annotations, &len);
782|    }
783|
784|  stdin_len = xasprintf (&stdin, "{\"ociVersion\":\"1.0\", \"id\":\"%s\", \"pid\":%i, \"root\":\"%s\", \"bundle\":\"%s\", \"status\":\"%s\", \"annotations\":%s}", id, pid, rootfs, cwd, status, annotations);
785|
786|  for (i = 0; i < hooks_len; i++)
787|    {
788|      ret = run_process_with_stdin_timeout_envp (hooks[i]->path, hooks[i]->args, cwd, hooks[i]->timeout, hooks[i]->env, stdin, stdin_len, err);
789|      if (!keep_going && UNLIKELY (ret != 0))
790|          goto exit;
791|    }
792|
793|  ret = 0;
794|
795| exit:
796|  if (gen)
797|    yajl_gen_free (gen);
798|
799|  return ret;
800|}
801|
802|static int
803|read_container_config_from_state (libcrun_container_t **container, const char *state_root, const char *id, libcrun_error_t *err)
804|{
(1497 more lines below)
2026-07-25 14:14:05.811 | INFO     | metagpt.roles.di.role_zero:_act:292 - Commands: 
[{'command_name': 'Editor.open_file', 'args': {'path': '/home/aludy/scires/Cloud_Spec_Exp/external/worktrees/oci-metagpt-agentless-mini-rerun/metagpt/crun-129/src/libcrun/utils.c', 'line_number': 1013, 'context_lines': 100}}]
2026-07-25 14:14:05.812 | INFO     | metagpt.roles.di.role_zero:_act:294 - Commands outputs: 
Command Editor.open_file executed: [File: /home/aludy/scires/Cloud_Spec_Exp/external/worktrees/oci-metagpt-agentless-mini-rerun/metagpt/crun-129/src/libcrun/utils.c (1540 lines total)]
(962 more lines above)
963|      *from = strtoull (&lineptr[len_name + 1], &endptr, 10);
964|
965|      if (endptr >= &lineptr[read])
966|        return -1;
967|
968|      *len = strtoull (&endptr[1], &endptr, 10);
969|
970|      return 0;
971|    }
972|}
973|
974|#define MIN(x,y) ((x)<(y)?(x):(y))
975|
976|size_t
977|format_default_id_mapping (char **ret, uid_t container_id, uid_t host_id, int is_uid)
978|{
979|  uint32_t from, available;
980|  cleanup_free char *buffer = NULL;
981|  size_t written = 0;
982|
983|  *ret = NULL;
984|
985|  if (getsubidrange (host_id, is_uid, &from, &available) < 0)
986|    return 0;
987|
988|  /* More than enough space for all the mappings.  */
989|  buffer = xmalloc (15 * 5 * 3);
990|
991|  if (container_id > 0)
992|    {
993|      uint32_t used = MIN (container_id, available);
994|      written += sprintf (buffer + written, "%d %d %d\n", 0, from, used);
995|      from += used;
996|      available -= used;
997|    }
998|
999|  /* Host ID -> Container ID.  */
1000|  written += sprintf (buffer + written, "%d %d 1\n", container_id, host_id);
1001|
1002|  /* Last mapping: use any id that is left.  */
1003|  if (available)
1004|    written += sprintf (buffer + written, "%d %d %d\n", container_id + 1, from, available);
1005|
1006|  *ret = buffer;
1007|  buffer = NULL;
1008|  return written;
1009|}
1010|
1011|/* will leave SIGCHLD blocked if TIMEOUT is used.  */
1012|int
1013|run_process_with_stdin_timeout_envp (char *path,
1014|                                     char **args,
1015|                                     const char *cwd,
1016|                                     int timeout,
1017|                                     char **envp,
1018|                                     char *stdin,
1019|                                     size_t stdin_len,
1020|                                     libcrun_error_t *err)
1021|{
1022|  int stdin_pipe[2];
1023|  pid_t pid;
1024|  int ret;
1025|  cleanup_close int pipe_r = -1;
1026|  cleanup_close int pipe_w = -1;
1027|  sigset_t mask;
1028|
1029|  ret = pipe (stdin_pipe);
1030|  if (UNLIKELY (ret < 0))
1031|    return crun_make_error (err, errno, "pipe");
1032|  pipe_r = stdin_pipe[0];
1033|  pipe_w = stdin_pipe[1];
1034|
1035|  if (timeout > 0)
1036|    {
1037|      sigaddset (&mask, SIGCHLD);
1038|      ret = sigprocmask (SIG_BLOCK, &mask, NULL);
1039|      if (UNLIKELY (ret < 0))
1040|        return crun_make_error (err, errno, "sigprocmask");
1041|    }
1042|
1043|  pid = fork ();
1044|  if (UNLIKELY (pid < 0))
1045|    return crun_make_error (err, errno, "fork");
1046|
1047|  if (pid)
1048|    {
1049|      int r, status;
1050|
1051|      close_and_reset (&pipe_r);
1052|
1053|      ret = write (pipe_w, stdin, stdin_len);
1054|      if (UNLIKELY (ret < 0))
1055|        return crun_make_error (err, errno, "writing to pipe");
1056|
1057|      close_and_reset (&pipe_w);
1058|
1059|      if (timeout)
1060|        {
1061|          time_t start = time (NULL);
1062|          time_t now;
1063|          for (now = start; now - start < timeout; now = time (NULL))
(477 more lines below)
2026-07-25 14:14:09.283 | INFO     | metagpt.roles.di.role_zero:_act:292 - Commands: 
[{'command_name': 'Editor.scroll_down', 'args': {}}]
2026-07-25 14:14:09.284 | INFO     | metagpt.roles.di.role_zero:_act:294 - Commands outputs: 
Command Editor.scroll_down executed: [File: /home/aludy/scires/Cloud_Spec_Exp/external/worktrees/oci-metagpt-agentless-mini-rerun/metagpt/crun-129/src/libcrun/utils.c (1540 lines total)]
(1112 more lines above)
1113|  cleanup_dir DIR *dir = NULL;
1114|  int ret;
1115|  int fd;
1116|  struct statfs sfs;
1117|  struct dirent *next;
1118|
1119|  cfd = open ("/proc/self/fd", O_DIRECTORY | O_RDONLY | O_CLOEXEC);
1120|  if (UNLIKELY (cfd < 0))
1121|    return crun_make_error (err, errno, "open /proc/self/fd");
1122|
1123|  ret = fstatfs (cfd, &sfs);
1124|  if (UNLIKELY (ret < 0))
1125|    return crun_make_error (err, errno, "statfs '/proc/self/fd'");
1126|
1127|  if (sfs.f_type != PROC_SUPER_MAGIC)
1128|    return crun_make_error (err, 0, "the path '/proc/self/fd' is not on file system type 'procfs'");
1129|
1130|  dir = fdopendir (cfd);
1131|  if (UNLIKELY (dir == NULL))
1132|    return crun_make_error (err, errno, "cannot fdopendir /proc/self/fd");
1133|
1134|  /* Now it is owned by dir.  */
1135|  cfd = -1;
1136|
1137|  fd = dirfd (dir);
1138|  for (next = readdir (dir); next; next = readdir (dir))
1139|    {
1140|      int val;
1141|      const char *name = next->d_name;
1142|      if (name[0] == '.')
1143|        continue;
1144|
1145|      val = strtoll (name, NULL, 10);
1146|      if (val < n || val == fd)
1147|        continue;
1148|
1149|      ret = fcntl (val, F_SETFD, FD_CLOEXEC);
1150|      if (UNLIKELY (ret < 0))
1151|        return crun_make_error (err, errno, "cannot set CLOEXEC fd for '/proc/self/fd/%s'", name);
1152|    }
1153|  return 0;
1154|}
1155|
1156|void
1157|get_current_timestamp (char *out)
1158|{
1159|  struct timeval tv;
1160|  struct tm now;
1161|  char timestamp[64];
1162|
1163|  gettimeofday (&tv, NULL);
1164|  gmtime_r (&tv.tv_sec, &now);
1165|  strftime (timestamp, sizeof (timestamp), "%Y-%m-%dT%H:%M:%S", &now);
1166|
1167|  sprintf (out, "%s.%09ldZ", timestamp, tv.tv_usec);
1168|}
1169|
1170|int
1171|set_blocking_fd (int fd, int blocking, libcrun_error_t *err)
1172|{
1173|  int ret, flags = fcntl (fd, F_GETFL, 0);
1174|  if (UNLIKELY (flags < 0))
1175|    return crun_make_error (err, errno, "fcntl");
1176|
1177|  ret = fcntl (fd, F_SETFL, blocking ? flags & ~O_NONBLOCK : flags | O_NONBLOCK);
1178|  if (UNLIKELY (ret < 0))
1179|    return crun_make_error (err, errno, "fcntl");
1180|  return 0;
1181|}
1182|
1183|int
1184|parse_json_file (yajl_val *out, const char *jsondata, struct parser_context *ctx arg_unused, libcrun_error_t *err)
1185|{
1186|    char errbuf[1024];
1187|
1188|    *err = NULL;
1189|
1190|    *out = yajl_tree_parse (jsondata, errbuf, sizeof (errbuf));
1191|    if (*out == NULL)
1192|      return crun_make_error (err, 0, "cannot parse the data: '%s'", errbuf);
1193|
1194|    return 0;
1195|}
1196|
1197|int
1198|has_prefix (const char *str, const char *prefix)
1199|{
1200|  size_t prefix_len = strlen (prefix);
1201|  return strlen (str) >= prefix_len && memcmp (str, prefix, prefix_len) == 0;
1202|}
1203|
1204|static int
1205|check_access (const char *path)
1206|{
1207|  int ret;
1208|  mode_t mode;
1209|
1210|  ret = eaccess (path, X_OK);
1211|  if (ret < 0)
1212|    return ret;
1213|
1214|  ret = get_file_type (&mode, path);
1215|  if (UNLIKELY (ret < 0))
1216|    return ret;
1217|
1218|  if (! S_ISREG (mode))
1219|    {
1220|      errno = EPERM;
1221|      return -1;
1222|    }
1223|
1224|  return 0;
1225|}
1226|
1227|const char *
1228|find_executable (const char *executable_path)
1229|{
1230|  cleanup_free char *tmp = NULL;
1231|  char path[PATH_MAX + 1];
1232|  int last_error = ENOENT;
1233|  char *it, *end;
1234|  int ret;
1235|
1236|  if (executable_path[0] == '/')
1237|    {
1238|      ret = check_access (executable_path);
1239|      if (ret == 0)
1240|        return xstrdup (executable_path);
1241|      return NULL;
1242|    }
1243|
1244|  end = tmp = xstrdup (getenv ("PATH"));
1245|
1246|  while ((it = strsep (&end, ":")))
1247|    {
1248|      size_t len;
1249|
1250|      if (it == end)
1251|        it = ".";
1252|
1253|      len = snprintf (path, PATH_MAX, "%s/%s", it, executable_path);
1254|      if (len == PATH_MAX)
1255|        continue;
1256|
1257|      ret = check_access (path);
1258|      if (ret == 0)
1259|        return xstrdup (path);
1260|
1261|      if (errno == ENOENT)
1262|        continue;
1263|
1264|      last_error = errno;
1265|    }
1266|
1267|  errno = last_error;
1268|  return NULL;
1269|}
1270|
1271|#ifdef HAVE_FGETXATTR
1272|
1273|static ssize_t
1274|safe_read_xattr (char **ret, int sfd, const char *srcname, const char *name, size_t initial_size, libcrun_error_t *err)
1275|{
1276|  cleanup_free char *buffer = NULL;
1277|  ssize_t current_size;
1278|  ssize_t s;
1279|
1280|  current_size = (ssize_t) initial_size;
1281|  buffer = xmalloc (current_size + 1);
1282|
1283|  while (1)
1284|    {
1285|      s = fgetxattr (sfd, name, buffer, current_size);
1286|      if (UNLIKELY (s < 0))
1287|        return crun_make_error (err, errno, "get xattr %s from %s", name, srcname);
1288|
1289|      if (s < current_size)
1290|        break;
1291|
1292|      current_size *= 2;
1293|      buffer = xrealloc (buffer, current_size + 1);
1294|    }
1295|
1296|  if (s <= 0)
1297|    return s;
1298|
1299|  buffer[s] = '\0';
1300|
1301|  /* Change owner.  */
1302|  *ret = buffer;
1303|  buffer = NULL;
1304|
1305|  return s;
1306|}
1307|
1308|static ssize_t
1309|copy_xattr (int sfd, int dfd, const char *srcname, const char *destname, libcrun_error_t *err)
1310|{
1311|  cleanup_free char *buf = NULL;
1312|  ssize_t xattr_len;
1313|  char *it;
(227 more lines below)
2026-07-25 14:14:13.873 | INFO     | metagpt.roles.di.role_zero:_act:292 - Commands: 
[{'command_name': 'Editor.goto_line', 'args': {'line_number': 1047}}]
2026-07-25 14:14:13.873 | INFO     | metagpt.roles.di.role_zero:_act:294 - Commands outputs: 
Command Editor.goto_line executed: [File: /home/aludy/scires/Cloud_Spec_Exp/external/worktrees/oci-metagpt-agentless-mini-rerun/metagpt/crun-129/src/libcrun/utils.c (1540 lines total)]
(946 more lines above)
947|  if (input == NULL)
948|    return -1;
949|
950|  for (;;)
951|    {
952|      char *endptr;
953|      ssize_t read = getline (&lineptr, &lenlineptr, input);
954|      if (read < 0)
955|        return -1;
956|
957|      if (read < (ssize_t) (len_name + 2))
958|        continue;
959|
960|      if (memcmp (lineptr, name, len_name) || lineptr[len_name] != ':')
961|        continue;
962|
963|      *from = strtoull (&lineptr[len_name + 1], &endptr, 10);
964|
965|      if (endptr >= &lineptr[read])
966|        return -1;
967|
968|      *len = strtoull (&endptr[1], &endptr, 10);
969|
970|      return 0;
971|    }
972|}
973|
974|#define MIN(x,y) ((x)<(y)?(x):(y))
975|
976|size_t
977|format_default_id_mapping (char **ret, uid_t container_id, uid_t host_id, int is_uid)
978|{
979|  uint32_t from, available;
980|  cleanup_free char *buffer = NULL;
981|  size_t written = 0;
982|
983|  *ret = NULL;
984|
985|  if (getsubidrange (host_id, is_uid, &from, &available) < 0)
986|    return 0;
987|
988|  /* More than enough space for all the mappings.  */
989|  buffer = xmalloc (15 * 5 * 3);
990|
991|  if (container_id > 0)
992|    {
993|      uint32_t used = MIN (container_id, available);
994|      written += sprintf (buffer + written, "%d %d %d\n", 0, from, used);
995|      from += used;
996|      available -= used;
997|    }
998|
999|  /* Host ID -> Container ID.  */
1000|  written += sprintf (buffer + written, "%d %d 1\n", container_id, host_id);
1001|
1002|  /* Last mapping: use any id that is left.  */
1003|  if (available)
1004|    written += sprintf (buffer + written, "%d %d %d\n", container_id + 1, from, available);
1005|
1006|  *ret = buffer;
1007|  buffer = NULL;
1008|  return written;
1009|}
1010|
1011|/* will leave SIGCHLD blocked if TIMEOUT is used.  */
1012|int
1013|run_process_with_stdin_timeout_envp (char *path,
1014|                                     char **args,
1015|                                     const char *cwd,
1016|                                     int timeout,
1017|                                     char **envp,
1018|                                     char *stdin,
1019|                                     size_t stdin_len,
1020|                                     libcrun_error_t *err)
1021|{
1022|  int stdin_pipe[2];
1023|  pid_t pid;
1024|  int ret;
1025|  cleanup_close int pipe_r = -1;
1026|  cleanup_close int pipe_w = -1;
1027|  sigset_t mask;
1028|
1029|  ret = pipe (stdin_pipe);
1030|  if (UNLIKELY (ret < 0))
1031|    return crun_make_error (err, errno, "pipe");
1032|  pipe_r = stdin_pipe[0];
1033|  pipe_w = stdin_pipe[1];
1034|
1035|  if (timeout > 0)
1036|    {
1037|      sigaddset (&mask, SIGCHLD);
1038|      ret = sigprocmask (SIG_BLOCK, &mask, NULL);
1039|      if (UNLIKELY (ret < 0))
1040|        return crun_make_error (err, errno, "sigprocmask");
1041|    }
1042|
1043|  pid = fork ();
1044|  if (UNLIKELY (pid < 0))
1045|    return crun_make_error (err, errno, "fork");
1046|
1047|  if (pid)
1048|    {
1049|      int r, status;
1050|
1051|      close_and_reset (&pipe_r);
1052|
1053|      ret = write (pipe_w, stdin, stdin_len);
1054|      if (UNLIKELY (ret < 0))
1055|        return crun_make_error (err, errno, "writing to pipe");
1056|
1057|      close_and_reset (&pipe_w);
1058|
1059|      if (timeout)
1060|        {
1061|          time_t start = time (NULL);
1062|          time_t now;
1063|          for (now = start; now - start < timeout; now = time (NULL))
1064|            {
1065|              siginfo_t info;
1066|              int elapsed = now - start;
1067|              struct timespec ts_timeout = { .tv_sec = timeout - elapsed, .tv_nsec = 0 };
1068|
1069|              ret = sigtimedwait (&mask, &info, &ts_timeout);
1070|              if (UNLIKELY (ret < 0 && errno != EAGAIN))
1071|                return crun_make_error (err, errno, "sigtimedwait");
1072|
1073|              if (info.si_signo == SIGCHLD && info.si_pid == pid)
1074|                goto read_waitpid;
1075|
1076|              if (ret < 0 && errno == EAGAIN)
1077|                goto timeout;
1078|            }
1079| timeout:
1080|          kill (pid, SIGKILL);
1081|          return crun_make_error (err, 0, "timeout expired for '%s'", path);
1082|        }
1083|
1084| read_waitpid:
1085|      r = TEMP_FAILURE_RETRY (waitpid (pid, &status, 0));
1086|      if (r < 0)
1087|        return crun_make_error (err, errno, "waitpid");
1088|      if (WIFEXITED (status) || WIFSIGNALED (status))
1089|        return WEXITSTATUS (status);
1090|    }
1091|  else
1092|    {
1093|      char *tmp_args[] = {path, NULL};
1094|      close (pipe_w);
1095|      dup2 (pipe_r, 0);
1096|      close (pipe_r);
1097|      if (args == NULL)
1098|        args = tmp_args;
1099|
1100|      if (cwd && chdir (cwd) < 0)
1101|        _exit (EXIT_FAILURE);
1102|
1103|      execvpe (path, args, envp);
1104|      _exit (EXIT_FAILURE);
1105|    }
1106|  return -1;
1107|}
1108|
1109|int
1110|close_fds_ge_than (int n, libcrun_error_t *err)
1111|{
1112|  cleanup_close int cfd = -1;
1113|  cleanup_dir DIR *dir = NULL;
1114|  int ret;
1115|  int fd;
1116|  struct statfs sfs;
1117|  struct dirent *next;
1118|
1119|  cfd = open ("/proc/self/fd", O_DIRECTORY | O_RDONLY | O_CLOEXEC);
1120|  if (UNLIKELY (cfd < 0))
1121|    return crun_make_error (err, errno, "open /proc/self/fd");
1122|
1123|  ret = fstatfs (cfd, &sfs);
1124|  if (UNLIKELY (ret < 0))
1125|    return crun_make_error (err, errno, "statfs '/proc/self/fd'");
1126|
1127|  if (sfs.f_type != PROC_SUPER_MAGIC)
1128|    return crun_make_error (err, 0, "the path '/proc/self/fd' is not on file system type 'procfs'");
1129|
1130|  dir = fdopendir (cfd);
1131|  if (UNLIKELY (dir == NULL))
1132|    return crun_make_error (err, errno, "cannot fdopendir /proc/self/fd");
1133|
1134|  /* Now it is owned by dir.  */
1135|  cfd = -1;
1136|
1137|  fd = dirfd (dir);
1138|  for (next = readdir (dir); next; next = readdir (dir))
1139|    {
1140|      int val;
1141|      const char *name = next->d_name;
1142|      if (name[0] == '.')
1143|        continue;
1144|
1145|      val = strtoll (name, NULL, 10);
1146|      if (val < n || val == fd)
1147|        continue;
(393 more lines below)
2026-07-25 14:14:26.204 | INFO     | metagpt.roles.di.role_zero:_act:292 - Commands: 
[{'command_name': 'Editor.search_file', 'args': {'file_path': '/home/aludy/scires/Cloud_Spec_Exp/external/worktrees/oci-metagpt-agentless-mini-rerun/metagpt/crun-129/src/libcrun/container.c', 'search_term': 'cleanup_watch'}}]
2026-07-25 14:14:26.205 | INFO     | metagpt.roles.di.role_zero:_act:294 - Commands outputs: 
Command Editor.search_file executed: [Found 14 matches for "cleanup_watch" in /home/aludy/scires/Cloud_Spec_Exp/external/worktrees/oci-metagpt-agentless-mini-rerun/metagpt/crun-129/src/libcrun/container.c]
Line 1237: cleanup_watch (libcrun_context_t *context, pid_t init_pid, oci_container *def, const char *id, int sync_socket, int terminal_fd)
Line 1445: cleanup_watch (context, pid, def, context->id, sync_socket, terminal_fd);
Line 1454: cleanup_watch (context, pid, def, context->id, sync_socket, terminal_fd);
Line 1462: cleanup_watch (context, pid, def, context->id, sync_socket, terminal_fd);
Line 1469: cleanup_watch (context, pid, def, context->id, sync_socket, terminal_fd);
Line 1482: cleanup_watch (context, pid, def, context->id, sync_socket, terminal_fd);
Line 1490: cleanup_watch (context, pid, def, context->id, sync_socket, terminal_fd);
Line 1497: cleanup_watch (context, pid, def, context->id, sync_socket, terminal_fd);
Line 1506: cleanup_watch (context, pid, def, context->id, sync_socket, terminal_fd);
Line 1515: cleanup_watch (context, pid, def, context->id, sync_socket, terminal_fd);
Line 1523: cleanup_watch (context, pid, def, context->id, sync_socket, terminal_fd);
Line 1531: cleanup_watch (context, pid, def, context->id, sync_socket, terminal_fd);
Line 1542: cleanup_watch (context, pid, def, context->id, sync_socket, terminal_fd);
Line 1549: cleanup_watch (context, 0, def, context->id, sync_socket, terminal_fd);
[End of matches for "cleanup_watch" in /home/aludy/scires/Cloud_Spec_Exp/external/worktrees/oci-metagpt-agentless-mini-rerun/metagpt/crun-129/src/libcrun/container.c]
2026-07-25 14:14:26.205 | WARNING  | metagpt.roles.di.role_zero:_react:330 - reached max_react_loop: 40
