Starting MetaGPT incremental repair mode.
2026-07-25 16:02:42.045 | INFO     | metagpt.const:get_metagpt_root:25 - PROJECT_ROOT set from environment variable to /home/aludy/scires/Cloud_Spec_Exp/external/baselines/MetaGPT
2026-07-25 16:02:42.046 | INFO     | metagpt.const:get_metagpt_package_root:15 - Package root set to /home/aludy/scires/Cloud_Spec_Exp/external/baselines/MetaGPT
/home/aludy/miniconda3/envs/metagpt/lib/python3.10/site-packages/pydantic/main.py:214: UserWarning: A custom validator is returning a value other than `self`.
Returning anything other than `self` from a top level model validator isn't supported when validating via `__init__`.
See the `model_validator` docs (https://docs.pydantic.dev/latest/concepts/validators/#model-validators) for more details.
  warnings.warn(
2026-07-25 16:02:44.895 | INFO     | metagpt.team:invest:96 - Investment: $3.0.
2026-07-25 16:03:01.203 | INFO     | metagpt.roles.di.role_zero:_act:292 - Commands: 
[{'command_name': 'Plan.append_task', 'args': {'task_id': '1', 'dependent_task_ids': [], 'instruction': "Fix OCI runtime bug case runc-5073: mknod permission always granted on block and char devs regardless of allow string in specs.\n\nWritable target repository:\n/home/aludy/scires/Cloud_Spec_Exp/external/worktrees/oci-metagpt-agentless-mini-rerun/metagpt/runc-5073\n\nFirst command:\ncd /home/aludy/scires/Cloud_Spec_Exp/external/worktrees/oci-metagpt-agentless-mini-rerun/metagpt/runc-5073 && git rev-parse HEAD && git status --short\n\nReproduction bundle (read-only):\n/home/aludy/scires/Cloud_Spec_Exp/external/oci-differential-dataset/cases/runc-5073\n\nRootfs tar:\n/home/aludy/scires/Cloud_Spec_Exp/external/oci-differential-dataset/alpine-base.tar.gz\n\nBuild command: make runc\n\nExpected behavior: Device filtering should block mknod for unauthorized devices. Currently mknod permission is always granted. The bug is that devices with major=12, minor=42, access='r' are allowed, but mknod /dev/mytest2 c 42 42 should be blocked because the specs only allow read access, not creation of unauthorized device nodes.\n\nSteps to perform:\n1. Run the first command to check current state\n2. Inspect the source code (look for device cgroup filtering logic, likely in libcontainer/cgroups/ or devices/ directory)\n3. Understand how the OCI spec devices configuration is parsed and enforced\n4. Edit the source code to fix the mknod permission bug (check upstream issue https://github.com/opencontainers/runc/issues/5073 for context)\n5. Build with 'make runc'\n6. Test by running: cd /home/aludy/scires/Cloud_Spec_Exp/external/oci-differential-dataset/cases/runc-5073 && bash repro.sh to verify the fix\n7. Collect git diff output", 'assignee': 'Alex'}}, {'command_name': 'TeamLeader.publish_message', 'args': {'content': "Fix OCI runtime bug case runc-5073: mknod permission always granted on block and char devs regardless of allow string in specs.\n\nWritable target repository:\n/home/aludy/scires/Cloud_Spec_Exp/external/worktrees/oci-metagpt-agentless-mini-rerun/metagpt/runc-5073\n\nFirst command:\ncd /home/aludy/scires/Cloud_Spec_Exp/external/worktrees/oci-metagpt-agentless-mini-rerun/metagpt/runc-5073 && git rev-parse HEAD && git status --short\n\nReproduction bundle (read-only):\n/home/aludy/scires/Cloud_Spec_Exp/external/oci-differential-dataset/cases/runc-5073\n\nRootfs tar:\n/home/aludy/scires/Cloud_Spec_Exp/external/oci-differential-dataset/alpine-base.tar.gz\n\nBuild command: make runc\n\nExpected behavior: Device filtering should block mknod for unauthorized devices. Currently mknod permission is always granted. The bug is that devices with major=12, minor=42, access='r' are allowed, but mknod /dev/mytest2 c 42 42 should be blocked because the specs only allow read access, not creation of unauthorized device nodes.\n\nSteps to perform:\n1. Run the first command to check current state\n2. Inspect the source code (look for device cgroup filtering logic, likely in libcontainer/cgroups/ or devices/ directory)\n3. Understand how the OCI spec devices configuration is parsed and enforced\n4. Edit the source code to fix the mknod permission bug (check upstream issue https://github.com/opencontainers/runc/issues/5073 for context)\n5. Build with 'make runc'\n6. Test by running: cd /home/aludy/scires/Cloud_Spec_Exp/external/oci-differential-dataset/cases/runc-5073 && bash repro.sh to verify the fix\n7. Collect git diff output", 'send_to': 'Alex'}}, {'command_name': 'RoleZero.reply_to_human', 'args': {'content': "I have assigned the task to Alex, our Engineer. He will inspect the runc source code, identify the mknod permission bug, implement the fix, build the binary with 'make runc', and test using the provided reproduction bundle. The target repository is at /home/aludy/scires/Cloud_Spec_Exp/external/worktrees/oci-metagpt-agentless-mini-rerun/metagpt/runc-5073."}}]
2026-07-25 16:03:01.204 | INFO     | metagpt.roles.di.role_zero:_act:294 - Commands outputs: 
Command Plan.append_task executed

Command TeamLeader.publish_message executed

Command RoleZero.reply_to_human executed: SUCCESS, human has received your reply. Refrain from resending duplicate messages.  If you no longer need to take action, use the command ‘end’ to stop.
2026-07-25 16:03:01.207 | INFO     | metagpt.tools.libs.terminal:_check_state:65 - The terminal is at:
2026-07-25 16:03:04.143 | INFO     | metagpt.roles.di.role_zero:_act:292 - Commands: 
[{'command_name': 'Terminal.run_command', 'args': {'cmd': 'cd /home/aludy/scires/Cloud_Spec_Exp/external/worktrees/oci-metagpt-agentless-mini-rerun/metagpt/runc-5073 && git rev-parse HEAD && git status --short'}}]
2026-07-25 16:03:04.202 | INFO     | metagpt.roles.di.role_zero:_act:294 - Commands outputs: 
Command Terminal.run_command executed:
[command]: cd /home/aludy/scires/Cloud_Spec_Exp/external/worktrees/oci-metagpt-agentless-mini-rerun/metagpt/runc-5073 && git rev-parse HEAD && git status --short 
[command output] : b4887cec320c922de3c8e9a89e1dc6fd867586a9

2026-07-25 16:03:07.106 | INFO     | metagpt.roles.di.role_zero:_act:292 - Commands: 
[{'command_name': 'Terminal.run_command', 'args': {'cmd': "cd /home/aludy/scires/Cloud_Spec_Exp/external/worktrees/oci-metagpt-agentless-mini-rerun/metagpt/runc-5073 && find . -name '*.go' | xargs grep -l 'mknod' 2>/dev/null | head -30"}}, {'command_name': 'Terminal.run_command', 'args': {'cmd': "cd /home/aludy/scires/Cloud_Spec_Exp/external/worktrees/oci-metagpt-agentless-mini-rerun/metagpt/runc-5073 && find . -path '*/devices/*' -name '*.go' 2>/dev/null | head -20"}}, {'command_name': 'Terminal.run_command', 'args': {'cmd': 'cd /home/aludy/scires/Cloud_Spec_Exp/external/worktrees/oci-metagpt-agentless-mini-rerun/metagpt/runc-5073 && ls libcontainer/devices/ 2>/dev/null || ls libcontainer/cgroups/ 2>/dev/null | head -20'}}]
2026-07-25 16:03:07.135 | INFO     | metagpt.roles.di.role_zero:_act:294 - Commands outputs: 
Command Terminal.run_command executed:
[command]: cd /home/aludy/scires/Cloud_Spec_Exp/external/worktrees/oci-metagpt-agentless-mini-rerun/metagpt/runc-5073 && find . -name '*.go' | xargs grep -l 'mknod' 2>/dev/null | head -30 
[command output] : ./vendor/cyphar.com/go-pathrs/internal/libpathrs/libpathrs_linux.go
./vendor/golang.org/x/sys/unix/zsyscall_openbsd_ppc64.go
./vendor/golang.org/x/sys/unix/zsyscall_darwin_amd64.go
./vendor/golang.org/x/sys/unix/zsysnum_freebsd_386.go
./vendor/golang.org/x/sys/unix/zsysnum_openbsd_amd64.go
./vendor/golang.org/x/sys/unix/zsysnum_netbsd_arm.go
./vendor/golang.org/x/sys/unix/zsysnum_netbsd_amd64.go
./vendor/golang.org/x/sys/unix/zsysnum_netbsd_386.go
./vendor/golang.org/x/sys/unix/zsysnum_netbsd_arm64.go
./vendor/golang.org/x/sys/unix/zsysnum_freebsd_arm64.go
./vendor/golang.org/x/sys/unix/zsyscall_aix_ppc64_gc.go
./vendor/golang.org/x/sys/unix/zsyscall_openbsd_amd64.go
./vendor/golang.org/x/sys/unix/zsyscall_aix_ppc64.go
./vendor/golang.org/x/sys/unix/zsysnum_freebsd_amd64.go
./vendor/golang.org/x/sys/unix/zsyscall_openbsd_arm.go
./vendor/golang.org/x/sys/unix/zsysnum_openbsd_ppc64.go
./vendor/golang.org/x/sys/unix/zsysnum_openbsd_386.go
./vendor/golang.org/x/sys/unix/zsyscall_solaris_amd64.go
./vendor/golang.org/x/sys/unix/zsyscall_openbsd_riscv64.go
./vendor/golang.org/x/sys/unix/zsysnum_openbsd_arm64.go
./vendor/golang.org/x/sys/unix/zsysnum_dragonfly_amd64.go
./vendor/golang.org/x/sys/unix/zsyscall_openbsd_386.go
./vendor/golang.org/x/sys/unix/zsysnum_freebsd_riscv64.go
./vendor/golang.org/x/sys/unix/zsyscall_aix_ppc64_gccgo.go
./vendor/golang.org/x/sys/unix/zsysnum_freebsd_arm.go
./vendor/golang.org/x/sys/unix/zsysnum_openbsd_riscv64.go
./vendor/golang.org/x/sys/unix/zsysnum_openbsd_arm.go
./vendor/golang.org/x/sys/unix/zsyscall_openbsd_mips64.go
./vendor/golang.org/x/sys/unix/zsyscall_darwin_arm64.go
./vendor/golang.org/x/sys/unix/zsyscall_openbsd_arm64.go


Command Terminal.run_command executed:
[command]: cd /home/aludy/scires/Cloud_Spec_Exp/external/worktrees/oci-metagpt-agentless-mini-rerun/metagpt/runc-5073 && find . -path '*/devices/*' -name '*.go' 2>/dev/null | head -20 
[command output] : ./vendor/github.com/opencontainers/cgroups/devices/devicefilter.go
./vendor/github.com/opencontainers/cgroups/devices/devices.go
./vendor/github.com/opencontainers/cgroups/devices/devices_emulator.go
./vendor/github.com/opencontainers/cgroups/devices/v1.go
./vendor/github.com/opencontainers/cgroups/devices/config/device.go
./vendor/github.com/opencontainers/cgroups/devices/config/mknod_unix.go
./vendor/github.com/opencontainers/cgroups/devices/v2.go
./vendor/github.com/opencontainers/cgroups/devices/ebpf_linux.go
./vendor/github.com/opencontainers/cgroups/devices/systemd.go
./libcontainer/devices/device_unix.go
./libcontainer/devices/doc.go
./libcontainer/devices/device_deprecated.go
./libcontainer/devices/device_unix_test.go


Command Terminal.run_command executed:
[command]: cd /home/aludy/scires/Cloud_Spec_Exp/external/worktrees/oci-metagpt-agentless-mini-rerun/metagpt/runc-5073 && ls libcontainer/devices/ 2>/dev/null || ls libcontainer/cgroups/ 2>/dev/null | head -20 
[command output] : device_deprecated.go
device_unix.go
device_unix_test.go
doc.go

2026-07-25 16:03:09.578 | INFO     | metagpt.roles.di.role_zero:_act:292 - Commands: 
[{'command_name': 'Terminal.run_command', 'args': {'cmd': 'cd /home/aludy/scires/Cloud_Spec_Exp/external/oci-differential-dataset/cases/runc-5073 && cat buggy_config.json'}}, {'command_name': 'Terminal.run_command', 'args': {'cmd': 'cd /home/aludy/scires/Cloud_Spec_Exp/external/oci-differential-dataset/cases/runc-5073 && cat expected_diff.txt'}}, {'command_name': 'Terminal.run_command', 'args': {'cmd': 'cd /home/aludy/scires/Cloud_Spec_Exp/external/oci-differential-dataset/cases/runc-5073 && cat repro.sh'}}]
2026-07-25 16:03:09.594 | INFO     | metagpt.roles.di.role_zero:_act:294 - Commands outputs: 
Command Terminal.run_command executed:
[command]: cd /home/aludy/scires/Cloud_Spec_Exp/external/oci-differential-dataset/cases/runc-5073 && cat buggy_config.json 
[command output] : {
    "ociVersion": "1.2.1",
    "process": {
        "terminal": false,
        "user": {
            "uid": 0,
            "gid": 0
        },
        "args": [
            "/bin/sh",
            "-c",
            "mknod /dev/mytest2 c 42 42 && echo 'unauthorized-mknod-created' || echo 'mknod-blocked'"
        ],
        "env": [
            "PATH=/usr/local/sbin:/usr/local/bin:/usr/sbin:/usr/bin:/sbin:/bin",
            "TERM=xterm"
        ],
        "cwd": "/",
        "capabilities": {
            "bounding": [
                "CAP_AUDIT_WRITE",
                "CAP_KILL",
                "CAP_NET_BIND_SERVICE",
                "CAP_MKNOD"
            ],
            "effective": [
                "CAP_AUDIT_WRITE",
                "CAP_KILL",
                "CAP_NET_BIND_SERVICE",
                "CAP_MKNOD"
            ],
            "permitted": [
                "CAP_AUDIT_WRITE",
                "CAP_KILL",
                "CAP_NET_BIND_SERVICE",
                "CAP_MKNOD"
            ]
        },
        "rlimits": [
            {
                "type": "RLIMIT_NOFILE",
                "hard": 1024,
                "soft": 1024
            }
        ],
        "noNewPrivileges": true
    },
    "root": {
        "path": "rootfs",
        "readonly": true
    },
    "hostname": "runc",
    "mounts": [
        {
            "destination": "/proc",
            "type": "proc",
            "source": "proc"
        },
        {
            "destination": "/dev",
            "type": "tmpfs",
            "source": "tmpfs",
            "options": [
                "nosuid",
                "strictatime",
                "mode=755",
                "size=65536k"
            ]
        },
        {
            "destination": "/dev/pts",
            "type": "devpts",
            "source": "devpts",
            "options": [
                "nosuid",
                "noexec",
                "newinstance",
                "ptmxmode=0666",
                "mode=0620",
                "gid=5"
            ]
        },
        {
            "destination": "/dev/shm",
            "type": "tmpfs",
            "source": "shm",
            "options": [
                "nosuid",
                "noexec",
                "nodev",
                "mode=1777",
                "size=65536k"
            ]
        },
        {
            "destination": "/dev/mqueue",
            "type": "mqueue",
            "source": "mqueue",
            "options": [
                "nosuid",
                "noexec",
                "nodev"
            ]
        },
        {
            "destination": "/sys",
            "type": "sysfs",
            "source": "sysfs",
            "options": [
                "nosuid",
                "noexec",
                "nodev",
                "ro"
            ]
        },
        {
            "destination": "/sys/fs/cgroup",
            "type": "cgroup",
            "source": "cgroup",
            "options": [
                "nosuid",
                "noexec",
                "nodev",
                "relatime",
                "ro"
            ]
        }
    ],
    "linux": {
        "resources": {
            "devices": [
                {
                    "allow": true,
                    "type": "c",
                    "major": 12,
                    "minor": 42,
                    "access": "r"
                }
            ]
        },
        "namespaces": [
            {
                "type": "pid"
            },
            {
                "type": "network"
            },
            {
                "type": "ipc"
            },
            {
                "type": "uts"
            },
            {
                "type": "mount"
            },
            {
                "type": "cgroup"
            }
        ],
        "maskedPaths": [
            "/proc/acpi",
            "/proc/asound",
            "/proc/kcore",
            "/proc/keys",
            "/proc/latency_stats",
            "/proc/timer_list",
            "/proc/timer_stats",
            "/proc/sched_debug",
            "/sys/firmware",
            "/proc/scsi"
        ],
        "readonlyPaths": [
            "/proc/bus",
            "/proc/fs",
            "/proc/irq",
            "/proc/sys",
            "/proc/sysrq-trigger"
        ]
    }
}


Command Terminal.run_command executed:
[command]: cd /home/aludy/scires/Cloud_Spec_Exp/external/oci-differential-dataset/cases/runc-5073 && cat expected_diff.txt 
[command output] : Issue ID: runc-5073
Upstream URL: https://github.com/opencontainers/runc/issues/5073
Category: Linux-specific Configuration

Payload under test:
process args: ["/bin/sh", "-c", "mknod /dev/mytest2 c 42 42 && echo 'unauthorized-mknod-created' || echo 'mknod-blocked'"]; linux.resources.devices: [{"allow": true, "type": "c", "major": 12, "minor": 42, "access": "r"}]

Expected differential behavior:
Correct device filtering blocks mknod and prints mknod-blocked. Affected runc behavior allows creating the unauthorized device node and prints unauthorized-mknod-created.

Validation procedure:
1. Run this case with a known-good or reference runtime.
2. Run the same `buggy_config.json` with the runtime version suspected to contain the historical issue.
3. Compare exit status, stdout, stderr, and documented side effects.
4. Treat missing host features, missing cgroup controllers, missing seccomp support, missing runtime binaries, or insufficient privileges as environment failures rather than successful reproductions.


Command Terminal.run_command executed:
[command]: cd /home/aludy/scires/Cloud_Spec_Exp/external/oci-differential-dataset/cases/runc-5073 && cat repro.sh 
[command output] : #!/usr/bin/env bash
set -euo pipefail

case_dir="$(cd "$(dirname "${BASH_SOURCE[0]}")" && pwd)"
config_file="${CONFIG:-$case_dir/buggy_config.json}"
runtime="${RUNTIME:-runc}"
rootfs_tar="${ROOTFS_TAR:-$case_dir/../../alpine-base.tar.gz}"
bundle="${BUNDLE:-$(mktemp -d)}"
container_id="${CONTAINER_ID:-runc-5073-$RANDOM}"

cleanup() {
  "$runtime" delete -f "$container_id" >/dev/null 2>&1 || true
  rm -rf "$bundle"
}
trap cleanup EXIT

echo "Preparing OCI bundle for runc-5073"
mkdir -p "$bundle/rootfs"
tar -xzf "$rootfs_tar" -C "$bundle/rootfs"
cp "$config_file" "$bundle/config.json"

cd "$bundle"
echo "Running runc-5073 with $runtime"
"$runtime" run "$container_id"

2026-07-25 16:03:13.717 | INFO     | metagpt.roles.di.role_zero:_act:292 - Commands: 
[{'command_name': 'Terminal.run_command', 'args': {'cmd': "cd /home/aludy/scires/Cloud_Spec_Exp/external/worktrees/oci-metagpt-agentless-mini-rerun/metagpt/runc-5073 && find . -path '*/libcontainer/cgroups/*' -name '*.go' ! -path '*/vendor/*' ! -path '*_test.go' 2>/dev/null"}}, {'command_name': 'Terminal.run_command', 'args': {'cmd': "cd /home/aludy/scires/Cloud_Spec_Exp/external/worktrees/oci-metagpt-agentless-mini-rerun/metagpt/runc-5073 && find . -path '*/libcontainer/*' -name '*.go' ! -path '*/vendor/*' ! -path '*_test.go' 2>/dev/null | head -50"}}]
2026-07-25 16:03:13.729 | INFO     | metagpt.roles.di.role_zero:_act:294 - Commands outputs: 
Command Terminal.run_command executed:
[command]: cd /home/aludy/scires/Cloud_Spec_Exp/external/worktrees/oci-metagpt-agentless-mini-rerun/metagpt/runc-5073 && find . -path '*/libcontainer/cgroups/*' -name '*.go' ! -path '*/vendor/*' ! -path '*_test.go' 2>/dev/null 
[command output] :  (pay attention to this.)

Command Terminal.run_command executed:
[command]: cd /home/aludy/scires/Cloud_Spec_Exp/external/worktrees/oci-metagpt-agentless-mini-rerun/metagpt/runc-5073 && find . -path '*/libcontainer/*' -name '*.go' ! -path '*/vendor/*' ! -path '*_test.go' 2>/dev/null | head -50 
[command output] : ./libcontainer/container.go
./libcontainer/restored_process.go
./libcontainer/container_linux.go
./libcontainer/state_linux.go
./libcontainer/logs/logs.go
./libcontainer/rootfs_linux.go
./libcontainer/env.go
./libcontainer/mount_linux.go
./libcontainer/notify_linux.go
./libcontainer/exeseal/cloned_binary_linux.go
./libcontainer/exeseal/doc.go
./libcontainer/exeseal/overlayfs_linux.go
./libcontainer/criu_opts_linux.go
./libcontainer/error.go
./libcontainer/internal/userns/userns_maps_linux.go
./libcontainer/internal/userns/doc.go
./libcontainer/internal/userns/usernsfd_linux.go
./libcontainer/sync.go
./libcontainer/intelrdt/cmt.go
./libcontainer/intelrdt/stats.go
./libcontainer/intelrdt/mbm.go
./libcontainer/intelrdt/monitoring.go
./libcontainer/intelrdt/intelrdt.go
./libcontainer/system/rlimit_linux.go
./libcontainer/system/doc.go
./libcontainer/system/linux.go
./libcontainer/system/kernelversion/kernel_linux.go
./libcontainer/system/proc.go
./libcontainer/integration/doc.go
./libcontainer/utils/utils_unix.go
./libcontainer/utils/utils.go
./libcontainer/utils/cmsg.go
./libcontainer/process_linux.go
./libcontainer/capabilities/capabilities_unsupported.go
./libcontainer/capabilities/capabilities.go
./libcontainer/standard_init_linux.go
./libcontainer/process.go
./libcontainer/network_linux.go
./libcontainer/seccomp/doc.go
./libcontainer/seccomp/patchbpf/enosys_unsupported.go
./libcontainer/seccomp/patchbpf/doc.go
./libcontainer/seccomp/patchbpf/enosys_linux.go
./libcontainer/seccomp/seccomp_unsupported.go
./libcontainer/seccomp/config.go
./libcontainer/seccomp/seccomp_linux.go
./libcontainer/criu_disabled_linux.go
./libcontainer/criu_linux.go
./libcontainer/configs/validate/validator.go
./libcontainer/configs/validate/doc.go
./libcontainer/configs/validate/rootless.go

2026-07-25 16:03:17.665 | INFO     | metagpt.roles.di.role_zero:_act:292 - Commands: 
[{'command_name': 'Editor.read', 'args': {'path': '/home/aludy/scires/Cloud_Spec_Exp/external/worktrees/oci-metagpt-agentless-mini-rerun/metagpt/runc-5073/vendor/github.com/opencontainers/cgroups/devices/ebpf_linux.go'}}, {'command_name': 'Editor.read', 'args': {'path': '/home/aludy/scires/Cloud_Spec_Exp/external/worktrees/oci-metagpt-agentless-mini-rerun/metagpt/runc-5073/vendor/github.com/opencontainers/cgroups/devices/devicefilter.go'}}, {'command_name': 'Editor.read', 'args': {'path': '/home/aludy/scires/Cloud_Spec_Exp/external/worktrees/oci-metagpt-agentless-mini-rerun/metagpt/runc-5073/libcontainer/devices/device_unix.go'}}]
2026-07-25 16:03:17.992 | INFO     | metagpt.roles.di.role_zero:_act:294 - Commands outputs: 
Command Editor.read executed: file_path='/home/aludy/scires/Cloud_Spec_Exp/external/worktrees/oci-metagpt-agentless-mini-rerun/metagpt/runc-5073/vendor/github.com/opencontainers/cgroups/devices/ebpf_linux.go' block_content='001|package devices\n002|\n003|import (\n004|\t"errors"\n005|\t"fmt"\n006|\t"os"\n007|\t"runtime"\n008|\t"sync"\n009|\t"unsafe"\n010|\n011|\t"github.com/cilium/ebpf"\n012|\t"github.com/cilium/ebpf/asm"\n013|\t"github.com/cilium/ebpf/link"\n014|\t"github.com/sirupsen/logrus"\n015|\t"golang.org/x/sys/unix"\n016|)\n017|\n018|func nilCloser() error {\n019|\treturn nil\n020|}\n021|\n022|func findAttachedCgroupDeviceFilters(dirFd int) ([]*ebpf.Program, error) {\n023|\ttype bpfAttrQuery struct {\n024|\t\tTargetFd    uint32\n025|\t\tAttachType  uint32\n026|\t\tQueryType   uint32\n027|\t\tAttachFlags uint32\n028|\t\tProgIds     uint64 // __aligned_u64\n029|\t\tProgCnt     uint32\n030|\t}\n031|\n032|\t// Currently you can only have 64 eBPF programs attached to a cgroup.\n033|\tsize := 64\n034|\tretries := 0\n035|\tfor retries < 10 {\n036|\t\tprogIds := make([]uint32, size)\n037|\t\tquery := bpfAttrQuery{\n038|\t\t\tTargetFd:   uint32(dirFd),\n039|\t\t\tAttachType: uint32(unix.BPF_CGROUP_DEVICE),\n040|\t\t\tProgIds:    uint64(uintptr(unsafe.Pointer(&progIds[0]))),\n041|\t\t\tProgCnt:    uint32(len(progIds)),\n042|\t\t}\n043|\n044|\t\t// Fetch the list of program ids.\n045|\t\t_, _, errno := unix.Syscall(unix.SYS_BPF,\n046|\t\t\tuintptr(unix.BPF_PROG_QUERY),\n047|\t\t\tuintptr(unsafe.Pointer(&query)),\n048|\t\t\tunsafe.Sizeof(query))\n049|\t\tsize = int(query.ProgCnt)\n050|\t\truntime.KeepAlive(query)\n051|\t\tif errno != 0 {\n052|\t\t\t// On ENOSPC we get the correct number of programs.\n053|\t\t\tif errno == unix.ENOSPC {\n054|\t\t\t\tretries++\n055|\t\t\t\tcontinue\n056|\t\t\t}\n057|\t\t\treturn nil, fmt.Errorf("bpf_prog_query(BPF_CGROUP_DEVICE) failed: %w", errno)\n058|\t\t}\n059|\n060|\t\t// Convert the ids to program handles.\n061|\t\tprogIds = progIds[:size]\n062|\t\tprograms := make([]*ebpf.Program, 0, len(progIds))\n063|\t\tfor _, progId := range progIds {\n064|\t\t\tprogram, err := ebpf.NewProgramFromID(ebpf.ProgramID(progId))\n065|\t\t\tif err != nil {\n066|\t\t\t\t// We skip over programs that give us -EACCES or -EPERM. This\n067|\t\t\t\t// is necessary because there may be BPF programs that have\n068|\t\t\t\t// been attached (such as with --systemd-cgroup) which have an\n069|\t\t\t\t// LSM label that blocks us from interacting with the program.\n070|\t\t\t\t//\n071|\t\t\t\t// Because additional BPF_CGROUP_DEVICE programs only can add\n072|\t\t\t\t// restrictions, there\'s no real issue with just ignoring these\n073|\t\t\t\t// programs (and stops runc from breaking on distributions with\n074|\t\t\t\t// very strict SELinux policies).\n075|\t\t\t\tif errors.Is(err, os.ErrPermission) {\n076|\t\t\t\t\tlogrus.Debugf("ignoring existing CGROUP_DEVICE program (prog_id=%v) which cannot be accessed by runc -- likely due to LSM policy: %v", progId, err)\n077|\t\t\t\t\tcontinue\n078|\t\t\t\t}\n079|\t\t\t\treturn nil, fmt.Errorf("cannot fetch program from id: %w", err)\n080|\t\t\t}\n081|\t\t\tprograms = append(programs, program)\n082|\t\t}\n083|\t\truntime.KeepAlive(progIds)\n084|\t\treturn programs, nil\n085|\t}\n086|\n087|\treturn nil, errors.New("could not get complete list of CGROUP_DEVICE programs")\n088|}\n089|\n090|var (\n091|\thaveBpfProgReplaceBool bool\n092|\thaveBpfProgReplaceOnce sync.Once\n093|)\n094|\n095|// Loosely based on the BPF_F_REPLACE support check in\n096|// https://github.com/cilium/ebpf/blob/v0.6.0/link/syscalls.go.\n097|//\n098|// TODO: move this logic to cilium/ebpf\n099|func haveBpfProgReplace() bool {\n100|\thaveBpfProgReplaceOnce.Do(func() {\n101|\t\tprog, err := ebpf.NewProgram(&ebpf.ProgramSpec{\n102|\t\t\tType:    ebpf.CGroupDevice,\n103|\t\t\tLicense: "MIT",\n104|\t\t\tInstructions: asm.Instructions{\n105|\t\t\t\tasm.Mov.Imm(asm.R0, 0),\n106|\t\t\t\tasm.Return(),\n107|\t\t\t},\n108|\t\t})\n109|\t\tif err != nil {\n110|\t\t\tlogrus.Warnf("checking for BPF_F_REPLACE support: ebpf.NewProgram failed: %v", err)\n111|\t\t\treturn\n112|\t\t}\n113|\t\tdefer prog.Close()\n114|\n115|\t\tdevnull, err := os.Open("/dev/null")\n116|\t\tif err != nil {\n117|\t\t\tlogrus.Warnf("checking for BPF_F_REPLACE support: open dummy target fd: %v", err)\n118|\t\t\treturn\n119|\t\t}\n120|\t\tdefer devnull.Close()\n121|\n122|\t\t// We know that we have BPF_PROG_ATTACH since we can load\n123|\t\t// BPF_CGROUP_DEVICE programs. If passing BPF_F_REPLACE gives us EINVAL\n124|\t\t// we know that the feature isn\'t present.\n125|\t\terr = link.RawAttachProgram(link.RawAttachProgramOptions{\n126|\t\t\t// We rely on this fd being checked after attachFlags in the kernel.\n127|\t\t\tTarget: int(devnull.Fd()),\n128|\t\t\t// Attempt to "replace" our BPF program with itself. This will\n129|\t\t\t// always fail, but we should get -EINVAL if BPF_F_REPLACE is not\n130|\t\t\t// supported.\n131|\t\t\tAnchor:  link.ReplaceProgram(prog),\n132|\t\t\tProgram: prog,\n133|\t\t\tAttach:  ebpf.AttachCGroupDevice,\n134|\t\t\tFlags:   unix.BPF_F_ALLOW_MULTI,\n135|\t\t})\n136|\t\tif errors.Is(err, ebpf.ErrNotSupported) || errors.Is(err, unix.EINVAL) {\n137|\t\t\t// not supported\n138|\t\t\treturn\n139|\t\t}\n140|\t\tif !errors.Is(err, unix.EBADF) {\n141|\t\t\t// If we see any new errors here, it\'s possible that there is a\n142|\t\t\t// regression due to a cilium/ebpf update and the above EINVAL\n143|\t\t\t// checks are not working. So, be loud about it so someone notices\n144|\t\t\t// and we can get the issue fixed quicker.\n145|\t\t\tlogrus.Warnf("checking for BPF_F_REPLACE: got unexpected (not EBADF or EINVAL) error: %v", err)\n146|\t\t}\n147|\t\thaveBpfProgReplaceBool = true\n148|\t})\n149|\treturn haveBpfProgReplaceBool\n150|}\n151|\n152|// loadAttachCgroupDeviceFilter installs eBPF device filter program to /sys/fs/cgroup/<foo> directory.\n153|//\n154|// Requires the system to be running in cgroup2 unified-mode with kernel >= 4.15 .\n155|//\n156|// https://github.com/torvalds/linux/commit/ebc614f687369f9df99828572b1d85a7c2de3d92\n157|func loadAttachCgroupDeviceFilter(insts asm.Instructions, license string, dirFd int) (func() error, error) {\n158|\t// Increase `ulimit -l` limit to avoid BPF_PROG_LOAD error (#2167).\n159|\t// This limit is not inherited into the container.\n160|\tmemlockLimit := &unix.Rlimit{\n161|\t\tCur: unix.RLIM_INFINITY,\n162|\t\tMax: unix.RLIM_INFINITY,\n163|\t}\n164|\t_ = unix.Setrlimit(unix.RLIMIT_MEMLOCK, memlockLimit)\n165|\n166|\t// Get the list of existing programs.\n167|\toldProgs, err := findAttachedCgroupDeviceFilters(dirFd)\n168|\tif err != nil {\n169|\t\treturn nilCloser, err\n170|\t}\n171|\tuseReplaceProg := haveBpfProgReplace() && len(oldProgs) == 1\n172|\n173|\t// Generate new program.\n174|\tspec := &ebpf.ProgramSpec{\n175|\t\tType:         ebpf.CGroupDevice,\n176|\t\tInstructions: insts,\n177|\t\tLicense:      license,\n178|\t}\n179|\tprog, err := ebpf.NewProgram(spec)\n180|\tif err != nil {\n181|\t\treturn nilCloser, err\n182|\t}\n183|\n184|\t// If there is only one old program, we can just replace it directly.\n185|\n186|\tattachProgramOptions := link.RawAttachProgramOptions{\n187|\t\tTarget:  dirFd,\n188|\t\tProgram: prog,\n189|\t\tAttach:  ebpf.AttachCGroupDevice,\n190|\t\tFlags:   unix.BPF_F_ALLOW_MULTI,\n191|\t}\n192|\n193|\tif useReplaceProg {\n194|\t\tattachProgramOptions.Anchor = link.ReplaceProgram(oldProgs[0])\n195|\t}\n196|\terr = link.RawAttachProgram(attachProgramOptions)\n197|\tif err != nil {\n198|\t\treturn nilCloser, fmt.Errorf("failed to call BPF_PROG_ATTACH (BPF_CGROUP_DEVICE, BPF_F_ALLOW_MULTI): %w", err)\n199|\t}\n200|\tcloser := func() error {\n201|\t\terr = link.RawDetachProgram(link.RawDetachProgramOptions{\n202|\t\t\tTarget:  dirFd,\n203|\t\t\tProgram: prog,\n204|\t\t\tAttach:  ebpf.AttachCGroupDevice,\n205|\t\t})\n206|\t\tif err != nil {\n207|\t\t\treturn fmt.Errorf("failed to call BPF_PROG_DETACH (BPF_CGROUP_DEVICE): %w", err)\n208|\t\t}\n209|\t\t// TODO: Should we attach the old filters back in this case? Otherwise\n210|\t\t//       we fail-open on a security feature, which is a bit scary.\n211|\t\treturn nil\n212|\t}\n213|\tif !useReplaceProg {\n214|\t\tlogLevel := logrus.DebugLevel\n215|\t\t// If there was more than one old program, give a warning (since this\n216|\t\t// really shouldn\'t happen with runc-managed cgroups) and then detach\n217|\t\t// all the old programs.\n218|\t\tif len(oldProgs) > 1 {\n219|\t\t\t// NOTE: Ideally this should be a warning but it turns out that\n220|\t\t\t//       systemd-managed cgroups trigger this warning (apparently\n221|\t\t\t//       systemd doesn\'t delete old non-systemd programs when\n222|\t\t\t//       setting properties).\n223|\t\t\tlogrus.Infof("found more than one filter (%d) attached to a cgroup -- removing extra filters!", len(oldProgs))\n224|\t\t\tlogLevel = logrus.InfoLevel\n225|\t\t}\n226|\t\tfor idx, oldProg := range oldProgs {\n227|\t\t\t// Output some extra debug info.\n228|\t\t\tif info, err := oldProg.Info(); err == nil {\n229|\t\t\t\tfields := logrus.Fields{\n230|\t\t\t\t\t"type": info.Type.String(),\n231|\t\t\t\t\t"tag":  info.Tag,\n232|\t\t\t\t\t"name": info.Name,\n233|\t\t\t\t}\n234|\t\t\t\tif id, ok := info.ID(); ok {\n235|\t\t\t\t\tfields["id"] = id\n236|\t\t\t\t}\n237|\t\t\t\tif runCount, ok := info.RunCount(); ok {\n238|\t\t\t\t\tfields["run_count"] = runCount\n239|\t\t\t\t}\n240|\t\t\t\tif runtime, ok := info.Runtime(); ok {\n241|\t\t\t\t\tfields["runtime"] = runtime.String()\n242|\t\t\t\t}\n243|\t\t\t\tlogrus.WithFields(fields).Logf(logLevel, "removing old filter %d from cgroup", idx)\n244|\t\t\t}\n245|\t\t\terr = link.RawDetachProgram(link.RawDetachProgramOptions{\n246|\t\t\t\tTarget:  dirFd,\n247|\t\t\t\tProgram: oldProg,\n248|\t\t\t\tAttach:  ebpf.AttachCGroupDevice,\n249|\t\t\t})\n250|\t\t\tif err != nil {\n251|\t\t\t\treturn closer, fmt.Errorf("failed to call BPF_PROG_DETACH (BPF_CGROUP_DEVICE) on old filter program: %w", err)\n252|\t\t\t}\n253|\t\t}\n254|\t}\n255|\treturn closer, nil\n256|}\n'

Command Editor.read executed: file_path='/home/aludy/scires/Cloud_Spec_Exp/external/worktrees/oci-metagpt-agentless-mini-rerun/metagpt/runc-5073/vendor/github.com/opencontainers/cgroups/devices/devicefilter.go' block_content='001|// Implements creation of eBPF device filter program.\n002|//\n003|// Based on https://github.com/containers/crun/blob/0.10.2/src/libcrun/ebpf.c\n004|//\n005|// Although ebpf.c is originally licensed under LGPL-3.0-or-later, the author (Giuseppe Scrivano)\n006|// agreed to relicense the file in Apache License 2.0: https://github.com/opencontainers/runc/issues/2144#issuecomment-543116397\n007|package devices\n008|\n009|import (\n010|\t"errors"\n011|\t"fmt"\n012|\t"math"\n013|\t"strconv"\n014|\n015|\t"github.com/cilium/ebpf/asm"\n016|\tdevices "github.com/opencontainers/cgroups/devices/config"\n017|\t"golang.org/x/sys/unix"\n018|)\n019|\n020|const (\n021|\t// license string format is same as kernel MODULE_LICENSE macro\n022|\tlicense = "Apache"\n023|)\n024|\n025|// deviceFilter returns eBPF device filter program and its license string.\n026|func deviceFilter(rules []*devices.Rule) (asm.Instructions, string, error) {\n027|\t// Generate the minimum ruleset for the device rules we are given. While we\n028|\t// don\'t care about minimum transitions in cgroupv2, using the emulator\n029|\t// gives us a guarantee that the behaviour of devices filtering is the same\n030|\t// as cgroupv1, including security hardenings to avoid misconfiguration\n031|\t// (such as punching holes in wildcard rules).\n032|\temu := new(emulator)\n033|\tfor _, rule := range rules {\n034|\t\tif err := emu.Apply(*rule); err != nil {\n035|\t\t\treturn nil, "", err\n036|\t\t}\n037|\t}\n038|\tcleanRules, err := emu.Rules()\n039|\tif err != nil {\n040|\t\treturn nil, "", err\n041|\t}\n042|\n043|\tp := &program{\n044|\t\tdefaultAllow: emu.IsBlacklist(),\n045|\t}\n046|\tp.init()\n047|\n048|\tfor idx, rule := range cleanRules {\n049|\t\tif rule.Type == devices.WildcardDevice {\n050|\t\t\t// We can safely skip over wildcard entries because there should\n051|\t\t\t// only be one (at most) at the very start to instruct cgroupv1 to\n052|\t\t\t// go into allow-list mode. However we do double-check this here.\n053|\t\t\tif idx != 0 || rule.Allow != emu.IsBlacklist() {\n054|\t\t\t\treturn nil, "", fmt.Errorf("[internal error] emulated cgroupv2 devices ruleset had bad wildcard at idx %v (%s)", idx, rule.CgroupString())\n055|\t\t\t}\n056|\t\t\tcontinue\n057|\t\t}\n058|\t\tif rule.Allow == p.defaultAllow {\n059|\t\t\t// There should be no rules which have an action equal to the\n060|\t\t\t// default action, the emulator removes those.\n061|\t\t\treturn nil, "", fmt.Errorf("[internal error] emulated cgroupv2 devices ruleset had no-op rule at idx %v (%s)", idx, rule.CgroupString())\n062|\t\t}\n063|\t\tif err := p.appendRule(rule); err != nil {\n064|\t\t\treturn nil, "", err\n065|\t\t}\n066|\t}\n067|\treturn p.finalize(), license, nil\n068|}\n069|\n070|type program struct {\n071|\tinsts        asm.Instructions\n072|\tdefaultAllow bool\n073|\tblockID      int\n074|}\n075|\n076|func (p *program) init() {\n077|\t// struct bpf_cgroup_dev_ctx: https://elixir.bootlin.com/linux/v5.3.6/source/include/uapi/linux/bpf.h#L3423\n078|\t/*\n079|\t\tu32 access_type\n080|\t\tu32 major\n081|\t\tu32 minor\n082|\t*/\n083|\t// R2 <- type (lower 16 bit of u32 access_type at R1[0])\n084|\tp.insts = append(p.insts,\n085|\t\tasm.LoadMem(asm.R2, asm.R1, 0, asm.Word),\n086|\t\tasm.And.Imm32(asm.R2, 0xFFFF))\n087|\n088|\t// R3 <- access (upper 16 bit of u32 access_type at R1[0])\n089|\tp.insts = append(p.insts,\n090|\t\tasm.LoadMem(asm.R3, asm.R1, 0, asm.Word),\n091|\t\t// RSh: bitwise shift right\n092|\t\tasm.RSh.Imm32(asm.R3, 16))\n093|\n094|\t// R4 <- major (u32 major at R1[4])\n095|\tp.insts = append(p.insts,\n096|\t\tasm.LoadMem(asm.R4, asm.R1, 4, asm.Word))\n097|\n098|\t// R5 <- minor (u32 minor at R1[8])\n099|\tp.insts = append(p.insts,\n100|\t\tasm.LoadMem(asm.R5, asm.R1, 8, asm.Word))\n101|}\n102|\n103|// appendRule rule converts an OCI rule to the relevant eBPF block and adds it\n104|// to the in-progress filter program. In order to operate properly, it must be\n105|// called with a "clean" rule list (generated by devices.Emulator.Rules() --\n106|// with any "a" rules removed).\n107|func (p *program) appendRule(rule *devices.Rule) error {\n108|\tif p.blockID < 0 {\n109|\t\treturn errors.New("the program is finalized")\n110|\t}\n111|\n112|\tvar bpfType int32\n113|\tswitch rule.Type {\n114|\tcase devices.CharDevice:\n115|\t\tbpfType = int32(unix.BPF_DEVCG_DEV_CHAR)\n116|\tcase devices.BlockDevice:\n117|\t\tbpfType = int32(unix.BPF_DEVCG_DEV_BLOCK)\n118|\tdefault:\n119|\t\t// We do not permit \'a\', nor any other types we don\'t know about.\n120|\t\treturn fmt.Errorf("invalid type %q", string(rule.Type))\n121|\t}\n122|\tif rule.Major > math.MaxUint32 {\n123|\t\treturn fmt.Errorf("invalid major %d", rule.Major)\n124|\t}\n125|\tif rule.Minor > math.MaxUint32 {\n126|\t\treturn fmt.Errorf("invalid minor %d", rule.Major)\n127|\t}\n128|\thasMajor := rule.Major >= 0 // if not specified in OCI json, major is set to -1\n129|\thasMinor := rule.Minor >= 0\n130|\tbpfAccess := int32(0)\n131|\tfor _, r := range rule.Permissions {\n132|\t\tswitch r {\n133|\t\tcase \'r\':\n134|\t\t\tbpfAccess |= unix.BPF_DEVCG_ACC_READ\n135|\t\tcase \'w\':\n136|\t\t\tbpfAccess |= unix.BPF_DEVCG_ACC_WRITE\n137|\t\tcase \'m\':\n138|\t\t\tbpfAccess |= unix.BPF_DEVCG_ACC_MKNOD\n139|\t\tdefault:\n140|\t\t\treturn fmt.Errorf("unknown device access %v", r)\n141|\t\t}\n142|\t}\n143|\t// If the access is rwm, skip the check.\n144|\thasAccess := bpfAccess != (unix.BPF_DEVCG_ACC_READ | unix.BPF_DEVCG_ACC_WRITE | unix.BPF_DEVCG_ACC_MKNOD)\n145|\n146|\tvar (\n147|\t\tblockSym         = "block-" + strconv.Itoa(p.blockID)\n148|\t\tnextBlockSym     = "block-" + strconv.Itoa(p.blockID+1)\n149|\t\tprevBlockLastIdx = len(p.insts) - 1\n150|\t)\n151|\tp.insts = append(p.insts,\n152|\t\t// if (R2 != bpfType) goto next\n153|\t\tasm.JNE.Imm(asm.R2, bpfType, nextBlockSym),\n154|\t)\n155|\tif hasAccess {\n156|\t\tp.insts = append(p.insts,\n157|\t\t\t// if (R3 & bpfAccess != R3 /* use R1 as a temp var */) goto next\n158|\t\t\tasm.Mov.Reg32(asm.R1, asm.R3),\n159|\t\t\tasm.And.Imm32(asm.R1, bpfAccess),\n160|\t\t\tasm.JNE.Reg(asm.R1, asm.R3, nextBlockSym),\n161|\t\t)\n162|\t}\n163|\tif hasMajor {\n164|\t\tp.insts = append(p.insts,\n165|\t\t\t// if (R4 != major) goto next\n166|\t\t\tasm.JNE.Imm(asm.R4, int32(rule.Major), nextBlockSym),\n167|\t\t)\n168|\t}\n169|\tif hasMinor {\n170|\t\tp.insts = append(p.insts,\n171|\t\t\t// if (R5 != minor) goto next\n172|\t\t\tasm.JNE.Imm(asm.R5, int32(rule.Minor), nextBlockSym),\n173|\t\t)\n174|\t}\n175|\tp.insts = append(p.insts, acceptBlock(rule.Allow)...)\n176|\t// set blockSym to the first instruction we added in this iteration\n177|\tp.insts[prevBlockLastIdx+1] = p.insts[prevBlockLastIdx+1].WithSymbol(blockSym)\n178|\tp.blockID++\n179|\treturn nil\n180|}\n181|\n182|func (p *program) finalize() asm.Instructions {\n183|\tvar v int32\n184|\tif p.defaultAllow {\n185|\t\tv = 1\n186|\t}\n187|\tblockSym := "block-" + strconv.Itoa(p.blockID)\n188|\tp.insts = append(p.insts,\n189|\t\t// R0 <- v\n190|\t\tasm.Mov.Imm32(asm.R0, v).WithSymbol(blockSym),\n191|\t\tasm.Return(),\n192|\t)\n193|\tp.blockID = -1\n194|\treturn p.insts\n195|}\n196|\n197|func acceptBlock(accept bool) asm.Instructions {\n198|\tvar v int32\n199|\tif accept {\n200|\t\tv = 1\n201|\t}\n202|\treturn []asm.Instruction{\n203|\t\t// R0 <- v\n204|\t\tasm.Mov.Imm32(asm.R0, v),\n205|\t\tasm.Return(),\n206|\t}\n207|}\n'

Command Editor.read executed: file_path='/home/aludy/scires/Cloud_Spec_Exp/external/worktrees/oci-metagpt-agentless-mini-rerun/metagpt/runc-5073/libcontainer/devices/device_unix.go' block_content='001|//go:build !windows\n002|\n003|package devices\n004|\n005|import (\n006|\t"errors"\n007|\t"os"\n008|\t"path/filepath"\n009|\n010|\t"golang.org/x/sys/unix"\n011|)\n012|\n013|// ErrNotADevice denotes that a file is not a valid linux device.\n014|var ErrNotADevice = errors.New("not a device node")\n015|\n016|// Testing dependencies\n017|var (\n018|\tunixLstat = unix.Lstat\n019|\tosReadDir = os.ReadDir\n020|)\n021|\n022|// DeviceFromPath takes the path to a device and its cgroup_permissions (which\n023|// cannot be easily queried) to look up the information about a linux device\n024|// and returns that information as a Device struct.\n025|func DeviceFromPath(path, permissions string) (*Device, error) {\n026|\tvar stat unix.Stat_t\n027|\terr := unixLstat(path, &stat)\n028|\tif err != nil {\n029|\t\treturn nil, err\n030|\t}\n031|\n032|\tvar (\n033|\t\tdevType   Type\n034|\t\tmode      = stat.Mode\n035|\t\tdevNumber = uint64(stat.Rdev) //nolint:unconvert // Rdev is uint32 on e.g. MIPS.\n036|\t\tmajor     = unix.Major(devNumber)\n037|\t\tminor     = unix.Minor(devNumber)\n038|\t)\n039|\tswitch mode & unix.S_IFMT {\n040|\tcase unix.S_IFBLK:\n041|\t\tdevType = BlockDevice\n042|\tcase unix.S_IFCHR:\n043|\t\tdevType = CharDevice\n044|\tcase unix.S_IFIFO:\n045|\t\tdevType = FifoDevice\n046|\tdefault:\n047|\t\treturn nil, ErrNotADevice\n048|\t}\n049|\treturn &Device{\n050|\t\tRule: Rule{\n051|\t\t\tType:        devType,\n052|\t\t\tMajor:       int64(major),\n053|\t\t\tMinor:       int64(minor),\n054|\t\t\tPermissions: Permissions(permissions),\n055|\t\t},\n056|\t\tPath:     path,\n057|\t\tFileMode: os.FileMode(mode &^ unix.S_IFMT),\n058|\t\tUid:      stat.Uid,\n059|\t\tGid:      stat.Gid,\n060|\t}, nil\n061|}\n062|\n063|// HostDevices returns all devices that can be found under /dev directory.\n064|func HostDevices() ([]*Device, error) {\n065|\treturn GetDevices("/dev")\n066|}\n067|\n068|// GetDevices recursively traverses a directory specified by path\n069|// and returns all devices found there.\n070|func GetDevices(path string) ([]*Device, error) {\n071|\tfiles, err := osReadDir(path)\n072|\tif err != nil {\n073|\t\treturn nil, err\n074|\t}\n075|\tvar out []*Device\n076|\tfor _, f := range files {\n077|\t\tswitch {\n078|\t\tcase f.IsDir():\n079|\t\t\tswitch f.Name() {\n080|\t\t\t// ".lxc" & ".lxd-mounts" added to address https://github.com/lxc/lxd/issues/2825\n081|\t\t\t// ".udev" added to address https://github.com/opencontainers/runc/issues/2093\n082|\t\t\tcase "pts", "shm", "fd", "mqueue", ".lxc", ".lxd-mounts", ".udev":\n083|\t\t\t\tcontinue\n084|\t\t\tdefault:\n085|\t\t\t\tsub, err := GetDevices(filepath.Join(path, f.Name()))\n086|\t\t\t\tif err != nil {\n087|\t\t\t\t\treturn nil, err\n088|\t\t\t\t}\n089|\n090|\t\t\t\tout = append(out, sub...)\n091|\t\t\t\tcontinue\n092|\t\t\t}\n093|\t\tcase f.Name() == "console":\n094|\t\t\tcontinue\n095|\t\t}\n096|\t\tdevice, err := DeviceFromPath(filepath.Join(path, f.Name()), "rwm")\n097|\t\tif err != nil {\n098|\t\t\tif errors.Is(err, ErrNotADevice) {\n099|\t\t\t\tcontinue\n100|\t\t\t}\n101|\t\t\tif errors.Is(err, os.ErrNotExist) {\n102|\t\t\t\tcontinue\n103|\t\t\t}\n104|\t\t\treturn nil, err\n105|\t\t}\n106|\t\tif device.Type == FifoDevice {\n107|\t\t\tcontinue\n108|\t\t}\n109|\t\tout = append(out, device)\n110|\t}\n111|\treturn out, nil\n112|}\n'
2026-07-25 16:03:32.025 | WARNING  | metagpt.utils.role_zero_utils:parse_commands:115 - Failed to parse JSON for: I've read the key files. Let me now understand the issue better. The bug is about `mknod` permission being always granted. Let me look at the device rules parsing and the cgroup v1/v2 code to understand how OCI `access: "r"` is processed.

```json
[
    {
        "command_name": "Terminal.run_command",
        "args": {
            "cmd": "cd /home/aludy/scires/Cloud_Spec_Exp/external/worktrees/oci-metagpt-agentless-mini-rerun/metagpt/runc-5073 && find . -path '*/cgroups/devices/*' -name '*.go' ! -path '*_test.go' 2>/dev/null | head -20"
        }
    },
    {
        "command_name": "Terminal.run_command",
        "args": {
            "cmd": "cd /home/aludy/scires/Cloud_Spec_Exp/external/worktrees/oci-metagpt-agentless-mini-rerun/metagpt/runc-5073 && grep -rn 'mknod\|Mknod\|MKNOD' --include='*.go' libcontainer/ 2>/dev/null"
        }
    }
]
```. Trying to repair...
2026-07-25 16:03:37.711 | INFO     | metagpt.roles.di.role_zero:_act:292 - Commands: 
[{'command_name': 'Terminal.run_command', 'args': {'cmd': "cd /home/aludy/scires/Cloud_Spec_Exp/external/worktrees/oci-metagpt-agentless-mini-rerun/metagpt/runc-5073 && find . -path '*/cgroups/devices/*' -name '*.go' ! -path '*_test.go' 2>/dev/null | head -20"}}, {'command_name': 'Terminal.run_command', 'args': {'cmd': "cd /home/aludy/scires/Cloud_Spec_Exp/external/worktrees/oci-metagpt-agentless-mini-rerun/metagpt/runc-5073 && grep -rn 'mknod\\|Mknod\\|MKNOD' --include='*.go' libcontainer/ 2>/dev/null"}}]
2026-07-25 16:03:37.721 | INFO     | metagpt.roles.di.role_zero:_act:294 - Commands outputs: 
Command Terminal.run_command executed:
[command]: cd /home/aludy/scires/Cloud_Spec_Exp/external/worktrees/oci-metagpt-agentless-mini-rerun/metagpt/runc-5073 && find . -path '*/cgroups/devices/*' -name '*.go' ! -path '*_test.go' 2>/dev/null | head -20 
[command output] : ./vendor/github.com/opencontainers/cgroups/devices/devicefilter.go
./vendor/github.com/opencontainers/cgroups/devices/devices.go
./vendor/github.com/opencontainers/cgroups/devices/devices_emulator.go
./vendor/github.com/opencontainers/cgroups/devices/v1.go
./vendor/github.com/opencontainers/cgroups/devices/config/device.go
./vendor/github.com/opencontainers/cgroups/devices/config/mknod_unix.go
./vendor/github.com/opencontainers/cgroups/devices/v2.go
./vendor/github.com/opencontainers/cgroups/devices/ebpf_linux.go
./vendor/github.com/opencontainers/cgroups/devices/systemd.go


Command Terminal.run_command executed:
[command]: cd /home/aludy/scires/Cloud_Spec_Exp/external/worktrees/oci-metagpt-agentless-mini-rerun/metagpt/runc-5073 && grep -rn 'mknod\|Mknod\|MKNOD' --include='*.go' libcontainer/ 2>/dev/null 
[command output] : libcontainer/rootfs_linux.go:947:		// containers running in a user namespace are not allowed to mknod
libcontainer/rootfs_linux.go:983:	if err := mknodDevice(destDir, destName, node); err != nil {
libcontainer/rootfs_linux.go:994:func mknodDevice(destDir *os.File, destName string, node *devices.Device) error {
libcontainer/rootfs_linux.go:1010:	if err := unix.Mknodat(int(destDir.Fd()), destName, uint32(fileMode), int(dev)); err != nil {
libcontainer/rootfs_linux.go:1011:		return &os.PathError{Op: "mknodat", Path: filepath.Join(destDir.Name(), destName), Err: err}
libcontainer/integration/template_test.go:52:				"CAP_MKNOD",
libcontainer/integration/template_test.go:68:				"CAP_MKNOD",
libcontainer/integration/template_test.go:84:				"CAP_MKNOD",
libcontainer/specconv/spec_linux_test.go:235:				Names:  []string{"mknod"},
libcontainer/specconv/spec_linux_test.go:324:		case "mknod":
libcontainer/specconv/spec_linux.go:230:// (including "mknod for any device"?!). In addition, these rules are
libcontainer/specconv/spec_linux.go:237:	// allow mknod for any device
libcontainer/console_linux.go:26:		PTMX_MINOR = 2 // from mknod_ptmx in fs/devpts/inode.c
libcontainer/console_linux.go:27:		PTMX_INO   = 2 // from mknod_ptmx in fs/devpts/inode.c

2026-07-25 16:03:52.780 | INFO     | metagpt.roles.di.role_zero:_act:292 - Commands: 
[{'command_name': 'Editor.read', 'args': {'path': '/home/aludy/scires/Cloud_Spec_Exp/external/worktrees/oci-metagpt-agentless-mini-rerun/metagpt/runc-5073/vendor/github.com/opencontainers/cgroups/devices/v2.go'}}, {'command_name': 'Editor.read', 'args': {'path': '/home/aludy/scires/Cloud_Spec_Exp/external/worktrees/oci-metagpt-agentless-mini-rerun/metagpt/runc-5073/vendor/github.com/opencontainers/cgroups/devices/v1.go'}}, {'command_name': 'Editor.read', 'args': {'path': '/home/aludy/scires/Cloud_Spec_Exp/external/worktrees/oci-metagpt-agentless-mini-rerun/metagpt/runc-5073/libcontainer/specconv/spec_linux.go'}}]
2026-07-25 16:03:52.809 | INFO     | metagpt.roles.di.role_zero:_act:294 - Commands outputs: 
Command Editor.read executed: file_path='/home/aludy/scires/Cloud_Spec_Exp/external/worktrees/oci-metagpt-agentless-mini-rerun/metagpt/runc-5073/vendor/github.com/opencontainers/cgroups/devices/v2.go' block_content='001|package devices\n002|\n003|import (\n004|\t"fmt"\n005|\n006|\t"github.com/moby/sys/userns"\n007|\t"golang.org/x/sys/unix"\n008|\n009|\t"github.com/opencontainers/cgroups"\n010|\tdevices "github.com/opencontainers/cgroups/devices/config"\n011|)\n012|\n013|func isRWM(perms devices.Permissions) bool {\n014|\tvar r, w, m bool\n015|\tfor _, perm := range perms {\n016|\t\tswitch perm {\n017|\t\tcase \'r\':\n018|\t\t\tr = true\n019|\t\tcase \'w\':\n020|\t\t\tw = true\n021|\t\tcase \'m\':\n022|\t\t\tm = true\n023|\t\t}\n024|\t}\n025|\treturn r && w && m\n026|}\n027|\n028|// This is similar to the logic applied in crun for handling errors from bpf(2)\n029|// <https://github.com/containers/crun/blob/0.17/src/libcrun/cgroup.c#L2438-L2470>.\n030|func canSkipEBPFError(r *cgroups.Resources) bool {\n031|\t// If we\'re running in a user namespace we can ignore eBPF rules because we\n032|\t// usually cannot use bpf(2), as well as rootless containers usually don\'t\n033|\t// have the necessary privileges to mknod(2) device inodes or access\n034|\t// host-level instances (though ideally we would be blocking device access\n035|\t// for rootless containers anyway).\n036|\tif userns.RunningInUserNS() {\n037|\t\treturn true\n038|\t}\n039|\n040|\t// We cannot ignore an eBPF load error if any rule if is a block rule or it\n041|\t// doesn\'t permit all access modes.\n042|\t//\n043|\t// NOTE: This will sometimes trigger in cases where access modes are split\n044|\t//       between different rules but to handle this correctly would require\n045|\t//       using ".../libcontainer/cgroup/devices".Emulator.\n046|\tfor _, dev := range r.Devices {\n047|\t\tif !dev.Allow || !isRWM(dev.Permissions) {\n048|\t\t\treturn false\n049|\t\t}\n050|\t}\n051|\treturn true\n052|}\n053|\n054|func setV2(dirPath string, r *cgroups.Resources) error {\n055|\tif r.SkipDevices {\n056|\t\treturn nil\n057|\t}\n058|\tinsts, license, err := deviceFilter(r.Devices)\n059|\tif err != nil {\n060|\t\treturn err\n061|\t}\n062|\tdirFD, err := unix.Open(dirPath, unix.O_DIRECTORY|unix.O_RDONLY, 0o600)\n063|\tif err != nil {\n064|\t\treturn fmt.Errorf("cannot get dir FD for %s", dirPath)\n065|\t}\n066|\tdefer unix.Close(dirFD)\n067|\tif _, err := loadAttachCgroupDeviceFilter(insts, license, dirFD); err != nil {\n068|\t\tif !canSkipEBPFError(r) {\n069|\t\t\treturn err\n070|\t\t}\n071|\t}\n072|\treturn nil\n073|}\n'

Command Editor.read executed: file_path='/home/aludy/scires/Cloud_Spec_Exp/external/worktrees/oci-metagpt-agentless-mini-rerun/metagpt/runc-5073/vendor/github.com/opencontainers/cgroups/devices/v1.go' block_content='001|package devices\n002|\n003|import (\n004|\t"bytes"\n005|\t"errors"\n006|\t"reflect"\n007|\n008|\t"github.com/moby/sys/userns"\n009|\t"github.com/opencontainers/cgroups"\n010|\tdevices "github.com/opencontainers/cgroups/devices/config"\n011|)\n012|\n013|var testingSkipFinalCheck bool\n014|\n015|func setV1(path string, r *cgroups.Resources) error {\n016|\tif userns.RunningInUserNS() || r.SkipDevices {\n017|\t\treturn nil\n018|\t}\n019|\t// Generate two emulators, one for the current state of the cgroup and one\n020|\t// for the requested state by the user.\n021|\tcurrent, err := loadEmulator(path)\n022|\tif err != nil {\n023|\t\treturn err\n024|\t}\n025|\ttarget, err := buildEmulator(r.Devices)\n026|\tif err != nil {\n027|\t\treturn err\n028|\t}\n029|\n030|\t// Compute the minimal set of transition rules needed to achieve the\n031|\t// requested state.\n032|\ttransitionRules, err := current.Transition(target)\n033|\tif err != nil {\n034|\t\treturn err\n035|\t}\n036|\tfor _, rule := range transitionRules {\n037|\t\tfile := "devices.deny"\n038|\t\tif rule.Allow {\n039|\t\t\tfile = "devices.allow"\n040|\t\t}\n041|\t\tif err := cgroups.WriteFile(path, file, rule.CgroupString()); err != nil {\n042|\t\t\treturn err\n043|\t\t}\n044|\t}\n045|\n046|\t// Final safety check -- ensure that the resulting state is what was\n047|\t// requested. This is only really correct for white-lists, but for\n048|\t// black-lists we can at least check that the cgroup is in the right mode.\n049|\t//\n050|\t// This safety-check is skipped for the unit tests because we cannot\n051|\t// currently mock devices.list correctly.\n052|\tif !testingSkipFinalCheck {\n053|\t\tcurrentAfter, err := loadEmulator(path)\n054|\t\tif err != nil {\n055|\t\t\treturn err\n056|\t\t}\n057|\t\tif !target.IsBlacklist() && !reflect.DeepEqual(currentAfter, target) {\n058|\t\t\treturn errors.New("resulting devices cgroup doesn\'t precisely match target")\n059|\t\t} else if target.IsBlacklist() != currentAfter.IsBlacklist() {\n060|\t\t\treturn errors.New("resulting devices cgroup doesn\'t match target mode")\n061|\t\t}\n062|\t}\n063|\treturn nil\n064|}\n065|\n066|func loadEmulator(path string) (*emulator, error) {\n067|\tlist, err := cgroups.ReadFile(path, "devices.list")\n068|\tif err != nil {\n069|\t\treturn nil, err\n070|\t}\n071|\treturn emulatorFromList(bytes.NewBufferString(list))\n072|}\n073|\n074|func buildEmulator(rules []*devices.Rule) (*emulator, error) {\n075|\t// This defaults to a white-list -- which is what we want!\n076|\temu := &emulator{}\n077|\tfor _, rule := range rules {\n078|\t\tif err := emu.Apply(*rule); err != nil {\n079|\t\t\treturn nil, err\n080|\t\t}\n081|\t}\n082|\treturn emu, nil\n083|}\n'

Command Editor.read executed: file_path='/home/aludy/scires/Cloud_Spec_Exp/external/worktrees/oci-metagpt-agentless-mini-rerun/metagpt/runc-5073/libcontainer/specconv/spec_linux.go' block_content='The file is too large to read. Use `Editor.similarity_search` to read the file instead.'
2026-07-25 16:04:19.054 | INFO     | metagpt.roles.di.role_zero:_act:292 - Commands: 
[{'command_name': 'Editor.read', 'args': {'path': '/home/aludy/scires/Cloud_Spec_Exp/external/worktrees/oci-metagpt-agentless-mini-rerun/metagpt/runc-5073/vendor/github.com/opencontainers/cgroups/devices/devices.go'}}, {'command_name': 'Editor.read', 'args': {'path': '/home/aludy/scires/Cloud_Spec_Exp/external/worktrees/oci-metagpt-agentless-mini-rerun/metagpt/runc-5073/vendor/github.com/opencontainers/cgroups/devices/devices_emulator.go'}}, {'command_name': 'Editor.read', 'args': {'path': '/home/aludy/scires/Cloud_Spec_Exp/external/worktrees/oci-metagpt-agentless-mini-rerun/metagpt/runc-5073/vendor/github.com/opencontainers/cgroups/devices/config/device.go'}}]
2026-07-25 16:04:19.080 | INFO     | metagpt.roles.di.role_zero:_act:294 - Commands outputs: 
Command Editor.read executed: file_path='/home/aludy/scires/Cloud_Spec_Exp/external/worktrees/oci-metagpt-agentless-mini-rerun/metagpt/runc-5073/vendor/github.com/opencontainers/cgroups/devices/devices.go' block_content='001|// Package devices contains functionality to manage cgroup devices, which\n002|// is exposed indirectly via libcontainer/cgroups managers.\n003|//\n004|// To enable cgroup managers to manage devices, this package must be imported.\n005|package devices\n006|\n007|import (\n008|\t"github.com/opencontainers/cgroups"\n009|\t"github.com/opencontainers/cgroups/systemd"\n010|)\n011|\n012|func init() {\n013|\tcgroups.DevicesSetV1 = setV1\n014|\tcgroups.DevicesSetV2 = setV2\n015|\tsystemd.GenerateDeviceProps = systemdProperties\n016|}\n'

Command Editor.read executed: file_path='/home/aludy/scires/Cloud_Spec_Exp/external/worktrees/oci-metagpt-agentless-mini-rerun/metagpt/runc-5073/vendor/github.com/opencontainers/cgroups/devices/devices_emulator.go' block_content='001|// SPDX-License-Identifier: Apache-2.0\n002|/*\n003| * Copyright (C) 2020 Aleksa Sarai <cyphar@cyphar.com>\n004| * Copyright (C) 2020 SUSE LLC\n005| *\n006| * Licensed under the Apache License, Version 2.0 (the "License");\n007| * you may not use this file except in compliance with the License.\n008| * You may obtain a copy of the License at\n009| *\n010| *     http://www.apache.org/licenses/LICENSE-2.0\n011| *\n012| * Unless required by applicable law or agreed to in writing, software\n013| * distributed under the License is distributed on an "AS IS" BASIS,\n014| * WITHOUT WARRANTIES OR CONDITIONS OF ANY KIND, either express or implied.\n015| * See the License for the specific language governing permissions and\n016| * limitations under the License.\n017| */\n018|\n019|package devices\n020|\n021|import (\n022|\t"bufio"\n023|\t"fmt"\n024|\t"io"\n025|\t"sort"\n026|\t"strconv"\n027|\t"strings"\n028|\n029|\tdevices "github.com/opencontainers/cgroups/devices/config"\n030|)\n031|\n032|// deviceMeta is a Rule without the Allow or Permissions fields, and no\n033|// wildcard-type support. It\'s effectively the "match" portion of a metadata\n034|// rule, for the purposes of our emulation.\n035|type deviceMeta struct {\n036|\tnode  devices.Type\n037|\tmajor int64\n038|\tminor int64\n039|}\n040|\n041|// deviceRule is effectively the tuple (deviceMeta, Permissions).\n042|type deviceRule struct {\n043|\tmeta  deviceMeta\n044|\tperms devices.Permissions\n045|}\n046|\n047|// deviceRules is a mapping of device metadata rules to the associated\n048|// permissions in the ruleset.\n049|type deviceRules map[deviceMeta]devices.Permissions\n050|\n051|func (r deviceRules) orderedEntries() []deviceRule {\n052|\tvar rules []deviceRule\n053|\tfor meta, perms := range r {\n054|\t\trules = append(rules, deviceRule{meta: meta, perms: perms})\n055|\t}\n056|\tsort.Slice(rules, func(i, j int) bool {\n057|\t\t// Sort by (major, minor, type).\n058|\t\ta, b := rules[i].meta, rules[j].meta\n059|\t\treturn a.major < b.major ||\n060|\t\t\t(a.major == b.major && a.minor < b.minor) ||\n061|\t\t\t(a.major == b.major && a.minor == b.minor && a.node < b.node)\n062|\t})\n063|\treturn rules\n064|}\n065|\n066|type emulator struct {\n067|\tdefaultAllow bool\n068|\trules        deviceRules\n069|}\n070|\n071|func (e *emulator) IsBlacklist() bool {\n072|\treturn e.defaultAllow\n073|}\n074|\n075|func (e *emulator) IsAllowAll() bool {\n076|\treturn e.IsBlacklist() && len(e.rules) == 0\n077|}\n078|\n079|func parseLine(line string) (*deviceRule, error) {\n080|\t// Input: node major:minor perms.\n081|\tfields := strings.FieldsFunc(line, func(r rune) bool {\n082|\t\treturn r == \' \' || r == \':\'\n083|\t})\n084|\tif len(fields) != 4 {\n085|\t\treturn nil, fmt.Errorf("malformed devices.list rule %s", line)\n086|\t}\n087|\n088|\tvar (\n089|\t\trule  deviceRule\n090|\t\tnode  = fields[0]\n091|\t\tmajor = fields[1]\n092|\t\tminor = fields[2]\n093|\t\tperms = fields[3]\n094|\t)\n095|\n096|\t// Parse the node type.\n097|\tswitch node {\n098|\tcase "a":\n099|\t\t// Super-special case -- "a" always means every device with every\n100|\t\t// access mode. In fact, for devices.list this actually indicates that\n101|\t\t// the cgroup is in black-list mode.\n102|\t\t// TODO: Double-check that the entire file is "a *:* rwm".\n103|\t\treturn nil, nil\n104|\tcase "b":\n105|\t\trule.meta.node = devices.BlockDevice\n106|\tcase "c":\n107|\t\trule.meta.node = devices.CharDevice\n108|\tdefault:\n109|\t\treturn nil, fmt.Errorf("unknown device type %q", node)\n110|\t}\n111|\n112|\t// Parse the major number.\n113|\tif major == "*" {\n114|\t\trule.meta.major = devices.Wildcard\n115|\t} else {\n116|\t\tval, err := strconv.ParseUint(major, 10, 32)\n117|\t\tif err != nil {\n118|\t\t\treturn nil, fmt.Errorf("invalid major number: %w", err)\n119|\t\t}\n120|\t\trule.meta.major = int64(val)\n121|\t}\n122|\n123|\t// Parse the minor number.\n124|\tif minor == "*" {\n125|\t\trule.meta.minor = devices.Wildcard\n126|\t} else {\n127|\t\tval, err := strconv.ParseUint(minor, 10, 32)\n128|\t\tif err != nil {\n129|\t\t\treturn nil, fmt.Errorf("invalid minor number: %w", err)\n130|\t\t}\n131|\t\trule.meta.minor = int64(val)\n132|\t}\n133|\n134|\t// Parse the access permissions.\n135|\trule.perms = devices.Permissions(perms)\n136|\tif !rule.perms.IsValid() || rule.perms.IsEmpty() {\n137|\t\treturn nil, fmt.Errorf("parse access mode: contained unknown modes or is empty: %q", perms)\n138|\t}\n139|\treturn &rule, nil\n140|}\n141|\n142|func (e *emulator) addRule(rule deviceRule) error { //nolint:unparam\n143|\tif e.rules == nil {\n144|\t\te.rules = make(map[deviceMeta]devices.Permissions)\n145|\t}\n146|\n147|\t// Merge with any pre-existing permissions.\n148|\toldPerms := e.rules[rule.meta]\n149|\tnewPerms := rule.perms.Union(oldPerms)\n150|\te.rules[rule.meta] = newPerms\n151|\treturn nil\n152|}\n153|\n154|func (e *emulator) rmRule(rule deviceRule) error {\n155|\t// Give an error if any of the permissions requested to be removed are\n156|\t// present in a partially-matching wildcard rule, because such rules will\n157|\t// be ignored by cgroupv1.\n158|\t//\n159|\t// This is a diversion from cgroupv1, but is necessary to avoid leading\n160|\t// users into a false sense of security. cgroupv1 will silently(!) ignore\n161|\t// requests to remove partial exceptions, but we really shouldn\'t do that.\n162|\t//\n163|\t// It may seem like we could just "split" wildcard rules which hit this\n164|\t// issue, but unfortunately there are 2^32 possible major and minor\n165|\t// numbers, which would exhaust kernel memory quickly if we did this. Not\n166|\t// to mention it\'d be really slow (the kernel side is implemented as a\n167|\t// linked-list of exceptions).\n168|\tfor _, partialMeta := range []deviceMeta{\n169|\t\t{node: rule.meta.node, major: devices.Wildcard, minor: rule.meta.minor},\n170|\t\t{node: rule.meta.node, major: rule.meta.major, minor: devices.Wildcard},\n171|\t\t{node: rule.meta.node, major: devices.Wildcard, minor: devices.Wildcard},\n172|\t} {\n173|\t\t// This wildcard rule is equivalent to the requested rule, so skip it.\n174|\t\tif rule.meta == partialMeta {\n175|\t\t\tcontinue\n176|\t\t}\n177|\t\t// Only give an error if the set of permissions overlap.\n178|\t\tpartialPerms := e.rules[partialMeta]\n179|\t\tif !partialPerms.Intersection(rule.perms).IsEmpty() {\n180|\t\t\treturn fmt.Errorf("requested rule [%v %v] not supported by devices cgroupv1 (cannot punch hole in existing wildcard rule [%v %v])", rule.meta, rule.perms, partialMeta, partialPerms)\n181|\t\t}\n182|\t}\n183|\n184|\t// Subtract all of the permissions listed from the full match rule. If the\n185|\t// rule didn\'t exist, all of this is a no-op.\n186|\tnewPerms := e.rules[rule.meta].Difference(rule.perms)\n187|\tif newPerms.IsEmpty() {\n188|\t\tdelete(e.rules, rule.meta)\n189|\t} else {\n190|\t\te.rules[rule.meta] = newPerms\n191|\t}\n192|\t// TODO: The actual cgroup code doesn\'t care if an exception didn\'t exist\n193|\t//       during removal, so not erroring out here is /accurate/ but quite\n194|\t//       worrying. Maybe we should do additional validation, but again we\n195|\t//       have to worry about backwards-compatibility.\n196|\treturn nil\n197|}\n198|\n199|func (e *emulator) allow(rule *deviceRule) error {\n200|\t// This cgroup is configured as a black-list. Reset the entire emulator,\n201|\t// and put is into black-list mode.\n202|\tif rule == nil || rule.meta.node == devices.WildcardDevice {\n203|\t\t*e = emulator{\n204|\t\t\tdefaultAllow: true,\n205|\t\t\trules:        nil,\n206|\t\t}\n207|\t\treturn nil\n208|\t}\n209|\n210|\tvar err error\n211|\tif e.defaultAllow {\n212|\t\terr = wrapErr(e.rmRule(*rule), "unable to remove \'deny\' exception")\n213|\t} else {\n214|\t\terr = wrapErr(e.addRule(*rule), "unable to add \'allow\' exception")\n215|\t}\n216|\treturn err\n217|}\n218|\n219|func (e *emulator) deny(rule *deviceRule) error {\n220|\t// This cgroup is configured as a white-list. Reset the entire emulator,\n221|\t// and put is into white-list mode.\n222|\tif rule == nil || rule.meta.node == devices.WildcardDevice {\n223|\t\t*e = emulator{\n224|\t\t\tdefaultAllow: false,\n225|\t\t\trules:        nil,\n226|\t\t}\n227|\t\treturn nil\n228|\t}\n229|\n230|\tvar err error\n231|\tif e.defaultAllow {\n232|\t\terr = wrapErr(e.addRule(*rule), "unable to add \'deny\' exception")\n233|\t} else {\n234|\t\terr = wrapErr(e.rmRule(*rule), "unable to remove \'allow\' exception")\n235|\t}\n236|\treturn err\n237|}\n238|\n239|func (e *emulator) Apply(rule devices.Rule) error {\n240|\tif !rule.Type.CanCgroup() {\n241|\t\treturn fmt.Errorf("cannot add rule [%#v] with non-cgroup type %q", rule, rule.Type)\n242|\t}\n243|\n244|\tinnerRule := &deviceRule{\n245|\t\tmeta: deviceMeta{\n246|\t\t\tnode:  rule.Type,\n247|\t\t\tmajor: rule.Major,\n248|\t\t\tminor: rule.Minor,\n249|\t\t},\n250|\t\tperms: rule.Permissions,\n251|\t}\n252|\tif innerRule.meta.node == devices.WildcardDevice {\n253|\t\tinnerRule = nil\n254|\t}\n255|\n256|\tif rule.Allow {\n257|\t\treturn e.allow(innerRule)\n258|\t}\n259|\n260|\treturn e.deny(innerRule)\n261|}\n262|\n263|// emulatorFromList takes a reader to a "devices.list"-like source, and returns\n264|// a new emulator that represents the state of the devices cgroup. Note that\n265|// black-list devices cgroups cannot be fully reconstructed, due to limitations\n266|// in the devices cgroup API. Instead, such cgroups are always treated as\n267|// "allow all" cgroups.\n268|func emulatorFromList(list io.Reader) (*emulator, error) {\n269|\t// Normally cgroups are in black-list mode by default, but the way we\n270|\t// figure out the current mode is whether or not devices.list has an\n271|\t// allow-all rule. So we default to a white-list, and the existence of an\n272|\t// "a *:* rwm" entry will tell us otherwise.\n273|\te := &emulator{\n274|\t\tdefaultAllow: false,\n275|\t}\n276|\n277|\t// Parse the "devices.list".\n278|\ts := bufio.NewScanner(list)\n279|\tfor s.Scan() {\n280|\t\tline := s.Text()\n281|\t\tdeviceRule, err := parseLine(line)\n282|\t\tif err != nil {\n283|\t\t\treturn nil, fmt.Errorf("error parsing line %q: %w", line, err)\n284|\t\t}\n285|\t\t// "devices.list" is an allow list. Note that this means that in\n286|\t\t// black-list mode, we have no idea what rules are in play. As a\n287|\t\t// result, we need to be very careful in Transition().\n288|\t\tif err := e.allow(deviceRule); err != nil {\n289|\t\t\treturn nil, fmt.Errorf("error adding devices.list rule: %w", err)\n290|\t\t}\n291|\t}\n292|\tif err := s.Err(); err != nil {\n293|\t\treturn nil, fmt.Errorf("error reading devices.list lines: %w", err)\n294|\t}\n295|\treturn e, nil\n296|}\n297|\n298|// Transition calculates what is the minimally-disruptive set of rules need to\n299|// be applied to a devices cgroup in order to transition to the given target.\n300|// This means that any already-existing rules will not be applied, and\n301|// disruptive rules (like denying all device access) will only be applied if\n302|// necessary.\n303|//\n304|// This function is the sole reason for all of emulator -- to allow us\n305|// to figure out how to update a containers\' cgroups without causing spurious\n306|// device errors (if possible).\n307|func (e *emulator) Transition(target *emulator) ([]*devices.Rule, error) {\n308|\tvar transitionRules []*devices.Rule\n309|\tsource := e\n310|\toldRules := source.rules\n311|\n312|\t// If the default policy doesn\'t match, we need to include a "disruptive"\n313|\t// rule (either allow-all or deny-all) in order to switch the cgroup to the\n314|\t// correct default policy.\n315|\t//\n316|\t// However, due to a limitation in "devices.list" we cannot be sure what\n317|\t// deny rules are in place in a black-list cgroup. Thus if the source is a\n318|\t// black-list we also have to include a disruptive rule.\n319|\tif source.IsBlacklist() || source.defaultAllow != target.defaultAllow {\n320|\t\ttransitionRules = append(transitionRules, &devices.Rule{\n321|\t\t\tType:        \'a\',\n322|\t\t\tMajor:       -1,\n323|\t\t\tMinor:       -1,\n324|\t\t\tPermissions: devices.Permissions("rwm"),\n325|\t\t\tAllow:       target.defaultAllow,\n326|\t\t})\n327|\t\t// The old rules are only relevant if we aren\'t starting out with a\n328|\t\t// disruptive rule.\n329|\t\toldRules = nil\n330|\t}\n331|\n332|\t// NOTE: We traverse through the rules in a sorted order so we always write\n333|\t//       the same set of rules (this is to aid testing).\n334|\n335|\t// First, we create inverse rules for any old rules not in the new set.\n336|\t// This includes partial-inverse rules for specific permissions. This is a\n337|\t// no-op if we added a disruptive rule, since oldRules will be empty.\n338|\tfor _, rule := range oldRules.orderedEntries() {\n339|\t\tmeta, oldPerms := rule.meta, rule.perms\n340|\t\tnewPerms := target.rules[meta]\n341|\t\tdroppedPerms := oldPerms.Difference(newPerms)\n342|\t\tif !droppedPerms.IsEmpty() {\n343|\t\t\ttransitionRules = append(transitionRules, &devices.Rule{\n344|\t\t\t\tType:        meta.node,\n345|\t\t\t\tMajor:       meta.major,\n346|\t\t\t\tMinor:       meta.minor,\n347|\t\t\t\tPermissions: droppedPerms,\n348|\t\t\t\tAllow:       target.defaultAllow,\n349|\t\t\t})\n350|\t\t}\n351|\t}\n352|\n353|\t// Add any additional rules which weren\'t in the old set. We happen to\n354|\t// filter out rules which are present in both sets, though this isn\'t\n355|\t// strictly necessary.\n356|\tfor _, rule := range target.rules.orderedEntries() {\n357|\t\tmeta, newPerms := rule.meta, rule.perms\n358|\t\toldPerms := oldRules[meta]\n359|\t\tgainedPerms := newPerms.Difference(oldPerms)\n360|\t\tif !gainedPerms.IsEmpty() {\n361|\t\t\ttransitionRules = append(transitionRules, &devices.Rule{\n362|\t\t\t\tType:        meta.node,\n363|\t\t\t\tMajor:       meta.major,\n364|\t\t\t\tMinor:       meta.minor,\n365|\t\t\t\tPermissions: gainedPerms,\n366|\t\t\t\tAllow:       !target.defaultAllow,\n367|\t\t\t})\n368|\t\t}\n369|\t}\n370|\treturn transitionRules, nil\n371|}\n372|\n373|// Rules returns the minimum set of rules necessary to convert a *deny-all*\n374|// cgroup to the emulated filter state (note that this is not the same as a\n375|// default cgroupv1 cgroup -- which is allow-all). This is effectively just a\n376|// wrapper around Transition() with the source emulator being an empty cgroup.\n377|func (e *emulator) Rules() ([]*devices.Rule, error) {\n378|\tdefaultCgroup := &emulator{defaultAllow: false}\n379|\treturn defaultCgroup.Transition(e)\n380|}\n381|\n382|func wrapErr(err error, text string) error {\n383|\tif err == nil {\n384|\t\treturn nil\n385|\t}\n386|\treturn fmt.Errorf(text+": %w", err)\n387|}\n'

Command Editor.read executed: file_path='/home/aludy/scires/Cloud_Spec_Exp/external/worktrees/oci-metagpt-agentless-mini-rerun/metagpt/runc-5073/vendor/github.com/opencontainers/cgroups/devices/config/device.go' block_content='001|package config\n002|\n003|import (\n004|\t"fmt"\n005|\t"os"\n006|\t"strconv"\n007|)\n008|\n009|const (\n010|\tWildcard = -1\n011|)\n012|\n013|type Device struct {\n014|\tRule\n015|\n016|\t// Path to the device.\n017|\tPath string `json:"path"`\n018|\n019|\t// FileMode permission bits for the device.\n020|\tFileMode os.FileMode `json:"file_mode"`\n021|\n022|\t// Uid of the device.\n023|\tUid uint32 `json:"uid,omitempty"` //nolint:revive // Suppress "var-naming: struct field Uid should be UID".\n024|\n025|\t// Gid of the device.\n026|\tGid uint32 `json:"gid,omitempty"` //nolint:revive // Suppress "var-naming: struct field Gid should be GID".\n027|}\n028|\n029|// Permissions is a cgroupv1-style string to represent device access. It\n030|// has to be a string for backward compatibility reasons, hence why it has\n031|// methods to do set operations.\n032|type Permissions string\n033|\n034|const (\n035|\tdeviceRead uint = (1 << iota)\n036|\tdeviceWrite\n037|\tdeviceMknod\n038|)\n039|\n040|func (p Permissions) toSet() uint {\n041|\tvar set uint\n042|\tfor _, perm := range p {\n043|\t\tswitch perm {\n044|\t\tcase \'r\':\n045|\t\t\tset |= deviceRead\n046|\t\tcase \'w\':\n047|\t\t\tset |= deviceWrite\n048|\t\tcase \'m\':\n049|\t\t\tset |= deviceMknod\n050|\t\t}\n051|\t}\n052|\treturn set\n053|}\n054|\n055|func fromSet(set uint) Permissions {\n056|\tvar perm string\n057|\tif set&deviceRead == deviceRead {\n058|\t\tperm += "r"\n059|\t}\n060|\tif set&deviceWrite == deviceWrite {\n061|\t\tperm += "w"\n062|\t}\n063|\tif set&deviceMknod == deviceMknod {\n064|\t\tperm += "m"\n065|\t}\n066|\treturn Permissions(perm)\n067|}\n068|\n069|// Union returns the union of the two sets of Permissions.\n070|func (p Permissions) Union(o Permissions) Permissions {\n071|\tlhs := p.toSet()\n072|\trhs := o.toSet()\n073|\treturn fromSet(lhs | rhs)\n074|}\n075|\n076|// Difference returns the set difference of the two sets of Permissions.\n077|// In set notation, A.Difference(B) gives you A\\B.\n078|func (p Permissions) Difference(o Permissions) Permissions {\n079|\tlhs := p.toSet()\n080|\trhs := o.toSet()\n081|\treturn fromSet(lhs &^ rhs)\n082|}\n083|\n084|// Intersection computes the intersection of the two sets of Permissions.\n085|func (p Permissions) Intersection(o Permissions) Permissions {\n086|\tlhs := p.toSet()\n087|\trhs := o.toSet()\n088|\treturn fromSet(lhs & rhs)\n089|}\n090|\n091|// IsEmpty returns whether the set of permissions in a Permissions is\n092|// empty.\n093|func (p Permissions) IsEmpty() bool {\n094|\treturn p == Permissions("")\n095|}\n096|\n097|// IsValid returns whether the set of permissions is a subset of valid\n098|// permissions (namely, {r,w,m}).\n099|func (p Permissions) IsValid() bool {\n100|\treturn p == fromSet(p.toSet())\n101|}\n102|\n103|type Type rune\n104|\n105|const (\n106|\tWildcardDevice Type = \'a\'\n107|\tBlockDevice    Type = \'b\'\n108|\tCharDevice     Type = \'c\' // or \'u\'\n109|\tFifoDevice     Type = \'p\'\n110|)\n111|\n112|func (t Type) IsValid() bool {\n113|\tswitch t {\n114|\tcase WildcardDevice, BlockDevice, CharDevice, FifoDevice:\n115|\t\treturn true\n116|\tdefault:\n117|\t\treturn false\n118|\t}\n119|}\n120|\n121|func (t Type) CanMknod() bool {\n122|\tswitch t {\n123|\tcase BlockDevice, CharDevice, FifoDevice:\n124|\t\treturn true\n125|\tdefault:\n126|\t\treturn false\n127|\t}\n128|}\n129|\n130|func (t Type) CanCgroup() bool {\n131|\tswitch t {\n132|\tcase WildcardDevice, BlockDevice, CharDevice:\n133|\t\treturn true\n134|\tdefault:\n135|\t\treturn false\n136|\t}\n137|}\n138|\n139|type Rule struct {\n140|\t// Type of device (\'c\' for char, \'b\' for block). If set to \'a\', this rule\n141|\t// acts as a wildcard and all fields other than Allow are ignored.\n142|\tType Type `json:"type"`\n143|\n144|\t// Major is the device\'s major number.\n145|\tMajor int64 `json:"major"`\n146|\n147|\t// Minor is the device\'s minor number.\n148|\tMinor int64 `json:"minor"`\n149|\n150|\t// Permissions is the set of permissions that this rule applies to (in the\n151|\t// cgroupv1 format -- any combination of "rwm").\n152|\tPermissions Permissions `json:"permissions"`\n153|\n154|\t// Allow specifies whether this rule is allowed.\n155|\tAllow bool `json:"allow"`\n156|}\n157|\n158|func (d *Rule) CgroupString() string {\n159|\tvar (\n160|\t\tmajor = strconv.FormatInt(d.Major, 10)\n161|\t\tminor = strconv.FormatInt(d.Minor, 10)\n162|\t)\n163|\tif d.Major == Wildcard {\n164|\t\tmajor = "*"\n165|\t}\n166|\tif d.Minor == Wildcard {\n167|\t\tminor = "*"\n168|\t}\n169|\treturn fmt.Sprintf("%c %s:%s %s", d.Type, major, minor, d.Permissions)\n170|}\n171|\n172|func (d *Rule) Mkdev() (uint64, error) {\n173|\treturn mkDev(d)\n174|}\n'
2026-07-25 16:04:50.529 | INFO     | metagpt.roles.di.role_zero:_act:292 - Commands: 
[{'command_name': 'Editor.read', 'args': {'path': '/home/aludy/scires/Cloud_Spec_Exp/external/worktrees/oci-metagpt-agentless-mini-rerun/metagpt/runc-5073/vendor/github.com/opencontainers/cgroups/devices/config/mknod_unix.go'}}, {'command_name': 'Editor.open_file', 'args': {'path': '/home/aludy/scires/Cloud_Spec_Exp/external/worktrees/oci-metagpt-agentless-mini-rerun/metagpt/runc-5073/libcontainer/specconv/spec_linux.go', 'line_number': 220, 'context_lines': 60}}]
2026-07-25 16:04:50.538 | INFO     | metagpt.roles.di.role_zero:_act:294 - Commands outputs: 
Command Editor.read executed: file_path='/home/aludy/scires/Cloud_Spec_Exp/external/worktrees/oci-metagpt-agentless-mini-rerun/metagpt/runc-5073/vendor/github.com/opencontainers/cgroups/devices/config/mknod_unix.go' block_content='001|package config\n002|\n003|import (\n004|\t"errors"\n005|\n006|\t"golang.org/x/sys/unix"\n007|)\n008|\n009|func mkDev(d *Rule) (uint64, error) {\n010|\tif d.Major == Wildcard || d.Minor == Wildcard {\n011|\t\treturn 0, errors.New("cannot mkdev() device with wildcards")\n012|\t}\n013|\treturn unix.Mkdev(uint32(d.Major), uint32(d.Minor)), nil\n014|}\n'

Command Editor.open_file executed: [File: /home/aludy/scires/Cloud_Spec_Exp/external/worktrees/oci-metagpt-agentless-mini-rerun/metagpt/runc-5073/libcontainer/specconv/spec_linux.go (1327 lines total)]
(189 more lines above)
190|	for k := range mountFlags {
191|		res = append(res, k)
192|	}
193|	for k := range mountPropagationMapping {
194|		res = append(res, k)
195|	}
196|	for k := range recAttrFlags {
197|		res = append(res, k)
198|	}
199|	for k := range extensionFlags {
200|		res = append(res, k)
201|	}
202|	sort.Strings(res)
203|	return res
204|}
205|
206|// KnownMemoryPolicyModes returns the list of the known memory policy modes.
207|// Used by `runc features`.
208|func KnownMemoryPolicyModes() []string {
209|	initMaps()
210|	return slices.Sorted(maps.Keys(mpolModeMap))
211|}
212|
213|// KnownMemoryPolicyFlags returns the list of the known memory policy mode flags.
214|// Used by `runc features`.
215|func KnownMemoryPolicyFlags() []string {
216|	initMaps()
217|	return slices.Sorted(maps.Keys(mpolModeFMap))
218|}
219|
220|// AllowedDevices is the set of devices which are automatically included for
221|// all containers.
222|//
223|// # XXX (cyphar)
224|//
225|// This behaviour is at the very least "questionable" (if not outright
226|// wrong) according to the runtime-spec.
227|//
228|// Yes, we have to include certain devices other than the ones the user
229|// specifies, but several devices listed here are not part of the spec
230|// (including "mknod for any device"?!). In addition, these rules are
231|// appended to the user-provided set which means that users *cannot disable
232|// this behaviour*.
233|//
234|// ... unfortunately I'm too scared to change this now because who knows how
235|// many people depend on this (incorrect and arguably insecure) behaviour.
236|var AllowedDevices = []*devices.Device{
237|	// allow mknod for any device
238|	{
239|		Rule: devices.Rule{
240|			Type:        devices.CharDevice,
241|			Major:       devices.Wildcard,
242|			Minor:       devices.Wildcard,
243|			Permissions: "m",
244|			Allow:       true,
245|		},
246|	},
247|	{
248|		Rule: devices.Rule{
249|			Type:        devices.BlockDevice,
250|			Major:       devices.Wildcard,
(1077 more lines below)
2026-07-25 16:04:59.928 | INFO     | metagpt.roles.di.role_zero:_act:292 - Commands: 
[{'command_name': 'Editor.goto_line', 'args': {'line_number': 220}}, {'command_name': 'Editor.scroll_down', 'args': {}}]
2026-07-25 16:04:59.929 | INFO     | metagpt.roles.di.role_zero:_act:294 - Commands outputs: 
Command Editor.goto_line executed: [File: /home/aludy/scires/Cloud_Spec_Exp/external/worktrees/oci-metagpt-agentless-mini-rerun/metagpt/runc-5073/libcontainer/specconv/spec_linux.go (1327 lines total)]
(119 more lines above)
120|			"rsuid":          {true, unix.MOUNT_ATTR_NOSUID},
121|			"rnodev":         {false, unix.MOUNT_ATTR_NODEV},
122|			"rdev":           {true, unix.MOUNT_ATTR_NODEV},
123|			"rnoexec":        {false, unix.MOUNT_ATTR_NOEXEC},
124|			"rexec":          {true, unix.MOUNT_ATTR_NOEXEC},
125|			"rnodiratime":    {false, unix.MOUNT_ATTR_NODIRATIME},
126|			"rdiratime":      {true, unix.MOUNT_ATTR_NODIRATIME},
127|			"rrelatime":      {false, unix.MOUNT_ATTR_RELATIME},
128|			"rnorelatime":    {true, unix.MOUNT_ATTR_RELATIME},
129|			"rnoatime":       {false, unix.MOUNT_ATTR_NOATIME},
130|			"ratime":         {true, unix.MOUNT_ATTR_NOATIME},
131|			"rstrictatime":   {false, unix.MOUNT_ATTR_STRICTATIME},
132|			"rnostrictatime": {true, unix.MOUNT_ATTR_STRICTATIME},
133|			"rnosymfollow":   {false, unix.MOUNT_ATTR_NOSYMFOLLOW}, // since kernel 5.14
134|			"rsymfollow":     {true, unix.MOUNT_ATTR_NOSYMFOLLOW},  // since kernel 5.14
135|		}
136|
137|		extensionFlags = map[string]struct {
138|			clear bool
139|			flag  int
140|		}{
141|			"tmpcopyup": {false, configs.EXT_COPYUP},
142|		}
143|
144|		complexFlags = map[string]func(*configs.Mount){
145|			"idmap": func(m *configs.Mount) {
146|				m.IDMapping = new(configs.MountIDMapping)
147|				m.IDMapping.Recursive = false // noop
148|			},
149|			"ridmap": func(m *configs.Mount) {
150|				m.IDMapping = new(configs.MountIDMapping)
151|				m.IDMapping.Recursive = true
152|			},
153|		}
154|
155|		mpolModeMap = map[string]int{
156|			string(specs.MpolDefault):            unix.MPOL_DEFAULT,
157|			string(specs.MpolPreferred):          unix.MPOL_PREFERRED,
158|			string(specs.MpolBind):               unix.MPOL_BIND,
159|			string(specs.MpolInterleave):         unix.MPOL_INTERLEAVE,
160|			string(specs.MpolLocal):              unix.MPOL_LOCAL,
161|			string(specs.MpolPreferredMany):      unix.MPOL_PREFERRED_MANY,
162|			string(specs.MpolWeightedInterleave): unix.MPOL_WEIGHTED_INTERLEAVE,
163|		}
164|
165|		mpolModeFMap = map[string]int{
166|			string(specs.MpolFStaticNodes):   unix.MPOL_F_STATIC_NODES,
167|			string(specs.MpolFRelativeNodes): unix.MPOL_F_RELATIVE_NODES,
168|			string(specs.MpolFNumaBalancing): unix.MPOL_F_NUMA_BALANCING,
169|		}
170|	})
171|}
172|
173|// KnownNamespaces returns the list of the known namespaces.
174|// Used by `runc features`.
175|func KnownNamespaces() []string {
176|	initMaps()
177|	var res []string
178|	for k := range namespaceMapping {
179|		res = append(res, string(k))
180|	}
181|	sort.Strings(res)
182|	return res
183|}
184|
185|// KnownMountOptions returns the list of the known mount options.
186|// Used by `runc features`.
187|func KnownMountOptions() []string {
188|	initMaps()
189|	var res []string
190|	for k := range mountFlags {
191|		res = append(res, k)
192|	}
193|	for k := range mountPropagationMapping {
194|		res = append(res, k)
195|	}
196|	for k := range recAttrFlags {
197|		res = append(res, k)
198|	}
199|	for k := range extensionFlags {
200|		res = append(res, k)
201|	}
202|	sort.Strings(res)
203|	return res
204|}
205|
206|// KnownMemoryPolicyModes returns the list of the known memory policy modes.
207|// Used by `runc features`.
208|func KnownMemoryPolicyModes() []string {
209|	initMaps()
210|	return slices.Sorted(maps.Keys(mpolModeMap))
211|}
212|
213|// KnownMemoryPolicyFlags returns the list of the known memory policy mode flags.
214|// Used by `runc features`.
215|func KnownMemoryPolicyFlags() []string {
216|	initMaps()
217|	return slices.Sorted(maps.Keys(mpolModeFMap))
218|}
219|
220|// AllowedDevices is the set of devices which are automatically included for
221|// all containers.
222|//
223|// # XXX (cyphar)
224|//
225|// This behaviour is at the very least "questionable" (if not outright
226|// wrong) according to the runtime-spec.
227|//
228|// Yes, we have to include certain devices other than the ones the user
229|// specifies, but several devices listed here are not part of the spec
230|// (including "mknod for any device"?!). In addition, these rules are
231|// appended to the user-provided set which means that users *cannot disable
232|// this behaviour*.
233|//
234|// ... unfortunately I'm too scared to change this now because who knows how
235|// many people depend on this (incorrect and arguably insecure) behaviour.
236|var AllowedDevices = []*devices.Device{
237|	// allow mknod for any device
238|	{
239|		Rule: devices.Rule{
240|			Type:        devices.CharDevice,
241|			Major:       devices.Wildcard,
242|			Minor:       devices.Wildcard,
243|			Permissions: "m",
244|			Allow:       true,
245|		},
246|	},
247|	{
248|		Rule: devices.Rule{
249|			Type:        devices.BlockDevice,
250|			Major:       devices.Wildcard,
251|			Minor:       devices.Wildcard,
252|			Permissions: "m",
253|			Allow:       true,
254|		},
255|	},
256|	{
257|		Path:     "/dev/null",
258|		FileMode: 0o666,
259|		Uid:      0,
260|		Gid:      0,
261|		Rule: devices.Rule{
262|			Type:        devices.CharDevice,
263|			Major:       1,
264|			Minor:       3,
265|			Permissions: "rwm",
266|			Allow:       true,
267|		},
268|	},
269|	{
270|		Path:     "/dev/random",
271|		FileMode: 0o666,
272|		Uid:      0,
273|		Gid:      0,
274|		Rule: devices.Rule{
275|			Type:        devices.CharDevice,
276|			Major:       1,
277|			Minor:       8,
278|			Permissions: "rwm",
279|			Allow:       true,
280|		},
281|	},
282|	{
283|		Path:     "/dev/full",
284|		FileMode: 0o666,
285|		Uid:      0,
286|		Gid:      0,
287|		Rule: devices.Rule{
288|			Type:        devices.CharDevice,
289|			Major:       1,
290|			Minor:       7,
291|			Permissions: "rwm",
292|			Allow:       true,
293|		},
294|	},
295|	{
296|		Path:     "/dev/tty",
297|		FileMode: 0o666,
298|		Uid:      0,
299|		Gid:      0,
300|		Rule: devices.Rule{
301|			Type:        devices.CharDevice,
302|			Major:       5,
303|			Minor:       0,
304|			Permissions: "rwm",
305|			Allow:       true,
306|		},
307|	},
308|	{
309|		Path:     "/dev/zero",
310|		FileMode: 0o666,
311|		Uid:      0,
312|		Gid:      0,
313|		Rule: devices.Rule{
314|			Type:        devices.CharDevice,
315|			Major:       1,
316|			Minor:       5,
317|			Permissions: "rwm",
318|			Allow:       true,
319|		},
320|	},
(1007 more lines below)

Command Editor.scroll_down executed: [File: /home/aludy/scires/Cloud_Spec_Exp/external/worktrees/oci-metagpt-agentless-mini-rerun/metagpt/runc-5073/libcontainer/specconv/spec_linux.go (1327 lines total)]
(319 more lines above)
320|	},
321|	{
322|		Path:     "/dev/urandom",
323|		FileMode: 0o666,
324|		Uid:      0,
325|		Gid:      0,
326|		Rule: devices.Rule{
327|			Type:        devices.CharDevice,
328|			Major:       1,
329|			Minor:       9,
330|			Permissions: "rwm",
331|			Allow:       true,
332|		},
333|	},
334|	// /dev/pts/ - pts namespaces are "coming soon"
335|	{
336|		Rule: devices.Rule{
337|			Type:        devices.CharDevice,
338|			Major:       136,
339|			Minor:       devices.Wildcard,
340|			Permissions: "rwm",
341|			Allow:       true,
342|		},
343|	},
344|	{
345|		Rule: devices.Rule{
346|			Type:        devices.CharDevice,
347|			Major:       5,
348|			Minor:       2,
349|			Permissions: "rwm",
350|			Allow:       true,
351|		},
352|	},
353|	// The following entry for /dev/net/tun device was there from the
354|	// very early days of Docker, but got removed in runc 1.2.0-rc1,
355|	// causing a number of regressions for users (see
356|	// https://github.com/opencontainers/runc/pull/3468).
357|	//
358|	// Some upper-level orcherstration tools makes it either impossible
359|	// or cumbersome to supply additional device rules, so we have to
360|	// keep this for the sake of backward compatibility.
361|	{
362|		Rule: devices.Rule{
363|			Type:        devices.CharDevice,
364|			Major:       10,
365|			Minor:       200,
366|			Permissions: "rwm",
367|			Allow:       true,
368|		},
369|	},
370|}
371|
372|type CreateOpts struct {
373|	CgroupName       string
374|	UseSystemdCgroup bool
375|	NoPivotRoot      bool
376|	NoNewKeyring     bool
377|	Spec             *specs.Spec
378|	RootlessEUID     bool
379|	RootlessCgroups  bool
380|}
381|
382|// CreateLibcontainerConfig creates a new libcontainer configuration from a
383|// given specification and a cgroup name
384|func CreateLibcontainerConfig(opts *CreateOpts) (*configs.Config, error) {
385|	// Runc's cwd will always be the bundle path.
386|	// Use the value from the kernel, which guarantees the returned value
387|	// to be absolute and clean.
388|	cwd, err := linux.Getwd()
389|	if err != nil {
390|		return nil, err
391|	}
392|	spec := opts.Spec
393|	if spec.Root == nil {
394|		return nil, errors.New("root must be specified")
395|	}
396|	rootfsPath := spec.Root.Path
397|	if !filepath.IsAbs(rootfsPath) {
398|		rootfsPath = filepath.Join(cwd, rootfsPath)
399|	}
400|	labels := []string{}
401|	for k, v := range spec.Annotations {
402|		labels = append(labels, k+"="+v)
403|	}
404|	config := &configs.Config{
405|		Rootfs:          rootfsPath,
406|		NoPivotRoot:     opts.NoPivotRoot,
407|		Readonlyfs:      spec.Root.Readonly,
408|		Hostname:        spec.Hostname,
409|		Domainname:      spec.Domainname,
410|		Labels:          append(labels, "bundle="+cwd),
411|		NoNewKeyring:    opts.NoNewKeyring,
412|		RootlessEUID:    opts.RootlessEUID,
413|		RootlessCgroups: opts.RootlessCgroups,
414|	}
415|
416|	for _, m := range spec.Mounts {
417|		cm, err := createLibcontainerMount(cwd, m)
418|		if err != nil {
419|			return nil, fmt.Errorf("invalid mount %+v: %w", m, err)
420|		}
421|		config.Mounts = append(config.Mounts, cm)
422|	}
423|
424|	defaultDevs, err := createDevices(spec, config)
425|	if err != nil {
426|		return nil, err
427|	}
428|
429|	c, err := CreateCgroupConfig(opts, defaultDevs)
430|	if err != nil {
431|		return nil, err
432|	}
433|
434|	config.Cgroups = c
435|	// set linux-specific config
436|	if spec.Linux != nil {
437|		initMaps()
438|
439|		if spec.Linux.RootfsPropagation != "" {
440|			var exists bool
441|			if config.RootPropagation, exists = mountPropagationMapping[spec.Linux.RootfsPropagation]; !exists {
442|				return nil, fmt.Errorf("rootfsPropagation=%v is not supported", spec.Linux.RootfsPropagation)
443|			}
444|			if config.NoPivotRoot && (config.RootPropagation&unix.MS_PRIVATE != 0) {
445|				return nil, errors.New("rootfsPropagation of [r]private is not safe without pivot_root")
446|			}
447|		}
448|
449|		for _, ns := range spec.Linux.Namespaces {
450|			t, exists := namespaceMapping[ns.Type]
451|			if !exists {
452|				return nil, fmt.Errorf("namespace %q does not exist", ns)
453|			}
454|			if config.Namespaces.Contains(t) {
455|				return nil, fmt.Errorf("malformed spec file: duplicated ns %q", ns)
456|			}
457|			config.Namespaces.Add(t, ns.Path)
458|		}
459|		if config.Namespaces.IsPrivate(configs.NEWNET) {
460|			config.Networks = []*configs.Network{
461|				{
462|					Type: "loopback",
463|				},
464|			}
465|		}
466|		if config.Namespaces.Contains(configs.NEWUSER) {
467|			if err := setupUserNamespace(spec, config); err != nil {
468|				return nil, err
469|			}
470|			// For idmap and ridmap mounts without explicit mappings, use the
471|			// ones from the container's userns. If we are joining another
472|			// userns, stash the path.
473|			for _, m := range config.Mounts {
474|				if m.IDMapping != nil && m.IDMapping.UIDMappings == nil && m.IDMapping.GIDMappings == nil {
475|					if path := config.Namespaces.PathOf(configs.NEWUSER); path != "" {
476|						m.IDMapping.UserNSPath = path
477|					} else {
478|						m.IDMapping.UIDMappings = config.UIDMappings
479|						m.IDMapping.GIDMappings = config.GIDMappings
480|					}
481|				}
482|			}
483|		}
484|		config.MaskPaths = spec.Linux.MaskedPaths
485|		config.ReadonlyPaths = spec.Linux.ReadonlyPaths
486|		config.MountLabel = spec.Linux.MountLabel
487|		config.Sysctl = spec.Linux.Sysctl
488|		config.TimeOffsets = spec.Linux.TimeOffsets
489|		if spec.Linux.Seccomp != nil {
490|			seccomp, err := SetupSeccomp(spec.Linux.Seccomp)
491|			if err != nil {
492|				return nil, err
493|			}
494|			config.Seccomp = seccomp
495|		}
496|		if spec.Linux.IntelRdt != nil {
497|			config.IntelRdt = &configs.IntelRdt{
498|				ClosID:           spec.Linux.IntelRdt.ClosID,
499|				Schemata:         spec.Linux.IntelRdt.Schemata,
500|				L3CacheSchema:    spec.Linux.IntelRdt.L3CacheSchema,
501|				MemBwSchema:      spec.Linux.IntelRdt.MemBwSchema,
502|				EnableMonitoring: spec.Linux.IntelRdt.EnableMonitoring,
503|			}
504|		}
505|		if spec.Linux.MemoryPolicy != nil {
506|			var ok bool
507|			var err error
508|			specMp := spec.Linux.MemoryPolicy
509|			confMp := &configs.LinuxMemoryPolicy{}
510|			confMp.Mode, ok = mpolModeMap[string(specMp.Mode)]
511|			if !ok {
512|				return nil, fmt.Errorf("invalid memory policy mode %q", specMp.Mode)
513|			}
514|			confMp.Nodes, err = configs.ToCPUSet(specMp.Nodes)
515|			if err != nil {
516|				return nil, fmt.Errorf("invalid memory policy nodes %q: %w", specMp.Nodes, err)
517|			}
518|			for _, specFlag := range specMp.Flags {
519|				confFlag, ok := mpolModeFMap[string(specFlag)]
520|				if !ok {
(807 more lines below)
2026-07-25 16:05:05.795 | INFO     | metagpt.roles.di.role_zero:_act:292 - Commands: 
[{'command_name': 'Editor.search_file', 'args': {'search_term': 'createDevices', 'file_path': '/home/aludy/scires/Cloud_Spec_Exp/external/worktrees/oci-metagpt-agentless-mini-rerun/metagpt/runc-5073/libcontainer/specconv/spec_linux.go'}}, {'command_name': 'Editor.search_file', 'args': {'search_term': 'AllowedDevices', 'file_path': '/home/aludy/scires/Cloud_Spec_Exp/external/worktrees/oci-metagpt-agentless-mini-rerun/metagpt/runc-5073/libcontainer/specconv/spec_linux.go'}}]
2026-07-25 16:05:05.795 | INFO     | metagpt.roles.di.role_zero:_act:294 - Commands outputs: 
Command Editor.search_file executed: [Found 2 matches for "createDevices" in /home/aludy/scires/Cloud_Spec_Exp/external/worktrees/oci-metagpt-agentless-mini-rerun/metagpt/runc-5073/libcontainer/specconv/spec_linux.go]
Line 424: defaultDevs, err := createDevices(spec, config)
Line 1023: func createDevices(spec *specs.Spec, config *configs.Config) ([]*devices.Device, error) {
[End of matches for "createDevices" in /home/aludy/scires/Cloud_Spec_Exp/external/worktrees/oci-metagpt-agentless-mini-rerun/metagpt/runc-5073/libcontainer/specconv/spec_linux.go]

Command Editor.search_file executed: [Found 3 matches for "AllowedDevices" in /home/aludy/scires/Cloud_Spec_Exp/external/worktrees/oci-metagpt-agentless-mini-rerun/metagpt/runc-5073/libcontainer/specconv/spec_linux.go]
Line 220: // AllowedDevices is the set of devices which are automatically included for
Line 236: var AllowedDevices = []*devices.Device{
Line 1029: for _, ad := range AllowedDevices {
[End of matches for "AllowedDevices" in /home/aludy/scires/Cloud_Spec_Exp/external/worktrees/oci-metagpt-agentless-mini-rerun/metagpt/runc-5073/libcontainer/specconv/spec_linux.go]
2026-07-25 16:05:09.897 | ERROR    | metagpt.utils.common:parse_code:291 - ```json.*?\s+(.*?)\n``` not match following text:
2026-07-25 16:05:09.916 | ERROR    | metagpt.utils.common:parse_code:292 - 
2026-07-25 16:05:09.917 | WARNING  | metagpt.utils.role_zero_utils:parse_commands:115 - Failed to parse JSON for: . Trying to repair...
2026-07-25 16:05:22.384 | INFO     | metagpt.roles.di.role_zero:_act:292 - Commands: 
[{'command_name': 'Editor.goto_line', 'args': {'line_number': 1023}}]
2026-07-25 16:05:22.385 | INFO     | metagpt.roles.di.role_zero:_act:294 - Commands outputs: 
Command Editor.goto_line executed: [File: /home/aludy/scires/Cloud_Spec_Exp/external/worktrees/oci-metagpt-agentless-mini-rerun/metagpt/runc-5073/libcontainer/specconv/spec_linux.go (1327 lines total)]
(922 more lines above)
923|				if r.BlockIO.LeafWeight != nil {
924|					c.Resources.BlkioLeafWeight = *r.BlockIO.LeafWeight
925|				}
926|				for _, wd := range r.BlockIO.WeightDevice {
927|					var weight, leafWeight uint16
928|					if wd.Weight != nil {
929|						weight = *wd.Weight
930|					}
931|					if wd.LeafWeight != nil {
932|						leafWeight = *wd.LeafWeight
933|					}
934|					weightDevice := cgroups.NewWeightDevice(wd.Major, wd.Minor, weight, leafWeight)
935|					c.Resources.BlkioWeightDevice = append(c.Resources.BlkioWeightDevice, weightDevice)
936|				}
937|				for _, td := range r.BlockIO.ThrottleReadBpsDevice {
938|					rate := td.Rate
939|					throttleDevice := cgroups.NewThrottleDevice(td.Major, td.Minor, rate)
940|					c.Resources.BlkioThrottleReadBpsDevice = append(c.Resources.BlkioThrottleReadBpsDevice, throttleDevice)
941|				}
942|				for _, td := range r.BlockIO.ThrottleWriteBpsDevice {
943|					rate := td.Rate
944|					throttleDevice := cgroups.NewThrottleDevice(td.Major, td.Minor, rate)
945|					c.Resources.BlkioThrottleWriteBpsDevice = append(c.Resources.BlkioThrottleWriteBpsDevice, throttleDevice)
946|				}
947|				for _, td := range r.BlockIO.ThrottleReadIOPSDevice {
948|					rate := td.Rate
949|					throttleDevice := cgroups.NewThrottleDevice(td.Major, td.Minor, rate)
950|					c.Resources.BlkioThrottleReadIOPSDevice = append(c.Resources.BlkioThrottleReadIOPSDevice, throttleDevice)
951|				}
952|				for _, td := range r.BlockIO.ThrottleWriteIOPSDevice {
953|					rate := td.Rate
954|					throttleDevice := cgroups.NewThrottleDevice(td.Major, td.Minor, rate)
955|					c.Resources.BlkioThrottleWriteIOPSDevice = append(c.Resources.BlkioThrottleWriteIOPSDevice, throttleDevice)
956|				}
957|			}
958|			for _, l := range r.HugepageLimits {
959|				c.Resources.HugetlbLimit = append(c.Resources.HugetlbLimit, &cgroups.HugepageLimit{
960|					Pagesize: l.Pagesize,
961|					Limit:    l.Limit,
962|				})
963|			}
964|			if len(r.Rdma) > 0 {
965|				c.Resources.Rdma = make(map[string]cgroups.LinuxRdma, len(r.Rdma))
966|				for k, v := range r.Rdma {
967|					c.Resources.Rdma[k] = cgroups.LinuxRdma{
968|						HcaHandles: v.HcaHandles,
969|						HcaObjects: v.HcaObjects,
970|					}
971|				}
972|			}
973|			if r.Network != nil {
974|				if r.Network.ClassID != nil {
975|					c.Resources.NetClsClassid = *r.Network.ClassID
976|				}
977|				for _, m := range r.Network.Priorities {
978|					c.Resources.NetPrioIfpriomap = append(c.Resources.NetPrioIfpriomap, &cgroups.IfPrioMap{
979|						Interface: m.Name,
980|						Priority:  int64(m.Priority),
981|					})
982|				}
983|			}
984|			if len(r.Unified) > 0 {
985|				c.Resources.Unified = maps.Clone(r.Unified)
986|			}
987|		}
988|	}
989|
990|	// Append the default allowed devices to the end of the list.
991|	for _, device := range defaultDevs {
992|		c.Resources.Devices = append(c.Resources.Devices, &device.Rule)
993|	}
994|	return c, nil
995|}
996|
997|func stringToCgroupDeviceRune(s string) (devices.Type, error) {
998|	switch s {
999|	case "a":
1000|		return devices.WildcardDevice, nil
1001|	case "b":
1002|		return devices.BlockDevice, nil
1003|	case "c":
1004|		return devices.CharDevice, nil
1005|	default:
1006|		return 0, fmt.Errorf("invalid cgroup device type %q", s)
1007|	}
1008|}
1009|
1010|func stringToDeviceRune(s string) (devices.Type, error) {
1011|	switch s {
1012|	case "p":
1013|		return devices.FifoDevice, nil
1014|	case "u", "c":
1015|		return devices.CharDevice, nil
1016|	case "b":
1017|		return devices.BlockDevice, nil
1018|	default:
1019|		return 0, fmt.Errorf("invalid device type %q", s)
1020|	}
1021|}
1022|
1023|func createDevices(spec *specs.Spec, config *configs.Config) ([]*devices.Device, error) {
1024|	// If a spec device is redundant with a default device, remove that default
1025|	// device (the spec one takes priority).
1026|	dedupedAllowDevs := []*devices.Device{}
1027|
1028|next:
1029|	for _, ad := range AllowedDevices {
1030|		if ad.Path != "" && spec.Linux != nil {
1031|			for _, sd := range spec.Linux.Devices {
1032|				if sd.Path == ad.Path {
1033|					continue next
1034|				}
1035|			}
1036|		}
1037|		dedupedAllowDevs = append(dedupedAllowDevs, ad)
1038|		if ad.Path != "" {
1039|			config.Devices = append(config.Devices, ad)
1040|		}
1041|	}
1042|
1043|	// Merge in additional devices from the spec.
1044|	if spec.Linux != nil {
1045|		for _, d := range spec.Linux.Devices {
1046|			var uid, gid uint32
1047|			var filemode os.FileMode = 0o666
1048|
1049|			if d.UID != nil {
1050|				uid = *d.UID
1051|			}
1052|			if d.GID != nil {
1053|				gid = *d.GID
1054|			}
1055|			dt, err := stringToDeviceRune(d.Type)
1056|			if err != nil {
1057|				return nil, err
1058|			}
1059|			if d.FileMode != nil {
1060|				filemode = *d.FileMode &^ unix.S_IFMT
1061|			}
1062|			device := &devices.Device{
1063|				Rule: devices.Rule{
1064|					Type:  dt,
1065|					Major: d.Major,
1066|					Minor: d.Minor,
1067|				},
1068|				Path:     d.Path,
1069|				FileMode: filemode,
1070|				Uid:      uid,
1071|				Gid:      gid,
1072|			}
1073|			config.Devices = append(config.Devices, device)
1074|		}
1075|	}
1076|
1077|	return dedupedAllowDevs, nil
1078|}
1079|
1080|func setupUserNamespace(spec *specs.Spec, config *configs.Config) error {
1081|	if spec.Linux != nil {
1082|		config.UIDMappings = toConfigIDMap(spec.Linux.UIDMappings)
1083|		config.GIDMappings = toConfigIDMap(spec.Linux.GIDMappings)
1084|	}
1085|	if path := config.Namespaces.PathOf(configs.NEWUSER); path != "" {
1086|		// Cache the current userns mappings in our configuration, so that we
1087|		// can calculate uid and gid mappings within runc. These mappings are
1088|		// never used for configuring the container if the path is set.
1089|		uidMap, gidMap, err := userns.GetUserNamespaceMappings(path)
1090|		if err != nil {
1091|			return fmt.Errorf("failed to cache mappings for userns: %w", err)
1092|		}
1093|		// We cannot allow uid or gid mappings to be set if we are also asked
1094|		// to join a userns.
1095|		if config.UIDMappings != nil || config.GIDMappings != nil {
1096|			// FIXME: It turns out that containerd and CRIO pass both a userns
1097|			// path and the mappings of the namespace in the same config.json.
1098|			// Such a configuration is technically not valid, but we used to
1099|			// require mappings be specified, and thus users worked around our
1100|			// bug -- so we can't regress it at the moment. But we also don't
1101|			// want to produce broken behaviour if the mapping doesn't match
1102|			// the userns. So (for now) we output a warning if the actual
1103|			// userns mappings match the configuration, otherwise we return an
1104|			// error.
1105|			if !userns.IsSameMapping(uidMap, config.UIDMappings) ||
1106|				!userns.IsSameMapping(gidMap, config.GIDMappings) {
1107|				return errors.New("user namespaces enabled, but both namespace path and non-matching mapping specified -- you may only provide one")
1108|			}
1109|			logrus.Warnf("config.json has both a userns path to join and a matching userns mapping specified -- you may only provide one. Future versions of runc may return an error with this configuration, please report a bug on <https://github.com/opencontainers/runc> if you see this warning and cannot update your configuration.")
1110|		}
1111|
1112|		config.UIDMappings = uidMap
1113|		config.GIDMappings = gidMap
1114|		logrus.WithFields(logrus.Fields{
1115|			"uid_map": uidMap,
1116|			"gid_map": gidMap,
1117|		}).Debugf("config uses path-based userns configuration -- current uid and gid mappings cached")
1118|	}
1119|	rootUID, err := config.HostRootUID()
1120|	if err != nil {
1121|		return err
1122|	}
1123|	rootGID, err := config.HostRootGID()
(204 more lines below)
2026-07-25 16:05:29.276 | INFO     | metagpt.roles.di.role_zero:_act:292 - Commands: 
[{'command_name': 'Editor.read', 'args': {'path': '/home/aludy/scires/Cloud_Spec_Exp/external/worktrees/oci-metagpt-agentless-mini-rerun/metagpt/runc-5073/vendor/github.com/opencontainers/cgroups/devices/ebpf_linux.go'}}]
2026-07-25 16:05:29.288 | INFO     | metagpt.roles.di.role_zero:_act:294 - Commands outputs: 
Command Editor.read executed: file_path='/home/aludy/scires/Cloud_Spec_Exp/external/worktrees/oci-metagpt-agentless-mini-rerun/metagpt/runc-5073/vendor/github.com/opencontainers/cgroups/devices/ebpf_linux.go' block_content='001|package devices\n002|\n003|import (\n004|\t"errors"\n005|\t"fmt"\n006|\t"os"\n007|\t"runtime"\n008|\t"sync"\n009|\t"unsafe"\n010|\n011|\t"github.com/cilium/ebpf"\n012|\t"github.com/cilium/ebpf/asm"\n013|\t"github.com/cilium/ebpf/link"\n014|\t"github.com/sirupsen/logrus"\n015|\t"golang.org/x/sys/unix"\n016|)\n017|\n018|func nilCloser() error {\n019|\treturn nil\n020|}\n021|\n022|func findAttachedCgroupDeviceFilters(dirFd int) ([]*ebpf.Program, error) {\n023|\ttype bpfAttrQuery struct {\n024|\t\tTargetFd    uint32\n025|\t\tAttachType  uint32\n026|\t\tQueryType   uint32\n027|\t\tAttachFlags uint32\n028|\t\tProgIds     uint64 // __aligned_u64\n029|\t\tProgCnt     uint32\n030|\t}\n031|\n032|\t// Currently you can only have 64 eBPF programs attached to a cgroup.\n033|\tsize := 64\n034|\tretries := 0\n035|\tfor retries < 10 {\n036|\t\tprogIds := make([]uint32, size)\n037|\t\tquery := bpfAttrQuery{\n038|\t\t\tTargetFd:   uint32(dirFd),\n039|\t\t\tAttachType: uint32(unix.BPF_CGROUP_DEVICE),\n040|\t\t\tProgIds:    uint64(uintptr(unsafe.Pointer(&progIds[0]))),\n041|\t\t\tProgCnt:    uint32(len(progIds)),\n042|\t\t}\n043|\n044|\t\t// Fetch the list of program ids.\n045|\t\t_, _, errno := unix.Syscall(unix.SYS_BPF,\n046|\t\t\tuintptr(unix.BPF_PROG_QUERY),\n047|\t\t\tuintptr(unsafe.Pointer(&query)),\n048|\t\t\tunsafe.Sizeof(query))\n049|\t\tsize = int(query.ProgCnt)\n050|\t\truntime.KeepAlive(query)\n051|\t\tif errno != 0 {\n052|\t\t\t// On ENOSPC we get the correct number of programs.\n053|\t\t\tif errno == unix.ENOSPC {\n054|\t\t\t\tretries++\n055|\t\t\t\tcontinue\n056|\t\t\t}\n057|\t\t\treturn nil, fmt.Errorf("bpf_prog_query(BPF_CGROUP_DEVICE) failed: %w", errno)\n058|\t\t}\n059|\n060|\t\t// Convert the ids to program handles.\n061|\t\tprogIds = progIds[:size]\n062|\t\tprograms := make([]*ebpf.Program, 0, len(progIds))\n063|\t\tfor _, progId := range progIds {\n064|\t\t\tprogram, err := ebpf.NewProgramFromID(ebpf.ProgramID(progId))\n065|\t\t\tif err != nil {\n066|\t\t\t\t// We skip over programs that give us -EACCES or -EPERM. This\n067|\t\t\t\t// is necessary because there may be BPF programs that have\n068|\t\t\t\t// been attached (such as with --systemd-cgroup) which have an\n069|\t\t\t\t// LSM label that blocks us from interacting with the program.\n070|\t\t\t\t//\n071|\t\t\t\t// Because additional BPF_CGROUP_DEVICE programs only can add\n072|\t\t\t\t// restrictions, there\'s no real issue with just ignoring these\n073|\t\t\t\t// programs (and stops runc from breaking on distributions with\n074|\t\t\t\t// very strict SELinux policies).\n075|\t\t\t\tif errors.Is(err, os.ErrPermission) {\n076|\t\t\t\t\tlogrus.Debugf("ignoring existing CGROUP_DEVICE program (prog_id=%v) which cannot be accessed by runc -- likely due to LSM policy: %v", progId, err)\n077|\t\t\t\t\tcontinue\n078|\t\t\t\t}\n079|\t\t\t\treturn nil, fmt.Errorf("cannot fetch program from id: %w", err)\n080|\t\t\t}\n081|\t\t\tprograms = append(programs, program)\n082|\t\t}\n083|\t\truntime.KeepAlive(progIds)\n084|\t\treturn programs, nil\n085|\t}\n086|\n087|\treturn nil, errors.New("could not get complete list of CGROUP_DEVICE programs")\n088|}\n089|\n090|var (\n091|\thaveBpfProgReplaceBool bool\n092|\thaveBpfProgReplaceOnce sync.Once\n093|)\n094|\n095|// Loosely based on the BPF_F_REPLACE support check in\n096|// https://github.com/cilium/ebpf/blob/v0.6.0/link/syscalls.go.\n097|//\n098|// TODO: move this logic to cilium/ebpf\n099|func haveBpfProgReplace() bool {\n100|\thaveBpfProgReplaceOnce.Do(func() {\n101|\t\tprog, err := ebpf.NewProgram(&ebpf.ProgramSpec{\n102|\t\t\tType:    ebpf.CGroupDevice,\n103|\t\t\tLicense: "MIT",\n104|\t\t\tInstructions: asm.Instructions{\n105|\t\t\t\tasm.Mov.Imm(asm.R0, 0),\n106|\t\t\t\tasm.Return(),\n107|\t\t\t},\n108|\t\t})\n109|\t\tif err != nil {\n110|\t\t\tlogrus.Warnf("checking for BPF_F_REPLACE support: ebpf.NewProgram failed: %v", err)\n111|\t\t\treturn\n112|\t\t}\n113|\t\tdefer prog.Close()\n114|\n115|\t\tdevnull, err := os.Open("/dev/null")\n116|\t\tif err != nil {\n117|\t\t\tlogrus.Warnf("checking for BPF_F_REPLACE support: open dummy target fd: %v", err)\n118|\t\t\treturn\n119|\t\t}\n120|\t\tdefer devnull.Close()\n121|\n122|\t\t// We know that we have BPF_PROG_ATTACH since we can load\n123|\t\t// BPF_CGROUP_DEVICE programs. If passing BPF_F_REPLACE gives us EINVAL\n124|\t\t// we know that the feature isn\'t present.\n125|\t\terr = link.RawAttachProgram(link.RawAttachProgramOptions{\n126|\t\t\t// We rely on this fd being checked after attachFlags in the kernel.\n127|\t\t\tTarget: int(devnull.Fd()),\n128|\t\t\t// Attempt to "replace" our BPF program with itself. This will\n129|\t\t\t// always fail, but we should get -EINVAL if BPF_F_REPLACE is not\n130|\t\t\t// supported.\n131|\t\t\tAnchor:  link.ReplaceProgram(prog),\n132|\t\t\tProgram: prog,\n133|\t\t\tAttach:  ebpf.AttachCGroupDevice,\n134|\t\t\tFlags:   unix.BPF_F_ALLOW_MULTI,\n135|\t\t})\n136|\t\tif errors.Is(err, ebpf.ErrNotSupported) || errors.Is(err, unix.EINVAL) {\n137|\t\t\t// not supported\n138|\t\t\treturn\n139|\t\t}\n140|\t\tif !errors.Is(err, unix.EBADF) {\n141|\t\t\t// If we see any new errors here, it\'s possible that there is a\n142|\t\t\t// regression due to a cilium/ebpf update and the above EINVAL\n143|\t\t\t// checks are not working. So, be loud about it so someone notices\n144|\t\t\t// and we can get the issue fixed quicker.\n145|\t\t\tlogrus.Warnf("checking for BPF_F_REPLACE: got unexpected (not EBADF or EINVAL) error: %v", err)\n146|\t\t}\n147|\t\thaveBpfProgReplaceBool = true\n148|\t})\n149|\treturn haveBpfProgReplaceBool\n150|}\n151|\n152|// loadAttachCgroupDeviceFilter installs eBPF device filter program to /sys/fs/cgroup/<foo> directory.\n153|//\n154|// Requires the system to be running in cgroup2 unified-mode with kernel >= 4.15 .\n155|//\n156|// https://github.com/torvalds/linux/commit/ebc614f687369f9df99828572b1d85a7c2de3d92\n157|func loadAttachCgroupDeviceFilter(insts asm.Instructions, license string, dirFd int) (func() error, error) {\n158|\t// Increase `ulimit -l` limit to avoid BPF_PROG_LOAD error (#2167).\n159|\t// This limit is not inherited into the container.\n160|\tmemlockLimit := &unix.Rlimit{\n161|\t\tCur: unix.RLIM_INFINITY,\n162|\t\tMax: unix.RLIM_INFINITY,\n163|\t}\n164|\t_ = unix.Setrlimit(unix.RLIMIT_MEMLOCK, memlockLimit)\n165|\n166|\t// Get the list of existing programs.\n167|\toldProgs, err := findAttachedCgroupDeviceFilters(dirFd)\n168|\tif err != nil {\n169|\t\treturn nilCloser, err\n170|\t}\n171|\tuseReplaceProg := haveBpfProgReplace() && len(oldProgs) == 1\n172|\n173|\t// Generate new program.\n174|\tspec := &ebpf.ProgramSpec{\n175|\t\tType:         ebpf.CGroupDevice,\n176|\t\tInstructions: insts,\n177|\t\tLicense:      license,\n178|\t}\n179|\tprog, err := ebpf.NewProgram(spec)\n180|\tif err != nil {\n181|\t\treturn nilCloser, err\n182|\t}\n183|\n184|\t// If there is only one old program, we can just replace it directly.\n185|\n186|\tattachProgramOptions := link.RawAttachProgramOptions{\n187|\t\tTarget:  dirFd,\n188|\t\tProgram: prog,\n189|\t\tAttach:  ebpf.AttachCGroupDevice,\n190|\t\tFlags:   unix.BPF_F_ALLOW_MULTI,\n191|\t}\n192|\n193|\tif useReplaceProg {\n194|\t\tattachProgramOptions.Anchor = link.ReplaceProgram(oldProgs[0])\n195|\t}\n196|\terr = link.RawAttachProgram(attachProgramOptions)\n197|\tif err != nil {\n198|\t\treturn nilCloser, fmt.Errorf("failed to call BPF_PROG_ATTACH (BPF_CGROUP_DEVICE, BPF_F_ALLOW_MULTI): %w", err)\n199|\t}\n200|\tcloser := func() error {\n201|\t\terr = link.RawDetachProgram(link.RawDetachProgramOptions{\n202|\t\t\tTarget:  dirFd,\n203|\t\t\tProgram: prog,\n204|\t\t\tAttach:  ebpf.AttachCGroupDevice,\n205|\t\t})\n206|\t\tif err != nil {\n207|\t\t\treturn fmt.Errorf("failed to call BPF_PROG_DETACH (BPF_CGROUP_DEVICE): %w", err)\n208|\t\t}\n209|\t\t// TODO: Should we attach the old filters back in this case? Otherwise\n210|\t\t//       we fail-open on a security feature, which is a bit scary.\n211|\t\treturn nil\n212|\t}\n213|\tif !useReplaceProg {\n214|\t\tlogLevel := logrus.DebugLevel\n215|\t\t// If there was more than one old program, give a warning (since this\n216|\t\t// really shouldn\'t happen with runc-managed cgroups) and then detach\n217|\t\t// all the old programs.\n218|\t\tif len(oldProgs) > 1 {\n219|\t\t\t// NOTE: Ideally this should be a warning but it turns out that\n220|\t\t\t//       systemd-managed cgroups trigger this warning (apparently\n221|\t\t\t//       systemd doesn\'t delete old non-systemd programs when\n222|\t\t\t//       setting properties).\n223|\t\t\tlogrus.Infof("found more than one filter (%d) attached to a cgroup -- removing extra filters!", len(oldProgs))\n224|\t\t\tlogLevel = logrus.InfoLevel\n225|\t\t}\n226|\t\tfor idx, oldProg := range oldProgs {\n227|\t\t\t// Output some extra debug info.\n228|\t\t\tif info, err := oldProg.Info(); err == nil {\n229|\t\t\t\tfields := logrus.Fields{\n230|\t\t\t\t\t"type": info.Type.String(),\n231|\t\t\t\t\t"tag":  info.Tag,\n232|\t\t\t\t\t"name": info.Name,\n233|\t\t\t\t}\n234|\t\t\t\tif id, ok := info.ID(); ok {\n235|\t\t\t\t\tfields["id"] = id\n236|\t\t\t\t}\n237|\t\t\t\tif runCount, ok := info.RunCount(); ok {\n238|\t\t\t\t\tfields["run_count"] = runCount\n239|\t\t\t\t}\n240|\t\t\t\tif runtime, ok := info.Runtime(); ok {\n241|\t\t\t\t\tfields["runtime"] = runtime.String()\n242|\t\t\t\t}\n243|\t\t\t\tlogrus.WithFields(fields).Logf(logLevel, "removing old filter %d from cgroup", idx)\n244|\t\t\t}\n245|\t\t\terr = link.RawDetachProgram(link.RawDetachProgramOptions{\n246|\t\t\t\tTarget:  dirFd,\n247|\t\t\t\tProgram: oldProg,\n248|\t\t\t\tAttach:  ebpf.AttachCGroupDevice,\n249|\t\t\t})\n250|\t\t\tif err != nil {\n251|\t\t\t\treturn closer, fmt.Errorf("failed to call BPF_PROG_DETACH (BPF_CGROUP_DEVICE) on old filter program: %w", err)\n252|\t\t\t}\n253|\t\t}\n254|\t}\n255|\treturn closer, nil\n256|}\n'
2026-07-25 16:05:38.512 | INFO     | metagpt.roles.di.role_zero:_act:292 - Commands: 
[{'command_name': 'Editor.read', 'args': {'path': '/home/aludy/scires/Cloud_Spec_Exp/external/worktrees/oci-metagpt-agentless-mini-rerun/metagpt/runc-5073/vendor/github.com/opencontainers/cgroups/devices/devicefilter.go'}}]
2026-07-25 16:05:38.523 | INFO     | metagpt.roles.di.role_zero:_act:294 - Commands outputs: 
Command Editor.read executed: file_path='/home/aludy/scires/Cloud_Spec_Exp/external/worktrees/oci-metagpt-agentless-mini-rerun/metagpt/runc-5073/vendor/github.com/opencontainers/cgroups/devices/devicefilter.go' block_content='001|// Implements creation of eBPF device filter program.\n002|//\n003|// Based on https://github.com/containers/crun/blob/0.10.2/src/libcrun/ebpf.c\n004|//\n005|// Although ebpf.c is originally licensed under LGPL-3.0-or-later, the author (Giuseppe Scrivano)\n006|// agreed to relicense the file in Apache License 2.0: https://github.com/opencontainers/runc/issues/2144#issuecomment-543116397\n007|package devices\n008|\n009|import (\n010|\t"errors"\n011|\t"fmt"\n012|\t"math"\n013|\t"strconv"\n014|\n015|\t"github.com/cilium/ebpf/asm"\n016|\tdevices "github.com/opencontainers/cgroups/devices/config"\n017|\t"golang.org/x/sys/unix"\n018|)\n019|\n020|const (\n021|\t// license string format is same as kernel MODULE_LICENSE macro\n022|\tlicense = "Apache"\n023|)\n024|\n025|// deviceFilter returns eBPF device filter program and its license string.\n026|func deviceFilter(rules []*devices.Rule) (asm.Instructions, string, error) {\n027|\t// Generate the minimum ruleset for the device rules we are given. While we\n028|\t// don\'t care about minimum transitions in cgroupv2, using the emulator\n029|\t// gives us a guarantee that the behaviour of devices filtering is the same\n030|\t// as cgroupv1, including security hardenings to avoid misconfiguration\n031|\t// (such as punching holes in wildcard rules).\n032|\temu := new(emulator)\n033|\tfor _, rule := range rules {\n034|\t\tif err := emu.Apply(*rule); err != nil {\n035|\t\t\treturn nil, "", err\n036|\t\t}\n037|\t}\n038|\tcleanRules, err := emu.Rules()\n039|\tif err != nil {\n040|\t\treturn nil, "", err\n041|\t}\n042|\n043|\tp := &program{\n044|\t\tdefaultAllow: emu.IsBlacklist(),\n045|\t}\n046|\tp.init()\n047|\n048|\tfor idx, rule := range cleanRules {\n049|\t\tif rule.Type == devices.WildcardDevice {\n050|\t\t\t// We can safely skip over wildcard entries because there should\n051|\t\t\t// only be one (at most) at the very start to instruct cgroupv1 to\n052|\t\t\t// go into allow-list mode. However we do double-check this here.\n053|\t\t\tif idx != 0 || rule.Allow != emu.IsBlacklist() {\n054|\t\t\t\treturn nil, "", fmt.Errorf("[internal error] emulated cgroupv2 devices ruleset had bad wildcard at idx %v (%s)", idx, rule.CgroupString())\n055|\t\t\t}\n056|\t\t\tcontinue\n057|\t\t}\n058|\t\tif rule.Allow == p.defaultAllow {\n059|\t\t\t// There should be no rules which have an action equal to the\n060|\t\t\t// default action, the emulator removes those.\n061|\t\t\treturn nil, "", fmt.Errorf("[internal error] emulated cgroupv2 devices ruleset had no-op rule at idx %v (%s)", idx, rule.CgroupString())\n062|\t\t}\n063|\t\tif err := p.appendRule(rule); err != nil {\n064|\t\t\treturn nil, "", err\n065|\t\t}\n066|\t}\n067|\treturn p.finalize(), license, nil\n068|}\n069|\n070|type program struct {\n071|\tinsts        asm.Instructions\n072|\tdefaultAllow bool\n073|\tblockID      int\n074|}\n075|\n076|func (p *program) init() {\n077|\t// struct bpf_cgroup_dev_ctx: https://elixir.bootlin.com/linux/v5.3.6/source/include/uapi/linux/bpf.h#L3423\n078|\t/*\n079|\t\tu32 access_type\n080|\t\tu32 major\n081|\t\tu32 minor\n082|\t*/\n083|\t// R2 <- type (lower 16 bit of u32 access_type at R1[0])\n084|\tp.insts = append(p.insts,\n085|\t\tasm.LoadMem(asm.R2, asm.R1, 0, asm.Word),\n086|\t\tasm.And.Imm32(asm.R2, 0xFFFF))\n087|\n088|\t// R3 <- access (upper 16 bit of u32 access_type at R1[0])\n089|\tp.insts = append(p.insts,\n090|\t\tasm.LoadMem(asm.R3, asm.R1, 0, asm.Word),\n091|\t\t// RSh: bitwise shift right\n092|\t\tasm.RSh.Imm32(asm.R3, 16))\n093|\n094|\t// R4 <- major (u32 major at R1[4])\n095|\tp.insts = append(p.insts,\n096|\t\tasm.LoadMem(asm.R4, asm.R1, 4, asm.Word))\n097|\n098|\t// R5 <- minor (u32 minor at R1[8])\n099|\tp.insts = append(p.insts,\n100|\t\tasm.LoadMem(asm.R5, asm.R1, 8, asm.Word))\n101|}\n102|\n103|// appendRule rule converts an OCI rule to the relevant eBPF block and adds it\n104|// to the in-progress filter program. In order to operate properly, it must be\n105|// called with a "clean" rule list (generated by devices.Emulator.Rules() --\n106|// with any "a" rules removed).\n107|func (p *program) appendRule(rule *devices.Rule) error {\n108|\tif p.blockID < 0 {\n109|\t\treturn errors.New("the program is finalized")\n110|\t}\n111|\n112|\tvar bpfType int32\n113|\tswitch rule.Type {\n114|\tcase devices.CharDevice:\n115|\t\tbpfType = int32(unix.BPF_DEVCG_DEV_CHAR)\n116|\tcase devices.BlockDevice:\n117|\t\tbpfType = int32(unix.BPF_DEVCG_DEV_BLOCK)\n118|\tdefault:\n119|\t\t// We do not permit \'a\', nor any other types we don\'t know about.\n120|\t\treturn fmt.Errorf("invalid type %q", string(rule.Type))\n121|\t}\n122|\tif rule.Major > math.MaxUint32 {\n123|\t\treturn fmt.Errorf("invalid major %d", rule.Major)\n124|\t}\n125|\tif rule.Minor > math.MaxUint32 {\n126|\t\treturn fmt.Errorf("invalid minor %d", rule.Major)\n127|\t}\n128|\thasMajor := rule.Major >= 0 // if not specified in OCI json, major is set to -1\n129|\thasMinor := rule.Minor >= 0\n130|\tbpfAccess := int32(0)\n131|\tfor _, r := range rule.Permissions {\n132|\t\tswitch r {\n133|\t\tcase \'r\':\n134|\t\t\tbpfAccess |= unix.BPF_DEVCG_ACC_READ\n135|\t\tcase \'w\':\n136|\t\t\tbpfAccess |= unix.BPF_DEVCG_ACC_WRITE\n137|\t\tcase \'m\':\n138|\t\t\tbpfAccess |= unix.BPF_DEVCG_ACC_MKNOD\n139|\t\tdefault:\n140|\t\t\treturn fmt.Errorf("unknown device access %v", r)\n141|\t\t}\n142|\t}\n143|\t// If the access is rwm, skip the check.\n144|\thasAccess := bpfAccess != (unix.BPF_DEVCG_ACC_READ | unix.BPF_DEVCG_ACC_WRITE | unix.BPF_DEVCG_ACC_MKNOD)\n145|\n146|\tvar (\n147|\t\tblockSym         = "block-" + strconv.Itoa(p.blockID)\n148|\t\tnextBlockSym     = "block-" + strconv.Itoa(p.blockID+1)\n149|\t\tprevBlockLastIdx = len(p.insts) - 1\n150|\t)\n151|\tp.insts = append(p.insts,\n152|\t\t// if (R2 != bpfType) goto next\n153|\t\tasm.JNE.Imm(asm.R2, bpfType, nextBlockSym),\n154|\t)\n155|\tif hasAccess {\n156|\t\tp.insts = append(p.insts,\n157|\t\t\t// if (R3 & bpfAccess != R3 /* use R1 as a temp var */) goto next\n158|\t\t\tasm.Mov.Reg32(asm.R1, asm.R3),\n159|\t\t\tasm.And.Imm32(asm.R1, bpfAccess),\n160|\t\t\tasm.JNE.Reg(asm.R1, asm.R3, nextBlockSym),\n161|\t\t)\n162|\t}\n163|\tif hasMajor {\n164|\t\tp.insts = append(p.insts,\n165|\t\t\t// if (R4 != major) goto next\n166|\t\t\tasm.JNE.Imm(asm.R4, int32(rule.Major), nextBlockSym),\n167|\t\t)\n168|\t}\n169|\tif hasMinor {\n170|\t\tp.insts = append(p.insts,\n171|\t\t\t// if (R5 != minor) goto next\n172|\t\t\tasm.JNE.Imm(asm.R5, int32(rule.Minor), nextBlockSym),\n173|\t\t)\n174|\t}\n175|\tp.insts = append(p.insts, acceptBlock(rule.Allow)...)\n176|\t// set blockSym to the first instruction we added in this iteration\n177|\tp.insts[prevBlockLastIdx+1] = p.insts[prevBlockLastIdx+1].WithSymbol(blockSym)\n178|\tp.blockID++\n179|\treturn nil\n180|}\n181|\n182|func (p *program) finalize() asm.Instructions {\n183|\tvar v int32\n184|\tif p.defaultAllow {\n185|\t\tv = 1\n186|\t}\n187|\tblockSym := "block-" + strconv.Itoa(p.blockID)\n188|\tp.insts = append(p.insts,\n189|\t\t// R0 <- v\n190|\t\tasm.Mov.Imm32(asm.R0, v).WithSymbol(blockSym),\n191|\t\tasm.Return(),\n192|\t)\n193|\tp.blockID = -1\n194|\treturn p.insts\n195|}\n196|\n197|func acceptBlock(accept bool) asm.Instructions {\n198|\tvar v int32\n199|\tif accept {\n200|\t\tv = 1\n201|\t}\n202|\treturn []asm.Instruction{\n203|\t\t// R0 <- v\n204|\t\tasm.Mov.Imm32(asm.R0, v),\n205|\t\tasm.Return(),\n206|\t}\n207|}\n'
2026-07-25 16:05:47.529 | INFO     | metagpt.roles.di.role_zero:_act:292 - Commands: 
[{'command_name': 'Editor.search_file', 'args': {'search_term': 'CreateCgroupConfig', 'file_path': '/home/aludy/scires/Cloud_Spec_Exp/external/worktrees/oci-metagpt-agentless-mini-rerun/metagpt/runc-5073/libcontainer/specconv/spec_linux.go'}}, {'command_name': 'Editor.search_file', 'args': {'search_term': 'linux.resources.devices', 'file_path': '/home/aludy/scires/Cloud_Spec_Exp/external/worktrees/oci-metagpt-agentless-mini-rerun/metagpt/runc-5073/libcontainer/specconv/spec_linux.go'}}]
2026-07-25 16:05:47.530 | INFO     | metagpt.roles.di.role_zero:_act:294 - Commands outputs: 
Command Editor.search_file executed: [Found 2 matches for "CreateCgroupConfig" in /home/aludy/scires/Cloud_Spec_Exp/external/worktrees/oci-metagpt-agentless-mini-rerun/metagpt/runc-5073/libcontainer/specconv/spec_linux.go]
Line 429: c, err := CreateCgroupConfig(opts, defaultDevs)
Line 778: func CreateCgroupConfig(opts *CreateOpts, defaultDevs []*devices.Device) (*cgroups.Cgroup, error) {
[End of matches for "CreateCgroupConfig" in /home/aludy/scires/Cloud_Spec_Exp/external/worktrees/oci-metagpt-agentless-mini-rerun/metagpt/runc-5073/libcontainer/specconv/spec_linux.go]

Command Editor.search_file executed: [No matches found for "linux.resources.devices" in /home/aludy/scires/Cloud_Spec_Exp/external/worktrees/oci-metagpt-agentless-mini-rerun/metagpt/runc-5073/libcontainer/specconv/spec_linux.go]
2026-07-25 16:05:55.120 | INFO     | metagpt.roles.di.role_zero:_act:292 - Commands: 
[{'command_name': 'Editor.goto_line', 'args': {'line_number': 778}}]
2026-07-25 16:05:55.120 | INFO     | metagpt.roles.di.role_zero:_act:294 - Commands outputs: 
Command Editor.goto_line executed: [File: /home/aludy/scires/Cloud_Spec_Exp/external/worktrees/oci-metagpt-agentless-mini-rerun/metagpt/runc-5073/libcontainer/specconv/spec_linux.go (1327 lines total)]
(677 more lines above)
678|		strings.IndexByte(mnt.Destination, 0) >= 0 ||
679|		strings.IndexByte(mnt.Device, 0) >= 0 {
680|		return nil, errors.New("mount field contains null byte")
681|	}
682|
683|	return mnt, nil
684|}
685|
686|// checkPropertyName checks if systemd property name is valid. A valid name
687|// should consist of latin letters only, and have least 3 of them.
688|func checkPropertyName(s string) error {
689|	if len(s) < 3 {
690|		return errors.New("too short")
691|	}
692|	// Check ASCII characters rather than Unicode runes,
693|	// so we have to use indexes rather than range.
694|	for i := range len(s) {
695|		ch := s[i]
696|		if (ch >= 'A' && ch <= 'Z') || (ch >= 'a' && ch <= 'z') {
697|			continue
698|		}
699|		return errors.New("contains non-alphabetic character")
700|	}
701|	return nil
702|}
703|
704|// getLinuxPersonalityFromStr converts the string domain received from spec to equivalent integer.
705|func getLinuxPersonalityFromStr(domain string) (int, error) {
706|	if domain == string(specs.PerLinux32) {
707|		return configs.PerLinux32, nil
708|	} else if domain == string(specs.PerLinux) {
709|		return configs.PerLinux, nil
710|	}
711|	return -1, fmt.Errorf("invalid personality domain %s", domain)
712|}
713|
714|// Some systemd properties are documented as having "Sec" suffix
715|// (e.g. TimeoutStopSec) but are expected to have "USec" suffix
716|// here, so let's provide conversion to improve compatibility.
717|func convertSecToUSec(value dbus.Variant) (dbus.Variant, error) {
718|	var sec uint64
719|	const M = 1000000
720|	vi := value.Value()
721|	switch value.Signature().String() {
722|	case "y":
723|		sec = uint64(vi.(byte)) * M
724|	case "n":
725|		sec = uint64(vi.(int16)) * M
726|	case "q":
727|		sec = uint64(vi.(uint16)) * M
728|	case "i":
729|		sec = uint64(vi.(int32)) * M
730|	case "u":
731|		sec = uint64(vi.(uint32)) * M
732|	case "x":
733|		sec = uint64(vi.(int64)) * M
734|	case "t":
735|		sec = vi.(uint64) * M
736|	case "d":
737|		sec = uint64(vi.(float64) * M)
738|	default:
739|		return value, errors.New("not a number")
740|	}
741|	return dbus.MakeVariant(sec), nil
742|}
743|
744|func initSystemdProps(spec *specs.Spec) ([]systemdDbus.Property, error) {
745|	const keyPrefix = "org.systemd.property."
746|	var sp []systemdDbus.Property
747|
748|	for k, v := range spec.Annotations {
749|		name, ok := strings.CutPrefix(k, keyPrefix)
750|		if !ok { // prefix not there
751|			continue
752|		}
753|		if err := checkPropertyName(name); err != nil {
754|			return nil, fmt.Errorf("annotation %s name incorrect: %w", k, err)
755|		}
756|		value, err := dbus.ParseVariant(v, dbus.Signature{})
757|		if err != nil {
758|			return nil, fmt.Errorf("annotation %s=%s value parse error: %w", k, v, err)
759|		}
760|		// Check for Sec suffix.
761|		if trimName := strings.TrimSuffix(name, "Sec"); len(trimName) < len(name) {
762|			// Check for a lowercase ascii a-z just before Sec.
763|			if ch := trimName[len(trimName)-1]; ch >= 'a' && ch <= 'z' {
764|				// Convert from Sec to USec.
765|				name = trimName + "USec"
766|				value, err = convertSecToUSec(value)
767|				if err != nil {
768|					return nil, fmt.Errorf("annotation %s=%s value parse error: %w", k, v, err)
769|				}
770|			}
771|		}
772|		sp = append(sp, systemdDbus.Property{Name: name, Value: value})
773|	}
774|
775|	return sp, nil
776|}
777|
778|func CreateCgroupConfig(opts *CreateOpts, defaultDevs []*devices.Device) (*cgroups.Cgroup, error) {
779|	var (
780|		myCgroupPath string
781|
782|		spec             = opts.Spec
783|		useSystemdCgroup = opts.UseSystemdCgroup
784|		name             = opts.CgroupName
785|	)
786|
787|	c := &cgroups.Cgroup{
788|		Systemd:   useSystemdCgroup,
789|		Rootless:  opts.RootlessCgroups,
790|		Resources: &cgroups.Resources{},
791|	}
792|
793|	if useSystemdCgroup {
794|		sp, err := initSystemdProps(spec)
795|		if err != nil {
796|			return nil, err
797|		}
798|		c.SystemdProps = sp
799|	}
800|
801|	if spec.Linux != nil && spec.Linux.CgroupsPath != "" {
802|		if useSystemdCgroup {
803|			myCgroupPath = spec.Linux.CgroupsPath
804|		} else {
805|			myCgroupPath = pathrs.LexicallyCleanPath(spec.Linux.CgroupsPath)
806|		}
807|	}
808|
809|	if useSystemdCgroup {
810|		if myCgroupPath == "" {
811|			// Default for c.Parent is set by systemd cgroup drivers.
812|			c.ScopePrefix = "runc"
813|			c.Name = name
814|		} else {
815|			// Parse the path from expected "slice:prefix:name"
816|			// for e.g. "system.slice:docker:1234"
817|			parts := strings.Split(myCgroupPath, ":")
818|			if len(parts) != 3 {
819|				return nil, fmt.Errorf("expected cgroupsPath to be of format \"slice:prefix:name\" for systemd cgroups, got %q instead", myCgroupPath)
820|			}
821|			c.Parent = parts[0]
822|			c.ScopePrefix = parts[1]
823|			c.Name = parts[2]
824|		}
825|	} else {
826|		if myCgroupPath == "" {
827|			c.Name = name
828|		}
829|		c.Path = myCgroupPath
830|	}
831|
832|	// In rootless containers, any attempt to make cgroup changes is likely to fail.
833|	// libcontainer will validate this but ignores the error.
834|	if spec.Linux != nil {
835|		r := spec.Linux.Resources
836|		if r != nil {
837|			for i, d := range r.Devices {
838|				var (
839|					t     = "a"
840|					major = int64(-1)
841|					minor = int64(-1)
842|				)
843|				if d.Type != "" {
844|					t = d.Type
845|				}
846|				if d.Major != nil {
847|					major = *d.Major
848|				}
849|				if d.Minor != nil {
850|					minor = *d.Minor
851|				}
852|				if d.Access == "" {
853|					return nil, fmt.Errorf("device access at %d field cannot be empty", i)
854|				}
855|				dt, err := stringToCgroupDeviceRune(t)
856|				if err != nil {
857|					return nil, err
858|				}
859|				c.Resources.Devices = append(c.Resources.Devices, &devices.Rule{
860|					Type:        dt,
861|					Major:       major,
862|					Minor:       minor,
863|					Permissions: devices.Permissions(d.Access),
864|					Allow:       d.Allow,
865|				})
866|			}
867|			if r.Memory != nil {
868|				if r.Memory.Limit != nil {
869|					c.Resources.Memory = *r.Memory.Limit
870|				}
871|				if r.Memory.Reservation != nil {
872|					c.Resources.MemoryReservation = *r.Memory.Reservation
873|				}
874|				if r.Memory.Swap != nil {
875|					c.Resources.MemorySwap = *r.Memory.Swap
876|				}
877|				if r.Memory.Kernel != nil || r.Memory.KernelTCP != nil { //nolint:staticcheck // Ignore SA1019. Need to keep deprecated package for compatibility.
878|					logrus.Warn("Kernel memory settings are ignored and will be removed")
(449 more lines below)
2026-07-25 16:06:04.471 | INFO     | metagpt.roles.di.role_zero:_act:292 - Commands: 
[{'command_name': 'Editor.search_file', 'args': {'search_term': 'AllowedDevices', 'file_path': '/home/aludy/scires/Cloud_Spec_Exp/external/worktrees/oci-metagpt-agentless-mini-rerun/metagpt/runc-5073/libcontainer/specconv/spec_linux.go'}}, {'command_name': 'Editor.goto_line', 'args': {'line_number': 1}}]
2026-07-25 16:06:04.472 | INFO     | metagpt.roles.di.role_zero:_act:294 - Commands outputs: 
Command Editor.search_file executed: [Found 3 matches for "AllowedDevices" in /home/aludy/scires/Cloud_Spec_Exp/external/worktrees/oci-metagpt-agentless-mini-rerun/metagpt/runc-5073/libcontainer/specconv/spec_linux.go]
Line 220: // AllowedDevices is the set of devices which are automatically included for
Line 236: var AllowedDevices = []*devices.Device{
Line 1029: for _, ad := range AllowedDevices {
[End of matches for "AllowedDevices" in /home/aludy/scires/Cloud_Spec_Exp/external/worktrees/oci-metagpt-agentless-mini-rerun/metagpt/runc-5073/libcontainer/specconv/spec_linux.go]

Command Editor.goto_line executed: [File: /home/aludy/scires/Cloud_Spec_Exp/external/worktrees/oci-metagpt-agentless-mini-rerun/metagpt/runc-5073/libcontainer/specconv/spec_linux.go (1327 lines total)]
(this is the beginning of the file)
001|// Package specconv implements conversion of specifications to libcontainer
002|// configurations
003|package specconv
004|
005|import (
006|	"errors"
007|	"fmt"
008|	"maps"
009|	"os"
010|	"path/filepath"
011|	"slices"
012|	"sort"
013|	"strings"
014|	"sync"
015|	"time"
016|
017|	systemdDbus "github.com/coreos/go-systemd/v22/dbus"
018|	dbus "github.com/godbus/dbus/v5"
019|	"github.com/opencontainers/runtime-spec/specs-go"
020|	"github.com/sirupsen/logrus"
021|	"golang.org/x/sys/unix"
022|
023|	"github.com/opencontainers/cgroups"
024|	devices "github.com/opencontainers/cgroups/devices/config"
025|	"github.com/opencontainers/runc/internal/linux"
026|	"github.com/opencontainers/runc/internal/pathrs"
027|	"github.com/opencontainers/runc/libcontainer/configs"
028|	"github.com/opencontainers/runc/libcontainer/internal/userns"
029|	"github.com/opencontainers/runc/libcontainer/seccomp"
030|)
031|
032|var (
033|	initMapsOnce            sync.Once
034|	namespaceMapping        map[specs.LinuxNamespaceType]configs.NamespaceType
035|	mountPropagationMapping map[string]int
036|	recAttrFlags            map[string]struct {
037|		clear bool
038|		flag  uint64
039|	}
040|	mountFlags, extensionFlags map[string]struct {
041|		clear bool
042|		flag  int
043|	}
044|	complexFlags map[string]func(*configs.Mount)
045|	mpolModeMap  map[string]int
046|	mpolModeFMap map[string]int
047|)
048|
049|func initMaps() {
050|	initMapsOnce.Do(func() {
051|		namespaceMapping = map[specs.LinuxNamespaceType]configs.NamespaceType{
052|			specs.PIDNamespace:     configs.NEWPID,
053|			specs.NetworkNamespace: configs.NEWNET,
054|			specs.MountNamespace:   configs.NEWNS,
055|			specs.UserNamespace:    configs.NEWUSER,
056|			specs.IPCNamespace:     configs.NEWIPC,
057|			specs.UTSNamespace:     configs.NEWUTS,
058|			specs.CgroupNamespace:  configs.NEWCGROUP,
059|			specs.TimeNamespace:    configs.NEWTIME,
060|		}
061|
062|		mountPropagationMapping = map[string]int{
063|			"rprivate":    unix.MS_PRIVATE | unix.MS_REC,
064|			"private":     unix.MS_PRIVATE,
065|			"rslave":      unix.MS_SLAVE | unix.MS_REC,
066|			"slave":       unix.MS_SLAVE,
067|			"rshared":     unix.MS_SHARED | unix.MS_REC,
068|			"shared":      unix.MS_SHARED,
069|			"runbindable": unix.MS_UNBINDABLE | unix.MS_REC,
070|			"unbindable":  unix.MS_UNBINDABLE,
071|		}
072|
073|		mountFlags = map[string]struct {
074|			clear bool
075|			flag  int
076|		}{
077|			// "acl" cannot be mapped to MS_POSIXACL: https://github.com/opencontainers/runc/issues/3738
078|			"async":         {true, unix.MS_SYNCHRONOUS},
079|			"atime":         {true, unix.MS_NOATIME},
080|			"bind":          {false, unix.MS_BIND},
081|			"defaults":      {false, 0},
082|			"dev":           {true, unix.MS_NODEV},
083|			"diratime":      {true, unix.MS_NODIRATIME},
084|			"dirsync":       {false, unix.MS_DIRSYNC},
085|			"exec":          {true, unix.MS_NOEXEC},
086|			"iversion":      {false, unix.MS_I_VERSION},
087|			"lazytime":      {false, unix.MS_LAZYTIME},
088|			"loud":          {true, unix.MS_SILENT},
089|			"mand":          {false, unix.MS_MANDLOCK},
090|			"noatime":       {false, unix.MS_NOATIME},
091|			"nodev":         {false, unix.MS_NODEV},
092|			"nodiratime":    {false, unix.MS_NODIRATIME},
093|			"noexec":        {false, unix.MS_NOEXEC},
094|			"noiversion":    {true, unix.MS_I_VERSION},
095|			"nolazytime":    {true, unix.MS_LAZYTIME},
096|			"nomand":        {true, unix.MS_MANDLOCK},
097|			"norelatime":    {true, unix.MS_RELATIME},
098|			"nostrictatime": {true, unix.MS_STRICTATIME},
099|			"nosuid":        {false, unix.MS_NOSUID},
100|			"nosymfollow":   {false, unix.MS_NOSYMFOLLOW}, // since kernel 5.10
101|			"rbind":         {false, unix.MS_BIND | unix.MS_REC},
102|			"relatime":      {false, unix.MS_RELATIME},
103|			"remount":       {false, unix.MS_REMOUNT},
104|			"ro":            {false, unix.MS_RDONLY},
105|			"rw":            {true, unix.MS_RDONLY},
106|			"silent":        {false, unix.MS_SILENT},
107|			"strictatime":   {false, unix.MS_STRICTATIME},
108|			"suid":          {true, unix.MS_NOSUID},
109|			"sync":          {false, unix.MS_SYNCHRONOUS},
110|			"symfollow":     {true, unix.MS_NOSYMFOLLOW}, // since kernel 5.10
111|		}
112|
113|		recAttrFlags = map[string]struct {
114|			clear bool
115|			flag  uint64
116|		}{
117|			"rro":            {false, unix.MOUNT_ATTR_RDONLY},
118|			"rrw":            {true, unix.MOUNT_ATTR_RDONLY},
119|			"rnosuid":        {false, unix.MOUNT_ATTR_NOSUID},
120|			"rsuid":          {true, unix.MOUNT_ATTR_NOSUID},
121|			"rnodev":         {false, unix.MOUNT_ATTR_NODEV},
122|			"rdev":           {true, unix.MOUNT_ATTR_NODEV},
123|			"rnoexec":        {false, unix.MOUNT_ATTR_NOEXEC},
124|			"rexec":          {true, unix.MOUNT_ATTR_NOEXEC},
125|			"rnodiratime":    {false, unix.MOUNT_ATTR_NODIRATIME},
126|			"rdiratime":      {true, unix.MOUNT_ATTR_NODIRATIME},
127|			"rrelatime":      {false, unix.MOUNT_ATTR_RELATIME},
128|			"rnorelatime":    {true, unix.MOUNT_ATTR_RELATIME},
129|			"rnoatime":       {false, unix.MOUNT_ATTR_NOATIME},
130|			"ratime":         {true, unix.MOUNT_ATTR_NOATIME},
131|			"rstrictatime":   {false, unix.MOUNT_ATTR_STRICTATIME},
132|			"rnostrictatime": {true, unix.MOUNT_ATTR_STRICTATIME},
133|			"rnosymfollow":   {false, unix.MOUNT_ATTR_NOSYMFOLLOW}, // since kernel 5.14
134|			"rsymfollow":     {true, unix.MOUNT_ATTR_NOSYMFOLLOW},  // since kernel 5.14
135|		}
136|
137|		extensionFlags = map[string]struct {
138|			clear bool
139|			flag  int
140|		}{
141|			"tmpcopyup": {false, configs.EXT_COPYUP},
142|		}
143|
144|		complexFlags = map[string]func(*configs.Mount){
145|			"idmap": func(m *configs.Mount) {
146|				m.IDMapping = new(configs.MountIDMapping)
147|				m.IDMapping.Recursive = false // noop
148|			},
149|			"ridmap": func(m *configs.Mount) {
150|				m.IDMapping = new(configs.MountIDMapping)
151|				m.IDMapping.Recursive = true
152|			},
153|		}
154|
155|		mpolModeMap = map[string]int{
156|			string(specs.MpolDefault):            unix.MPOL_DEFAULT,
157|			string(specs.MpolPreferred):          unix.MPOL_PREFERRED,
158|			string(specs.MpolBind):               unix.MPOL_BIND,
159|			string(specs.MpolInterleave):         unix.MPOL_INTERLEAVE,
160|			string(specs.MpolLocal):              unix.MPOL_LOCAL,
161|			string(specs.MpolPreferredMany):      unix.MPOL_PREFERRED_MANY,
162|			string(specs.MpolWeightedInterleave): unix.MPOL_WEIGHTED_INTERLEAVE,
163|		}
164|
165|		mpolModeFMap = map[string]int{
166|			string(specs.MpolFStaticNodes):   unix.MPOL_F_STATIC_NODES,
167|			string(specs.MpolFRelativeNodes): unix.MPOL_F_RELATIVE_NODES,
168|			string(specs.MpolFNumaBalancing): unix.MPOL_F_NUMA_BALANCING,
169|		}
170|	})
171|}
172|
173|// KnownNamespaces returns the list of the known namespaces.
174|// Used by `runc features`.
175|func KnownNamespaces() []string {
176|	initMaps()
177|	var res []string
178|	for k := range namespaceMapping {
179|		res = append(res, string(k))
180|	}
181|	sort.Strings(res)
182|	return res
183|}
184|
185|// KnownMountOptions returns the list of the known mount options.
186|// Used by `runc features`.
187|func KnownMountOptions() []string {
188|	initMaps()
189|	var res []string
190|	for k := range mountFlags {
191|		res = append(res, k)
192|	}
193|	for k := range mountPropagationMapping {
194|		res = append(res, k)
195|	}
196|	for k := range recAttrFlags {
197|		res = append(res, k)
198|	}
199|	for k := range extensionFlags {
200|		res = append(res, k)
(1127 more lines below)
2026-07-25 16:06:06.543 | INFO     | metagpt.roles.di.role_zero:_act:292 - Commands: 
[{'command_name': 'Editor.goto_line', 'args': {'line_number': 220}}]
2026-07-25 16:06:06.543 | INFO     | metagpt.roles.di.role_zero:_act:294 - Commands outputs: 
Command Editor.goto_line executed: [File: /home/aludy/scires/Cloud_Spec_Exp/external/worktrees/oci-metagpt-agentless-mini-rerun/metagpt/runc-5073/libcontainer/specconv/spec_linux.go (1327 lines total)]
(119 more lines above)
120|			"rsuid":          {true, unix.MOUNT_ATTR_NOSUID},
121|			"rnodev":         {false, unix.MOUNT_ATTR_NODEV},
122|			"rdev":           {true, unix.MOUNT_ATTR_NODEV},
123|			"rnoexec":        {false, unix.MOUNT_ATTR_NOEXEC},
124|			"rexec":          {true, unix.MOUNT_ATTR_NOEXEC},
125|			"rnodiratime":    {false, unix.MOUNT_ATTR_NODIRATIME},
126|			"rdiratime":      {true, unix.MOUNT_ATTR_NODIRATIME},
127|			"rrelatime":      {false, unix.MOUNT_ATTR_RELATIME},
128|			"rnorelatime":    {true, unix.MOUNT_ATTR_RELATIME},
129|			"rnoatime":       {false, unix.MOUNT_ATTR_NOATIME},
130|			"ratime":         {true, unix.MOUNT_ATTR_NOATIME},
131|			"rstrictatime":   {false, unix.MOUNT_ATTR_STRICTATIME},
132|			"rnostrictatime": {true, unix.MOUNT_ATTR_STRICTATIME},
133|			"rnosymfollow":   {false, unix.MOUNT_ATTR_NOSYMFOLLOW}, // since kernel 5.14
134|			"rsymfollow":     {true, unix.MOUNT_ATTR_NOSYMFOLLOW},  // since kernel 5.14
135|		}
136|
137|		extensionFlags = map[string]struct {
138|			clear bool
139|			flag  int
140|		}{
141|			"tmpcopyup": {false, configs.EXT_COPYUP},
142|		}
143|
144|		complexFlags = map[string]func(*configs.Mount){
145|			"idmap": func(m *configs.Mount) {
146|				m.IDMapping = new(configs.MountIDMapping)
147|				m.IDMapping.Recursive = false // noop
148|			},
149|			"ridmap": func(m *configs.Mount) {
150|				m.IDMapping = new(configs.MountIDMapping)
151|				m.IDMapping.Recursive = true
152|			},
153|		}
154|
155|		mpolModeMap = map[string]int{
156|			string(specs.MpolDefault):            unix.MPOL_DEFAULT,
157|			string(specs.MpolPreferred):          unix.MPOL_PREFERRED,
158|			string(specs.MpolBind):               unix.MPOL_BIND,
159|			string(specs.MpolInterleave):         unix.MPOL_INTERLEAVE,
160|			string(specs.MpolLocal):              unix.MPOL_LOCAL,
161|			string(specs.MpolPreferredMany):      unix.MPOL_PREFERRED_MANY,
162|			string(specs.MpolWeightedInterleave): unix.MPOL_WEIGHTED_INTERLEAVE,
163|		}
164|
165|		mpolModeFMap = map[string]int{
166|			string(specs.MpolFStaticNodes):   unix.MPOL_F_STATIC_NODES,
167|			string(specs.MpolFRelativeNodes): unix.MPOL_F_RELATIVE_NODES,
168|			string(specs.MpolFNumaBalancing): unix.MPOL_F_NUMA_BALANCING,
169|		}
170|	})
171|}
172|
173|// KnownNamespaces returns the list of the known namespaces.
174|// Used by `runc features`.
175|func KnownNamespaces() []string {
176|	initMaps()
177|	var res []string
178|	for k := range namespaceMapping {
179|		res = append(res, string(k))
180|	}
181|	sort.Strings(res)
182|	return res
183|}
184|
185|// KnownMountOptions returns the list of the known mount options.
186|// Used by `runc features`.
187|func KnownMountOptions() []string {
188|	initMaps()
189|	var res []string
190|	for k := range mountFlags {
191|		res = append(res, k)
192|	}
193|	for k := range mountPropagationMapping {
194|		res = append(res, k)
195|	}
196|	for k := range recAttrFlags {
197|		res = append(res, k)
198|	}
199|	for k := range extensionFlags {
200|		res = append(res, k)
201|	}
202|	sort.Strings(res)
203|	return res
204|}
205|
206|// KnownMemoryPolicyModes returns the list of the known memory policy modes.
207|// Used by `runc features`.
208|func KnownMemoryPolicyModes() []string {
209|	initMaps()
210|	return slices.Sorted(maps.Keys(mpolModeMap))
211|}
212|
213|// KnownMemoryPolicyFlags returns the list of the known memory policy mode flags.
214|// Used by `runc features`.
215|func KnownMemoryPolicyFlags() []string {
216|	initMaps()
217|	return slices.Sorted(maps.Keys(mpolModeFMap))
218|}
219|
220|// AllowedDevices is the set of devices which are automatically included for
221|// all containers.
222|//
223|// # XXX (cyphar)
224|//
225|// This behaviour is at the very least "questionable" (if not outright
226|// wrong) according to the runtime-spec.
227|//
228|// Yes, we have to include certain devices other than the ones the user
229|// specifies, but several devices listed here are not part of the spec
230|// (including "mknod for any device"?!). In addition, these rules are
231|// appended to the user-provided set which means that users *cannot disable
232|// this behaviour*.
233|//
234|// ... unfortunately I'm too scared to change this now because who knows how
235|// many people depend on this (incorrect and arguably insecure) behaviour.
236|var AllowedDevices = []*devices.Device{
237|	// allow mknod for any device
238|	{
239|		Rule: devices.Rule{
240|			Type:        devices.CharDevice,
241|			Major:       devices.Wildcard,
242|			Minor:       devices.Wildcard,
243|			Permissions: "m",
244|			Allow:       true,
245|		},
246|	},
247|	{
248|		Rule: devices.Rule{
249|			Type:        devices.BlockDevice,
250|			Major:       devices.Wildcard,
251|			Minor:       devices.Wildcard,
252|			Permissions: "m",
253|			Allow:       true,
254|		},
255|	},
256|	{
257|		Path:     "/dev/null",
258|		FileMode: 0o666,
259|		Uid:      0,
260|		Gid:      0,
261|		Rule: devices.Rule{
262|			Type:        devices.CharDevice,
263|			Major:       1,
264|			Minor:       3,
265|			Permissions: "rwm",
266|			Allow:       true,
267|		},
268|	},
269|	{
270|		Path:     "/dev/random",
271|		FileMode: 0o666,
272|		Uid:      0,
273|		Gid:      0,
274|		Rule: devices.Rule{
275|			Type:        devices.CharDevice,
276|			Major:       1,
277|			Minor:       8,
278|			Permissions: "rwm",
279|			Allow:       true,
280|		},
281|	},
282|	{
283|		Path:     "/dev/full",
284|		FileMode: 0o666,
285|		Uid:      0,
286|		Gid:      0,
287|		Rule: devices.Rule{
288|			Type:        devices.CharDevice,
289|			Major:       1,
290|			Minor:       7,
291|			Permissions: "rwm",
292|			Allow:       true,
293|		},
294|	},
295|	{
296|		Path:     "/dev/tty",
297|		FileMode: 0o666,
298|		Uid:      0,
299|		Gid:      0,
300|		Rule: devices.Rule{
301|			Type:        devices.CharDevice,
302|			Major:       5,
303|			Minor:       0,
304|			Permissions: "rwm",
305|			Allow:       true,
306|		},
307|	},
308|	{
309|		Path:     "/dev/zero",
310|		FileMode: 0o666,
311|		Uid:      0,
312|		Gid:      0,
313|		Rule: devices.Rule{
314|			Type:        devices.CharDevice,
315|			Major:       1,
316|			Minor:       5,
317|			Permissions: "rwm",
318|			Allow:       true,
319|		},
320|	},
(1007 more lines below)
2026-07-25 16:06:14.813 | INFO     | metagpt.roles.di.role_zero:_act:292 - Commands: 
[{'command_name': 'Plan.append_task', 'args': {'task_id': '1', 'dependent_task_ids': [], 'instruction': 'Remove wildcard mknod entries from AllowedDevices in spec_linux.go to fix runc issue #5073', 'assignee': 'Alex'}}, {'command_name': 'Plan.append_task', 'args': {'task_id': '2', 'dependent_task_ids': ['1'], 'instruction': "Build runc with 'make runc'", 'assignee': 'Alex'}}, {'command_name': 'Plan.append_task', 'args': {'task_id': '3', 'dependent_task_ids': ['2'], 'instruction': 'Test the fix by running reproduction case and collect git diff', 'assignee': 'Alex'}}]
2026-07-25 16:06:14.813 | INFO     | metagpt.roles.di.role_zero:_act:294 - Commands outputs: 
Command Plan.append_task executed

Command Plan.append_task executed

Command Plan.append_task executed
2026-07-25 16:06:22.414 | INFO     | metagpt.roles.di.role_zero:_act:292 - Commands: 
[{'command_name': 'Editor.edit_file_by_replace', 'args': {'file_name': '/home/aludy/scires/Cloud_Spec_Exp/external/worktrees/oci-metagpt-agentless-mini-rerun/metagpt/runc-5073/libcontainer/specconv/spec_linux.go', 'first_replaced_line_number': 237, 'first_replaced_line_content': '\t// allow mknod for any device', 'last_replaced_line_number': 255, 'last_replaced_line_content': '\t},', 'new_content': ''}}]
2026-07-25 16:06:22.415 | ERROR    | metagpt.roles.di.role_zero:_run_commands:407 - list index out of rangeTraceback (most recent call last):
  File "/home/aludy/scires/Cloud_Spec_Exp/external/baselines/MetaGPT/metagpt/tools/libs/editor.py", line 563, in _edit_file_impl
    original_lint_error, _ = self._lint_file(file_name)
  File "/home/aludy/scires/Cloud_Spec_Exp/external/baselines/MetaGPT/metagpt/tools/libs/editor.py", line 211, in _lint_file
    lint_error = linter.lint(str(file_path))
  File "/home/aludy/scires/Cloud_Spec_Exp/external/baselines/MetaGPT/metagpt/tools/libs/linter.py", line 98, in lint
    linkres = basic_lint(absolute_fname, code)
  File "/home/aludy/scires/Cloud_Spec_Exp/external/baselines/MetaGPT/metagpt/tools/libs/linter.py", line 158, in basic_lint
    parser = get_parser(lang)
  File "tree_sitter_languages/core.pyx", line 19, in tree_sitter_languages.core.get_parser
  File "tree_sitter_languages/core.pyx", line 14, in tree_sitter_languages.core.get_language
TypeError: __init__() takes exactly 1 argument (2 given)

During handling of the above exception, another exception occurred:

Traceback (most recent call last):
  File "/home/aludy/scires/Cloud_Spec_Exp/external/baselines/MetaGPT/metagpt/roles/di/role_zero.py", line 401, in _run_commands
    tool_output = tool_obj(**cmd["args"])
  File "/home/aludy/scires/Cloud_Spec_Exp/external/baselines/MetaGPT/metagpt/tools/libs/editor.py", line 814, in edit_file_by_replace
    ret_str = self._edit_file_impl(
  File "/home/aludy/scires/Cloud_Spec_Exp/external/baselines/MetaGPT/metagpt/tools/libs/editor.py", line 667, in _edit_file_impl
    guidance_message = self._get_indentation_info(content, start or len(lines))
  File "/home/aludy/scires/Cloud_Spec_Exp/external/baselines/MetaGPT/metagpt/tools/libs/editor.py", line 495, in _get_indentation_info
    pre_line = content_lines[first_line - 2] if first_line - 2 >= 0 else ""
IndexError: list index out of range

Traceback (most recent call last):

  File "/home/aludy/scires/Cloud_Spec_Exp/external/baselines/MetaGPT/metagpt/tools/libs/editor.py", line 563, in _edit_file_impl
    original_lint_error, _ = self._lint_file(file_name)
                             │    │          └ PosixPath('/home/aludy/scires/Cloud_Spec_Exp/external/worktrees/oci-metagpt-agentless-mini-rerun/metagpt/runc-5073/libcontain...
                             │    └ <function Editor._lint_file at 0x77f1382808b0>
                             └ Editor(resource=EditorReporter(block=<BlockType.EDITOR: 'Editor'>, uuid=UUID('8b41fe6e-6e12-4afa-a980-0421d1cf43be'), enable_...

  File "/home/aludy/scires/Cloud_Spec_Exp/external/baselines/MetaGPT/metagpt/tools/libs/editor.py", line 211, in _lint_file
    lint_error = linter.lint(str(file_path))
                 │      │        └ PosixPath('/home/aludy/scires/Cloud_Spec_Exp/external/worktrees/oci-metagpt-agentless-mini-rerun/metagpt/runc-5073/libcontain...
                 │      └ <function Linter.lint at 0x77f138293f40>
                 └ <metagpt.tools.libs.linter.Linter object at 0x77f12cbb0a00>

  File "/home/aludy/scires/Cloud_Spec_Exp/external/baselines/MetaGPT/metagpt/tools/libs/linter.py", line 98, in lint
    linkres = basic_lint(absolute_fname, code)
              │          │               └ '// Package specconv implements conversion of specifications to libcontainer\n// configurations\npackage specconv\n\nimport (...
              │          └ '/home/aludy/scires/Cloud_Spec_Exp/external/worktrees/oci-metagpt-agentless-mini-rerun/metagpt/runc-5073/libcontainer/speccon...
              └ <function basic_lint at 0x77f1382801f0>

  File "/home/aludy/scires/Cloud_Spec_Exp/external/baselines/MetaGPT/metagpt/tools/libs/linter.py", line 158, in basic_lint
    parser = get_parser(lang)
             │          └ 'go'
             └ <cyfunction get_parser at 0x77f138302cf0>

  File "tree_sitter_languages/core.pyx", line 19, in tree_sitter_languages.core.get_parser
  File "tree_sitter_languages/core.pyx", line 14, in tree_sitter_languages.core.get_language

TypeError: __init__() takes exactly 1 argument (2 given)


During handling of the above exception, another exception occurred:


Traceback (most recent call last):

  File "/home/aludy/scires/Cloud_Spec_Exp/baselines/metagpt/launch.py", line 307, in <module>
    raise SystemExit(main())
                     └ <function main at 0x77f1ef8faef0>

  File "/home/aludy/scires/Cloud_Spec_Exp/baselines/metagpt/launch.py", line 277, in main
    result = generate_repo(**supported)
             │               └ {'idea': 'Fix OCI runtime bug case runc-5073.\n\nTarget runtime: runc\nTitle: mknod permission always granted on block and ch...
             └ <function generate_repo at 0x77f136ed9cf0>

  File "/home/aludy/scires/Cloud_Spec_Exp/external/baselines/MetaGPT/metagpt/software_company.py", line 72, in generate_repo
    asyncio.run(company.run(n_round=n_round, idea=idea))
    │       │   │       │           │             └ 'Fix OCI runtime bug case runc-5073.\n\nTarget runtime: runc\nTitle: mknod permission always granted on block and char devs n...
    │       │   │       │           └ 10
    │       │   │       └ <function serialize_decorator.<locals>.wrapper at 0x77f12ce5c1f0>
    │       │   └ Team(env=MGXEnv(), investment=3.0, idea='Fix OCI runtime bug case runc-5073.\n\nTarget runtime: runc\nTitle: mknod permission...
    │       └ <function run at 0x77f1ed599750>
    └ <module 'asyncio' from '/home/aludy/miniconda3/envs/metagpt/lib/python3.10/asyncio/__init__.py'>

  File "/home/aludy/miniconda3/envs/metagpt/lib/python3.10/asyncio/runners.py", line 44, in run
    return loop.run_until_complete(main)
           │    │                  └ <coroutine object serialize_decorator.<locals>.wrapper at 0x77f12cd7b610>
           │    └ <function BaseEventLoop.run_until_complete at 0x77f1ed59b130>
           └ <_UnixSelectorEventLoop running=True closed=False debug=False>
  File "/home/aludy/miniconda3/envs/metagpt/lib/python3.10/asyncio/base_events.py", line 636, in run_until_complete
    self.run_forever()
    │    └ <function BaseEventLoop.run_forever at 0x77f1ed59b0a0>
    └ <_UnixSelectorEventLoop running=True closed=False debug=False>
  File "/home/aludy/miniconda3/envs/metagpt/lib/python3.10/asyncio/base_events.py", line 603, in run_forever
    self._run_once()
    │    └ <function BaseEventLoop._run_once at 0x77f1ed59cc10>
    └ <_UnixSelectorEventLoop running=True closed=False debug=False>
  File "/home/aludy/miniconda3/envs/metagpt/lib/python3.10/asyncio/base_events.py", line 1909, in _run_once
    handle._run()
    │      └ <function Handle._run at 0x77f1ed54c280>
    └ <Handle Task.task_wakeup(<Task finishe...> result=None>)>
  File "/home/aludy/miniconda3/envs/metagpt/lib/python3.10/asyncio/events.py", line 80, in _run
    self._context.run(self._callback, *self._args)
    │    │            │    │           │    └ <member '_args' of 'Handle' objects>
    │    │            │    │           └ <Handle Task.task_wakeup(<Task finishe...> result=None>)>
    │    │            │    └ <member '_callback' of 'Handle' objects>
    │    │            └ <Handle Task.task_wakeup(<Task finishe...> result=None>)>
    │    └ <member '_context' of 'Handle' objects>
    └ <Handle Task.task_wakeup(<Task finishe...> result=None>)>

  File "/home/aludy/scires/Cloud_Spec_Exp/external/baselines/MetaGPT/metagpt/utils/common.py", line 692, in wrapper
    return await func(self, *args, **kwargs)
                 │    │      │       └ {}
                 │    │      └ ()
                 │    └ Engineer2(private_context=Context(kwargs=AttrDict(), config=Config(extra_fields=None, project_path='/home/aludy/scires/Cloud_...
                 └ <function Role.run at 0x77f12db225f0>

  File "/home/aludy/scires/Cloud_Spec_Exp/external/baselines/MetaGPT/metagpt/roles/role.py", line 548, in run
    rsp = await self.react()
                │    └ <function Role.react at 0x77f12db224d0>
                └ Engineer2(private_context=Context(kwargs=AttrDict(), config=Config(extra_fields=None, project_path='/home/aludy/scires/Cloud_...

  File "/home/aludy/scires/Cloud_Spec_Exp/external/baselines/MetaGPT/metagpt/roles/role.py", line 515, in react
    rsp = await self._react()
                │    └ <function RoleZero._react at 0x77f12d845f30>
                └ Engineer2(private_context=Context(kwargs=AttrDict(), config=Config(extra_fields=None, project_path='/home/aludy/scires/Cloud_...

  File "/home/aludy/scires/Cloud_Spec_Exp/external/baselines/MetaGPT/metagpt/roles/di/role_zero.py", line 324, in _react
    rsp = await self._act()
                │    └ <function RoleZero._act at 0x77f12d845ea0>
                └ Engineer2(private_context=Context(kwargs=AttrDict(), config=Config(extra_fields=None, project_path='/home/aludy/scires/Cloud_...

  File "/home/aludy/scires/Cloud_Spec_Exp/external/baselines/MetaGPT/metagpt/roles/di/role_zero.py", line 293, in _act
    outputs = await self._run_commands(commands)
                    │    │             └ [{'command_name': 'Editor.edit_file_by_replace', 'args': {'file_name': '/home/aludy/scires/Cloud_Spec_Exp/external/worktrees/...
                    │    └ <function RoleZero._run_commands at 0x77f12d8460e0>
                    └ Engineer2(private_context=Context(kwargs=AttrDict(), config=Config(extra_fields=None, project_path='/home/aludy/scires/Cloud_...

> File "/home/aludy/scires/Cloud_Spec_Exp/external/baselines/MetaGPT/metagpt/roles/di/role_zero.py", line 401, in _run_commands
    tool_output = tool_obj(**cmd["args"])
                  │          └ {'command_name': 'Editor.edit_file_by_replace', 'args': {'file_name': '/home/aludy/scires/Cloud_Spec_Exp/external/worktrees/o...
                  └ <bound method Editor.edit_file_by_replace of Editor(resource=EditorReporter(block=<BlockType.EDITOR: 'Editor'>, uuid=UUID('8b...

  File "/home/aludy/scires/Cloud_Spec_Exp/external/baselines/MetaGPT/metagpt/tools/libs/editor.py", line 814, in edit_file_by_replace
    ret_str = self._edit_file_impl(
              │    └ <function Editor._edit_file_impl at 0x77f138281120>
              └ Editor(resource=EditorReporter(block=<BlockType.EDITOR: 'Editor'>, uuid=UUID('8b41fe6e-6e12-4afa-a980-0421d1cf43be'), enable_...

  File "/home/aludy/scires/Cloud_Spec_Exp/external/baselines/MetaGPT/metagpt/tools/libs/editor.py", line 667, in _edit_file_impl
    guidance_message = self._get_indentation_info(content, start or len(lines))
                       │    │                     │        └ 237
                       │    │                     └ ''
                       │    └ <function Editor._get_indentation_info at 0x77f138281090>
                       └ Editor(resource=EditorReporter(block=<BlockType.EDITOR: 'Editor'>, uuid=UUID('8b41fe6e-6e12-4afa-a980-0421d1cf43be'), enable_...

  File "/home/aludy/scires/Cloud_Spec_Exp/external/baselines/MetaGPT/metagpt/tools/libs/editor.py", line 495, in _get_indentation_info
    pre_line = content_lines[first_line - 2] if first_line - 2 >= 0 else ""
               │             │                  └ 237
               │             └ 237
               └ ['']

IndexError: list index out of range
2026-07-25 16:06:22.487 | INFO     | metagpt.roles.di.role_zero:_act:294 - Commands outputs: 
Command Editor.edit_file_by_replace executed: Traceback (most recent call last):
  File "/home/aludy/scires/Cloud_Spec_Exp/external/baselines/MetaGPT/metagpt/tools/libs/editor.py", line 563, in _edit_file_impl
    original_lint_error, _ = self._lint_file(file_name)
  File "/home/aludy/scires/Cloud_Spec_Exp/external/baselines/MetaGPT/metagpt/tools/libs/editor.py", line 211, in _lint_file
    lint_error = linter.lint(str(file_path))
  File "/home/aludy/scires/Cloud_Spec_Exp/external/baselines/MetaGPT/metagpt/tools/libs/linter.py", line 98, in lint
    linkres = basic_lint(absolute_fname, code)
  File "/home/aludy/scires/Cloud_Spec_Exp/external/baselines/MetaGPT/metagpt/tools/libs/linter.py", line 158, in basic_lint
    parser = get_parser(lang)
  File "tree_sitter_languages/core.pyx", line 19, in tree_sitter_languages.core.get_parser
  File "tree_sitter_languages/core.pyx", line 14, in tree_sitter_languages.core.get_language
TypeError: __init__() takes exactly 1 argument (2 given)

During handling of the above exception, another exception occurred:

Traceback (most recent call last):
  File "/home/aludy/scires/Cloud_Spec_Exp/external/baselines/MetaGPT/metagpt/roles/di/role_zero.py", line 401, in _run_commands
    tool_output = tool_obj(**cmd["args"])
  File "/home/aludy/scires/Cloud_Spec_Exp/external/baselines/MetaGPT/metagpt/tools/libs/editor.py", line 814, in edit_file_by_replace
    ret_str = self._edit_file_impl(
  File "/home/aludy/scires/Cloud_Spec_Exp/external/baselines/MetaGPT/metagpt/tools/libs/editor.py", line 667, in _edit_file_impl
    guidance_message = self._get_indentation_info(content, start or len(lines))
  File "/home/aludy/scires/Cloud_Spec_Exp/external/baselines/MetaGPT/metagpt/tools/libs/editor.py", line 495, in _get_indentation_info
    pre_line = content_lines[first_line - 2] if first_line - 2 >= 0 else ""
IndexError: list index out of range

2026-07-25 16:06:26.119 | INFO     | metagpt.roles.di.role_zero:_act:292 - Commands: 
[{'command_name': 'Engineer2.write_new_code', 'args': {'path': '/home/aludy/scires/Cloud_Spec_Exp/external/worktrees/oci-metagpt-agentless-mini-rerun/metagpt/runc-5073/libcontainer/specconv/spec_linux.go', 'file_description': "Rewrite spec_linux.go to remove the wildcard 'm' (mknod) entries from AllowedDevices, which was causing mknod permission to always be granted for any device regardless of user-specified device rules (fixes runc issue #5073)"}}]
2026-07-25 16:06:34.477 | INFO     | metagpt.roles.di.role_zero:_act:294 - Commands outputs: 
Command Engineer2.write_new_code executed: The file /home/aludy/scires/Cloud_Spec_Exp/external/worktrees/oci-metagpt-agentless-mini-rerun/metagpt/runc-5073/libcontainer/specconv/spec_linux.go has been successfully created, with content:
[
    {
        "command_name": "Terminal.run_command",
        "args": {
            "cmd": "cd /home/aludy/scires/Cloud_Spec_Exp/external/worktrees/oci-metagpt-agentless-mini-rerun/metagpt/runc-5073 && sed -i '237,255d' libcontainer/specconv/spec_linux.go && echo 'Success: Removed wildcard mknod entries (lines 237-255)'"
        }
    }
]
2026-07-25 16:06:38.364 | INFO     | metagpt.roles.di.role_zero:_act:292 - Commands: 
[{'command_name': 'Editor.open_file', 'args': {'path': '/home/aludy/scires/Cloud_Spec_Exp/external/worktrees/oci-metagpt-agentless-mini-rerun/metagpt/runc-5073/libcontainer/specconv/spec_linux.go', 'line_number': 220, 'context_lines': 50}}]
2026-07-25 16:06:38.364 | ERROR    | metagpt.roles.di.role_zero:_run_commands:407 - Line number must be between 1 and 8Traceback (most recent call last):
  File "/home/aludy/scires/Cloud_Spec_Exp/external/baselines/MetaGPT/metagpt/roles/di/role_zero.py", line 401, in _run_commands
    tool_output = tool_obj(**cmd["args"])
  File "/home/aludy/scires/Cloud_Spec_Exp/external/baselines/MetaGPT/metagpt/tools/libs/editor.py", line 304, in open_file
    raise ValueError(f"Line number must be between 1 and {total_lines}")
ValueError: Line number must be between 1 and 8

Traceback (most recent call last):

  File "/home/aludy/scires/Cloud_Spec_Exp/baselines/metagpt/launch.py", line 307, in <module>
    raise SystemExit(main())
                     └ <function main at 0x77f1ef8faef0>

  File "/home/aludy/scires/Cloud_Spec_Exp/baselines/metagpt/launch.py", line 277, in main
    result = generate_repo(**supported)
             │               └ {'idea': 'Fix OCI runtime bug case runc-5073.\n\nTarget runtime: runc\nTitle: mknod permission always granted on block and ch...
             └ <function generate_repo at 0x77f136ed9cf0>

  File "/home/aludy/scires/Cloud_Spec_Exp/external/baselines/MetaGPT/metagpt/software_company.py", line 72, in generate_repo
    asyncio.run(company.run(n_round=n_round, idea=idea))
    │       │   │       │           │             └ 'Fix OCI runtime bug case runc-5073.\n\nTarget runtime: runc\nTitle: mknod permission always granted on block and char devs n...
    │       │   │       │           └ 10
    │       │   │       └ <function serialize_decorator.<locals>.wrapper at 0x77f12ce5c1f0>
    │       │   └ Team(env=MGXEnv(), investment=3.0, idea='Fix OCI runtime bug case runc-5073.\n\nTarget runtime: runc\nTitle: mknod permission...
    │       └ <function run at 0x77f1ed599750>
    └ <module 'asyncio' from '/home/aludy/miniconda3/envs/metagpt/lib/python3.10/asyncio/__init__.py'>

  File "/home/aludy/miniconda3/envs/metagpt/lib/python3.10/asyncio/runners.py", line 44, in run
    return loop.run_until_complete(main)
           │    │                  └ <coroutine object serialize_decorator.<locals>.wrapper at 0x77f12cd7b610>
           │    └ <function BaseEventLoop.run_until_complete at 0x77f1ed59b130>
           └ <_UnixSelectorEventLoop running=True closed=False debug=False>
  File "/home/aludy/miniconda3/envs/metagpt/lib/python3.10/asyncio/base_events.py", line 636, in run_until_complete
    self.run_forever()
    │    └ <function BaseEventLoop.run_forever at 0x77f1ed59b0a0>
    └ <_UnixSelectorEventLoop running=True closed=False debug=False>
  File "/home/aludy/miniconda3/envs/metagpt/lib/python3.10/asyncio/base_events.py", line 603, in run_forever
    self._run_once()
    │    └ <function BaseEventLoop._run_once at 0x77f1ed59cc10>
    └ <_UnixSelectorEventLoop running=True closed=False debug=False>
  File "/home/aludy/miniconda3/envs/metagpt/lib/python3.10/asyncio/base_events.py", line 1909, in _run_once
    handle._run()
    │      └ <function Handle._run at 0x77f1ed54c280>
    └ <Handle Task.task_wakeup(<Task finishe...> result=None>)>
  File "/home/aludy/miniconda3/envs/metagpt/lib/python3.10/asyncio/events.py", line 80, in _run
    self._context.run(self._callback, *self._args)
    │    │            │    │           │    └ <member '_args' of 'Handle' objects>
    │    │            │    │           └ <Handle Task.task_wakeup(<Task finishe...> result=None>)>
    │    │            │    └ <member '_callback' of 'Handle' objects>
    │    │            └ <Handle Task.task_wakeup(<Task finishe...> result=None>)>
    │    └ <member '_context' of 'Handle' objects>
    └ <Handle Task.task_wakeup(<Task finishe...> result=None>)>

  File "/home/aludy/scires/Cloud_Spec_Exp/external/baselines/MetaGPT/metagpt/utils/common.py", line 692, in wrapper
    return await func(self, *args, **kwargs)
                 │    │      │       └ {}
                 │    │      └ ()
                 │    └ Engineer2(private_context=Context(kwargs=AttrDict(), config=Config(extra_fields=None, project_path='/home/aludy/scires/Cloud_...
                 └ <function Role.run at 0x77f12db225f0>

  File "/home/aludy/scires/Cloud_Spec_Exp/external/baselines/MetaGPT/metagpt/roles/role.py", line 548, in run
    rsp = await self.react()
                │    └ <function Role.react at 0x77f12db224d0>
                └ Engineer2(private_context=Context(kwargs=AttrDict(), config=Config(extra_fields=None, project_path='/home/aludy/scires/Cloud_...

  File "/home/aludy/scires/Cloud_Spec_Exp/external/baselines/MetaGPT/metagpt/roles/role.py", line 515, in react
    rsp = await self._react()
                │    └ <function RoleZero._react at 0x77f12d845f30>
                └ Engineer2(private_context=Context(kwargs=AttrDict(), config=Config(extra_fields=None, project_path='/home/aludy/scires/Cloud_...

  File "/home/aludy/scires/Cloud_Spec_Exp/external/baselines/MetaGPT/metagpt/roles/di/role_zero.py", line 324, in _react
    rsp = await self._act()
                │    └ <function RoleZero._act at 0x77f12d845ea0>
                └ Engineer2(private_context=Context(kwargs=AttrDict(), config=Config(extra_fields=None, project_path='/home/aludy/scires/Cloud_...

  File "/home/aludy/scires/Cloud_Spec_Exp/external/baselines/MetaGPT/metagpt/roles/di/role_zero.py", line 293, in _act
    outputs = await self._run_commands(commands)
                    │    │             └ [{'command_name': 'Editor.open_file', 'args': {'path': '/home/aludy/scires/Cloud_Spec_Exp/external/worktrees/oci-metagpt-agen...
                    │    └ <function RoleZero._run_commands at 0x77f12d8460e0>
                    └ Engineer2(private_context=Context(kwargs=AttrDict(), config=Config(extra_fields=None, project_path='/home/aludy/scires/Cloud_...

> File "/home/aludy/scires/Cloud_Spec_Exp/external/baselines/MetaGPT/metagpt/roles/di/role_zero.py", line 401, in _run_commands
    tool_output = tool_obj(**cmd["args"])
                  │          └ {'command_name': 'Editor.open_file', 'args': {'path': '/home/aludy/scires/Cloud_Spec_Exp/external/worktrees/oci-metagpt-agent...
                  └ <bound method Editor.open_file of Editor(resource=EditorReporter(block=<BlockType.EDITOR: 'Editor'>, uuid=UUID('8b41fe6e-6e12...

  File "/home/aludy/scires/Cloud_Spec_Exp/external/baselines/MetaGPT/metagpt/tools/libs/editor.py", line 304, in open_file
    raise ValueError(f"Line number must be between 1 and {total_lines}")

ValueError: Line number must be between 1 and 8
2026-07-25 16:06:38.423 | INFO     | metagpt.roles.di.role_zero:_act:294 - Commands outputs: 
Command Editor.open_file executed: Traceback (most recent call last):
  File "/home/aludy/scires/Cloud_Spec_Exp/external/baselines/MetaGPT/metagpt/roles/di/role_zero.py", line 401, in _run_commands
    tool_output = tool_obj(**cmd["args"])
  File "/home/aludy/scires/Cloud_Spec_Exp/external/baselines/MetaGPT/metagpt/tools/libs/editor.py", line 304, in open_file
    raise ValueError(f"Line number must be between 1 and {total_lines}")
ValueError: Line number must be between 1 and 8

2026-07-25 16:06:41.281 | INFO     | metagpt.roles.di.role_zero:_act:292 - Commands: 
[{'command_name': 'Terminal.run_command', 'args': {'cmd': "cd /home/aludy/scires/Cloud_Spec_Exp/external/worktrees/oci-metagpt-agentless-mini-rerun/metagpt/runc-5073 && git checkout -- libcontainer/specconv/spec_linux.go && echo 'Restored file from git'"}}, {'command_name': 'Terminal.run_command', 'args': {'cmd': 'cd /home/aludy/scires/Cloud_Spec_Exp/external/worktrees/oci-metagpt-agentless-mini-rerun/metagpt/runc-5073 && wc -l libcontainer/specconv/spec_linux.go'}}]
2026-07-25 16:06:41.289 | INFO     | metagpt.roles.di.role_zero:_act:294 - Commands outputs: 
Command Terminal.run_command executed:
[command]: cd /home/aludy/scires/Cloud_Spec_Exp/external/worktrees/oci-metagpt-agentless-mini-rerun/metagpt/runc-5073 && git checkout -- libcontainer/specconv/spec_linux.go && echo 'Restored file from git' 
[command output] : Restored file from git


Command Terminal.run_command executed:
[command]: cd /home/aludy/scires/Cloud_Spec_Exp/external/worktrees/oci-metagpt-agentless-mini-rerun/metagpt/runc-5073 && wc -l libcontainer/specconv/spec_linux.go 
[command output] : 1327 libcontainer/specconv/spec_linux.go

2026-07-25 16:06:43.744 | INFO     | metagpt.roles.di.role_zero:_act:292 - Commands: 
[{'command_name': 'Editor.goto_line', 'args': {'line_number': 236}}]
2026-07-25 16:06:43.744 | INFO     | metagpt.roles.di.role_zero:_act:294 - Commands outputs: 
Command Editor.goto_line executed: [File: /home/aludy/scires/Cloud_Spec_Exp/external/worktrees/oci-metagpt-agentless-mini-rerun/metagpt/runc-5073/libcontainer/specconv/spec_linux.go (1327 lines total)]
(135 more lines above)
136|
137|		extensionFlags = map[string]struct {
138|			clear bool
139|			flag  int
140|		}{
141|			"tmpcopyup": {false, configs.EXT_COPYUP},
142|		}
143|
144|		complexFlags = map[string]func(*configs.Mount){
145|			"idmap": func(m *configs.Mount) {
146|				m.IDMapping = new(configs.MountIDMapping)
147|				m.IDMapping.Recursive = false // noop
148|			},
149|			"ridmap": func(m *configs.Mount) {
150|				m.IDMapping = new(configs.MountIDMapping)
151|				m.IDMapping.Recursive = true
152|			},
153|		}
154|
155|		mpolModeMap = map[string]int{
156|			string(specs.MpolDefault):            unix.MPOL_DEFAULT,
157|			string(specs.MpolPreferred):          unix.MPOL_PREFERRED,
158|			string(specs.MpolBind):               unix.MPOL_BIND,
159|			string(specs.MpolInterleave):         unix.MPOL_INTERLEAVE,
160|			string(specs.MpolLocal):              unix.MPOL_LOCAL,
161|			string(specs.MpolPreferredMany):      unix.MPOL_PREFERRED_MANY,
162|			string(specs.MpolWeightedInterleave): unix.MPOL_WEIGHTED_INTERLEAVE,
163|		}
164|
165|		mpolModeFMap = map[string]int{
166|			string(specs.MpolFStaticNodes):   unix.MPOL_F_STATIC_NODES,
167|			string(specs.MpolFRelativeNodes): unix.MPOL_F_RELATIVE_NODES,
168|			string(specs.MpolFNumaBalancing): unix.MPOL_F_NUMA_BALANCING,
169|		}
170|	})
171|}
172|
173|// KnownNamespaces returns the list of the known namespaces.
174|// Used by `runc features`.
175|func KnownNamespaces() []string {
176|	initMaps()
177|	var res []string
178|	for k := range namespaceMapping {
179|		res = append(res, string(k))
180|	}
181|	sort.Strings(res)
182|	return res
183|}
184|
185|// KnownMountOptions returns the list of the known mount options.
186|// Used by `runc features`.
187|func KnownMountOptions() []string {
188|	initMaps()
189|	var res []string
190|	for k := range mountFlags {
191|		res = append(res, k)
192|	}
193|	for k := range mountPropagationMapping {
194|		res = append(res, k)
195|	}
196|	for k := range recAttrFlags {
197|		res = append(res, k)
198|	}
199|	for k := range extensionFlags {
200|		res = append(res, k)
201|	}
202|	sort.Strings(res)
203|	return res
204|}
205|
206|// KnownMemoryPolicyModes returns the list of the known memory policy modes.
207|// Used by `runc features`.
208|func KnownMemoryPolicyModes() []string {
209|	initMaps()
210|	return slices.Sorted(maps.Keys(mpolModeMap))
211|}
212|
213|// KnownMemoryPolicyFlags returns the list of the known memory policy mode flags.
214|// Used by `runc features`.
215|func KnownMemoryPolicyFlags() []string {
216|	initMaps()
217|	return slices.Sorted(maps.Keys(mpolModeFMap))
218|}
219|
220|// AllowedDevices is the set of devices which are automatically included for
221|// all containers.
222|//
223|// # XXX (cyphar)
224|//
225|// This behaviour is at the very least "questionable" (if not outright
226|// wrong) according to the runtime-spec.
227|//
228|// Yes, we have to include certain devices other than the ones the user
229|// specifies, but several devices listed here are not part of the spec
230|// (including "mknod for any device"?!). In addition, these rules are
231|// appended to the user-provided set which means that users *cannot disable
232|// this behaviour*.
233|//
234|// ... unfortunately I'm too scared to change this now because who knows how
235|// many people depend on this (incorrect and arguably insecure) behaviour.
236|var AllowedDevices = []*devices.Device{
237|	// allow mknod for any device
238|	{
239|		Rule: devices.Rule{
240|			Type:        devices.CharDevice,
241|			Major:       devices.Wildcard,
242|			Minor:       devices.Wildcard,
243|			Permissions: "m",
244|			Allow:       true,
245|		},
246|	},
247|	{
248|		Rule: devices.Rule{
249|			Type:        devices.BlockDevice,
250|			Major:       devices.Wildcard,
251|			Minor:       devices.Wildcard,
252|			Permissions: "m",
253|			Allow:       true,
254|		},
255|	},
256|	{
257|		Path:     "/dev/null",
258|		FileMode: 0o666,
259|		Uid:      0,
260|		Gid:      0,
261|		Rule: devices.Rule{
262|			Type:        devices.CharDevice,
263|			Major:       1,
264|			Minor:       3,
265|			Permissions: "rwm",
266|			Allow:       true,
267|		},
268|	},
269|	{
270|		Path:     "/dev/random",
271|		FileMode: 0o666,
272|		Uid:      0,
273|		Gid:      0,
274|		Rule: devices.Rule{
275|			Type:        devices.CharDevice,
276|			Major:       1,
277|			Minor:       8,
278|			Permissions: "rwm",
279|			Allow:       true,
280|		},
281|	},
282|	{
283|		Path:     "/dev/full",
284|		FileMode: 0o666,
285|		Uid:      0,
286|		Gid:      0,
287|		Rule: devices.Rule{
288|			Type:        devices.CharDevice,
289|			Major:       1,
290|			Minor:       7,
291|			Permissions: "rwm",
292|			Allow:       true,
293|		},
294|	},
295|	{
296|		Path:     "/dev/tty",
297|		FileMode: 0o666,
298|		Uid:      0,
299|		Gid:      0,
300|		Rule: devices.Rule{
301|			Type:        devices.CharDevice,
302|			Major:       5,
303|			Minor:       0,
304|			Permissions: "rwm",
305|			Allow:       true,
306|		},
307|	},
308|	{
309|		Path:     "/dev/zero",
310|		FileMode: 0o666,
311|		Uid:      0,
312|		Gid:      0,
313|		Rule: devices.Rule{
314|			Type:        devices.CharDevice,
315|			Major:       1,
316|			Minor:       5,
317|			Permissions: "rwm",
318|			Allow:       true,
319|		},
320|	},
321|	{
322|		Path:     "/dev/urandom",
323|		FileMode: 0o666,
324|		Uid:      0,
325|		Gid:      0,
326|		Rule: devices.Rule{
327|			Type:        devices.CharDevice,
328|			Major:       1,
329|			Minor:       9,
330|			Permissions: "rwm",
331|			Allow:       true,
332|		},
333|	},
334|	// /dev/pts/ - pts namespaces are "coming soon"
335|	{
336|		Rule: devices.Rule{
(991 more lines below)
2026-07-25 16:06:48.662 | INFO     | metagpt.roles.di.role_zero:_act:292 - Commands: 
[{'command_name': 'Terminal.run_command', 'args': {'cmd': "cd /home/aludy/scires/Cloud_Spec_Exp/external/worktrees/oci-metagpt-agentless-mini-rerun/metagpt/runc-5073 && sed -i '236,255d' libcontainer/specconv/spec_linux.go && echo 'Removed lines 237-255 (wildcard mknod entries)'"}}]
2026-07-25 16:06:48.664 | INFO     | metagpt.roles.di.role_zero:_act:294 - Commands outputs: 
Command Terminal.run_command executed:
[command]: cd /home/aludy/scires/Cloud_Spec_Exp/external/worktrees/oci-metagpt-agentless-mini-rerun/metagpt/runc-5073 && sed -i '236,255d' libcontainer/specconv/spec_linux.go && echo 'Removed lines 237-255 (wildcard mknod entries)' 
[command output] : Removed lines 237-255 (wildcard mknod entries)

2026-07-25 16:06:50.427 | INFO     | metagpt.roles.di.role_zero:_act:292 - Commands: 
[{'command_name': 'Editor.goto_line', 'args': {'line_number': 220}}]
2026-07-25 16:06:50.427 | INFO     | metagpt.roles.di.role_zero:_act:294 - Commands outputs: 
Command Editor.goto_line executed: [File: /home/aludy/scires/Cloud_Spec_Exp/external/worktrees/oci-metagpt-agentless-mini-rerun/metagpt/runc-5073/libcontainer/specconv/spec_linux.go (1307 lines total)]
(119 more lines above)
120|			"rsuid":          {true, unix.MOUNT_ATTR_NOSUID},
121|			"rnodev":         {false, unix.MOUNT_ATTR_NODEV},
122|			"rdev":           {true, unix.MOUNT_ATTR_NODEV},
123|			"rnoexec":        {false, unix.MOUNT_ATTR_NOEXEC},
124|			"rexec":          {true, unix.MOUNT_ATTR_NOEXEC},
125|			"rnodiratime":    {false, unix.MOUNT_ATTR_NODIRATIME},
126|			"rdiratime":      {true, unix.MOUNT_ATTR_NODIRATIME},
127|			"rrelatime":      {false, unix.MOUNT_ATTR_RELATIME},
128|			"rnorelatime":    {true, unix.MOUNT_ATTR_RELATIME},
129|			"rnoatime":       {false, unix.MOUNT_ATTR_NOATIME},
130|			"ratime":         {true, unix.MOUNT_ATTR_NOATIME},
131|			"rstrictatime":   {false, unix.MOUNT_ATTR_STRICTATIME},
132|			"rnostrictatime": {true, unix.MOUNT_ATTR_STRICTATIME},
133|			"rnosymfollow":   {false, unix.MOUNT_ATTR_NOSYMFOLLOW}, // since kernel 5.14
134|			"rsymfollow":     {true, unix.MOUNT_ATTR_NOSYMFOLLOW},  // since kernel 5.14
135|		}
136|
137|		extensionFlags = map[string]struct {
138|			clear bool
139|			flag  int
140|		}{
141|			"tmpcopyup": {false, configs.EXT_COPYUP},
142|		}
143|
144|		complexFlags = map[string]func(*configs.Mount){
145|			"idmap": func(m *configs.Mount) {
146|				m.IDMapping = new(configs.MountIDMapping)
147|				m.IDMapping.Recursive = false // noop
148|			},
149|			"ridmap": func(m *configs.Mount) {
150|				m.IDMapping = new(configs.MountIDMapping)
151|				m.IDMapping.Recursive = true
152|			},
153|		}
154|
155|		mpolModeMap = map[string]int{
156|			string(specs.MpolDefault):            unix.MPOL_DEFAULT,
157|			string(specs.MpolPreferred):          unix.MPOL_PREFERRED,
158|			string(specs.MpolBind):               unix.MPOL_BIND,
159|			string(specs.MpolInterleave):         unix.MPOL_INTERLEAVE,
160|			string(specs.MpolLocal):              unix.MPOL_LOCAL,
161|			string(specs.MpolPreferredMany):      unix.MPOL_PREFERRED_MANY,
162|			string(specs.MpolWeightedInterleave): unix.MPOL_WEIGHTED_INTERLEAVE,
163|		}
164|
165|		mpolModeFMap = map[string]int{
166|			string(specs.MpolFStaticNodes):   unix.MPOL_F_STATIC_NODES,
167|			string(specs.MpolFRelativeNodes): unix.MPOL_F_RELATIVE_NODES,
168|			string(specs.MpolFNumaBalancing): unix.MPOL_F_NUMA_BALANCING,
169|		}
170|	})
171|}
172|
173|// KnownNamespaces returns the list of the known namespaces.
174|// Used by `runc features`.
175|func KnownNamespaces() []string {
176|	initMaps()
177|	var res []string
178|	for k := range namespaceMapping {
179|		res = append(res, string(k))
180|	}
181|	sort.Strings(res)
182|	return res
183|}
184|
185|// KnownMountOptions returns the list of the known mount options.
186|// Used by `runc features`.
187|func KnownMountOptions() []string {
188|	initMaps()
189|	var res []string
190|	for k := range mountFlags {
191|		res = append(res, k)
192|	}
193|	for k := range mountPropagationMapping {
194|		res = append(res, k)
195|	}
196|	for k := range recAttrFlags {
197|		res = append(res, k)
198|	}
199|	for k := range extensionFlags {
200|		res = append(res, k)
201|	}
202|	sort.Strings(res)
203|	return res
204|}
205|
206|// KnownMemoryPolicyModes returns the list of the known memory policy modes.
207|// Used by `runc features`.
208|func KnownMemoryPolicyModes() []string {
209|	initMaps()
210|	return slices.Sorted(maps.Keys(mpolModeMap))
211|}
212|
213|// KnownMemoryPolicyFlags returns the list of the known memory policy mode flags.
214|// Used by `runc features`.
215|func KnownMemoryPolicyFlags() []string {
216|	initMaps()
217|	return slices.Sorted(maps.Keys(mpolModeFMap))
218|}
219|
220|// AllowedDevices is the set of devices which are automatically included for
221|// all containers.
222|//
223|// # XXX (cyphar)
224|//
225|// This behaviour is at the very least "questionable" (if not outright
226|// wrong) according to the runtime-spec.
227|//
228|// Yes, we have to include certain devices other than the ones the user
229|// specifies, but several devices listed here are not part of the spec
230|// (including "mknod for any device"?!). In addition, these rules are
231|// appended to the user-provided set which means that users *cannot disable
232|// this behaviour*.
233|//
234|// ... unfortunately I'm too scared to change this now because who knows how
235|// many people depend on this (incorrect and arguably insecure) behaviour.
236|	{
237|		Path:     "/dev/null",
238|		FileMode: 0o666,
239|		Uid:      0,
240|		Gid:      0,
241|		Rule: devices.Rule{
242|			Type:        devices.CharDevice,
243|			Major:       1,
244|			Minor:       3,
245|			Permissions: "rwm",
246|			Allow:       true,
247|		},
248|	},
249|	{
250|		Path:     "/dev/random",
251|		FileMode: 0o666,
252|		Uid:      0,
253|		Gid:      0,
254|		Rule: devices.Rule{
255|			Type:        devices.CharDevice,
256|			Major:       1,
257|			Minor:       8,
258|			Permissions: "rwm",
259|			Allow:       true,
260|		},
261|	},
262|	{
263|		Path:     "/dev/full",
264|		FileMode: 0o666,
265|		Uid:      0,
266|		Gid:      0,
267|		Rule: devices.Rule{
268|			Type:        devices.CharDevice,
269|			Major:       1,
270|			Minor:       7,
271|			Permissions: "rwm",
272|			Allow:       true,
273|		},
274|	},
275|	{
276|		Path:     "/dev/tty",
277|		FileMode: 0o666,
278|		Uid:      0,
279|		Gid:      0,
280|		Rule: devices.Rule{
281|			Type:        devices.CharDevice,
282|			Major:       5,
283|			Minor:       0,
284|			Permissions: "rwm",
285|			Allow:       true,
286|		},
287|	},
288|	{
289|		Path:     "/dev/zero",
290|		FileMode: 0o666,
291|		Uid:      0,
292|		Gid:      0,
293|		Rule: devices.Rule{
294|			Type:        devices.CharDevice,
295|			Major:       1,
296|			Minor:       5,
297|			Permissions: "rwm",
298|			Allow:       true,
299|		},
300|	},
301|	{
302|		Path:     "/dev/urandom",
303|		FileMode: 0o666,
304|		Uid:      0,
305|		Gid:      0,
306|		Rule: devices.Rule{
307|			Type:        devices.CharDevice,
308|			Major:       1,
309|			Minor:       9,
310|			Permissions: "rwm",
311|			Allow:       true,
312|		},
313|	},
314|	// /dev/pts/ - pts namespaces are "coming soon"
315|	{
316|		Rule: devices.Rule{
317|			Type:        devices.CharDevice,
318|			Major:       136,
319|			Minor:       devices.Wildcard,
320|			Permissions: "rwm",
(987 more lines below)
2026-07-25 16:06:55.771 | INFO     | metagpt.roles.di.role_zero:_act:292 - Commands: 
[{'command_name': 'Editor.open_file', 'args': {'path': '/home/aludy/scires/Cloud_Spec_Exp/external/worktrees/oci-metagpt-agentless-mini-rerun/metagpt/runc-5073/libcontainer/specconv/spec_linux.go', 'line_number': 230, 'context_lines': 20}}]
2026-07-25 16:06:55.771 | INFO     | metagpt.roles.di.role_zero:_act:294 - Commands outputs: 
Command Editor.open_file executed: [File: /home/aludy/scires/Cloud_Spec_Exp/external/worktrees/oci-metagpt-agentless-mini-rerun/metagpt/runc-5073/libcontainer/specconv/spec_linux.go (1307 lines total)]
(219 more lines above)
220|// AllowedDevices is the set of devices which are automatically included for
221|// all containers.
222|//
223|// # XXX (cyphar)
224|//
225|// This behaviour is at the very least "questionable" (if not outright
226|// wrong) according to the runtime-spec.
227|//
228|// Yes, we have to include certain devices other than the ones the user
229|// specifies, but several devices listed here are not part of the spec
230|// (including "mknod for any device"?!). In addition, these rules are
231|// appended to the user-provided set which means that users *cannot disable
232|// this behaviour*.
233|//
234|// ... unfortunately I'm too scared to change this now because who knows how
235|// many people depend on this (incorrect and arguably insecure) behaviour.
236|	{
237|		Path:     "/dev/null",
238|		FileMode: 0o666,
239|		Uid:      0,
240|		Gid:      0,
(1067 more lines below)
2026-07-25 16:07:00.034 | INFO     | metagpt.roles.di.role_zero:_act:292 - Commands: 
[{'command_name': 'Editor.goto_line', 'args': {'line_number': 1}}, {'command_name': 'Terminal.run_command', 'args': {'cmd': "cd /home/aludy/scires/Cloud_Spec_Exp/external/worktrees/oci-metagpt-agentless-mini-rerun/metagpt/runc-5073 && grep -n 'var AllowedDevices' libcontainer/specconv/spec_linux.go"}}]
2026-07-25 16:07:00.037 | INFO     | metagpt.roles.di.role_zero:_act:294 - Commands outputs: 
Command Editor.goto_line executed: [File: /home/aludy/scires/Cloud_Spec_Exp/external/worktrees/oci-metagpt-agentless-mini-rerun/metagpt/runc-5073/libcontainer/specconv/spec_linux.go (1307 lines total)]
(this is the beginning of the file)
001|// Package specconv implements conversion of specifications to libcontainer
002|// configurations
003|package specconv
004|
005|import (
006|	"errors"
007|	"fmt"
008|	"maps"
009|	"os"
010|	"path/filepath"
011|	"slices"
012|	"sort"
013|	"strings"
014|	"sync"
015|	"time"
016|
017|	systemdDbus "github.com/coreos/go-systemd/v22/dbus"
018|	dbus "github.com/godbus/dbus/v5"
019|	"github.com/opencontainers/runtime-spec/specs-go"
020|	"github.com/sirupsen/logrus"
021|	"golang.org/x/sys/unix"
022|
023|	"github.com/opencontainers/cgroups"
024|	devices "github.com/opencontainers/cgroups/devices/config"
025|	"github.com/opencontainers/runc/internal/linux"
026|	"github.com/opencontainers/runc/internal/pathrs"
027|	"github.com/opencontainers/runc/libcontainer/configs"
028|	"github.com/opencontainers/runc/libcontainer/internal/userns"
029|	"github.com/opencontainers/runc/libcontainer/seccomp"
030|)
031|
032|var (
033|	initMapsOnce            sync.Once
034|	namespaceMapping        map[specs.LinuxNamespaceType]configs.NamespaceType
035|	mountPropagationMapping map[string]int
036|	recAttrFlags            map[string]struct {
037|		clear bool
038|		flag  uint64
039|	}
040|	mountFlags, extensionFlags map[string]struct {
041|		clear bool
042|		flag  int
043|	}
044|	complexFlags map[string]func(*configs.Mount)
045|	mpolModeMap  map[string]int
046|	mpolModeFMap map[string]int
047|)
048|
049|func initMaps() {
050|	initMapsOnce.Do(func() {
051|		namespaceMapping = map[specs.LinuxNamespaceType]configs.NamespaceType{
052|			specs.PIDNamespace:     configs.NEWPID,
053|			specs.NetworkNamespace: configs.NEWNET,
054|			specs.MountNamespace:   configs.NEWNS,
055|			specs.UserNamespace:    configs.NEWUSER,
056|			specs.IPCNamespace:     configs.NEWIPC,
057|			specs.UTSNamespace:     configs.NEWUTS,
058|			specs.CgroupNamespace:  configs.NEWCGROUP,
059|			specs.TimeNamespace:    configs.NEWTIME,
060|		}
061|
062|		mountPropagationMapping = map[string]int{
063|			"rprivate":    unix.MS_PRIVATE | unix.MS_REC,
064|			"private":     unix.MS_PRIVATE,
065|			"rslave":      unix.MS_SLAVE | unix.MS_REC,
066|			"slave":       unix.MS_SLAVE,
067|			"rshared":     unix.MS_SHARED | unix.MS_REC,
068|			"shared":      unix.MS_SHARED,
069|			"runbindable": unix.MS_UNBINDABLE | unix.MS_REC,
070|			"unbindable":  unix.MS_UNBINDABLE,
071|		}
072|
073|		mountFlags = map[string]struct {
074|			clear bool
075|			flag  int
076|		}{
077|			// "acl" cannot be mapped to MS_POSIXACL: https://github.com/opencontainers/runc/issues/3738
078|			"async":         {true, unix.MS_SYNCHRONOUS},
079|			"atime":         {true, unix.MS_NOATIME},
080|			"bind":          {false, unix.MS_BIND},
081|			"defaults":      {false, 0},
082|			"dev":           {true, unix.MS_NODEV},
083|			"diratime":      {true, unix.MS_NODIRATIME},
084|			"dirsync":       {false, unix.MS_DIRSYNC},
085|			"exec":          {true, unix.MS_NOEXEC},
086|			"iversion":      {false, unix.MS_I_VERSION},
087|			"lazytime":      {false, unix.MS_LAZYTIME},
088|			"loud":          {true, unix.MS_SILENT},
089|			"mand":          {false, unix.MS_MANDLOCK},
090|			"noatime":       {false, unix.MS_NOATIME},
091|			"nodev":         {false, unix.MS_NODEV},
092|			"nodiratime":    {false, unix.MS_NODIRATIME},
093|			"noexec":        {false, unix.MS_NOEXEC},
094|			"noiversion":    {true, unix.MS_I_VERSION},
095|			"nolazytime":    {true, unix.MS_LAZYTIME},
096|			"nomand":        {true, unix.MS_MANDLOCK},
097|			"norelatime":    {true, unix.MS_RELATIME},
098|			"nostrictatime": {true, unix.MS_STRICTATIME},
099|			"nosuid":        {false, unix.MS_NOSUID},
100|			"nosymfollow":   {false, unix.MS_NOSYMFOLLOW}, // since kernel 5.10
101|			"rbind":         {false, unix.MS_BIND | unix.MS_REC},
102|			"relatime":      {false, unix.MS_RELATIME},
103|			"remount":       {false, unix.MS_REMOUNT},
104|			"ro":            {false, unix.MS_RDONLY},
105|			"rw":            {true, unix.MS_RDONLY},
106|			"silent":        {false, unix.MS_SILENT},
107|			"strictatime":   {false, unix.MS_STRICTATIME},
108|			"suid":          {true, unix.MS_NOSUID},
109|			"sync":          {false, unix.MS_SYNCHRONOUS},
110|			"symfollow":     {true, unix.MS_NOSYMFOLLOW}, // since kernel 5.10
111|		}
112|
113|		recAttrFlags = map[string]struct {
114|			clear bool
115|			flag  uint64
116|		}{
117|			"rro":            {false, unix.MOUNT_ATTR_RDONLY},
118|			"rrw":            {true, unix.MOUNT_ATTR_RDONLY},
119|			"rnosuid":        {false, unix.MOUNT_ATTR_NOSUID},
120|			"rsuid":          {true, unix.MOUNT_ATTR_NOSUID},
121|			"rnodev":         {false, unix.MOUNT_ATTR_NODEV},
122|			"rdev":           {true, unix.MOUNT_ATTR_NODEV},
123|			"rnoexec":        {false, unix.MOUNT_ATTR_NOEXEC},
124|			"rexec":          {true, unix.MOUNT_ATTR_NOEXEC},
125|			"rnodiratime":    {false, unix.MOUNT_ATTR_NODIRATIME},
126|			"rdiratime":      {true, unix.MOUNT_ATTR_NODIRATIME},
127|			"rrelatime":      {false, unix.MOUNT_ATTR_RELATIME},
128|			"rnorelatime":    {true, unix.MOUNT_ATTR_RELATIME},
129|			"rnoatime":       {false, unix.MOUNT_ATTR_NOATIME},
130|			"ratime":         {true, unix.MOUNT_ATTR_NOATIME},
131|			"rstrictatime":   {false, unix.MOUNT_ATTR_STRICTATIME},
132|			"rnostrictatime": {true, unix.MOUNT_ATTR_STRICTATIME},
133|			"rnosymfollow":   {false, unix.MOUNT_ATTR_NOSYMFOLLOW}, // since kernel 5.14
134|			"rsymfollow":     {true, unix.MOUNT_ATTR_NOSYMFOLLOW},  // since kernel 5.14
135|		}
136|
137|		extensionFlags = map[string]struct {
138|			clear bool
139|			flag  int
140|		}{
141|			"tmpcopyup": {false, configs.EXT_COPYUP},
142|		}
143|
144|		complexFlags = map[string]func(*configs.Mount){
145|			"idmap": func(m *configs.Mount) {
146|				m.IDMapping = new(configs.MountIDMapping)
147|				m.IDMapping.Recursive = false // noop
148|			},
149|			"ridmap": func(m *configs.Mount) {
150|				m.IDMapping = new(configs.MountIDMapping)
151|				m.IDMapping.Recursive = true
152|			},
153|		}
154|
155|		mpolModeMap = map[string]int{
156|			string(specs.MpolDefault):            unix.MPOL_DEFAULT,
157|			string(specs.MpolPreferred):          unix.MPOL_PREFERRED,
158|			string(specs.MpolBind):               unix.MPOL_BIND,
159|			string(specs.MpolInterleave):         unix.MPOL_INTERLEAVE,
160|			string(specs.MpolLocal):              unix.MPOL_LOCAL,
161|			string(specs.MpolPreferredMany):      unix.MPOL_PREFERRED_MANY,
162|			string(specs.MpolWeightedInterleave): unix.MPOL_WEIGHTED_INTERLEAVE,
163|		}
164|
165|		mpolModeFMap = map[string]int{
166|			string(specs.MpolFStaticNodes):   unix.MPOL_F_STATIC_NODES,
167|			string(specs.MpolFRelativeNodes): unix.MPOL_F_RELATIVE_NODES,
168|			string(specs.MpolFNumaBalancing): unix.MPOL_F_NUMA_BALANCING,
169|		}
170|	})
171|}
172|
173|// KnownNamespaces returns the list of the known namespaces.
174|// Used by `runc features`.
175|func KnownNamespaces() []string {
176|	initMaps()
177|	var res []string
178|	for k := range namespaceMapping {
179|		res = append(res, string(k))
180|	}
181|	sort.Strings(res)
182|	return res
183|}
184|
185|// KnownMountOptions returns the list of the known mount options.
186|// Used by `runc features`.
187|func KnownMountOptions() []string {
188|	initMaps()
189|	var res []string
190|	for k := range mountFlags {
191|		res = append(res, k)
192|	}
193|	for k := range mountPropagationMapping {
194|		res = append(res, k)
195|	}
196|	for k := range recAttrFlags {
197|		res = append(res, k)
198|	}
199|	for k := range extensionFlags {
200|		res = append(res, k)
(1107 more lines below)

Command Terminal.run_command executed:
[command]: cd /home/aludy/scires/Cloud_Spec_Exp/external/worktrees/oci-metagpt-agentless-mini-rerun/metagpt/runc-5073 && grep -n 'var AllowedDevices' libcontainer/specconv/spec_linux.go 
[command output] :  (pay attention to this.)
2026-07-25 16:07:04.472 | INFO     | metagpt.roles.di.role_zero:_act:292 - Commands: 
[{'command_name': 'Terminal.run_command', 'args': {'cmd': "cd /home/aludy/scires/Cloud_Spec_Exp/external/worktrees/oci-metagpt-agentless-mini-rerun/metagpt/runc-5073 && git checkout -- libcontainer/specconv/spec_linux.go && echo 'Restored'"}}]
2026-07-25 16:07:04.487 | INFO     | metagpt.roles.di.role_zero:_act:294 - Commands outputs: 
Command Terminal.run_command executed:
[command]: cd /home/aludy/scires/Cloud_Spec_Exp/external/worktrees/oci-metagpt-agentless-mini-rerun/metagpt/runc-5073 && git checkout -- libcontainer/specconv/spec_linux.go && echo 'Restored' 
[command output] : Restored
 (pay attention to this.)
2026-07-25 16:07:07.273 | INFO     | metagpt.roles.di.role_zero:_act:292 - Commands: 
[{'command_name': 'Terminal.run_command', 'args': {'cmd': 'cd /home/aludy/scires/Cloud_Spec_Exp/external/worktrees/oci-metagpt-agentless-mini-rerun/metagpt/runc-5073 && grep -n \'var AllowedDevices\\|// allow mknod\\|Type:.*Wildcard\\|Permissions: "m"\' libcontainer/specconv/spec_linux.go'}}]
2026-07-25 16:07:07.275 | INFO     | metagpt.roles.di.role_zero:_act:294 - Commands outputs: 
Command Terminal.run_command executed:
[command]: cd /home/aludy/scires/Cloud_Spec_Exp/external/worktrees/oci-metagpt-agentless-mini-rerun/metagpt/runc-5073 && grep -n 'var AllowedDevices\|// allow mknod\|Type:.*Wildcard\|Permissions: "m"' libcontainer/specconv/spec_linux.go 
[command output] : 236:var AllowedDevices = []*devices.Device{
237:	// allow mknod for any device
243:			Permissions: "m",
252:			Permissions: "m",

2026-07-25 16:07:10.163 | INFO     | metagpt.roles.di.role_zero:_act:292 - Commands: 
[{'command_name': 'Terminal.run_command', 'args': {'cmd': "cd /home/aludy/scires/Cloud_Spec_Exp/external/worktrees/oci-metagpt-agentless-mini-rerun/metagpt/runc-5073 && sed -n '236p' libcontainer/specconv/spec_linux.go && sed -n '237,255p' libcontainer/specconv/spec_linux.go && echo '---LINES 237-255 (to be removed)---'"}}]
2026-07-25 16:07:10.166 | INFO     | metagpt.roles.di.role_zero:_act:294 - Commands outputs: 
Command Terminal.run_command executed:
[command]: cd /home/aludy/scires/Cloud_Spec_Exp/external/worktrees/oci-metagpt-agentless-mini-rerun/metagpt/runc-5073 && sed -n '236p' libcontainer/specconv/spec_linux.go && sed -n '237,255p' libcontainer/specconv/spec_linux.go && echo '---LINES 237-255 (to be removed)---' 
[command output] : var AllowedDevices = []*devices.Device{
	// allow mknod for any device
	{
		Rule: devices.Rule{
			Type:        devices.CharDevice,
			Major:       devices.Wildcard,
			Minor:       devices.Wildcard,
			Permissions: "m",
			Allow:       true,
		},
	},
	{
		Rule: devices.Rule{
			Type:        devices.BlockDevice,
			Major:       devices.Wildcard,
			Minor:       devices.Wildcard,
			Permissions: "m",
			Allow:       true,
		},
	},
---LINES 237-255 (to be removed)---

2026-07-25 16:07:13.401 | WARNING  | metagpt.utils.role_zero_utils:parse_commands:115 - Failed to parse JSON for: Now I have the exact content. Lines 237-255 are the two wildcard mknod entries that need to be removed. Line 236 (`var AllowedDevices` declaration) must be preserved. Let me use a precise sed command to remove only lines 237-255.

```json
[
    {
        "command_name": "Terminal.run_command",
        "args": {
            "cmd": "cd /home/aludy/scires/Cloud_Spec_Exp/external/worktrees/oci-metagpt-agentless-mini-rerun/metagpt/runc-5073 && python3 -c \"\nimport sys\nwith open('libcontainer/specconv/spec_linux.go', 'r') as f:\n    lines = f.readlines()\n# Remove lines 237-255 (0-indexed: 236-254)\nnew_lines = lines[:236] + lines[255:]\nwith open('libcontainer/specconv/spec_linux.go', 'w') as f:\n    f.writelines(new_lines)\nprint('Removed lines 237-255 (wildcard mknod entries)')\nprint(f'New file has {len(new_lines)} lines (was {len(lines)})')\n\""
        }
    }
]
```. Trying to repair...
Timeout (0:05:00)!
Thread 0x000077f127fff6c0 (most recent call first):
  File "/home/aludy/miniconda3/envs/metagpt/lib/python3.10/asyncio/unix_events.py", line 1392 in _do_waitpid
  File "/home/aludy/miniconda3/envs/metagpt/lib/python3.10/threading.py", line 953 in run
  File "/home/aludy/miniconda3/envs/metagpt/lib/python3.10/threading.py", line 1016 in _bootstrap_inner
  File "/home/aludy/miniconda3/envs/metagpt/lib/python3.10/threading.py", line 973 in _bootstrap

Thread 0x000077f12cabb6c0 (most recent call first):
  File "/home/aludy/miniconda3/envs/metagpt/lib/python3.10/concurrent/futures/thread.py", line 81 in _worker
  File "/home/aludy/miniconda3/envs/metagpt/lib/python3.10/threading.py", line 953 in run
  File "/home/aludy/miniconda3/envs/metagpt/lib/python3.10/threading.py", line 1016 in _bootstrap_inner
  File "/home/aludy/miniconda3/envs/metagpt/lib/python3.10/threading.py", line 973 in _bootstrap

Thread 0x000077f1f00cb740 (most recent call first):
  File "/home/aludy/miniconda3/envs/metagpt/lib/python3.10/selectors.py", line 469 in select
  File "/home/aludy/miniconda3/envs/metagpt/lib/python3.10/asyncio/base_events.py", line 1871 in _run_once
  File "/home/aludy/miniconda3/envs/metagpt/lib/python3.10/asyncio/base_events.py", line 603 in run_forever
  File "/home/aludy/miniconda3/envs/metagpt/lib/python3.10/asyncio/base_events.py", line 636 in run_until_complete
  File "/home/aludy/miniconda3/envs/metagpt/lib/python3.10/asyncio/runners.py", line 44 in run
  File "/home/aludy/scires/Cloud_Spec_Exp/external/baselines/MetaGPT/metagpt/software_company.py", line 72 in generate_repo
  File "/home/aludy/scires/Cloud_Spec_Exp/baselines/metagpt/launch.py", line 277 in main
  File "/home/aludy/scires/Cloud_Spec_Exp/baselines/metagpt/launch.py", line 307 in <module>
2026-07-25 16:07:45.190 | ERROR    | metagpt.utils.common:parse_code:291 - ```json.*?\s+(.*?)\n``` not match following text:
2026-07-25 16:07:45.190 | ERROR    | metagpt.utils.common:parse_code:292 - 
2026-07-25 16:07:45.191 | ERROR    | metagpt.utils.common:wrapper:683 - Exception occurs, start to serialize the project, exp:
Traceback (most recent call last):
  File "/home/aludy/scires/Cloud_Spec_Exp/external/baselines/MetaGPT/metagpt/utils/role_zero_utils.py", line 118, in parse_commands
    commands = json.loads(CodeParser.parse_code(block=None, lang="json", text=commands))
  File "/home/aludy/miniconda3/envs/metagpt/lib/python3.10/json/__init__.py", line 346, in loads
    return _default_decoder.decode(s)
json.decoder.JSONDecodeError: Expecting value: line 1 column 1 (char 0)

During handling of the above exception, another exception occurred:

Traceback (most recent call last):
  File "/home/aludy/scires/Cloud_Spec_Exp/external/baselines/MetaGPT/metagpt/utils/common.py", line 692, in wrapper
    return await func(self, *args, **kwargs)
  File "/home/aludy/scires/Cloud_Spec_Exp/external/baselines/MetaGPT/metagpt/roles/role.py", line 548, in run
    rsp = await self.react()
json.decoder.JSONDecodeError: Invalid control character at: line 5 column 246 (char 319)

The above exception was the direct cause of the following exception:

Traceback (most recent call last):
  File "/home/aludy/scires/Cloud_Spec_Exp/external/baselines/MetaGPT/metagpt/utils/common.py", line 678, in wrapper
    result = await func(self, *args, **kwargs)
  File "/home/aludy/scires/Cloud_Spec_Exp/external/baselines/MetaGPT/metagpt/team.py", line 134, in run
    await self.env.run()
Exception: Traceback (most recent call last):
  File "/home/aludy/scires/Cloud_Spec_Exp/external/baselines/MetaGPT/metagpt/utils/role_zero_utils.py", line 118, in parse_commands
    commands = json.loads(CodeParser.parse_code(block=None, lang="json", text=commands))
  File "/home/aludy/miniconda3/envs/metagpt/lib/python3.10/json/__init__.py", line 346, in loads
    return _default_decoder.decode(s)
  File "/home/aludy/miniconda3/envs/metagpt/lib/python3.10/json/decoder.py", line 337, in decode
    obj, end = self.raw_decode(s, idx=_w(s, 0).end())
  File "/home/aludy/miniconda3/envs/metagpt/lib/python3.10/json/decoder.py", line 355, in raw_decode
    raise JSONDecodeError("Expecting value", s, err.value) from None
json.decoder.JSONDecodeError: Expecting value: line 1 column 1 (char 0)

During handling of the above exception, another exception occurred:

Traceback (most recent call last):
  File "/home/aludy/scires/Cloud_Spec_Exp/external/baselines/MetaGPT/metagpt/utils/common.py", line 692, in wrapper
    return await func(self, *args, **kwargs)
  File "/home/aludy/scires/Cloud_Spec_Exp/external/baselines/MetaGPT/metagpt/roles/role.py", line 548, in run
    rsp = await self.react()
  File "/home/aludy/scires/Cloud_Spec_Exp/external/baselines/MetaGPT/metagpt/roles/role.py", line 515, in react
    rsp = await self._react()
  File "/home/aludy/scires/Cloud_Spec_Exp/external/baselines/MetaGPT/metagpt/roles/di/role_zero.py", line 324, in _react
    rsp = await self._act()
  File "/home/aludy/scires/Cloud_Spec_Exp/external/baselines/MetaGPT/metagpt/roles/di/role_zero.py", line 284, in _act
    commands, ok, self.command_rsp = await parse_commands(
  File "/home/aludy/scires/Cloud_Spec_Exp/baselines/metagpt/command_compat.py", line 99, in compatible_parse_commands
    result = await original_parse_commands(*args, **kwargs)
  File "/home/aludy/scires/Cloud_Spec_Exp/external/baselines/MetaGPT/metagpt/utils/role_zero_utils.py", line 123, in parse_commands
    commands = json.loads(
  File "/home/aludy/miniconda3/envs/metagpt/lib/python3.10/json/__init__.py", line 346, in loads
    return _default_decoder.decode(s)
  File "/home/aludy/miniconda3/envs/metagpt/lib/python3.10/json/decoder.py", line 337, in decode
    obj, end = self.raw_decode(s, idx=_w(s, 0).end())
  File "/home/aludy/miniconda3/envs/metagpt/lib/python3.10/json/decoder.py", line 353, in raw_decode
    obj, end = self.scan_once(s, idx)
json.decoder.JSONDecodeError: Invalid control character at: line 5 column 246 (char 319)


/home/aludy/miniconda3/envs/metagpt/lib/python3.10/site-packages/pydantic/_internal/_std_types_schema.py:319: UserWarning: Pydantic serializer warnings:
  Expected `enum` but got `str` with value `'react'` - serialized value may not be as expected
  return handler(v)
/home/aludy/scires/Cloud_Spec_Exp/external/baselines/MetaGPT/metagpt/base/base_serialization.py:26: UserWarning: Pydantic serializer warnings:
  Expected `enum` but got `str` with value `'react'` - serialized value may not be as expected
  ret = default_serializer(self)
Traceback (most recent call last):
  File "/home/aludy/scires/Cloud_Spec_Exp/baselines/metagpt/launch.py", line 307, in <module>
    raise SystemExit(main())
  File "/home/aludy/scires/Cloud_Spec_Exp/baselines/metagpt/launch.py", line 290, in main
    raise NoRepositoryChanges(
NoRepositoryChanges: MetaGPT returned without changing tracked files in the target worktree
ERROR conda.cli.main_run:execute(148): `conda run python /home/aludy/scires/Cloud_Spec_Exp/baselines/metagpt/launch.py --baseline-repo /home/aludy/scires/Cloud_Spec_Exp/external/baselines/MetaGPT --repo /home/aludy/scires/Cloud_Spec_Exp/external/worktrees/oci-metagpt-agentless-mini-rerun/metagpt/runc-5073 --task-file /home/aludy/scires/Cloud_Spec_Exp/results/oci-metagpt-agentless-mini-rerun/metagpt/runc-5073/task.md --output-dir /home/aludy/scires/Cloud_Spec_Exp/results/oci-metagpt-agentless-mini-rerun/metagpt/runc-5073/metagpt-output --model deepseek-v4-flash --api-type deepseek --n-round 10 --investment 3.0 --max-auto-summarize-code 0 --base-url https://api.deepseek.com` failed. (See above for error)
