2026-07-26 13:50:35,551 - INFO - ================ repairing crun-1943 ================
2026-07-26 13:50:35,555 - INFO - prompting with message:
We are currently solving the following issue within our repository. Here is the issue text:
--- BEGIN ISSUE ---
Fix OCI runtime bug case crun-1943.

Target runtime: crun
Title: poststart hook with `/bin/false` gives different results for `crun` and `runc`
Upstream issue: https://github.com/containers/crun/issues/1943
Category: POSIX-platform Hooks

Goal:
Modify the runtime source code so the candidate runtime behavior matches the configured reference runtime for the OCI reproduction case.
Do not edit the dataset, generated worktree metadata, or oracle scripts.

Writable target repository (the only location where source changes are allowed):
/home/aludy/scires/Cloud_Spec_Exp/external/worktrees/oci-metagpt-agentless-mini-rerun/agentless-oci-adapted/crun-1943

Required first command:
cd /home/aludy/scires/Cloud_Spec_Exp/external/worktrees/oci-metagpt-agentless-mini-rerun/agentless-oci-adapted/crun-1943 && git rev-parse HEAD && git status --short

Inspect, edit, build, and collect git diff only in the writable target repository.
Do not inspect or modify the source checkout under external/subjects; it may be at a different revision.
When writing Agentless SEARCH/REPLACE edit blocks, use repository-relative file paths exactly as shown in the localized source files.
Do not use absolute paths in `### <file>` headers.

Reproduction bundle absolute path (read-only):
/home/aludy/scires/Cloud_Spec_Exp/external/oci-differential-dataset/cases/crun-1943

Rootfs tar absolute path:
/home/aludy/scires/Cloud_Spec_Exp/external/oci-differential-dataset/alpine-base.tar.gz

Run reproduction commands from the reproduction bundle directory.

Build command that will be used after your changes:
./autogen.sh && ./configure && make -j$(nproc)

Candidate runtime path after build:
crun

Expected differential behavior and validation notes:
Issue ID: crun-1943
Upstream URL: https://github.com/containers/crun/issues/1943
Category: POSIX-platform Hooks

Payload under test:
process args: ["/bin/sh", "-c", "echo poststart-false-1943"]; linux.resources.devices: [{"allow": false, "access": "rwm"}]; hooks: poststart

Expected differential behavior:
Run the same buggy_config.json with a reference runtime and an affected runtime. A valid reproduction is a stable difference in exit status, stdout, stderr, runtime state, or documented side effects for the same OCI payload.

Validation procedure:
1. Run this case with a known-good or reference runtime.
2. Run the same `buggy_config.json` with the runtime version suspected to contain the historical issue.
3. Compare exit status, stdout, stderr, and documented side effects.
4. Treat missing host features, missing cgroup controllers, missing seccomp support, missing runtime binaries, or insufficient privileges as environment failures rather than successful reproductions.

Case README:
# crun-1943

## Upstream Issue Summary
- Title: poststart hook with `/bin/false` gives different results for `crun` and `runc`
- URL: https://github.com/containers/crun/issues/1943
- Category: POSIX-platform Hooks
- Summary: This case reduces the upstream issue to a small OCI bundle that can be used for differential runtime testing.

## Runtime Version Assessment
Use the runtime version discussed in the upstream issue as the affected implementation and compare it with a fixed or reference runtime. Some cases require specific host support such as cgroup v1, cgroup v2, seccomp, eBPF device filtering, user namespaces, or hook execution support.

## Buggy Version Identification
Issue text does not name a release. Git log matched `8e8186b3f087` (`hooks: exit immediately if poststart hooks fail`); use parent `96e9b992c683` as the pre-fix buggy baseline.

## Local Reproduction Files
- `base_config.json`: clean OCI configuration before injecting the issue-specific payload.
- `buggy_config.json`: modified OCI configuration containing the payload.
- `repro.sh`: helper script that prepares a temporary OCI bundle, extracts `../../alpine-base.tar.gz`, copies the selected config to `config.json`, and invokes the runtime.
- `expected_diff.txt`: expected behavioral difference and validation oracle.
- `README.md`: this case description.

## Reproduction Prerequisites
- Linux host with permission to run OCI runtimes.
- `alpine-base.tar.gz` present in the repository root.
- Runtime binary available on `PATH` or passed with `RUNTIME=/path/to/runtime`.
- Case-specific kernel or cgroup features available when required by `expected_diff.txt`.

## Reproduction Steps
1. Change into `cases/crun-1943`.
2. Run `bash repro.sh` with the default runtime.
3. Compare implementations by rerunning with explicit binaries, for example `RUNTIME=/path/to/reference-runtime bash repro.sh` and `RUNTIME=/path/to/buggy-runtime bash repro.sh`.
4. Check the clean baseline with `CONFIG=base_config.json bash repro.sh` when useful.
5. Compare exit code, stdout, stderr, and side effects against `expected_diff.txt`.

## Result Validation
Payload: process args: ["/bin/sh", "-c", "echo poststart-false-1943"]; linux.resources.devices: [{"allow": false, "access": "rwm"}]; hooks: poststart

Oracle: Run the same buggy_config.json with a reference runtime and an affected runtime. A valid reproduction is a stable difference in exit status, stdout, stderr, runtime state, or documented side effects for the same OCI payload.

--- END ISSUE ---


Below are some code segments, each from a relevant file. One or more of these files may contain bugs.

--- BEGIN FILE ---
```
### src/libcrun/container.c
/*
 * crun - OCI runtime written in C
 *
 * Copyright (C) 2017, 2018, 2019, 2020 Giuseppe Scrivano <giuseppe@scrivano.org>
 * crun is free software; you can redistribute it and/or modify
 * it under the terms of the GNU Lesser General Public License as published by
 * the Free Software Foundation; either version 2.1 of the License, or
 * (at your option) any later version.
 *
 * crun is distributed in the hope that it will be useful,
 * but WITHOUT ANY WARRANTY; without even the implied warranty of
 * MERCHANTABILITY or FITNESS FOR A PARTICULAR PURPOSE.  See the
 * GNU Lesser General Public License for more details.
 *
 * You should have received a copy of the GNU Lesser General Public License
 * along with crun.  If not, see <http://www.gnu.org/licenses/>.
 */
#define _GNU_SOURCE

#include <config.h>
#include <ocispec/runtime_spec_schema_config_schema.h>
#include <stdbool.h>
#include "container.h"
#include "utils.h"
#include "seccomp.h"
#include "mempolicy.h"
#ifdef HAVE_SECCOMP
#  include <seccomp.h>
#endif
#include "scheduler.h"
#include "seccomp_notify.h"
#include "custom-handler.h"
#include <stdbool.h>
#include <argp.h>
#include <unistd.h>
#include <sys/stat.h>
#include <sys/types.h>
#include <sched.h>
#include <sys/wait.h>
#include <string.h>
#include <fcntl.h>
#include "status.h"
#include "mount_flags.h"
#include "linux.h"
#include "terminal.h"
#include "io_priority.h"
#include "cgroup.h"
#include "cgroup-utils.h"
#include <sys/prctl.h>
#include <sys/signalfd.h>
#include <sys/epoll.h>
#include <sys/socket.h>
#ifdef HAVE_CAP
#  include <sys/capability.h>
#endif
#include <sys/ioctl.h>
#include <termios.h>
#include <grp.h>
#include <libgen.h>
#include <git-version.h>

#ifdef HAVE_SYSTEMD
#  include <systemd/sd-daemon.h>
#endif

#include <yajl/yajl_tree.h>
#include <yajl/yajl_gen.h>

#define YAJL_STR(x) ((const unsigned char *) (x))

enum
{
  SYNC_SOCKET_SYNC_MESSAGE,
  SYNC_SOCKET_ERROR_MESSAGE,
  SYNC_SOCKET_WARNING_MESSAGE,
  SYNC_SOCKET_DEBUG_MESSAGE,
};

struct container_entrypoint_s
{
  libcrun_container_t *container;
  libcrun_context_t *context;
  int has_terminal_socket_pair;
  int terminal_socketpair[2];

  /* Used by log_write_to_sync_socket.  */
  int sync_socket;

  int seccomp_fd;
  int seccomp_receiver_fd;
  int console_socket_fd;

  int hooks_out_fd;
  int hooks_err_fd;

  struct custom_handler_instance_s *custom_handler;
};

struct sync_socket_message_s
{
  int type;
  int error_value;
  char message[512];
};

typedef runtime_spec_schema_defs_hook hook;

// linux hooks
char *hooks[] = {
  "prestart",
  "createRuntime",
  "createContainer",
  "startContainer",
  "poststart",
  "poststop"
};

// linux namespaces
static char *namespaces[] = {
  "cgroup",
  "ipc",
  "mount",
  "network",
  "pid",
  "user",
  "uts"
};

static char *actions[] = {
  "SCMP_ACT_ALLOW",
  "SCMP_ACT_ERRNO",
  "SCMP_ACT_KILL",
  "SCMP_ACT_KILL_PROCESS",
  "SCMP_ACT_KILL_THREAD",
  "SCMP_ACT_LOG",
  "SCMP_ACT_NOTIFY",
  "SCMP_ACT_TRACE",
  "SCMP_ACT_TRAP"
};

static char *operators[] = {
  "SCMP_CMP_NE",
  "SCMP_CMP_LT",
  "SCMP_CMP_LE",
  "SCMP_CMP_EQ",
  "SCMP_CMP_GE",
  "SCMP_CMP_GT",
  "SCMP_CMP_MASKED_EQ",
};

static char *archs[] = {
  "SCMP_ARCH_AARCH64",
  "SCMP_ARCH_ARM",
  "SCMP_ARCH_MIPS",
  "SCMP_ARCH_MIPS64",
  "SCMP_ARCH_MIPS64N32",
  "SCMP_ARCH_MIPSEL",
  "SCMP_ARCH_MIPSEL64",
  "SCMP_ARCH_MIPSEL64N32",
  "SCMP_ARCH_PPC",
  "SCMP_ARCH_PPC64",
  "SCMP_ARCH_PPC64LE",
  "SCMP_ARCH_RISCV64",
  "SCMP_ARCH_S390",
  "SCMP_ARCH_S390X",
  "SCMP_ARCH_X32",
  "SCMP_ARCH_X86",
  "SCMP_ARCH_X86_64"
};

static char *mempolicy_modes[] = {
  "MPOL_DEFAULT",
  "MPOL_PREFERRED",
  "MPOL_BIND",
  "MPOL_INTERLEAVE",
  "MPOL_LOCAL",
  "MPOL_PREFERRED_MANY",
  "MPOL_WEIGHTED_INTERLEAVE"
};

static char *mempolicy_flags[] = {
  "MPOL_F_NUMA_BALANCING",
  "MPOL_F_RELATIVE_NODES",
  "MPOL_F_STATIC_NODES"
};

static const char spec_file[] = "\
{\n\
	\"ociVersion\": \"1.0.0\",\n\
	\"process\": {\n\
		\"terminal\": true,\n\
		\"user\": {\n\
			\"uid\": 0,\n\
			\"gid\": 0\n\
		},\n\
		\"args\": [\n\
			\"sh\"\n\
		],\n\
		\"env\": [\n\
			\"PATH=/usr/local/sbin:/usr/local/bin:/usr/sbin:/usr/bin:/sbin:/bin\",\n\
			\"TERM=xterm\"\n\
		],\n\
		\"cwd\": \"/\",\n\
		\"capabilities\": {\n\
			\"bounding\": [\n\
				\"CAP_AUDIT_WRITE\",\n\
				\"CAP_KILL\",\n\
				\"CAP_NET_BIND_SERVICE\"\n\
			],\n\
			\"effective\": [\n\
				\"CAP_AUDIT_WRITE\",\n\
				\"CAP_KILL\",\n\
				\"CAP_NET_BIND_SERVICE\"\n\
			],\n\
			\"inheritable\": [\n\
			],\n\
			\"permitted\": [\n\
				\"CAP_AUDIT_WRITE\",\n\
				\"CAP_KILL\",\n\
				\"CAP_NET_BIND_SERVICE\"\n\
			],\n\
			\"ambient\": [\n\
				\"CAP_AUDIT_WRITE\",\n\
				\"CAP_KILL\",\n\
				\"CAP_NET_BIND_SERVICE\"\n\
			]\n\
		},\n\
		\"rlimits\": [\n\
			{\n\
				\"type\": \"RLIMIT_NOFILE\",\n\
				\"hard\": 1024,\n\
				\"soft\": 1024\n\
			}\n\
		],\n\
		\"noNewPrivileges\": true\n\
	},\n\
	\"root\": {\n\
		\"path\": \"rootfs\",\n\
		\"readonly\": true\n\
	},\n\
	\"hostname\": \"crun\",\n\
	\"mounts\": [\n\
		{\n\
			\"destination\": \"/proc\",\n\
			\"type\": \"proc\",\n\
			\"source\": \"proc\"\n\
		},\n\
		{\n\
			\"destination\": \"/dev\",\n\
			\"type\": \"tmpfs\",\n\
			\"source\": \"tmpfs\",\n\
			\"options\": [\n\
				\"nosuid\",\n\
				\"strictatime\",\n\
				\"mode=755\",\n\
				\"size=65536k\"\n\
			]\n\
		},\n\
		{\n\
			\"destination\": \"/dev/pts\",\n\
			\"type\": \"devpts\",\n\
			\"source\": \"devpts\",\n\
			\"options\": [\n\
				\"nosuid\",\n\
				\"noexec\",\n\
				\"newinstance\",\n\
				\"ptmxmode=0666\",\n\
				\"mode=0620\"\
%s\
			]\n\
		},\n\
		{\n\
			\"destination\": \"/dev/shm\",\n\
			\"type\": \"tmpfs\",\n\
			\"source\": \"shm\",\n\
			\"options\": [\n\
				\"nosuid\",\n\
				\"noexec\",\n\
				\"nodev\",\n\
				\"mode=1777\",\n\
				\"size=65536k\"\n\
			]\n\
		},\n\
		{\n\
			\"destination\": \"/dev/mqueue\",\n\
			\"type\": \"mqueue\",\n\
			\"source\": \"mqueue\",\n\
			\"options\": [\n\
				\"nosuid\",\n\
				\"noexec\",\n\
				\"nodev\"\n\
			]\n\
		},\n\
		{\n\
			\"destination\": \"/sys\",\n\
			\"type\": \"sysfs\",\n\
			\"source\": \"sysfs\",\n\
			\"options\": [\n\
				\"nosuid\",\n\
				\"noexec\",\n\
				\"nodev\",\n\
				\"ro\"\n\
			]\n\
		},\n\
		{\n\
			\"destination\": \"/sys/fs/cgroup\",\n\
			\"type\": \"cgroup\",\n\
			\"source\": \"cgroup\",\n\
			\"options\": [\n\
				\"nosuid\",\n\
				\"noexec\",\n\
				\"nodev\",\n\
				\"relatime\",\n\
				\"ro\"\n\
			]\n\
		}\n\
	],\n\
	\"linux\": {\n\
		\"resources\": {\n\
			\"devices\": [\n\
				{\n\
					\"allow\": false,\n\
					\"access\": \"rwm\"\n\
				}\n\
			]\n\
		},\n\
		\"namespaces\": [\n\
			{\n\
				\"type\": \"pid\"\n\
			},\n\
			{\n\
				\"type\": \"network\"\n\
			},\n\
			{\n\
				\"type\": \"ipc\"\n\
			},\n\
			{\n\
				\"type\": \"uts\"\n\
			},\n\
%s\
%s\
			{\n\
				\"type\": \"mount\"\n\
			}\n\
		],\n\
		\"maskedPaths\": [\n\
			\"/proc/acpi\",\n\
			\"/proc/asound\",\n\
			\"/proc/kcore\",\n\
			\"/proc/keys\",\n\
			\"/proc/latency_stats\",\n\
			\"/proc/timer_list\",\n\
			\"/proc/timer_stats\",\n\
			\"/proc/sched_debug\",\n\
			\"/sys/firmware\",\n\
			\"/proc/scsi\"\n\
		],\n\
		\"readonlyPaths\": [\n\
			\"/proc/bus\",\n\
			\"/proc/fs\",\n\
			\"/proc/irq\",\n\
			\"/proc/sys\",\n\
			\"/proc/sysrq-trigger\"\n\
		]\n\
	}\n\
}\n";

static const char *spec_pts_tty_group = ",\n\
				\"gid=5\"\n";

static const char *spec_user = "\
			{\n\
				\"type\": \"user\"\n\
			},\n";

static const char *spec_cgroupns = "\
			{\n\
				\"type\": \"cgroup\"\n\
			},\n";

static char *potentially_unsafe_annotations[] = {
  "module.wasm.image/variant",
  "io.kubernetes.cri.container-type",
  "run.oci.",
  "org.criu.",
};

#define SYNC_SOCKET_MESSAGE_LEN(x, l) (offsetof (struct sync_socket_message_s, message) + l)

static int
sync_socket_write_msg (int fd, int verbosity, int err_value, const char *log_msg)
{
  int ret;
  size_t err_len;
  struct sync_socket_message_s msg;
  switch (verbosity)
    {
    case LIBCRUN_VERBOSITY_DEBUG:
      msg.type = SYNC_SOCKET_DEBUG_MESSAGE;
      break;
    case LIBCRUN_VERBOSITY_WARNING:
      msg.type = SYNC_SOCKET_WARNING_MESSAGE;
      break;
    case LIBCRUN_VERBOSITY_ERROR:
      msg.type = SYNC_SOCKET_ERROR_MESSAGE;
      break;
    }
  msg.error_value = err_value;

  if (fd < 0)
    return 0;

  err_len = strlen (log_msg);
  if (err_len >= sizeof (msg.message))
    err_len = sizeof (msg.message) - 1;

  memcpy (msg.message, log_msg, err_len);
  msg.message[err_len] = '\0';

  ret = TEMP_FAILURE_RETRY (write (fd, &msg, SYNC_SOCKET_MESSAGE_LEN (msg, err_len + 1)));
  if (UNLIKELY (ret < 0))
    return -1;

  return 0;
}

static int
sync_socket_write_error (int fd, libcrun_error_t *out_err)
{
  if (fd < 0)
    return 0;
  return sync_socket_write_msg (fd, false, (*out_err)->status, (*out_err)->msg);
}

static void
log_write_to_sync_socket (int errno_, const char *msg, int verbosity, void *arg)
{
  struct container_entrypoint_s *entrypoint_args = arg;
  int fd = entrypoint_args->sync_socket;

  if (fd < 0)
    return;

  if (sync_socket_write_msg (fd, verbosity, errno_, msg) < 0)
    log_write_to_stderr (errno_, msg, verbosity, arg);
}

static bool
is_memory_limit_too_low (runtime_spec_schema_config_schema *def)
{
  const long memory_limit_too_low = 1024 * 1024;

  if (def->linux == NULL || def->linux->resources == NULL)
    return false;

  if (def->linux->resources->memory
      && def->linux->resources->memory->limit_present
      && def->linux->resources->memory->limit < memory_limit_too_low)
    return true;

  if (def->linux->resources->unified)
    {
      size_t i;

      for (i = 0; i < def->linux->resources->unified->len; i++)
        if (strcmp (def->linux->resources->unified->keys[i], "memory.max") == 0)
          {
            long limit;

            errno = 0;
            limit = strtol (def->linux->resources->unified->values[i], NULL, 10);
            if (errno != 0)
              return false;
            if (limit < memory_limit_too_low)
              return true;
          }
    }

  return false;
}

static int
sync_socket_wait_sync (libcrun_context_t *context, int fd, bool flush, libcrun_error_t *err)
{
  struct sync_socket_message_s msg;

  if (fd < 0)
    return 0;

  while (true)
    {
      int ret;

      ret = TEMP_FAILURE_RETRY (read (fd, &msg, sizeof (msg)));
      if (UNLIKELY (ret < 0))
        {
          if (flush)
            return 0;
          return crun_make_error (err, errno, "read from sync socket");
        }

      if (ret == 0)
        {
          if (flush)
            return 0;

          return crun_make_error (err, 0, "read from the init process");
        }

      if (! flush && msg.type == SYNC_SOCKET_SYNC_MESSAGE)
        return 0;
      else if (msg.type == SYNC_SOCKET_DEBUG_MESSAGE)
        {
          if (context)
            context->output_handler (msg.error_value, msg.message, LIBCRUN_VERBOSITY_DEBUG, context->output_handler_arg);
          continue;
        }
      else if (msg.type == SYNC_SOCKET_WARNING_MESSAGE)
        {
          if (context)
            context->output_handler (msg.error_value, msg.message, LIBCRUN_VERBOSITY_WARNING, context->output_handler_arg);
          continue;
        }
      else if (msg.type == SYNC_SOCKET_ERROR_MESSAGE)
        return crun_make_error (err, msg.error_value, "%s", msg.message);
    }
}

static int
sync_socket_send_sync (int fd, bool flush_errors, libcrun_error_t *err)
{
  int ret;
  struct sync_socket_message_s msg = {
    0,
  };
  msg.type = SYNC_SOCKET_SYNC_MESSAGE;

  if (fd < 0)
    return 0;

  ret = TEMP_FAILURE_RETRY (write (fd, &msg, SYNC_SOCKET_MESSAGE_LEN (msg, 0)));
  if (UNLIKELY (ret < 0))
    {
      if (flush_errors)
        {
          int saved_errno = errno;
          ret = TEMP_FAILURE_RETRY (read (fd, &msg, sizeof (msg)));
          if (ret >= 0 && msg.type == SYNC_SOCKET_ERROR_MESSAGE)
            return crun_make_error (err, msg.error_value, "%s", msg.message);
          errno = saved_errno;
        }
      return crun_make_error (err, errno, "write to sync socket");
    }

  return 0;
}

static libcrun_container_t *
make_container (runtime_spec_schema_config_schema *container_def, const char *path, const char *config)
{
  libcrun_container_t *container = xmalloc0 (sizeof (*container));
  container->container_def = container_def;

  container->host_uid = geteuid ();
  container->host_gid = getegid ();
  container->proc_fd = -1;

  container->annotations = make_string_map_from_json (container_def->annotations);

  if (path)
    container->config_file = xstrdup (path);
  if (config)
    container->config_file_content = xstrdup (config);

  return container;
}

libcrun_container_t *
libcrun_container_load_from_memory (const char *json, libcrun_error_t *err)
{
  runtime_spec_schema_config_schema *container_def;
  cleanup_free char *oci_error = NULL;
  container_def = runtime_spec_schema_config_schema_parse_data (json, NULL, &oci_error);
  if (container_def == NULL)
    {
      crun_make_error (err, 0, "load: `%s`", oci_error);
      return NULL;
    }
  return make_container (container_def, NULL, json);
}

libcrun_container_t *
libcrun_container_load_from_file (const char *path, libcrun_error_t *err)
{
  runtime_spec_schema_config_schema *container_def;
  cleanup_free char *oci_error = NULL;
  libcrun_debug ("Loading container from config file: `%s`", path);
  container_def = runtime_spec_schema_config_schema_parse_file (path, NULL, &oci_error);
  if (container_def == NULL)
    {
      crun_make_error (err, 0, "load `%s`: %s", path, oci_error);
      return NULL;
    }
  return make_container (container_def, path, NULL);
}

void
libcrun_container_free (libcrun_container_t *ctr)
{
  if (ctr == NULL)
    return;

  if (ctr->cleanup_private_data)
    ctr->cleanup_private_data (ctr->private_data);

  if (ctr->container_def)
    free_runtime_spec_schema_config_schema (ctr->container_def);

  free_string_map (ctr->annotations);

  if (ctr->proc_fd >= 0)
    close (ctr->proc_fd);

  free (ctr->config_file_content);
  free (ctr->config_file);
  free (ctr);
}

static int
block_signals (libcrun_error_t *err)
{
  int ret;
  sigset_t mask;
  sigfillset (&mask);
  ret = sigprocmask (SIG_BLOCK, &mask, NULL);
  if (UNLIKELY (ret < 0))
    return crun_make_error (err, errno, "sigprocmask");
  return 0;
}

static int
unblock_signals (libcrun_error_t *err)
{
  int i;
  int ret;
  sigset_t mask;
  struct sigaction act = {};

  sigfillset (&mask);
  ret = sigprocmask (SIG_UNBLOCK, &mask, NULL);
  if (UNLIKELY (ret < 0))
    return crun_make_error (err, errno, "sigprocmask");

  act.sa_handler = SIG_DFL;
  for (i = 0; i < NSIG; i++)
    {
      ret = sigaction (i, &act, NULL);
      if (ret < 0 && errno != EINVAL)
        return crun_make_error (err, errno, "sigaction");
    }

  return 0;
}

/* must be used on the host before pivot_root(2).  */
static int
initialize_security (libcrun_container_t *container, runtime_spec_schema_config_schema_process *proc, libcrun_error_t *err)
{
  int ret;

  ret = libcrun_init_caps (container, err);
  if (UNLIKELY (ret < 0))
    return ret;

  if (UNLIKELY (proc == NULL))
    return 0;

  if (proc->apparmor_profile)
    {
      ret = libcrun_initialize_apparmor (err);
      if (UNLIKELY (ret < 0))
        return ret;
    }

  ret = libcrun_initialize_selinux (container, err);
  if (UNLIKELY (ret < 0))
    return ret;

  return 0;
}

static int
do_hooks (runtime_spec_schema_config_schema *def, pid_t pid, const char *id, bool keep_going, const char *cwd,
          const char *status, hook **hooks, size_t hooks_len, int out_fd, int err_fd, libcrun_error_t *err)
{
  size_t i, stdin_len;
  int r, ret;
  char *stdin = NULL;
  cleanup_free char *cwd_allocated = NULL;
  const char *rootfs = def->root ? def->root->path : "";
  yajl_gen gen = NULL;

  if (cwd == NULL)
    {
      cwd = cwd_allocated = getcwd (NULL, 0);
      if (cwd == NULL)
        OOM ();
    }

  gen = yajl_gen_alloc (NULL);
  if (gen == NULL)
    return crun_make_error (err, 0, "yajl_gen_alloc failed");

  r = yajl_gen_map_open (gen);
  if (UNLIKELY (r != yajl_gen_status_ok))
    goto yajl_error;

  r = yajl_gen_string (gen, YAJL_STR ("ociVersion"), strlen ("ociVersion"));
  if (UNLIKELY (r != yajl_gen_status_ok))
    goto yajl_error;

  r = yajl_gen_string (gen, YAJL_STR ("1.0"), strlen ("1.0"));
  if (UNLIKELY (r != yajl_gen_status_ok))
    goto yajl_error;

  r = yajl_gen_string (gen, YAJL_STR ("id"), strlen ("id"));
  if (UNLIKELY (r != yajl_gen_status_ok))
    goto yajl_error;

  r = yajl_gen_string (gen, YAJL_STR (id), strlen (id));
  if (UNLIKELY (r != yajl_gen_status_ok))
    goto yajl_error;

  r = yajl_gen_string (gen, YAJL_STR ("pid"), strlen ("pid"));
  if (UNLIKELY (r != yajl_gen_status_ok))
    goto yajl_error;

  r = yajl_gen_integer (gen, pid);
  if (UNLIKELY (r != yajl_gen_status_ok))
    goto yajl_error;

  r = yajl_gen_string (gen, YAJL_STR ("root"), strlen ("root"));
  if (UNLIKELY (r != yajl_gen_status_ok))
    goto yajl_error;

  r = yajl_gen_string (gen, YAJL_STR (rootfs), strlen (rootfs));
  if (UNLIKELY (r != yajl_gen_status_ok))
    goto yajl_error;

  r = yajl_gen_string (gen, YAJL_STR ("bundle"), strlen ("bundle"));
  if (UNLIKELY (r != yajl_gen_status_ok))
    goto yajl_error;

  r = yajl_gen_string (gen, YAJL_STR (cwd), strlen (cwd));
  if (UNLIKELY (r != yajl_gen_status_ok))
    goto yajl_error;

  r = yajl_gen_string (gen, YAJL_STR ("status"), strlen ("status"));
  if (UNLIKELY (r != yajl_gen_status_ok))
    goto yajl_error;

  r = yajl_gen_string (gen, YAJL_STR (status), strlen (status));
  if (UNLIKELY (r != yajl_gen_status_ok))
    goto yajl_error;

  if (def && def->annotations && def->annotations->len)
    {
      r = yajl_gen_string (gen, YAJL_STR ("annotations"), strlen ("annotations"));
      if (UNLIKELY (r != yajl_gen_status_ok))
        goto yajl_error;

      r = yajl_gen_map_open (gen);
      if (UNLIKELY (r != yajl_gen_status_ok))
        goto yajl_error;

      for (i = 0; i < def->annotations->len; i++)
        {
          const char *key = def->annotations->keys[i];
          const char *val = def->annotations->values[i];

          r = yajl_gen_string (gen, YAJL_STR (key), strlen (key));
          if (UNLIKELY (r != yajl_gen_status_ok))
            goto yajl_error;

          r = yajl_gen_string (gen, YAJL_STR (val), strlen (val));
          if (UNLIKELY (r != yajl_gen_status_ok))
            goto yajl_error;
        }
      r = yajl_gen_map_close (gen);
      if (UNLIKELY (r != yajl_gen_status_ok))
        goto yajl_error;
    }

  r = yajl_gen_map_close (gen);
  if (UNLIKELY (r != yajl_gen_status_ok))
    goto yajl_error;

  r = yajl_gen_get_buf (gen, (const unsigned char **) &stdin, &stdin_len);
  if (UNLIKELY (r != yajl_gen_status_ok))
    goto yajl_error;

  ret = 0;

  for (i = 0; i < hooks_len; i++)
    {
      char **env = environ;

      if (hooks[i]->env)
        env = hooks[i]->env;

      ret = run_process_with_stdin_timeout_envp (hooks[i]->path, hooks[i]->args, cwd, hooks[i]->timeout, env,
                                                 stdin, stdin_len, out_fd, err_fd, err);
      if (UNLIKELY (ret != 0))
        {
          if (keep_going)
            libcrun_warning ("error executing hook `%s` (exit code: %d)", hooks[i]->path, ret);
          else
            {
              libcrun_error (0, "error executing hook `%s` (exit code: %d)", hooks[i]->path, ret);
              break;
            }
        }
    }

  if (gen)
    yajl_gen_free (gen);

  return ret;

yajl_error:
  if (gen)
    yajl_gen_free (gen);
  return yajl_error_to_crun_error (r, err);
}

static int
get_yajl_result (yajl_gen gen, char **out, size_t *out_len)
{
  const unsigned char *buf = NULL;
  size_t buf_len = 0;
  int r;

  r = yajl_gen_get_buf (gen, &buf, &buf_len);
  if (UNLIKELY (r != yajl_gen_status_ok))
    return r;

  *out_len = buf_len;

  *out = xmalloc (buf_len + 1);
  memcpy (*out, buf, buf_len);
  (*out)[buf_len] = '\0';

  return yajl_gen_status_ok;
}

static int
get_seccomp_receiver_fd_payload (libcrun_container_t *container, const char *status, pid_t own_pid,
                                 char **seccomp_fd_payload, size_t *seccomp_fd_payload_len, libcrun_error_t *err)
{
  int r;
  yajl_gen gen = NULL;
  runtime_spec_schema_config_schema *def = container->container_def;
  const char *const OCI_VERSION = "0.2.0";

  gen = yajl_gen_alloc (NULL);
  if (gen == NULL)
    return crun_make_error (err, 0, "yajl_gen_alloc failed");

  yajl_gen_config (gen, yajl_gen_beautify, 1);
  yajl_gen_config (gen, yajl_gen_validate_utf8, 1);

  r = yajl_gen_map_open (gen);
  if (UNLIKELY (r != yajl_gen_status_ok))
    goto exit;

  r = yajl_gen_string (gen, YAJL_STR ("ociVersion"), strlen ("ociVersion"));
  if (UNLIKELY (r != yajl_gen_status_ok))
    goto exit;

  r = yajl_gen_string (gen, YAJL_STR (OCI_VERSION), strlen (OCI_VERSION));
  if (UNLIKELY (r != yajl_gen_status_ok))
    goto exit;

  r = yajl_gen_string (gen, YAJL_STR ("fds"), strlen ("fds"));
  if (UNLIKELY (r != yajl_gen_status_ok))
    goto exit;

  r = yajl_gen_array_open (gen);
  if (UNLIKELY (r != yajl_gen_status_ok))
    goto exit;

  r = yajl_gen_string (gen, YAJL_STR ("seccompFd"), strlen ("seccompFd"));
  if (UNLIKELY (r != yajl_gen_status_ok))
    goto exit;

  r = yajl_gen_array_close (gen);
  if (UNLIKELY (r != yajl_gen_status_ok))
    goto exit;

  r = yajl_gen_string (gen, YAJL_STR ("pid"), strlen ("pid"));
  if (UNLIKELY (r != yajl_gen_status_ok))
    goto exit;

  r = yajl_gen_integer (gen, own_pid);
  if (UNLIKELY (r != yajl_gen_status_ok))
    goto exit;

  if (def && def->linux && def->linux->seccomp)
    {
      const char *metadata = def->linux->seccomp->listener_metadata;

      if (metadata)
        {
          r = yajl_gen_string (gen, YAJL_STR ("metadata"), strlen ("metadata"));
          if (UNLIKELY (r != yajl_gen_status_ok))
            goto exit;

          r = yajl_gen_string (gen, YAJL_STR (metadata), strlen (metadata));
          if (UNLIKELY (r != yajl_gen_status_ok))
            goto exit;
        }
    }

  /* State.  */
  r = yajl_gen_string (gen, YAJL_STR ("state"), strlen ("state"));
  if (UNLIKELY (r != yajl_gen_status_ok))
    goto exit;

  r = yajl_gen_map_open (gen);
  if (UNLIKELY (r != yajl_gen_status_ok))
    goto exit;

  r = yajl_gen_string (gen, YAJL_STR ("ociVersion"), strlen ("ociVersion"));
  if (UNLIKELY (r != yajl_gen_status_ok))
    goto exit;

  r = yajl_gen_string (gen, YAJL_STR (OCI_VERSION), strlen (OCI_VERSION));
  if (UNLIKELY (r != yajl_gen_status_ok))
    goto exit;

  if (container->context && container->context->id)
    {
      r = yajl_gen_string (gen, YAJL_STR ("id"), strlen ("id"));
      if (UNLIKELY (r != yajl_gen_status_ok))
        goto exit;

      r = yajl_gen_string (gen, YAJL_STR (container->context->id), strlen (container->context->id));
      if (UNLIKELY (r != yajl_gen_status_ok))
        goto exit;
    }

  r = yajl_gen_string (gen, YAJL_STR ("status"), strlen ("status"));
  if (UNLIKELY (r != yajl_gen_status_ok))
    goto exit;

  r = yajl_gen_string (gen, YAJL_STR (status), strlen (status));
  if (UNLIKELY (r != yajl_gen_status_ok))
    goto exit;

  r = yajl_gen_string (gen, YAJL_STR ("pid"), strlen ("pid"));
  if (UNLIKELY (r != yajl_gen_status_ok))
    goto exit;

  r = yajl_gen_integer (gen, own_pid);
  if (UNLIKELY (r != yajl_gen_status_ok))
    goto exit;

  if (container->context && container->context->bundle)
    {
      r = yajl_gen_string (gen, YAJL_STR ("bundle"), strlen ("bundle"));
      if (UNLIKELY (r != yajl_gen_status_ok))
        goto exit;

      r = yajl_gen_string (gen, YAJL_STR (container->context->bundle), strlen (container->context->bundle));
      if (UNLIKELY (r != yajl_gen_status_ok))
        goto exit;
    }

  if (def->annotations && def->annotations->len)
    {
      size_t i;

      r = yajl_gen_string (gen, YAJL_STR ("annotations"), strlen ("annotations"));
      if (UNLIKELY (r != yajl_gen_status_ok))
        goto exit;

      r = yajl_gen_map_open (gen);
      if (UNLIKELY (r != yajl_gen_status_ok))
        goto exit;

      for (i = 0; i < def->annotations->len; i++)
        {
          const char *key = def->annotations->keys[i];
          const char *val = def->annotations->values[i];

          r = yajl_gen_string (gen, YAJL_STR (key), strlen (key));
          if (UNLIKELY (r != yajl_gen_status_ok))
            goto exit;

          r = yajl_gen_string (gen, YAJL_STR (val), strlen (val));
          if (UNLIKELY (r != yajl_gen_status_ok))
            goto exit;
        }
      r = yajl_gen_map_close (gen);
      if (UNLIKELY (r != yajl_gen_status_ok))
        goto exit;
    }

  r = yajl_gen_map_close (gen);
  if (UNLIKELY (r != yajl_gen_status_ok))
    goto exit;
  /* End state.  */

  r = yajl_gen_map_close (gen);
  if (UNLIKELY (r != yajl_gen_status_ok))
    goto exit;

  r = get_yajl_result (gen, seccomp_fd_payload, seccomp_fd_payload_len);

exit:
  yajl_gen_free (gen);

  return yajl_error_to_crun_error (r, err);
}

static int
send_sync_cb (void *data, libcrun_error_t *err)
{
  int sync_socket_fd = *((int *) data);
  int ret;

  /* sync 2.  */
  ret = sync_socket_send_sync (sync_socket_fd, false, err);
  if (UNLIKELY (ret < 0))
    return ret;

  /* sync 3.  */
  return sync_socket_wait_sync (NULL, sync_socket_fd, false, err);
}

static int
maybe_chown_std_streams (uid_t container_uid, gid_t container_gid, libcrun_error_t *err)
{
  int ret, i;

  for (i = 0; i < 3; i++)
    {
      if (! isatty (i))
        {
          struct stat statbuf;
          ret = fstat (i, &statbuf);
          if (UNLIKELY (ret < 0))
            {
              if (errno == EBADF)
                continue;
              return crun_make_error (err, errno, "fstat fd `%d`", i);
            }

          /* Skip chown for device files */
          if (S_ISCHR (statbuf.st_mode) || S_ISBLK (statbuf.st_mode))
            continue;

          ret = fchown (i, container_uid, container_gid);
          if (UNLIKELY (ret < 0))
            {
              /* EINVAL means the user is not mapped in the current userns.
                 Ignore EPERM and EROFS as well as there is no reason to fail
                 so early, and let the container payload deal with it.
                 EBADF means fd is closed.
              */
              if (errno == EINVAL || errno == EPERM || errno == EROFS || errno == EBADF)
                continue;

              return crun_make_error (err, errno, "fchown std stream `%i`", i);
            }
        }
    }
  return 0;
}

int
libcrun_container_notify_handler (struct container_entrypoint_s *args,
                                  enum handler_configure_phase phase,
                                  libcrun_container_t *container, const char *rootfs,
                                  libcrun_error_t *err)
{
  struct custom_handler_s *h;

  if (args->custom_handler == NULL)
    return 0;

  h = args->custom_handler->vtable;
  if (h == NULL || h->configure_container == NULL)
    return 0;

  return h->configure_container (args->custom_handler->cookie, phase,
                                 args->context, container,
                                 rootfs, err);
}

/* Resolve and normalize the container rootfs path.  */
static int
resolve_rootfs_path (libcrun_container_t *container, char **rootfs, libcrun_error_t *err)
{
  runtime_spec_schema_config_schema *def = container->container_def;
  if (def->root && def->root->path)
    {
      *rootfs = realpath (def->root->path, NULL);
      if (UNLIKELY (*rootfs == NULL))
        {
          /* If realpath failed for any reason, try the relative directory.  */
          if (def->root->path[0] == '/')
            {
              cleanup_free char *cwd = NULL;
              ssize_t len;
              int ret;

              ret = libcrun_open_proc_file (container, "self/cwd", O_RDONLY, err);
              if (UNLIKELY (ret < 0))
                return ret;

              len = safe_readlinkat (ret, "", &cwd, 0, err);
              close (ret);
              if (UNLIKELY (len < 0))
                return len;

              /* If the rootfs is under the current working directory, just use its relative path.  */
              if (has_prefix (def->root->path, cwd) && def->root->path[len] == '/')
                {
                  const char *it = consume_slashes (def->root->path + len);
                  if (*it)
                    *rootfs = xstrdup (it);
                }
            }

          /* If nothing else worked, just use the path as it is.  */
          if (*rootfs == NULL)
            *rootfs = xstrdup (def->root->path);
        }
    }
  return 0;
}

/* Configure terminal socket pair for container communication.  */
static int
setup_terminal_socketpair (struct container_entrypoint_s *entrypoint_args, int *console_socketpair)
{
  if (entrypoint_args->terminal_socketpair[0] >= 0)
    {
      close_and_reset (&entrypoint_args->terminal_socketpair[0]);
      *console_socketpair = entrypoint_args->terminal_socketpair[1];
    }
  return 0;
}

/* Initialize the environment variables.  */
static int
setup_environment (runtime_spec_schema_config_schema *def, uid_t container_uid, libcrun_error_t *err)
{
  int ret;

  if (clearenv ())
    return crun_make_error (err, errno, "clearenv");

  if (def->process)
    {
      size_t i;

      for (i = 0; i < def->process->env_len; i++)
        if (putenv (def->process->env[i]) < 0)
          return crun_make_error (err, errno, "putenv `%s`", def->process->env[i]);
    }

  if (getenv ("HOME") == NULL)
    {
      ret = set_home_env (container_uid);
      if (UNLIKELY (ret < 0 && errno != ENOTSUP))
        {
          setenv ("HOME", "/", 1);
          libcrun_warning ("cannot detect HOME environment variable, setting default");
        }
    }

  return 0;
}

/* Configure terminal and console for interactive containers.  */
static int
setup_terminal (struct container_entrypoint_s *entrypoint_args, libcrun_container_t *container,
                int console_socket, int console_socketpair, int has_terminal, libcrun_error_t *err)
{
  cleanup_close int terminal_fd = -1;
  int ret;

  if (! has_terminal)
    return 0;

  fflush (stderr);

  if (console_socket >= 0 || (entrypoint_args->has_terminal_socket_pair && console_socketpair >= 0))
    {
      terminal_fd = libcrun_set_terminal (container, err);
      if (UNLIKELY (terminal_fd < 0))
        return terminal_fd;
    }

  if (console_socket >= 0)
    {
      ret = send_fd_to_socket (console_socket, terminal_fd, err);
      if (UNLIKELY (ret < 0))
        return ret;
    }
  else if (entrypoint_args->has_terminal_socket_pair && console_socketpair >= 0)
    {
      ret = send_fd_to_socket (console_socketpair, terminal_fd, err);
      if (UNLIKELY (ret < 0))
        return ret;
    }

  return 0;
}

/* Resolve and validate the container's executable path.  */
static int
setup_executable_path (struct container_entrypoint_s *entrypoint_args, runtime_spec_schema_config_schema *def,
                       char **exec_path, libcrun_error_t *err)
{
  int ret;

  if (def->process && def->process->args)
    {
      ret = find_executable (exec_path, def->process->args[0], def->process->cwd, err);
      if (UNLIKELY (ret < 0))
        {
          if (entrypoint_args->custom_handler == NULL && crun_error_get_errno (err) == ENOENT)
            return ret;

          /* If it fails for any other reason, ignore the failure.  We'll try again the lookup
             once the process switched to the use that runs in the container.  This might be necessary
             when opening a file that is on a network file system like NFS, where CAP_DAC_OVERRIDE
             is not honored.  */
          crun_error_release (err);
        }
    }

  return 0;
}

/* Apply security settings for the container process.  */
static int
apply_security_settings (struct container_entrypoint_s *entrypoint_args, runtime_spec_schema_config_schema *def,
                         libcrun_container_t *container, pid_t own_pid, libcrun_error_t *err)
{
  int ret;
  runtime_spec_schema_config_schema_process_capabilities *capabilities;
  int no_new_privs;

  if (def->process && ! def->process->no_new_privileges)
    {
      char **seccomp_flags = NULL;
      size_t seccomp_flags_len = 0;
      cleanup_free char *seccomp_fd_payload = NULL;
      size_t seccomp_fd_payload_len = 0;

      if (def->linux && def->linux->seccomp)
        {
          seccomp_flags = def->linux->seccomp->flags;
          seccomp_flags_len = def->linux->seccomp->flags_len;
        }

      if (entrypoint_args->seccomp_receiver_fd >= 0)
        {
          ret = get_seccomp_receiver_fd_payload (container, "creating", own_pid, &seccomp_fd_payload, &seccomp_fd_payload_len, err);
          if (UNLIKELY (ret < 0))
            return ret;
        }

      ret = libcrun_apply_seccomp (entrypoint_args->seccomp_fd, entrypoint_args->seccomp_receiver_fd,
                                   seccomp_fd_payload, seccomp_fd_payload_len, seccomp_flags, seccomp_flags_len, err);
      if (UNLIKELY (ret < 0))
        return ret;

      close_and_reset (&entrypoint_args->seccomp_fd);
      close_and_reset (&entrypoint_args->seccomp_receiver_fd);
    }

  capabilities = def->process ? def->process->capabilities : NULL;
  no_new_privs = def->process ? def->process->no_new_privileges : 1;
  ret = libcrun_set_caps (capabilities, container->container_uid, container->container_gid, no_new_privs, err);
  if (UNLIKELY (ret < 0))
    return ret;

  return 0;
}

static int
container_init_setup (void *args, pid_t own_pid, char *notify_socket,
                      int sync_socket, char **exec_path, libcrun_error_t *err)
{
  struct container_entrypoint_s *entrypoint_args = args;
  libcrun_container_t *container = entrypoint_args->container;
  bool chdir_done = false;
  int ret;
  int has_terminal;
  cleanup_close int console_socket = -1;
  cleanup_close int console_socketpair = -1;
  runtime_spec_schema_config_schema *def = container->container_def;
  cleanup_free char *rootfs = NULL;

  ret = initialize_security (container, def->process, err);
  if (UNLIKELY (ret < 0))
    return ret;

  ret = libcrun_configure_network (container, err);
  if (UNLIKELY (ret < 0))
    return ret;

  ret = resolve_rootfs_path (container, &rootfs, err);
  if (UNLIKELY (ret < 0))
    return ret;

  ret = setup_terminal_socketpair (entrypoint_args, &console_socketpair);
  if (UNLIKELY (ret < 0))
    return ret;

  /* sync 1.  */
  ret = sync_socket_wait_sync (NULL, sync_socket, false, err);
  if (UNLIKELY (ret < 0))
    return ret;

  has_terminal = container->container_def->process && container->container_def->process->terminal;
  if (has_terminal && entrypoint_args->context->console_socket)
    console_socket = entrypoint_args->console_socket_fd;

  ret = libcrun_set_sysctl (container, err);
  if (UNLIKELY (ret < 0))
    return ret;

  ret = libcrun_container_notify_handler (entrypoint_args, HANDLER_CONFIGURE_BEFORE_MOUNTS, container, rootfs, err);
  if (UNLIKELY (ret < 0))
    return ret;

  /* sync 2 and 3 are sent as part of libcrun_set_mounts.  */
  ret = libcrun_set_mounts (entrypoint_args, container, rootfs, send_sync_cb, &sync_socket, err);
  if (UNLIKELY (ret < 0))
    return ret;

  if (def->hooks && def->hooks->create_container_len)
    {
      ret = do_hooks (def, 0, container->context->id, false, NULL, "created", (hook **) def->hooks->create_container,
                      def->hooks->create_container_len, entrypoint_args->hooks_out_fd, entrypoint_args->hooks_err_fd,
                      err);
      if (UNLIKELY (ret != 0))
        return ret;
    }

  ret = libcrun_finalize_mounts (entrypoint_args, container, rootfs, err);
  if (UNLIKELY (ret < 0))
    return ret;

  if (def->process)
    {
      ret = libcrun_set_selinux_label (container, def->process, false, err);
      if (UNLIKELY (ret < 0))
        return ret;

      ret = libcrun_set_apparmor_profile (container, def->process, false, err);
      if (UNLIKELY (ret < 0))
        return ret;
    }

  ret = mark_or_close_fds_ge_than (container, entrypoint_args->context->preserve_fds + 3, false, err);
  if (UNLIKELY (ret < 0))
    crun_error_write_warning_and_release (entrypoint_args->context->output_handler_arg, &err);

  if (rootfs)
    {
      ret = libcrun_do_pivot_root (container, entrypoint_args->context->no_pivot, rootfs, err);
      if (UNLIKELY (ret < 0))
        return ret;
    }

  ret = libcrun_reopen_dev_null (err);
  if (UNLIKELY (ret < 0))
    return ret;

  ret = maybe_chown_std_streams (container->container_uid, container->container_gid, err);
  if (UNLIKELY (ret < 0))
    return ret;

  ret = setup_environment (def, container->container_uid, err);
  if (UNLIKELY (ret < 0))
    return ret;

  /* Set primary process to 1 explicitly if nothing is configured and LISTEN_FD is not set.  */
  if (entrypoint_args->context->listen_fds > 0 && getenv ("LISTEN_PID") == NULL)
    {
      setenv ("LISTEN_PID", "1", 1);
      libcrun_warning ("setting LISTEN_PID=1 since no previous configuration was found");
    }

  /* Attempt to chdir immediately here, before doing the setresuid.  If we fail here, let's
     try again later once the process switched to the user that runs in the container.  */
  if (def->process && def->process->cwd)
    {
      ret = libcrun_safe_chdir (def->process->cwd, err);
      if (LIKELY (ret == 0))
        chdir_done = true;
      else
        crun_error_release (err);
    }

  ret = setsid ();
  if (UNLIKELY (ret < 0))
    return crun_make_error (err, errno, "setsid");

  ret = setup_terminal (entrypoint_args, container, console_socket, console_socketpair, has_terminal, err);
  if (UNLIKELY (ret < 0))
    return ret;

  close_and_reset (&console_socket);
  close_and_reset (&console_socketpair);

  ret = setup_executable_path (entrypoint_args, def, exec_path, err);
  if (UNLIKELY (ret < 0))
    return ret;

  ret = libcrun_set_hostname (container, err);
  if (UNLIKELY (ret < 0))
    return ret;

  ret = libcrun_set_domainname (container, err);
  if (UNLIKELY (ret < 0))
    return ret;

  if (container->container_def->linux && container->container_def->linux->personality)
    {
      ret = libcrun_set_personality (container->container_def->linux->personality, err);
      if (UNLIKELY (ret < 0))
        return ret;
    }

  if (def->process && def->process->user)
    umask (def->process->user->umask_present ? def->process->user->umask : 0022);

  ret = apply_security_settings (entrypoint_args, def, container, own_pid, err);
  if (UNLIKELY (ret < 0))
    return ret;

  if (UNLIKELY (def->process && def->process->args && *exec_path == NULL))
    {
      ret = find_executable (exec_path, def->process->args[0], def->process->cwd, err);
      if (UNLIKELY (ret < 0))
        {
          if (entrypoint_args->custom_handler == NULL || is_empty_string (def->process->args[0]))
            return ret;

          /* If a custom handler is used, pass argv0 as specified.  e.g. with wasm the file could miss the +x bit.  */
          crun_error_release (err);
          *exec_path = xstrdup (def->process->args[0]);
        }
    }

  /* The chdir was not already performed, so try again now after switching to the UID/GID in the container.  */
  if (! chdir_done && def->process && def->process->cwd)
    {
      ret = libcrun_safe_chdir (def->process->cwd, err);
      if (UNLIKELY (ret < 0))
        return ret;
    }

  if (notify_socket && putenv (notify_socket) < 0)
    return crun_make_error (err, errno, "putenv `%s`", notify_socket);

  return 0;
}

static int
open_hooks_output (libcrun_container_t *container, int *out_fd, int *err_fd, libcrun_error_t *err)
{
  const char *annotation;

  *err_fd = *out_fd = -1;

  libcrun_debug ("Opening hooks output");
  annotation = find_annotation (container, "run.oci.hooks.stdout");
  if (annotation)
    {
      libcrun_debug ("Found `run.oci.hooks.stdout` annotation");
      *out_fd = TEMP_FAILURE_RETRY (open (annotation, O_CREAT | O_WRONLY | O_APPEND | O_CLOEXEC, 0700));
      if (UNLIKELY (*out_fd < 0))
        return crun_make_error (err, errno, "open `%s`", annotation);
    }

  annotation = find_annotation (container, "run.oci.hooks.stderr");
  if (annotation)
    {
      libcrun_debug ("Found `run.oci.hooks.stderr` annotation");
      *err_fd = TEMP_FAILURE_RETRY (open (annotation, O_CREAT | O_WRONLY | O_APPEND | O_CLOEXEC, 0700));
      if (UNLIKELY (*err_fd < 0))
        return crun_make_error (err, errno, "open `%s`", annotation);
    }

  return 0;
}

static void
rewrite_argv (char **argv, int argc, const char *name, char **args, size_t args_len)
{
  cleanup_free char *decorated_name = NULL;
  size_t available_len = argv[argc - 1] - argv[0] + strlen (argv[argc - 1]) + 1;
  cleanup_free char *new_argv = NULL;
  size_t i, so_far = 0, needed = 0;

  needed = xasprintf (&decorated_name, "[libcrun:%s]", name) + 1;
  for (i = 0; i < args_len; i++)
    needed += strlen (args[i]) + 1;

  new_argv = xmalloc0 (needed + 1);
  strcpy (new_argv, decorated_name);
  so_far = strlen (decorated_name) + 1;

  if (available_len >= needed)
    {
      for (i = 0; i < args_len; i++)
        {
          strcpy (new_argv + so_far, args[i]);
          so_far += strlen (args[i]) + 1;
        }
    }

  if (so_far >= available_len)
    so_far = available_len - 1;

  memset (argv[0], 0, available_len);
  memcpy (argv[0], new_argv, so_far);
}

/* Entrypoint to the container.  */
static int
container_init (void *args, char *notify_socket, int sync_socket, libcrun_error_t *err)
{
  struct container_entrypoint_s *entrypoint_args = args;
  int ret;
  runtime_spec_schema_config_schema *def = entrypoint_args->container->container_def;
  cleanup_free char *exec_path = NULL;
  __attribute__ ((unused)) cleanup_free char *notify_socket_cleanup = notify_socket;
  pid_t own_pid = 0;

  entrypoint_args->sync_socket = sync_socket;

  crun_set_output_handler (log_write_to_sync_socket, args);

  /* sync receive own pid.  */
  ret = TEMP_FAILURE_RETRY (read (sync_socket, &own_pid, sizeof (own_pid)));
  if (UNLIKELY (ret != sizeof (own_pid)))
    {
      if (ret >= 0)
        errno = 0;
      return crun_make_error (err, errno, "read from sync socket");
    }

  ret = container_init_setup (args, own_pid, notify_socket, sync_socket, &exec_path, err);
  if (UNLIKELY (ret < 0))
    {
      /* If it fails to write the error using the sync socket, then fallback
         to stderr.  */
      if (sync_socket_write_error (sync_socket, err) < 0)
        return ret;

      crun_error_release (err);
      return ret;
    }

  entrypoint_args->sync_socket = -1;

  ret = unblock_signals (err);
  if (UNLIKELY (ret < 0))
    return ret;

  /* sync 4.  */
  ret = sync_socket_send_sync (sync_socket, false, err);
  if (UNLIKELY (ret < 0))
    return ret;

  close_and_reset (&sync_socket);

  if (entrypoint_args->context->fifo_exec_wait_fd >= 0)
    {
      char buffer[1];
      fd_set read_set;
      cleanup_close int fd = entrypoint_args->context->fifo_exec_wait_fd;
      entrypoint_args->context->fifo_exec_wait_fd = -1;

      FD_ZERO (&read_set);
      FD_SET (fd, &read_set);
      do
        {
          ret = select (fd + 1, &read_set, NULL, NULL, NULL);
          if (UNLIKELY (ret < 0))
            return crun_make_error (err, errno, "select");

          ret = TEMP_FAILURE_RETRY (read (fd, buffer, sizeof (buffer)));
          if (UNLIKELY (ret < 0))
            return crun_make_error (err, errno, "read from the exec fifo");
      } while (ret == 0);

      close_and_reset (&entrypoint_args->context->fifo_exec_wait_fd);
    }

  crun_set_output_handler (log_write_to_stderr, NULL);

  if (def->process && def->process->no_new_privileges)
    {
      char **seccomp_flags = NULL;
      size_t seccomp_flags_len = 0;
      cleanup_free char *seccomp_fd_payload = NULL;
      size_t seccomp_fd_payload_len = 0;

      if (def->linux && def->linux->seccomp)
        {
          seccomp_flags = def->linux->seccomp->flags;
          seccomp_flags_len = def->linux->seccomp->flags_len;
        }

      if (entrypoint_args->seccomp_receiver_fd >= 0)
        {
          ret = get_seccomp_receiver_fd_payload (entrypoint_args->container, "creating", own_pid, &seccomp_fd_payload, &seccomp_fd_payload_len, err);
          if (UNLIKELY (ret < 0))
            return ret;
        }

      ret = libcrun_apply_seccomp (entrypoint_args->seccomp_fd, entrypoint_args->seccomp_receiver_fd,
                                   seccomp_fd_payload, seccomp_fd_payload_len, seccomp_flags,
                                   seccomp_flags_len, err);
      if (UNLIKELY (ret < 0))
        return ret;
      close_and_reset (&entrypoint_args->seccomp_fd);
      close_and_reset (&entrypoint_args->seccomp_receiver_fd);
    }

  if (UNLIKELY (def->process == NULL))
    return crun_make_error (err, 0, "block `process` not found");

  if (UNLIKELY (exec_path == NULL))
    return crun_make_error (err, 0, "executable path not specified");

  if (def->hooks && def->hooks->start_container_len)
    {
      libcrun_container_t *container = entrypoint_args->container;

      ret = do_hooks (def, 0, container->context->id, false, NULL, "starting", (hook **) def->hooks->start_container,
                      def->hooks->start_container_len, entrypoint_args->hooks_out_fd, entrypoint_args->hooks_err_fd,
                      err);
      if (UNLIKELY (ret != 0))
        return ret;

      /* Seek stdout/stderr to the end.  If the hooks were using the same files,
         the container process overwrites what was previously written.  */
      (void) lseek (1, 0, SEEK_END);
      (void) lseek (2, 0, SEEK_END);
    }

  if (entrypoint_args->custom_handler)
    {
      /* Files marked with O_CLOEXEC are closed at execv time, so make sure they are closed now.
         This is a best effort operation, because the seccomp filter is already in place and it could
         stop some syscalls used by mark_or_close_fds_ge_than.
      */
      ret = mark_or_close_fds_ge_than (entrypoint_args->container, entrypoint_args->context->preserve_fds + 3, true, err);
      if (UNLIKELY (ret < 0))
        crun_error_release (err);

      prctl (PR_SET_NAME, entrypoint_args->custom_handler->vtable->name);

      if (entrypoint_args->context->argv)
        {
          rewrite_argv (entrypoint_args->context->argv, entrypoint_args->context->argc,
                        entrypoint_args->custom_handler->vtable->name, def->process->args,
                        def->process->args_len);

          /* It is a quite destructive operation as we might be referencing data from the old
             argv, so make sure the context is not reused.  */
          entrypoint_args->context->argv = NULL;
          entrypoint_args->context = NULL;
        }

      ret = libcrun_set_selinux_label (entrypoint_args->container, def->process, true, err);
      if (UNLIKELY (ret < 0))
        return ret;

      ret = libcrun_set_apparmor_profile (entrypoint_args->container, def->process, true, err);
      if (UNLIKELY (ret < 0))
        return ret;

      ret = entrypoint_args->custom_handler->vtable->run_func (entrypoint_args->custom_handler->cookie,
                                                               entrypoint_args->container,
                                                               exec_path,
                                                               def->process->args);
      if (ret != 0)
        return crun_make_error (err, ret, "exec container process failed with handler as `%s`", entrypoint_args->custom_handler->vtable->name);

      return ret;
    }

  /* Attempt to close all the files that are not needed to prevent execv to have access to them.
     This is a best effort operation since the seccomp profile is already in place now and might block
     some of the syscalls needed by mark_or_close_fds_ge_than.  */
  ret = mark_or_close_fds_ge_than (entrypoint_args->container, entrypoint_args->context->preserve_fds + 3, true, err);
  if (UNLIKELY (ret < 0))
    crun_error_release (err);

  TEMP_FAILURE_RETRY (execv (exec_path, def->process->args));

  if (errno == ENOENT)
    return crun_make_error (err, errno, "exec container process (missing dynamic library?) `%s`", exec_path);

  return crun_make_error (err, errno, "exec container process `%s`", exec_path);
}

static int
read_container_config_from_state (libcrun_container_t **container, const char *state_root, const char *id,
                                  libcrun_error_t *err)
{
  cleanup_free char *config_file = NULL;
  cleanup_free char *dir = NULL;
  int ret;

  *container = NULL;

  ret = libcrun_get_state_directory (&dir, state_root, id, err);
  if (UNLIKELY (ret < 0))
    return ret;

  ret = append_paths (&config_file, err, dir, "config.json", NULL);
  if (UNLIKELY (ret < 0))
    return ret;

  *container = libcrun_container_load_from_file (config_file, err);
  if (*container == NULL)
    return -1;

  return 0;
}

static int
run_poststop_hooks (libcrun_context_t *context, libcrun_container_t *container, runtime_spec_schema_config_schema *def,
                    libcrun_container_status_t *status, const char *state_root, const char *id, libcrun_error_t *err)
{
  cleanup_container libcrun_container_t *container_cleanup = NULL;
  int ret;

  if (def == NULL)
    {
      if (container == NULL)
        {
          ret = read_container_config_from_state (&container_cleanup, state_root, id, err);
          if (UNLIKELY (ret < 0))
            return ret;
          container = container_cleanup;
        }

      def = container->container_def;
    }

  if (def->hooks && def->hooks->poststop_len)
    {
      cleanup_close int hooks_out_fd = -1;
      cleanup_close int hooks_err_fd = -1;

      if (container == NULL)
        {
          ret = read_container_config_from_state (&container_cleanup, state_root, id, err);
          if (UNLIKELY (ret < 0))
            return ret;
          container = container_cleanup;
        }

      ret = open_hooks_output (container, &hooks_out_fd, &hooks_err_fd, err);
      if (UNLIKELY (ret < 0))
        return ret;

      ret = do_hooks (def, 0, id, true, status->bundle, "stopped", (hook **) def->hooks->poststop,
                      def->hooks->poststop_len, hooks_out_fd, hooks_err_fd, err);
      if (UNLIKELY (ret < 0))
        crun_error_write_warning_and_release (context->output_handler_arg, &err);
    }
  return 0;
}

static bool
has_new_pid_namespace (runtime_spec_schema_config_schema *def)
{
  size_t i;

  if (def->linux == NULL || def->linux->namespaces == NULL)
    return false;

  for (i = 0; i < def->linux->namespaces_len; i++)
    {
      if (strcmp (def->linux->namespaces[i]->type, "pid") == 0 && def->linux->namespaces[i]->path == NULL)
        return true;
    }
  return false;
}

static int
container_delete_internal (libcrun_context_t *context, runtime_spec_schema_config_schema *def,
                           const char *id, bool force, bool killall, libcrun_error_t *err)
{
  cleanup_cgroup_status struct libcrun_cgroup_status *cgroup_status = NULL;
  cleanup_container_status libcrun_container_status_t status = {};
  cleanup_container libcrun_container_t *container = NULL;
  const char *state_root = context->state_root;
  int ret;

  ret = libcrun_read_container_status (&status, state_root, id, err);
  if (UNLIKELY (ret < 0))
    {
      if (force && crun_error_get_errno (err) == ENOENT)
        {
          libcrun_error_t tmp_err = NULL;

          crun_error_release (err);
          libcrun_container_delete_status (state_root, id, &tmp_err);
          crun_error_release (&tmp_err);
          return 0;
        }
      crun_error_release (err);
      return libcrun_container_delete_status (state_root, id, err);
    }

  cgroup_status = libcrun_cgroup_make_status (&status);

  if (! force)
    {
      ret = libcrun_is_container_running (&status, err);
      if (UNLIKELY (ret < 0))
        return ret;
      if (ret == 1)
        {
          ret = libcrun_status_has_read_exec_fifo (state_root, id, err);
          if (UNLIKELY (ret < 0))
            return ret;
          if (ret == 0)
            return crun_make_error (err, 0, "the container `%s` is not in `created` or `stopped` state", id);

          /* If the container is in "created" state, then do the equivalent of delete --force.  */
          killall = force = true;
        }
    }

  if (def == NULL)
    {
      ret = read_container_config_from_state (&container, state_root, id, err);
      if (UNLIKELY (ret < 0))
        return ret;

      def = container->container_def;
    }

  if (killall && force)
    {
      /* If the container has a pid namespace, it is enough to kill the first
         process (pid=1 in the namespace).
      */
      if (has_new_pid_namespace (def))
        {
          ret = libcrun_kill_linux (&status, SIGKILL, err);
          if (UNLIKELY (ret < 0))
            {
              errno = crun_error_get_errno (err);

              /* pidfd_open returns EINVAL if the process is not a thread-group leader.
                 In our case it means the process already exited, so handle as ESRCH.  */
              if (errno != ESRCH && errno != EINVAL)
                return ret;

              crun_error_release (err);
            }
        }
      else if (status.cgroup_path)
        {
          ret = libcrun_cgroup_killall (cgroup_status, SIGKILL, err);
          if (UNLIKELY (ret < 0))
            return 0;
        }
    }

  if (def->linux && def->linux->intel_rdt)
    {
      ret = libcrun_destroy_intelrdt (id, def, err);
      if (UNLIKELY (ret < 0))
        crun_error_write_warning_and_release (context->output_handler_arg, &err);
    }

  if (status.cgroup_path)
    {
      ret = libcrun_cgroup_destroy (cgroup_status, err);
      if (UNLIKELY (ret < 0))
        crun_error_write_warning_and_release (context->output_handler_arg, &err);
    }

  ret = run_poststop_hooks (context, container, def, &status, state_root, id, err);
  if (UNLIKELY (ret < 0))
    crun_error_write_warning_and_release (context->output_handler_arg, &err);

  return libcrun_container_delete_status (state_root, id, err);
}

int
libcrun_container_delete (libcrun_context_t *context, runtime_spec_schema_config_schema *def, const char *id,
                          bool force, libcrun_error_t *err)
{
  return container_delete_internal (context, def, id, force, true, err);
}

int
libcrun_container_kill (libcrun_context_t *context, const char *id, const char *signal, libcrun_error_t *err)
{
  int sig, ret;
  const char *state_root = context->state_root;
  cleanup_container_status libcrun_container_status_t status = {};

  sig = str2sig (signal);
  if (UNLIKELY (sig < 0))
    return crun_make_error (err, 0, "unknown signal `%s`", signal);

  ret = libcrun_read_container_status (&status, state_root, id, err);
  if (UNLIKELY (ret < 0))
    return ret;

  return libcrun_kill_linux (&status, sig, err);
}

int
libcrun_container_killall (libcrun_context_t *context, const char *id, const char *signal, libcrun_error_t *err)
{
  int sig, ret;
  const char *state_root = context->state_root;
  cleanup_container_status libcrun_container_status_t status = {};
  cleanup_cgroup_status struct libcrun_cgroup_status *cgroup_status = NULL;

  sig = str2sig (signal);
  if (UNLIKELY (sig < 0))
    return crun_make_error (err, 0, "unknown signal `%s`", signal);

  ret = libcrun_read_container_status (&status, state_root, id, err);
  if (UNLIKELY (ret < 0))
    return ret;

  cgroup_status = libcrun_cgroup_make_status (&status);

  ret = libcrun_cgroup_killall (cgroup_status, sig, err);
  if (UNLIKELY (ret < 0))
    return ret;
  return 0;
}

static int
write_container_status (libcrun_container_t *container, libcrun_context_t *context,
                        pid_t pid, struct libcrun_cgroup_status *cgroup_status,
                        libcrun_error_t *err)
{
  cleanup_free char *cwd = getcwd (NULL, 0);
  if (UNLIKELY (cwd == NULL))
    libcrun_fail_with_error (errno, "getcwd failed");
  cleanup_free char *owner = get_user_name (geteuid ());
  char *external_descriptors = libcrun_get_external_descriptors (container);
  char *rootfs = container->container_def->root ? container->container_def->root->path : "";
  char created[35];

  libcrun_container_status_t status = {
    .pid = pid,
    .rootfs = rootfs,
    .bundle = cwd,
    .created = created,
    .owner = owner,
    .systemd_cgroup = context->systemd_cgroup,
    .detached = context->detach,
    .external_descriptors = external_descriptors,
    .cgroup_path = NULL,
    .scope = NULL,
  };

  get_current_timestamp (created, sizeof (created));

  if (cgroup_status)
    {
      int ret;

      ret = libcrun_cgroup_get_status (cgroup_status, &status, err);
      if (UNLIKELY (ret < 0))
        return ret;
    }

  if (external_descriptors == NULL)
    return crun_make_error (err, 0, "invalid internal state.  No external descriptors found");
  return libcrun_write_container_status (context->state_root, context->id, &status, err);
}

static int
reap_subprocesses (pid_t main_process, int *main_process_exit, int *last_process, libcrun_error_t *err)
{
  *last_process = 0;
  while (1)
    {
      int status;
      int r = waitpid_ignore_stopped (-1, &status, WNOHANG);
      if (r < 0)
        {
          if (errno == EINTR)
            continue;
          if (errno == ECHILD)
            {
              *last_process = 1;
              return 0;
            }
          return crun_make_error (err, errno, "waitpid");
        }
      if (r == 0)
        break;
      if (r != main_process)
        continue;

      *main_process_exit = get_process_exit_status (status);
    }
  return 0;
}

static int
send_sd_notify (const char *ready_str, libcrun_error_t *err)
{
#ifdef HAVE_SYSTEMD
  int ret = sd_notify (0, ready_str);
  if (UNLIKELY (ret < 0))
    return crun_make_error (err, -ret, "sd_notify");

#  if HAVE_SD_NOTIFY_BARRIER
  /* Hard-code a 30 seconds timeout.  Ignore errors.  */
  sd_notify_barrier (0, 30 * 1000000);
#  endif
#else
  (void) ready_str;
  (void) err;
#endif
  return 0;
}

static int
handle_notify_socket (int notify_socketfd, libcrun_error_t *err)
{
#ifdef HAVE_SYSTEMD
  int ret;
  char buf[256];
  const char *ready_str = "READY=1";

  ret = recvfrom (notify_socketfd, buf, sizeof (buf) - 1, 0, NULL, NULL);
  if (UNLIKELY (ret < 0))
    return crun_make_error (err, errno, "recvfrom notify socket");

  buf[ret] = '\0';
  if (strstr (buf, ready_str))
    {
      ret = send_sd_notify (ready_str, err);
      if (UNLIKELY (ret < 0))
        return ret;

      return 1;
    }
  return 0;
#else
  (void) notify_socketfd;
  (void) err;
  return 1;
#endif
}

struct wait_for_process_args
{
  pid_t pid;
  libcrun_context_t *context;
  int terminal_fd;
  int notify_socket;
  int *container_ready_fd;
  int seccomp_notify_fd;
  const char *seccomp_notify_plugins;
};

static int
wait_for_process (struct wait_for_process_args *args, libcrun_error_t *err)
{
  cleanup_channel_fd_pair struct channel_fd_pair *from_terminal = NULL;
  cleanup_channel_fd_pair struct channel_fd_pair *to_terminal = NULL;
  int ret, container_exit_code = 0, last_process;
  cleanup_close int terminal_fd_from = -1;
  cleanup_close int terminal_fd_to = -1;
  const size_t max_events = 10;
  cleanup_close int epollfd = -1;
  cleanup_close int signalfd = -1;
  sigset_t mask;
  int in_fds[max_events];
  int in_fds_len = 0;
  int out_fds[max_events];
  int out_fds_len = 0;
  size_t i;

  cleanup_seccomp_notify_context struct seccomp_notify_context_s *seccomp_notify_ctx = NULL;

  container_exit_code = 0;

  if (args == NULL || args->context == NULL)
    return crun_make_error (err, 0, "internal error: context is empty");

  for (i = 0; i < max_events; i++)
    {
      in_fds[i] = -1;
      out_fds[i] = -1;
    }

  if (args->context->pid_file)
    {
      char buf[32];
      int buf_len = snprintf (buf, sizeof (buf), "%d", args->pid);
      if (UNLIKELY (buf_len >= (int) sizeof (buf)))
        return crun_make_error (err, 0, "internal error: static buffer too small");
      ret = write_file_at_with_flags (AT_FDCWD, O_CREAT | O_TRUNC, 0700, args->context->pid_file, buf, buf_len, err);
      if (UNLIKELY (ret < 0))
        return ret;
    }

  /* Also exit if there is nothing more to wait for.  */
  if (args->context->detach && args->notify_socket < 0)
    return 0;

  if (args->container_ready_fd)
    {
      ret = 0;
      TEMP_FAILURE_RETRY (write (*args->container_ready_fd, &ret, sizeof (ret)));
      close_and_reset (args->container_ready_fd);
    }

  sigfillset (&mask);
  ret = sigprocmask (SIG_BLOCK, &mask, NULL);
  if (UNLIKELY (ret < 0))
    return crun_make_error (err, errno, "sigprocmask");

  signalfd = create_signalfd (&mask, err);
  if (UNLIKELY (signalfd < 0))
    return signalfd;

  ret = reap_subprocesses (args->pid, &container_exit_code, &last_process, err);
  if (UNLIKELY (ret < 0))
    return ret;

  if (last_process)
    return container_exit_code;

  if (args->seccomp_notify_fd >= 0)
    {
      cleanup_free char *state_root = NULL;
      cleanup_free char *oci_config_path = NULL;

      struct libcrun_load_seccomp_notify_conf_s conf;
      memset (&conf, 0, sizeof conf);

      ret = libcrun_get_state_directory (&state_root, args->context->state_root, args->context->id, err);
      if (UNLIKELY (ret < 0))
        return ret;

      ret = append_paths (&oci_config_path, err, state_root, "config.json", NULL);
      if (UNLIKELY (ret < 0))
        return ret;

      conf.runtime_root_path = state_root;
      conf.name = args->context->id;
      conf.bundle_path = args->context->bundle;
      conf.oci_config_path = oci_config_path;

      ret = set_blocking_fd (args->seccomp_notify_fd, false, err);
      if (UNLIKELY (ret < 0))
        return ret;

      ret = libcrun_load_seccomp_notify_plugins (&seccomp_notify_ctx,
                                                 args->seccomp_notify_plugins,
                                                 &conf, err);
      if (UNLIKELY (ret < 0))
        return ret;

      in_fds[in_fds_len++] = args->seccomp_notify_fd;
    }

  if (args->terminal_fd >= 0)
    {
      /* The terminal_fd is dup()ed so that it can be registered with
         epoll multiple times using different masks.  */
      terminal_fd_from = dup (args->terminal_fd);
      if (UNLIKELY (terminal_fd_from < 0))
        return crun_make_error (err, errno, "dup terminal fd");
      terminal_fd_to = dup (args->terminal_fd);
      if (UNLIKELY (terminal_fd_to < 0))
        return crun_make_error (err, errno, "dup terminal fd");

      int i, non_blocking_fds[] = { terminal_fd_from, terminal_fd_to, 0, 1, -1 };
      for (i = 0; non_blocking_fds[i] >= 0; i++)
        {
          ret = set_blocking_fd (non_blocking_fds[i], false, err);
          if (UNLIKELY (ret < 0))
            return ret;
        }

      from_terminal = channel_fd_pair_new (terminal_fd_from, 1, BUFSIZ);
      to_terminal = channel_fd_pair_new (0, terminal_fd_to, BUFSIZ);
    }

  in_fds[in_fds_len++] = signalfd;
  if (args->notify_socket >= 0)
    in_fds[in_fds_len++] = args->notify_socket;
  if (args->terminal_fd >= 0)
    {
      in_fds[in_fds_len++] = 0;
      out_fds[out_fds_len++] = terminal_fd_to;

      in_fds[in_fds_len++] = terminal_fd_from;
      out_fds[out_fds_len++] = 1;
    }

  epollfd = epoll_helper (in_fds, NULL, out_fds, NULL, err);
  if (UNLIKELY (epollfd < 0))
    return epollfd;

  while (1)
    {
      struct epoll_event events[max_events];
      struct signalfd_siginfo si;
      struct winsize ws;
      int i, nr_events;
      ssize_t res;

      nr_events = TEMP_FAILURE_RETRY (epoll_wait (epollfd, events, max_events, -1));
      if (UNLIKELY (nr_events < 0))
        return crun_make_error (err, errno, "epoll_wait");

      for (i = 0; i < nr_events; i++)
        {
          if (events[i].data.fd == 0 || events[i].data.fd == terminal_fd_to)
            {
              ret = channel_fd_pair_process (to_terminal, epollfd, err);
              if (UNLIKELY (ret < 0))
                return crun_error_wrap (err, "copy to terminal fd");
            }
          else if (events[i].data.fd == 1 || events[i].data.fd == terminal_fd_from)
            {
              ret = channel_fd_pair_process (from_terminal, epollfd, err);
              if (UNLIKELY (ret < 0))
                return crun_error_wrap (err, "copy from terminal fd");
            }
          else if (events[i].data.fd == args->seccomp_notify_fd)
            {
              ret = libcrun_seccomp_notify_plugins (seccomp_notify_ctx,
                                                    args->seccomp_notify_fd, err);
              if (UNLIKELY (ret < 0))
                return ret;
            }
          else if (events[i].data.fd == args->notify_socket)
            {
              ret = handle_notify_socket (args->notify_socket, err);
              if (UNLIKELY (ret < 0))
                return ret;
              if (ret && args->context->detach)
                return 0;
            }
          else if (events[i].data.fd == signalfd)
            {
              res = TEMP_FAILURE_RETRY (read (signalfd, &si, sizeof (si)));
              if (UNLIKELY (res < 0))
                return crun_make_error (err, errno, "read from signalfd");
              if (si.ssi_signo == SIGCHLD)
                {
                  ret = reap_subprocesses (args->pid, &container_exit_code,
                                           &last_process, err);
                  if (UNLIKELY (ret < 0))
                    return ret;
                  if (last_process)
                    return container_exit_code;
                }
              else if (si.ssi_signo == SIGWINCH)
                {
                  /* Ignore the signal if the terminal is not available.  */
                  if (args->terminal_fd > 0)
                    {
                      ret = ioctl (0, TIOCGWINSZ, &ws);
                      if (UNLIKELY (ret < 0))
                        return crun_make_error (err, errno, "ioctl TIOCGWINSZ copy terminal size from stdin");

                      ret = ioctl (args->terminal_fd, TIOCSWINSZ, &ws);
                      if (UNLIKELY (ret < 0))
                        return crun_make_error (err, errno, "ioctl TIOCSWINSZ copy terminal size to pty");
                    }
                }
              else
                {
                  /* Send any other signal to the child process.  */
                  ret = kill (args->pid, si.ssi_signo);
                }
            }
          else
            {
              return crun_make_error (err, 0, "internal error: unknown fd from epoll_wait");
            }
        }
    }

  return 0;
}

static void
flush_fd_to_err (libcrun_context_t *context, int terminal_fd)
{
  char buf[256];
  int flags;

  if (terminal_fd < 0 || stderr == NULL)
    return;

  flags = fcntl (terminal_fd, F_GETFL, 0);
  if (flags == -1)
    return;
  if (fcntl (terminal_fd, F_SETFL, flags | O_NONBLOCK) < 0)
    return;

  for (;;)
    {
      int ret = TEMP_FAILURE_RETRY (read (terminal_fd, buf, sizeof (buf) - 1));
      if (ret <= 0)
        break;
      buf[ret] = '\0';
      if (context->output_handler)
        context->output_handler (0, buf, LIBCRUN_VERBOSITY_ERROR, context->output_handler_arg);
    }
  (void) fcntl (terminal_fd, F_SETFL, flags);
  fflush (stderr);
  fsync (1);
  fsync (2);
}

static int
cleanup_watch (libcrun_context_t *context, runtime_spec_schema_config_schema *def,
               struct libcrun_cgroup_status *cgroup_status, pid_t init_pid, int sync_socket,
               int terminal_fd, libcrun_error_t *err)
{
  const char *oom_message = NULL;
  libcrun_error_t tmp_err = NULL;
  int ret;

  if (init_pid)
    {
      /* Try to detect whether the cgroup has a OOM.  */
      if (cgroup_status)
        {
          int has_oom;

          has_oom = libcrun_cgroup_has_oom (cgroup_status, &tmp_err);
          if (has_oom > 0)
            oom_message = "OOM: the memory limit could be too low";
          else if (has_oom < 0)
            {
              /* If the detection has failed for any reason, e.g. the cgroup was
                 already deleted by the time it was checked, just ignore the
                 failure.  */
              crun_error_release (&tmp_err);
            }
        }
      /* If the OOM wasn't detected, look into the static configuration.  */
      if (oom_message == NULL && is_memory_limit_too_low (def))
        oom_message = "the memory limit could be too low";

      kill (init_pid, SIGKILL);
      waitpid_ignore_stopped (init_pid, NULL, 0);
    }

  ret = sync_socket_wait_sync (context, sync_socket, true, &tmp_err);
  if (UNLIKELY (ret < 0))
    {
      crun_error_release (err);
      *err = tmp_err;
    }

  if (terminal_fd >= 0)
    flush_fd_to_err (context, terminal_fd);

  if (oom_message)
    return crun_error_wrap (err, "%s", oom_message);

  return -1;
}

/* Find the uid:gid that is mapped to root inside the container user namespace.  */
void
get_root_in_the_userns (runtime_spec_schema_config_schema *def, uid_t host_uid, gid_t host_gid, uid_t *uid,
                        gid_t *gid)
{
  *uid = -1;
  *gid = -1;

  /* Not root in the namespace.  */
  if (host_uid)
    return;

  if (def->linux && def->linux->uid_mappings)
    {
      size_t i;

      for (i = 0; i < def->linux->uid_mappings_len; i++)
        if (def->linux->uid_mappings[i]->container_id == 0)
          {
            *uid = def->linux->uid_mappings[i]->host_id;
            break;
          }
    }
  if (def->linux && def->linux->gid_mappings)
    {
      size_t i;

      for (i = 0; i < def->linux->gid_mappings_len; i++)
        if (def->linux->gid_mappings[i]->container_id == 0)
          {
            *gid = def->linux->gid_mappings[i]->host_id;
            break;
          }
    }

  /* If the uid and the gid are not changed, do not attempt any chown.  */
  if (*uid == host_uid && *gid == host_gid)
    *uid = *gid = -1;
}

static int
get_seccomp_receiver_fd (libcrun_container_t *container, int *fd, int *self_receiver_fd, const char **plugins,
                         libcrun_error_t *err)
{
  const char *tmp;
  runtime_spec_schema_config_schema *def = container->container_def;

  *fd = -1;
  *self_receiver_fd = -1;

  tmp = find_annotation (container, "run.oci.seccomp.plugins");
  if (tmp)
    {
      int fds[2];
      int ret;

      ret = create_socket_pair (fds, err);
      if (UNLIKELY (ret < 0))
        return crun_error_wrap (err, "create socket pair");

      *fd = fds[0];
      *self_receiver_fd = fds[1];
      *plugins = tmp;
      return 0;
    }

  if (def && def->linux && def->linux->seccomp && def->linux->seccomp->listener_path)
    tmp = def->linux->seccomp->listener_path;
  else
    tmp = find_annotation (container, "run.oci.seccomp.receiver");
  if (tmp == NULL)
    tmp = getenv ("RUN_OCI_SECCOMP_RECEIVER");
  if (tmp)
    {
      if (tmp[0] != '/')
        return crun_make_error (err, 0, "the seccomp receiver `%s` is not an absolute path", tmp);

      *fd = open_unix_domain_client_socket (tmp, 0, err);
      if (UNLIKELY (*fd < 0))
        return crun_error_wrap (err, "open seccomp receiver");
    }

  return 0;
}

static bool
has_seccomp_receiver (libcrun_container_t *container)
{
  runtime_spec_schema_config_schema *def = container->container_def;

  if (def && def->linux && def->linux->seccomp && def->linux->seccomp->listener_path)
    return true;

  if (find_annotation (container, "run.oci.seccomp.receiver") != NULL || getenv ("RUN_OCI_SECCOMP_RECEIVER") != NULL)
    return true;

  return false;
}

static int
setup_container_hooks_output (libcrun_container_t *container, runtime_spec_schema_config_schema *def,
                              struct container_entrypoint_s *container_args, int *hooks_out_fd,
                              int *hooks_err_fd, libcrun_error_t *err)
{
  int ret;

  if (def->hooks
      && (def->hooks->prestart_len || def->hooks->poststart_len || def->hooks->create_runtime_len
          || def->hooks->create_container_len || def->hooks->start_container_len))
    {
      ret = open_hooks_output (container, hooks_out_fd, hooks_err_fd, err);
      if (UNLIKELY (ret < 0))
        return ret;
      container_args->hooks_out_fd = *hooks_out_fd;
      container_args->hooks_err_fd = *hooks_err_fd;
    }
  return 0;
}

static int
setup_container_keyring (libcrun_container_t *container, libcrun_context_t *context, libcrun_error_t *err)
{
  runtime_spec_schema_config_schema *def = container->container_def;
  int ret;

  if (! context->no_new_keyring)
    {
      const char *label = NULL;

      libcrun_debug ("Creating new keyring");

      if (def->process)
        {
          label = def->process->selinux_label;
          if (label)
            libcrun_debug ("Using SELinux process label: `%s`", label);
        }

      ret = libcrun_create_keyring (container, container->context->id, label, err);
      if (UNLIKELY (ret < 0))
        return ret;
    }
  return 0;
}

static int
setup_terminal_socket_pair (libcrun_container_t *container, libcrun_context_t *context,
                            struct container_entrypoint_s *container_args, int *socket_pair_0,
                            int *socket_pair_1, libcrun_error_t *err)
{
  runtime_spec_schema_config_schema *def = container->container_def;
  int ret;
  int detach = context->detach;

  if (def->process && def->process->terminal && ! detach && context->console_socket == NULL)
    {
      libcrun_debug ("Creating terminal socket pair");
      container_args->has_terminal_socket_pair = 1;
      ret = create_socket_pair (container_args->terminal_socketpair, err);
      if (UNLIKELY (ret < 0))
        return crun_error_wrap (err, "create terminal socket");

      *socket_pair_0 = container_args->terminal_socketpair[0];
      *socket_pair_1 = container_args->terminal_socketpair[1];
    }
  return 0;
}

static int
setup_seccomp (libcrun_container_t *container, const char *seccomp_bpf_data,
               struct libcrun_seccomp_gen_ctx_s *seccomp_gen_ctx, int *seccomp_fd, libcrun_error_t *err)
{
  runtime_spec_schema_config_schema *def = container->container_def;
  int ret;

  if (find_annotation (container, "run.oci.seccomp.plugins") != NULL && has_seccomp_receiver (container))
    {
      return crun_make_error (err, errno, "seccomp plugins and seccomp receivers cannot be declared at the same time");
    }

  if (def->linux && (def->linux->seccomp || seccomp_bpf_data))
    {
      unsigned int seccomp_gen_options = 0;
      const char *annotation;

      libcrun_debug ("Initializing seccomp");
      annotation = find_annotation (container, "run.oci.seccomp_fail_unknown_syscall");
      if (annotation && strcmp (annotation, "0") != 0)
        seccomp_gen_options = LIBCRUN_SECCOMP_FAIL_UNKNOWN_SYSCALL;

      if (seccomp_bpf_data)
        seccomp_gen_options |= LIBCRUN_SECCOMP_SKIP_CACHE;

      libcrun_seccomp_gen_ctx_init (seccomp_gen_ctx, container, true, seccomp_gen_options);

      ret = libcrun_open_seccomp_bpf (seccomp_gen_ctx, seccomp_fd, err);
      if (UNLIKELY (ret < 0))
        return ret;
    }
  return 0;
}

static int
setup_console_socket (libcrun_context_t *context, runtime_spec_schema_config_schema *def,
                      struct container_entrypoint_s *container_args, int *console_socket_fd,
                      libcrun_error_t *err)
{
  if (context->console_socket && def->process && def->process->terminal)
    {
      *console_socket_fd = open_unix_domain_client_socket (context->console_socket, 0, err);
      if (UNLIKELY (*console_socket_fd < 0))
        return crun_error_wrap (err, "open console socket");
      container_args->console_socket_fd = *console_socket_fd;
    }
  return 0;
}

static int
setup_cgroup_manager (libcrun_context_t *context, libcrun_container_t *container,
                      struct libcrun_cgroup_args *cg, int *cgroup_dirfd,
                      struct libcrun_dirfd_s *cgroup_dirfd_s, libcrun_error_t *err)
{
  runtime_spec_schema_config_schema *def = container->container_def;
  int cgroup_manager;
  uid_t root_uid = -1;
  gid_t root_gid = -1;
  int ret;

  cgroup_manager = CGROUP_MANAGER_CGROUPFS;
  if (context->systemd_cgroup)
    {
      libcrun_debug ("Using systemd cgroup manager");
      cgroup_manager = CGROUP_MANAGER_SYSTEMD;
    }
  else if (context->force_no_cgroup)
    {
      libcrun_debug ("Disabling cgroup manager");
      cgroup_manager = CGROUP_MANAGER_DISABLED;
    }
  else
    libcrun_debug ("Using cgroupfs cgroup manager");

  /* If we are root (either on the host or in a namespace), then chown the cgroup to root
     in the container user namespace.  */
  get_root_in_the_userns (def, container->host_uid, container->host_gid, &root_uid, &root_gid);
  libcrun_debug ("Using container host UID `%d` and GID `%d`", container->host_uid, container->host_gid);

  memset (cg, 0, sizeof (*cg));

  cg->cgroup_path = def->linux ? def->linux->cgroups_path : "";
  cg->manager = cgroup_manager;
  cg->id = context->id;
  cg->resources = def->linux ? def->linux->resources : NULL;
  cg->annotations = container->annotations;
  cg->root_uid = root_uid;
  cg->root_gid = root_gid;
  cg->state_root = context->state_root;
  cg->container = container;

  ret = libcrun_cgroup_preenter (cg, cgroup_dirfd, err);
  if (UNLIKELY (ret < 0))
    return ret;

  cgroup_dirfd_s->dirfd = cgroup_dirfd;
  cgroup_dirfd_s->joined = false;

  return 0;
}

static int
set_scheduler (pid_t pid, runtime_spec_schema_config_schema *def, libcrun_error_t *err)
{
  int ret;

  ret = libcrun_set_scheduler (pid, def->process, err);
  if (UNLIKELY (ret < 0))
    return ret;

  ret = libcrun_reset_cpu_affinity_mask (pid, err);
  if (UNLIKELY (ret < 0))
    return ret;

  ret = libcrun_set_io_priority (pid, def->process, err);
  if (UNLIKELY (ret < 0))
    return ret;

  return 0;
}

static int
seccomp_generation (int seccomp_fd, const char *seccomp_bpf_data,
                    struct libcrun_seccomp_gen_ctx_s *seccomp_gen_ctx, libcrun_error_t *err)
{
  int ret;

  if (seccomp_fd >= 0)
    {
      if (seccomp_bpf_data != NULL)
        {
          ret = libcrun_copy_seccomp (seccomp_gen_ctx, seccomp_bpf_data, err);
          if (UNLIKELY (ret < 0))
            return ret;
        }
      else
        {
          ret = libcrun_generate_seccomp (seccomp_gen_ctx, err);
          if (UNLIKELY (ret < 0))
            return ret;
        }
    }
  return 0;
}

static int
terminal_setup (runtime_spec_schema_config_schema *def, libcrun_context_t *context,
                int socket_pair_0, int *terminal_fd, void **orig_terminal, libcrun_error_t *err)
{
  int ret;
  int detach = context->detach;

  if (def->process && def->process->terminal && ! detach && context->console_socket == NULL)
    {
      libcrun_debug ("Receiving console socket fd");
      *terminal_fd = receive_fd_from_socket (socket_pair_0, err);
      if (UNLIKELY (*terminal_fd < 0))
        return -1;

      ret = libcrun_set_raw (0, orig_terminal, err);
      if (UNLIKELY (ret < 0))
        return ret;
    }
  return 0;
}

static int
libcrun_container_run_internal (libcrun_container_t *container, libcrun_context_t *context,
                                int *container_ready_fd, libcrun_error_t *err)
{
  runtime_spec_schema_config_schema *def = container->container_def;
  int ret;
  pid_t pid;
  int detach = context->detach;
  cleanup_cgroup_status struct libcrun_cgroup_status *cgroup_status = NULL;
  cleanup_close int terminal_fd = -1;
  cleanup_terminal void *orig_terminal = NULL;
  cleanup_close int sync_socket = -1;
  cleanup_close int notify_socket = -1;
  cleanup_close int socket_pair_0 = -1;
  cleanup_close int socket_pair_1 = -1;
  cleanup_close int seccomp_fd = -1;
  cleanup_close int console_socket_fd = -1;
  cleanup_close int hooks_out_fd = -1;
  cleanup_close int hooks_err_fd = -1;
  cleanup_close int own_seccomp_receiver_fd = -1;
  cleanup_close int seccomp_notify_fd = -1;
  const char *seccomp_notify_plugins = NULL;
  struct libcrun_cgroup_args cg;
  struct container_entrypoint_s container_args = {
    .container = container,
    .context = context,
    .terminal_socketpair = { -1, -1 },
    .console_socket_fd = -1,
    .hooks_out_fd = -1,
    .hooks_err_fd = -1,
    .seccomp_receiver_fd = -1,
    .custom_handler = NULL,
  };
  cleanup_close int cgroup_dirfd = -1;
  struct libcrun_dirfd_s cgroup_dirfd_s;
  struct libcrun_seccomp_gen_ctx_s seccomp_gen_ctx;
  const char *seccomp_bpf_data = find_annotation (container, "run.oci.seccomp_bpf_data");
  int cgroup_mode;

  cgroup_mode = libcrun_get_cgroup_mode (err);
  if (UNLIKELY (cgroup_mode < 0))
    return cgroup_mode;

  if (cgroup_mode != CGROUP_MODE_UNIFIED)
    libcrun_warning ("cgroup v1 is deprecated and will be removed in a future release.  Use cgroup v2");

  ret = setup_container_hooks_output (container, def, &container_args, &hooks_out_fd, &hooks_err_fd, err);
  if (UNLIKELY (ret < 0))
    return ret;

  container->context = context;

  if (! detach || context->notify_socket)
    {
      libcrun_debug ("Setting child subreaper");
      ret = prctl (PR_SET_CHILD_SUBREAPER, 1, 0, 0, 0);
      if (UNLIKELY (ret < 0))
        return crun_make_error (err, errno, "prctl set child subreaper");
    }

  ret = setup_container_keyring (container, context, err);
  if (UNLIKELY (ret < 0))
    return ret;

  ret = setup_terminal_socket_pair (container, context, &container_args, &socket_pair_0, &socket_pair_1, err);
  if (UNLIKELY (ret < 0))
    return ret;

  ret = block_signals (err);
  if (UNLIKELY (ret < 0))
    return ret;

  umask (0);

  ret = libcrun_set_mempolicy (def, err);
  if (UNLIKELY (ret < 0))
    return ret;

  ret = setup_seccomp (container, seccomp_bpf_data, &seccomp_gen_ctx, &seccomp_fd, err);
  if (UNLIKELY (ret < 0))
    return ret;
  container_args.seccomp_fd = seccomp_fd;

  if (seccomp_fd >= 0)
    {
      ret = get_seccomp_receiver_fd (container, &container_args.seccomp_receiver_fd, &own_seccomp_receiver_fd,
                                     &seccomp_notify_plugins, err);
      if (UNLIKELY (ret < 0))
        return ret;
    }

  ret = setup_console_socket (context, def, &container_args, &console_socket_fd, err);
  if (UNLIKELY (ret < 0))
    return ret;

  ret = setup_cgroup_manager (context, container, &cg, &cgroup_dirfd, &cgroup_dirfd_s, err);
  if (UNLIKELY (ret < 0))
    return ret;

  ret = libcrun_configure_handler (container_args.context->handler_manager,
                                   container_args.context,
                                   container,
                                   &(container_args.custom_handler),
                                   err);
  if (UNLIKELY (ret < 0))
    return ret;

  if (container_args.custom_handler && container_args.custom_handler->vtable->modify_oci_configuration)
    {
      libcrun_debug ("Using custom handler to modify OCI configuration");
      ret = container_args.custom_handler->vtable->modify_oci_configuration (container_args.custom_handler->cookie,
                                                                             container_args.context,
                                                                             container->container_def,
                                                                             err);
      if (UNLIKELY (ret < 0))
        return ret;
    }

  pid = libcrun_run_linux_container (container, container_init, &container_args, &sync_socket, &cgroup_dirfd_s, err);
  if (UNLIKELY (pid < 0))
    return pid;

  cg.pid = pid;
  cg.joined = cgroup_dirfd_s.joined;
  libcrun_debug ("Running container on PID: `%d`", pid);

  if (context->fifo_exec_wait_fd < 0 && context->notify_socket)
    {
      libcrun_debug ("Using notify socket: `%s`", context->notify_socket);
      /* Do not open the notify socket here on "create".  "start" will take care of it.  */
      ret = get_notify_fd (context, container, &notify_socket, err);
      if (UNLIKELY (ret < 0))
        goto fail;
    }

  if (container_args.terminal_socketpair[1] >= 0)
    close_and_reset (&socket_pair_1);

  ret = libcrun_cgroup_enter (&cg, &cgroup_status, err);
  if (UNLIKELY (ret < 0))
    goto fail;

  ret = libcrun_apply_intelrdt (context->id, container, pid, LIBCRUN_INTELRDT_CREATE_UPDATE_MOVE, err);
  if (UNLIKELY (ret < 0))
    goto fail;

  ret = libcrun_move_network_devices (container, pid, err);
  if (UNLIKELY (ret < 0))
    goto fail;

  /* sync send own pid.  */
  ret = TEMP_FAILURE_RETRY (write (sync_socket, &pid, sizeof (pid)));
  if (UNLIKELY (ret != sizeof (pid)))
    {
      if (ret >= 0)
        errno = 0;
      crun_make_error (err, errno, "write to sync socket");
      goto fail;
    }

  /* sync 1.  */
  ret = sync_socket_send_sync (sync_socket, true, err);
  if (UNLIKELY (ret < 0))
    goto fail;

  /* sync 2.  */
  ret = sync_socket_wait_sync (context, sync_socket, false, err);
  if (UNLIKELY (ret < 0))
    goto fail;

  ret = libcrun_cgroup_enter_finalize (&cg, cgroup_status, err);
  if (UNLIKELY (ret < 0))
    goto fail;

  ret = set_scheduler (pid, def, err);
  if (UNLIKELY (ret < 0))
    goto fail;

  /* The container is waiting that we write back.  In this phase we can launch the
     prestart hooks.  */
  if (def->hooks && def->hooks->prestart_len)
    {
      libcrun_debug ("Running `prestart` hooks");
      ret = do_hooks (def, pid, context->id, false, NULL, "created", (hook **) def->hooks->prestart,
                      def->hooks->prestart_len, hooks_out_fd, hooks_err_fd, err);
      if (UNLIKELY (ret != 0))
        goto fail;
    }
  if (def->hooks && def->hooks->create_runtime_len)
    {
      libcrun_debug ("Running `create` hooks");
      ret = do_hooks (def, pid, context->id, false, NULL, "created", (hook **) def->hooks->create_runtime,
                      def->hooks->create_runtime_len, hooks_out_fd, hooks_err_fd, err);
      if (UNLIKELY (ret != 0))
        goto fail;
    }

  ret = seccomp_generation (seccomp_fd, seccomp_bpf_data, &seccomp_gen_ctx, err);
  if (UNLIKELY (ret < 0))
    goto fail;
  close_and_reset (&seccomp_fd);

  /* sync 3.  */
  ret = sync_socket_send_sync (sync_socket, true, err);
  if (UNLIKELY (ret < 0))
    goto fail;

  ret = terminal_setup (def, context, socket_pair_0, &terminal_fd, &orig_terminal, err);
  if (UNLIKELY (ret < 0))
    goto fail;

  close_and_reset (&socket_pair_0);

  /* sync 4.  */
  ret = sync_socket_wait_sync (context, sync_socket, false, err);
  if (UNLIKELY (ret < 0))
    goto fail;

  ret = close_and_reset (&sync_socket);
  if (UNLIKELY (ret < 0))
    {
      crun_make_error (err, errno, "close sync_socket failed");
      goto fail;
    }

  libcrun_debug ("Writing container status");
  ret = write_container_status (container, context, pid, cgroup_status, err);
  if (UNLIKELY (ret < 0))
    goto fail;

  /* Run poststart hooks here only if the container is created using "run".  For create+start, the
     hooks will be executed as part of the start command.  */
  if (context->fifo_exec_wait_fd < 0 && def->hooks && def->hooks->poststart_len)
    {
      libcrun_debug ("Running `poststart` hooks");
      ret = do_hooks (def, pid, context->id, true, NULL, "running", (hook **) def->hooks->poststart,
                      def->hooks->poststart_len, hooks_out_fd, hooks_err_fd, err);
      if (UNLIKELY (ret < 0))
        goto fail;
    }

  /* Let's receive the seccomp notify fd and handle it as part of wait_for_process().  */
  if (own_seccomp_receiver_fd >= 0)
    {
      libcrun_debug ("Receiving seccomp fd");
      seccomp_notify_fd = receive_fd_from_socket (own_seccomp_receiver_fd, err);
      if (UNLIKELY (seccomp_notify_fd < 0))
        goto fail;

      ret = close_and_reset (&own_seccomp_receiver_fd);
      if (UNLIKELY (ret < 0))
        {
          crun_make_error (err, errno, "close seccomp receiver fd failed");
          goto fail;
        }
    }

  {
    struct wait_for_process_args args = {
      .pid = pid,
      .context = context,
      .terminal_fd = terminal_fd,
      .notify_socket = notify_socket,
      .container_ready_fd = container_ready_fd,
      .seccomp_notify_fd = seccomp_notify_fd,
      .seccomp_notify_plugins = seccomp_notify_plugins,
    };
    ret = wait_for_process (&args, err);
  }
  if (! context->detach)
    {
      libcrun_error_t tmp_err = NULL;
      cleanup_watch (context, def, cgroup_status, 0, sync_socket, terminal_fd, &tmp_err);
      crun_error_release (&tmp_err);
    }

  return ret;

fail:
  ret = cleanup_watch (context, def, cgroup_status, pid, sync_socket, terminal_fd, err);
  if (cgroup_status)
    {
      libcrun_error_t tmp_err = NULL;
      libcrun_cgroup_destroy (cgroup_status, &tmp_err);
      crun_error_release (&tmp_err);
    }
  return ret;
}

static int
check_config_file (runtime_spec_schema_config_schema *def, libcrun_context_t *context, libcrun_error_t *err)
{
  if (UNLIKELY (def->linux == NULL))
    return crun_make_error (err, 0, "invalid config file, no `linux` block specified");

  if (context->handler == NULL)
    {
      if (UNLIKELY (def->root == NULL))
        return crun_make_error (err, 0, "invalid config file, no `root` block specified");
      if (UNLIKELY (def->mounts == NULL))
        return crun_make_error (err, 0, "invalid config file, no `mounts` block specified");
    }
  return 0;
}

static int
libcrun_copy_config_file (const char *id, const char *state_root, libcrun_container_t *container, libcrun_error_t *err)
{
  int ret;
  cleanup_free char *dest_path = NULL;
  cleanup_free char *dir = NULL;
  cleanup_free char *buffer = NULL;
  size_t len;

  ret = libcrun_get_state_directory (&dir, state_root, id, err);
  if (UNLIKELY (ret < 0))
    return ret;

  ret = append_paths (&dest_path, err, dir, "config.json", NULL);
  if (UNLIKELY (ret < 0))
    return ret;

  if (container->config_file == NULL && container->config_file_content == NULL)
    return crun_make_error (err, 0, "config file not specified");

  if (container->config_file == NULL)
    {
      libcrun_debug ("Writing config file to: `%s`", dest_path);
      ret = write_file (dest_path, container->config_file_content, strlen (container->config_file_content), err);
      if (UNLIKELY (ret < 0))
        return ret;
    }
  else
    {
      libcrun_debug ("Reading config file: `%s`", container->config_file);
      ret = read_all_file (container->config_file, &buffer, &len, err);
      if (UNLIKELY (ret < 0))
        return ret;

      libcrun_debug ("Writing config file to: `%s`", dest_path);
      ret = write_file (dest_path, buffer, len, err);
      if (UNLIKELY (ret < 0))
        return ret;
    }

  return 0;
}

static void
force_delete_container_status (libcrun_context_t *context, runtime_spec_schema_config_schema *def)
{
  libcrun_error_t tmp_err = NULL;
  container_delete_internal (context, def, context->id, true, false, &tmp_err);
  crun_error_release (&tmp_err);
}

int
libcrun_container_run (libcrun_context_t *context, libcrun_container_t *container, unsigned int options,
                       libcrun_error_t *err)
{
  runtime_spec_schema_config_schema *def = container->container_def;
  int ret;
  int detach = context->detach;
  int container_ret_status[2];
  cleanup_close int pipefd0 = -1;
  cleanup_close int pipefd1 = -1;
  libcrun_error_t tmp_err = NULL;

  container->context = context;

  ret = validate_options (options, LIBCRUN_RUN_OPTIONS_PREFORK | LIBCRUN_RUN_OPTIONS_KEEP, err);
  if (UNLIKELY (ret < 0))
    return ret;

  ret = check_config_file (def, context, err);
  if (UNLIKELY (ret < 0))
    return ret;

  if (def->process && def->process->terminal && detach && context->console_socket == NULL)
    return crun_make_error (err, 0, "use --console-socket with --detach when a terminal is used");

  ret = libcrun_status_check_directories (context->state_root, context->id, err);
  if (UNLIKELY (ret < 0))
    return ret;

  if (! detach && (options & LIBCRUN_RUN_OPTIONS_PREFORK) == 0)
    {
      ret = libcrun_copy_config_file (context->id, context->state_root, container, err);
      if (UNLIKELY (ret < 0))
        return ret;

      ret = libcrun_container_run_internal (container, context, NULL, err);
      if (! (options & LIBCRUN_RUN_OPTIONS_KEEP))
        force_delete_container_status (context, def);
      return ret;
    }

  ret = pipe2 (container_ret_status, O_CLOEXEC);
  if (UNLIKELY (ret < 0))
    return crun_make_error (err, errno, "pipe");
  pipefd0 = container_ret_status[0];
  pipefd1 = container_ret_status[1];

  ret = fork ();
  if (UNLIKELY (ret < 0))
    return crun_make_error (err, errno, "fork");
  if (ret)
    {
      int status;
      close_and_reset (&pipefd1);

      waitpid_ignore_stopped (ret, NULL, 0);

      ret = TEMP_FAILURE_RETRY (read (pipefd0, &status, sizeof (status)));
      if (UNLIKELY (ret < 0))
        return crun_make_error (err, errno, "read from sync pipe");

      if (status < 0)
        {
          int errno_;
          char buf[512];
          ret = TEMP_FAILURE_RETRY (read (pipefd0, &errno_, sizeof (errno_)));
          if (UNLIKELY (ret < 0))
            return crun_make_error (err, errno, "read from sync pipe");

          ret = TEMP_FAILURE_RETRY (read (pipefd0, buf, sizeof (buf) - 1));
          if (UNLIKELY (ret < 0))
            return crun_make_error (err, errno, "read from sync pipe");
          buf[ret] = '\0';

          return crun_make_error (err, errno_, "%s", buf);
        }

      return status;
    }

  close_and_reset (&pipefd0);

  /* forked process.  */
  ret = detach_process ();
  if (UNLIKELY (ret < 0))
    libcrun_fail_with_error (errno, "detach process");

  ret = libcrun_copy_config_file (context->id, context->state_root, container, &tmp_err);
  if (UNLIKELY (ret < 0))
    goto fail;

  ret = libcrun_container_run_internal (container, context, NULL, &tmp_err);
  TEMP_FAILURE_RETRY (write (pipefd1, &ret, sizeof (ret)));
  if (UNLIKELY (ret < 0))
    goto fail;

  exit (EXIT_SUCCESS);
fail:

  if (! (options & LIBCRUN_RUN_OPTIONS_KEEP))
    force_delete_container_status (context, def);
  if (tmp_err)
    {
      TEMP_FAILURE_RETRY (write (pipefd1, &(tmp_err->status), sizeof (tmp_err->status)));
      TEMP_FAILURE_RETRY (write (pipefd1, tmp_err->msg, strlen (tmp_err->msg) + 1));
      crun_error_release (&tmp_err);
    }

  exit (EXIT_FAILURE);
}

int
libcrun_container_create (libcrun_context_t *context, libcrun_container_t *container, unsigned int options,
                          libcrun_error_t *err)
{
  runtime_spec_schema_config_schema *def = container->container_def;
  int ret;
  int container_ready_pipe[2];
  cleanup_close int pipefd0 = -1;
  cleanup_close int pipefd1 = -1;
  cleanup_close int exec_fifo_fd = -1;
  context->detach = 1;

  libcrun_debug ("Creating container: `%s`", context->id);
  container->context = context;

  ret = validate_options (options, LIBCRUN_CREATE_OPTIONS_PREFORK, err);
  if (UNLIKELY (ret < 0))
    return ret;

  ret = check_config_file (def, context, err);
  if (UNLIKELY (ret < 0))
    return ret;

  if (def->process && def->process->terminal && context->console_socket == NULL)
    return crun_make_error (err, 0, "use --console-socket with create when a terminal is used");

  ret = libcrun_status_check_directories (context->state_root, context->id, err);
  if (UNLIKELY (ret < 0))
    return ret;

  exec_fifo_fd = libcrun_status_create_exec_fifo (context->state_root, context->id, err);
  if (UNLIKELY (exec_fifo_fd < 0))
    return exec_fifo_fd;

  context->fifo_exec_wait_fd = exec_fifo_fd;
  exec_fifo_fd = -1;

  if ((options & LIBCRUN_RUN_OPTIONS_PREFORK) == 0)
    {
      libcrun_debug ("Running with prefork enabled");
      ret = libcrun_copy_config_file (context->id, context->state_root, container, err);
      if (UNLIKELY (ret < 0))
        return ret;
      ret = libcrun_container_run_internal (container, context, NULL, err);
      if (UNLIKELY (ret < 0))
        force_delete_container_status (context, def);
      return ret;
    }

  ret = pipe2 (container_ready_pipe, O_CLOEXEC);
  if (UNLIKELY (ret < 0))
    return crun_make_error (err, errno, "pipe");
  pipefd0 = container_ready_pipe[0];
  pipefd1 = container_ready_pipe[1];

  ret = fork ();
  if (UNLIKELY (ret < 0))
    return crun_make_error (err, errno, "fork");
  if (ret)
    {
      int exit_code;
      close_and_reset (&pipefd1);

      waitpid_ignore_stopped (ret, NULL, 0);

      ret = TEMP_FAILURE_RETRY (read (pipefd0, &exit_code, sizeof (exit_code)));
      if (UNLIKELY (ret < 0))
        return crun_make_error (err, errno, "waiting for container to be ready");
      if (ret > 0)
        {
          if (exit_code != 0)
            {
              libcrun_debug ("Exit code is `%d`, deleting container", exit_code);
              libcrun_error_t tmp_err = NULL;
              libcrun_container_delete (context, def, context->id, true, &tmp_err);
              crun_error_release (&tmp_err);
            }
          return -exit_code;
        }
      return 1;
    }

  /* forked process.  */
  ret = detach_process ();
  if (UNLIKELY (ret < 0))
    libcrun_fail_with_error (errno, "detach process");

  ret = libcrun_copy_config_file (context->id, context->state_root, container, err);
  if (UNLIKELY (ret < 0))
    libcrun_fail_with_error (errno, "copy config file");

  ret = libcrun_container_run_internal (container, context, &pipefd1, err);
  if (UNLIKELY (ret < 0))
    {
      force_delete_container_status (context, def);
      libcrun_error ((*err)->status, "%s", (*err)->msg);
      crun_set_output_handler (log_write_to_stderr, NULL);
    }

  if (pipefd1 >= 0)
    TEMP_FAILURE_RETRY (write (pipefd1, &ret, sizeof (ret)));
  exit (ret ? EXIT_FAILURE : 0);
}

int
libcrun_container_start (libcrun_context_t *context, const char *id, libcrun_error_t *err)
{
  cleanup_container libcrun_container_t *container = NULL;
  const char *state_root = context->state_root;
  runtime_spec_schema_config_schema *def;
  cleanup_container_status libcrun_container_status_t status = {};
  cleanup_close int fd = -1;
  int ret;

  ret = libcrun_read_container_status (&status, state_root, id, err);
  if (UNLIKELY (ret < 0))
    return ret;

  ret = libcrun_is_container_running (&status, err);
  if (UNLIKELY (ret < 0))
    return ret;

  if (! ret)
    return crun_make_error (err, 0, "container `%s` is not running", id);

  ret = read_container_config_from_state (&container, state_root, id, err);
  if (UNLIKELY (ret < 0))
    return ret;

  if (context->notify_socket)
    {
      ret = get_notify_fd (context, container, &fd, err);
      if (UNLIKELY (ret < 0))
        return ret;
    }

  ret = libcrun_status_write_exec_fifo (context->state_root, id, err);
  if (UNLIKELY (ret < 0))
    return ret;

  def = container->container_def;

  if (context->notify_socket)
    {
      if (fd >= 0)
        {
          fd_set read_set;

          while (1)
            {
              struct timeval timeout = {
                .tv_sec = 0,
                .tv_usec = 10000,
              };
              FD_ZERO (&read_set);
              FD_SET (fd, &read_set);

              ret = select (fd + 1, &read_set, NULL, NULL, &timeout);
              if (UNLIKELY (ret < 0))
                return ret;
              if (ret)
                {
                  ret = handle_notify_socket (fd, err);
                  if (UNLIKELY (ret < 0))
                    return ret;
                  if (ret)
                    break;
                }
              else
                {
                  ret = libcrun_is_container_running (&status, err);
                  if (UNLIKELY (ret < 0))
                    return ret;
                  if (! ret)
                    return 0;
                }
            }
        }
    }

  /* The container is considered running only after we got the notification from the
     notify_socket, if any.  */
  if (def->hooks && def->hooks->poststart_len)
    {
      cleanup_close int hooks_out_fd = -1;
      cleanup_close int hooks_err_fd = -1;

      ret = open_hooks_output (container, &hooks_out_fd, &hooks_err_fd, err);
      if (UNLIKELY (ret < 0))
        return ret;

      ret = do_hooks (def, status.pid, context->id, true, status.bundle, "running", (hook **) def->hooks->poststart,
                      def->hooks->poststart_len, hooks_out_fd, hooks_err_fd, err);
      if (UNLIKELY (ret < 0))
        crun_error_release (err);
    }

  return 0;
}

int
libcrun_get_container_state_string (const char *id, libcrun_container_status_t *status, const char *state_root,
                                    const char **container_status, int *running, libcrun_error_t *err)
{
  int ret, has_fifo = 0;
  bool paused = false;

  ret = libcrun_is_container_running (status, err);
  if (UNLIKELY (ret < 0))
    return ret;
  *running = ret;

  if (*running)
    {
      ret = libcrun_status_has_read_exec_fifo (state_root, id, err);
      if (UNLIKELY (ret < 0))
        return ret;
      has_fifo = ret;
    }

  if (*running && ! has_fifo)
    {
      cleanup_cgroup_status struct libcrun_cgroup_status *cgroup_status = NULL;

      cgroup_status = libcrun_cgroup_make_status (status);

      ret = libcrun_cgroup_is_container_paused (cgroup_status, &paused, err);
      if (UNLIKELY (ret < 0))
        {
          /*
            The cgroup might have been cleaned up by the time we try to read it, ignore both
            ENOENT and ENODEV:
            - ENOENT: if the open(CGROUP_PATH) fails because the cgroup was deleted.
            - ENODEV: if the cgroup is deleted between the open and reading the freeze status.
          */

          errno = crun_error_get_errno (err);
          if (errno == ENOENT || errno == ENODEV)
            {
              crun_error_release (err);
              *container_status = "stopped";
              return 0;
            }

          return ret;
        }
    }

  if (! *running)
    *container_status = "stopped";
  else if (has_fifo)
    *container_status = "created";
  else if (paused)
    *container_status = "paused";
  else
    *container_status = "running";

  return 0;
}

int
libcrun_container_state (libcrun_context_t *context, const char *id, FILE *out, libcrun_error_t *err)
{
  const char *const OCI_CONFIG_VERSION = "1.0.0";
  libcrun_container_status_t status = {};
  const char *state_root = context->state_root;
  const char *container_status = NULL;
  yajl_gen gen = NULL;
  const unsigned char *buf;
  int ret = 0;
  int running;
  size_t len;

  ret = libcrun_read_container_status (&status, state_root, id, err);
  if (UNLIKELY (ret < 0))
    return ret;

  ret = libcrun_get_container_state_string (id, &status, state_root, &container_status, &running, err);
  if (UNLIKELY (ret < 0))
    goto exit;

  ret = 0;
  gen = yajl_gen_alloc (NULL);
  if (gen == NULL)
    return crun_make_error (err, 0, "yajl_gen_alloc failed");

  yajl_gen_config (gen, yajl_gen_beautify, 1);
  yajl_gen_config (gen, yajl_gen_validate_utf8, 1);

  yajl_gen_map_open (gen);
  yajl_gen_string (gen, YAJL_STR ("ociVersion"), strlen ("ociVersion"));
  yajl_gen_string (gen, YAJL_STR (OCI_CONFIG_VERSION), strlen (OCI_CONFIG_VERSION));

  yajl_gen_string (gen, YAJL_STR ("id"), strlen ("id"));
  yajl_gen_string (gen, YAJL_STR (id), strlen (id));

  yajl_gen_string (gen, YAJL_STR ("pid"), strlen ("pid"));
  yajl_gen_integer (gen, running ? status.pid : 0);

  yajl_gen_string (gen, YAJL_STR ("status"), strlen ("status"));
  yajl_gen_string (gen, YAJL_STR (container_status), strlen (container_status));

  yajl_gen_string (gen, YAJL_STR ("bundle"), strlen ("bundle"));
  yajl_gen_string (gen, YAJL_STR (status.bundle), strlen (status.bundle));

  yajl_gen_string (gen, YAJL_STR ("rootfs"), strlen ("rootfs"));
  yajl_gen_string (gen, YAJL_STR (status.rootfs), strlen (status.rootfs));

  yajl_gen_string (gen, YAJL_STR ("created"), strlen ("created"));
  yajl_gen_string (gen, YAJL_STR (status.created), strlen (status.created));

  if (status.scope)
    {
      yajl_gen_string (gen, YAJL_STR ("systemd-scope"), strlen ("systemd-scope"));
      yajl_gen_string (gen, YAJL_STR (status.scope), strlen (status.scope));
    }

  if (status.owner)
    {
      yajl_gen_string (gen, YAJL_STR ("owner"), strlen ("owner"));
      yajl_gen_string (gen, YAJL_STR (status.owner), strlen (status.owner));
    }

  {
    size_t i;
    cleanup_free char *config_file = NULL;
    cleanup_container libcrun_container_t *container = NULL;
    cleanup_free char *dir = NULL;

    ret = libcrun_get_state_directory (&dir, state_root, id, err);
    if (UNLIKELY (ret < 0))
      goto exit;

    ret = append_paths (&config_file, err, dir, "config.json", NULL);
    if (UNLIKELY (ret < 0))
      goto exit;

    container = libcrun_container_load_from_file (config_file, err);
    if (UNLIKELY (container == NULL))
      {
        ret = -1;
        goto exit;
      }

    if (container->container_def->annotations && container->container_def->annotations->len)
      {
        yajl_gen_string (gen, YAJL_STR ("annotations"), strlen ("annotations"));
        yajl_gen_map_open (gen);
        for (i = 0; i < container->container_def->annotations->len; i++)
          {
            const char *key = container->container_def->annotations->keys[i];
            const char *val = container->container_def->annotations->values[i];
            yajl_gen_string (gen, YAJL_STR (key), strlen (key));
            yajl_gen_string (gen, YAJL_STR (val), strlen (val));
          }
        yajl_gen_map_close (gen);
      }
  }

  yajl_gen_map_close (gen);

  if (yajl_gen_get_buf (gen, &buf, &len) != yajl_gen_status_ok)
    {
      ret = crun_make_error (err, 0, "error generating JSON");
      goto exit;
    }

  fprintf (out, "%s\n", buf);

exit:
  if (gen)
    yajl_gen_free (gen);
  libcrun_free_container_status (&status);
  return ret;
}

int
libcrun_container_exec (libcrun_context_t *context, const char *id, runtime_spec_schema_config_schema_process *process,
                        libcrun_error_t *err)
{
  struct libcrun_container_exec_options_s opts;
  memset (&opts, 0, sizeof (opts));

  opts.struct_size = sizeof (opts);
  opts.process = process;

  return libcrun_container_exec_with_options (context, id, &opts, err);
}

int
libcrun_container_exec_process_file (libcrun_context_t *context, const char *id, const char *path, libcrun_error_t *err)
{
  struct libcrun_container_exec_options_s opts;
  memset (&opts, 0, sizeof (opts));

  opts.struct_size = sizeof (opts);
  opts.path = path;

  return libcrun_container_exec_with_options (context, id, &opts, err);
}

#define cleanup_process_schema __attribute__ ((cleanup (cleanup_process_schemap)))

static inline void
cleanup_process_schemap (runtime_spec_schema_config_schema_process **p)
{
  runtime_spec_schema_config_schema_process *process = *p;
  if (process)
    (void) free_runtime_spec_schema_config_schema_process (process);
}

static int
exec_process_entrypoint (libcrun_context_t *context,
                         libcrun_container_t *container,
                         runtime_spec_schema_config_schema_process *process,
                         int *pipefd1,
                         int seccomp_fd,
                         int seccomp_receiver_fd,
                         struct custom_handler_instance_s *custom_handler,
                         libcrun_error_t *err)
{
  runtime_spec_schema_config_schema_process_capabilities *capabilities = NULL;
  cleanup_free char *exec_path = NULL;
  uid_t container_uid;
  gid_t container_gid;
  const char *cwd;
  bool chdir_done = false;
  size_t seccomp_flags_len = 0;
  char **seccomp_flags = NULL;
  pid_t own_pid = 0;
  size_t i;
  int ret;

  container_uid = process->user ? process->user->uid : 0;
  container_gid = process->user ? process->user->gid : 0;

  TEMP_FAILURE_RETRY (read (*pipefd1, &own_pid, sizeof (own_pid)));

  cwd = process->cwd ? process->cwd : "/";
  if (LIKELY (libcrun_safe_chdir (cwd, err) == 0))
    chdir_done = true;
  else
    crun_error_release (err);

  ret = unblock_signals (err);
  if (UNLIKELY (ret < 0))
    return ret;

  ret = clearenv ();
  if (UNLIKELY (ret < 0))
    return crun_make_error (err, errno, "clearenv");

  if (process->env_len)
    {
      for (i = 0; i < process->env_len; i++)
        if (putenv (process->env[i]) < 0)
          return crun_make_error (err, errno, "putenv `%s`", process->env[i]);
    }
  else if (container->container_def->process->env_len)
    {
      char *e;

      for (i = 0; i < container->container_def->process->env_len; i++)
        {
          e = container->container_def->process->env[i];
          if (putenv (e) < 0)
            return crun_make_error (err, errno, "putenv `%s`", e);
        }
    }

  if (getenv ("HOME") == NULL)
    {
      ret = set_home_env (container_uid);
      if (UNLIKELY (ret < 0 && errno != ENOTSUP))
        {
          setenv ("HOME", "/", 1);
          libcrun_warning ("cannot detect HOME environment variable, setting default");
        }
    }

  ret = libcrun_set_selinux_label (container, process, false, err);
  if (UNLIKELY (ret < 0))
    return ret;

  ret = libcrun_set_apparmor_profile (container, process, false, err);
  if (UNLIKELY (ret < 0))
    return ret;

  if (container->container_def->linux && container->container_def->linux->seccomp)
    {
      seccomp_flags = container->container_def->linux->seccomp->flags;
      seccomp_flags_len = container->container_def->linux->seccomp->flags_len;
    }

  ret = find_executable (&exec_path, process->args[0], process->cwd, err);
  if (UNLIKELY (ret < 0))
    {
      if (crun_error_get_errno (err) == ENOENT)
        return ret;

      /* If it fails for any other reason, ignore the failure.  We'll try again the lookup
         once the process switched to the use that runs in the container.  This might be necessary
         when opening a file that is on a network file system like NFS, where CAP_DAC_OVERRIDE
         is not honored.  */
      crun_error_release (err);
    }

  if (container->container_def->linux && container->container_def->linux->personality)
    {
      ret = libcrun_set_personality (container->container_def->linux->personality, err);
      if (UNLIKELY (ret < 0))
        return ret;
    }

  ret = mark_or_close_fds_ge_than (container, context->preserve_fds + 3, false, err);
  if (UNLIKELY (ret < 0))
    return ret;

  if (! process->no_new_privileges)
    {
      cleanup_free char *seccomp_fd_payload = NULL;
      size_t seccomp_fd_payload_len = 0;

      if (seccomp_receiver_fd >= 0)
        {
          ret = get_seccomp_receiver_fd_payload (container, "running", own_pid, &seccomp_fd_payload, &seccomp_fd_payload_len, err);
          if (UNLIKELY (ret < 0))
            return ret;
        }

      ret = libcrun_apply_seccomp (seccomp_fd, seccomp_receiver_fd, seccomp_fd_payload,
                                   seccomp_fd_payload_len, seccomp_flags, seccomp_flags_len, err);
      if (UNLIKELY (ret < 0))
        return ret;

      close_and_reset (&seccomp_fd);
      close_and_reset (&seccomp_receiver_fd);
    }

  ret = libcrun_container_setgroups (container, process, err);
  if (UNLIKELY (ret < 0))
    return ret;

  ret = maybe_chown_std_streams (container_uid, container_gid, err);
  if (UNLIKELY (ret < 0))
    return ret;

  if (process->capabilities)
    capabilities = process->capabilities;
  else if (container->container_def->process)
    capabilities = container->container_def->process->capabilities;

  ret = libcrun_set_caps (capabilities, container_uid, container_gid, process->no_new_privileges, err);
  if (UNLIKELY (ret < 0))
    return ret;

  if (UNLIKELY (exec_path == NULL))
    {
      ret = find_executable (&exec_path, process->args[0], process->cwd, err);
      if (UNLIKELY (ret < 0))
        {
          if (custom_handler == NULL || is_empty_string (process->args[0]))
            return ret;

          /* If a custom handler is used, pass argv0 as specified.  e.g. with wasm the file could miss the +x bit.  */
          crun_error_release (err);
          exec_path = xstrdup (process->args[0]);
        }
    }

  if (! chdir_done)
    {
      ret = libcrun_safe_chdir (cwd, err);
      if (UNLIKELY (ret < 0))
        return ret;
    }

  if (process->no_new_privileges)
    {
      cleanup_free char *seccomp_fd_payload = NULL;
      size_t seccomp_fd_payload_len = 0;

      if (seccomp_receiver_fd >= 0)
        {
          ret = get_seccomp_receiver_fd_payload (container, "running", own_pid, &seccomp_fd_payload, &seccomp_fd_payload_len, err);
          if (UNLIKELY (ret < 0))
            return ret;
        }
      ret = libcrun_apply_seccomp (seccomp_fd, seccomp_receiver_fd, seccomp_fd_payload,
                                   seccomp_fd_payload_len, seccomp_flags, seccomp_flags_len, err);
      if (UNLIKELY (ret < 0))
        return ret;

      close_and_reset (&seccomp_fd);
      close_and_reset (&seccomp_receiver_fd);
    }

  if (process->user)
    umask (process->user->umask_present ? process->user->umask : 0022);

  ret = 0;
  TEMP_FAILURE_RETRY (write (*pipefd1, &ret, sizeof (ret)));
  TEMP_FAILURE_RETRY (close (*pipefd1));
  *pipefd1 = -1;

  if (custom_handler)
    {
      if (custom_handler->vtable->exec_func == NULL)
        return crun_make_error (err, 0, "the handler does not support exec");

      ret = custom_handler->vtable->exec_func (custom_handler->cookie,
                                               container,
                                               exec_path,
                                               process->args);
      if (UNLIKELY (ret < 0))
        return crun_make_error (err, -ret, "exec container process failed with handler as `%s`", custom_handler->vtable->name);

      _safe_exit (EXIT_FAILURE);
    }

  /* Attempt to close all the files that are not needed to prevent execv to have access to them.
     This is a best effort operation, because the seccomp filter is already in place and it could
     stop some syscalls used by mark_or_close_fds_ge_than.
  */
  ret = mark_or_close_fds_ge_than (container, context->preserve_fds + 3, true, err);
  if (UNLIKELY (ret < 0))
    crun_error_release (err);

  TEMP_FAILURE_RETRY (execv (exec_path, process->args));
  libcrun_fail_with_error (errno, "exec");
}

int
libcrun_container_exec_with_options (libcrun_context_t *context, const char *id,
                                     struct libcrun_container_exec_options_s *opts,
                                     libcrun_error_t *err)
{
  cleanup_custom_handler_instance struct custom_handler_instance_s *custom_handler = NULL;
  int container_status, ret;
  bool container_paused = false;
  pid_t pid;
  libcrun_container_status_t status = {};
  const char *state_root = context->state_root;
  cleanup_close int terminal_fd = -1;
  cleanup_close int seccomp_fd = -1;
  cleanup_terminal void *orig_terminal = NULL;
  cleanup_free char *config_file = NULL;
  cleanup_container libcrun_container_t *container = NULL;
  cleanup_free char *dir = NULL;
  int container_ret_status[2];
  cleanup_close int pipefd0 = -1;
  cleanup_close int pipefd1 = -1;
  cleanup_close int seccomp_receiver_fd = -1;
  cleanup_close int own_seccomp_receiver_fd = -1;
  cleanup_close int seccomp_notify_fd = -1;
  const char *seccomp_notify_plugins = NULL;
  __attribute__ ((unused)) cleanup_process_schema runtime_spec_schema_config_schema_process *process_cleanup = NULL;
  runtime_spec_schema_config_schema_process *process = opts->process;
  struct libcrun_seccomp_gen_ctx_s seccomp_gen_ctx;
  int ret_from_child = 0;

  ret = libcrun_read_container_status (&status, state_root, id, err);
  if (UNLIKELY (ret < 0))
    return ret;

  ret = libcrun_is_container_running (&status, err);
  if (UNLIKELY (ret < 0))
    return ret;
  container_status = ret;

  ret = libcrun_get_state_directory (&dir, state_root, id, err);
  if (UNLIKELY (ret < 0))
    return ret;

  ret = append_paths (&config_file, err, dir, "config.json", NULL);
  if (UNLIKELY (ret < 0))
    return ret;

  container = libcrun_container_load_from_file (config_file, err);
  if (UNLIKELY (container == NULL))
    return -1;

  container->context = context;

  if (container_status == 0)
    return crun_make_error (err, 0, "the container `%s` is not running", id);

  {
    cleanup_cgroup_status struct libcrun_cgroup_status *cgroup_status = NULL;

    cgroup_status = libcrun_cgroup_make_status (&status);

    ret = libcrun_cgroup_is_container_paused (cgroup_status, &container_paused, err);
    if (UNLIKELY (ret < 0))
      return ret;
  }

  if (UNLIKELY (container_paused))
    return crun_make_error (err, 0, "the container `%s` is paused", id);

  ret = libcrun_configure_handler (context->handler_manager,
                                   context,
                                   container,
                                   &custom_handler,
                                   err);
  if (UNLIKELY (ret < 0))
    return ret;

  ret = block_signals (err);
  if (UNLIKELY (ret < 0))
    return ret;

  libcrun_seccomp_gen_ctx_init (&seccomp_gen_ctx, container, false, 0);

  ret = libcrun_open_seccomp_bpf (&seccomp_gen_ctx, &seccomp_fd, err);
  if (UNLIKELY (ret < 0))
    return ret;

  if (seccomp_fd >= 0)
    {
      ret = get_seccomp_receiver_fd (container, &seccomp_receiver_fd,
                                     &own_seccomp_receiver_fd,
                                     &seccomp_notify_plugins, err);
      if (UNLIKELY (ret < 0))
        return ret;
    }

  if (sizeof (*opts) != opts->struct_size)
    return crun_make_error (err, EINVAL, "invalid libcrun_container_exec_options_s struct");

  if (opts->path)
    {
      struct parser_context ctx = { 0, stderr };
      cleanup_free char *content = NULL;
      parser_error parser_err = NULL;
      yajl_val tree = NULL;
      size_t len;

      if (process)
        return crun_make_error (err, EINVAL, "cannot specify both exec file and options");

      ret = read_all_file (opts->path, &content, &len, err);
      if (UNLIKELY (ret < 0))
        return ret;

      ret = parse_json_file (&tree, content, &ctx, err);
      if (UNLIKELY (ret < 0))
        return ret;

      process = make_runtime_spec_schema_config_schema_process (tree, &ctx, &parser_err);
      if (UNLIKELY (process == NULL))
        {
          ret = crun_make_error (err, errno, "cannot parse process file: `%s`", parser_err);
          free (parser_err);
          if (tree)
            yajl_tree_free (tree);
          return ret;
        }

      free (parser_err);
      if (tree)
        yajl_tree_free (tree);

      process_cleanup = process;
    }

  /* This must be done before we enter a user namespace.  */
  ret = libcrun_set_rlimits (process->rlimits, process->rlimits_len, err);
  if (UNLIKELY (ret < 0))
    return ret;

  ret = pipe2 (container_ret_status, O_CLOEXEC);
  if (UNLIKELY (ret < 0))
    return crun_make_error (err, errno, "pipe");
  pipefd0 = container_ret_status[0];
  pipefd1 = container_ret_status[1];

  /* If the new process block doesn't specify a SELinux label, AppArmor profile or user, then
     use the configuration from the original config file.  */
  if (container->container_def->process)
    {
      if (process->selinux_label == NULL && container->container_def->process->selinux_label)
        process->selinux_label = xstrdup (container->container_def->process->selinux_label);

      if (process->apparmor_profile == NULL && container->container_def->process->apparmor_profile)
        process->apparmor_profile = xstrdup (container->container_def->process->apparmor_profile);

      if (process->user == NULL && container->container_def->process->user)
        {
          process->user = clone_runtime_spec_schema_config_schema_process_user (container->container_def->process->user);
          if (process->user == NULL)
            OOM ();
        }
    }

  ret = initialize_security (container, process, err);
  if (UNLIKELY (ret < 0))
    return ret;

  ret = prctl (PR_SET_DUMPABLE, 0, 0, 0, 0);
  if (UNLIKELY (ret < 0))
    return crun_make_error (err, errno, "prctl unset dumpable");

  pid = libcrun_join_process (context, container, status.pid, &status, opts->cgroup, context->detach,
                              process, process->terminal ? &terminal_fd : NULL, err);
  if (UNLIKELY (pid < 0))
    return pid;

  /* Process to exec.  */
  if (pid == 0)
    {
      TEMP_FAILURE_RETRY (close (pipefd0));
      pipefd0 = -1;

      exec_process_entrypoint (context, container, process, &pipefd1, seccomp_fd, seccomp_receiver_fd, custom_handler, err);
      /* It gets here only on errors.  */
      if (*err)
        {
          if (pipefd1 < 0)
            libcrun_fail_with_error ((*err)->status, "%s", (*err)->msg);
          else
            {
              const char *msg = (*err)->msg;
              ret = crun_error_get_errno (err);
              TEMP_FAILURE_RETRY (write (pipefd1, &ret, sizeof (ret)));
              TEMP_FAILURE_RETRY (write (pipefd1, msg, strlen (msg) + 1));
              TEMP_FAILURE_RETRY (close (pipefd1));
              pipefd1 = -1;
            }
        }
      _safe_exit (EXIT_FAILURE);
    }

  TEMP_FAILURE_RETRY (close (pipefd1));
  pipefd1 = -1;

  TEMP_FAILURE_RETRY (write (pipefd0, &pid, sizeof (pid)));

  if (seccomp_fd >= 0)
    close_and_reset (&seccomp_fd);

  if (terminal_fd >= 0)
    {
      unsigned short rows = 0, cols = 0;

      if (process->console_size)
        {
          cols = process->console_size->width;
          rows = process->console_size->height;
        }

      ret = libcrun_terminal_setup_size (terminal_fd, rows, cols, err);
      if (UNLIKELY (ret < 0))
        return ret;

      if (context->console_socket)
        {
          int ret;
          cleanup_close int console_socket_fd = open_unix_domain_client_socket (context->console_socket, 0, err);
          if (UNLIKELY (console_socket_fd < 0))
            return console_socket_fd;
          ret = send_fd_to_socket (console_socket_fd, terminal_fd, err);
          if (UNLIKELY (ret < 0))
            return ret;
          close_and_reset (&terminal_fd);
        }
      else
        {
          ret = libcrun_set_raw (0, &orig_terminal, err);
          if (UNLIKELY (ret < 0))
            {
              flush_fd_to_err (context, terminal_fd);
              return ret;
            }
        }
    }

  ret = TEMP_FAILURE_RETRY (read (pipefd0, &ret_from_child, sizeof (ret_from_child)));
  if (ret != sizeof (ret_from_child))
    ret = crun_make_error (err, 0, "read pipe failed");
  else if (ret_from_child != 0)
    {
      cleanup_free char *msg = NULL;
      size_t len = 0;

      ret = read_all_fd (pipefd0, "error stream", &msg, &len, err);
      if (UNLIKELY (ret < 0))
        return ret;
      /* the string from read_all_fd is always NUL terminated.  */
      ret = crun_make_error (err, ret_from_child, "%s", msg);
    }
  else
    {
      /* Let's receive the seccomp notify fd and handle it as part of wait_for_process().  */
      if (own_seccomp_receiver_fd >= 0)
        {
          seccomp_notify_fd = receive_fd_from_socket (own_seccomp_receiver_fd, err);
          if (UNLIKELY (seccomp_notify_fd < 0))
            return seccomp_notify_fd;

          ret = close_and_reset (&own_seccomp_receiver_fd);
          if (UNLIKELY (ret < 0))
            return crun_make_error (err, errno, "close seccomp receiver fd failed");
        }

      {
        struct wait_for_process_args args = {
          .pid = pid,
          .context = context,
          .terminal_fd = terminal_fd,
          .notify_socket = -1,
          .container_ready_fd = NULL,
          .seccomp_notify_fd = seccomp_notify_fd,
          .seccomp_notify_plugins = seccomp_notify_plugins,
        };

        ret = wait_for_process (&args, err);
      }
    }

  flush_fd_to_err (context, terminal_fd);
  return ret;
}

int
libcrun_container_update (libcrun_context_t *context, const char *id, const char *content, size_t len arg_unused,
                          libcrun_error_t *err)
{
  cleanup_custom_handler_instance struct custom_handler_instance_s *custom_handler = NULL;
  runtime_spec_schema_config_linux_resources *resources = NULL;
  cleanup_container libcrun_container_t *container = NULL;
  const char *state_root = context->state_root;
  struct parser_context ctx = { 0, stderr };
  libcrun_container_status_t status = {};
  parser_error parser_err = NULL;
  yajl_val tree = NULL;
  int ret;

  ret = libcrun_read_container_status (&status, state_root, id, err);
  if (UNLIKELY (ret < 0))
    return ret;

  ret = read_container_config_from_state (&container, state_root, id, err);
  if (UNLIKELY (ret < 0))
    return ret;

  ret = libcrun_configure_handler (context->handler_manager,
                                   context,
                                   container,
                                   &custom_handler,
                                   err);
  if (UNLIKELY (ret < 0))
    return ret;

  ret = parse_json_file (&tree, content, &ctx, err);
  if (UNLIKELY (ret < 0))
    return ret;

  resources = make_runtime_spec_schema_config_linux_resources (tree, &ctx, &parser_err);
  if (UNLIKELY (resources == NULL))
    {
      ret = crun_make_error (err, errno, "cannot parse resources: %s", parser_err);
      goto cleanup;
    }

  if (custom_handler && custom_handler->vtable->modify_oci_configuration)
    {
      /* Adapt RESOURCES to be used from the modify_oci_configuration hook.  */
      cleanup_free runtime_spec_schema_config_linux *linux = xmalloc0 (sizeof (*linux));
      cleanup_free runtime_spec_schema_config_schema *def = xmalloc0 (sizeof (*def));

      def->linux = linux;
      linux->resources = resources;

      ret = custom_handler->vtable->modify_oci_configuration (custom_handler->cookie,
                                                              context,
                                                              def,
                                                              err);
      if (UNLIKELY (ret < 0))
        return ret;
    }

  ret = libcrun_linux_container_update (&status, state_root, resources, err);

cleanup:
  if (tree)
    yajl_tree_free (tree);
  free (parser_err);
  if (resources)
    free_runtime_spec_schema_config_linux_resources (resources);

  return ret;
}

int
libcrun_container_update_from_file (libcrun_context_t *context, const char *id, const char *file, libcrun_error_t *err)
{
  cleanup_free char *content = NULL;
  size_t len;
  int ret;

  ret = read_all_file (file, &content, &len, err);
  if (UNLIKELY (ret < 0))
    return ret;

  return libcrun_container_update (context, id, content, len, err);
}

static int
compare_update_values (const void *a, const void *b)
{
  const struct libcrun_update_value_s *aa = a;
  const struct libcrun_update_value_s *bb = b;
  int ret;

  ret = strcmp (aa->section, bb->section);
  if (ret)
    return ret;
  return strcmp (aa->name, bb->name);
}

int
libcrun_container_update_from_values (libcrun_context_t *context, const char *id,
                                      struct libcrun_update_value_s *values, size_t len,
                                      libcrun_error_t *err)
{
  const char *current_section = NULL;
  const unsigned char *buf;
  yajl_gen gen = NULL;
  size_t i, buf_len;
  int ret;

  gen = yajl_gen_alloc (NULL);
  if (gen == NULL)
    return crun_make_error (err, errno, "yajl_gen_create failed");
  yajl_gen_map_open (gen);

  qsort (values, len, sizeof (struct libcrun_update_value_s), compare_update_values);

  for (i = 0; i < len; i++)
    {
      if (current_section == NULL || strcmp (values[i].section, current_section))
        {
          if (i > 0)
            yajl_gen_map_close (gen);

          current_section = values[i].section;
          yajl_gen_string (gen, YAJL_STR (current_section), strlen (current_section));
          yajl_gen_map_open (gen);
        }

      yajl_gen_string (gen, (const unsigned char *) values[i].name, strlen (values[i].name));

      if (values[i].numeric)
        yajl_gen_number (gen, (const char *) values[i].value, strlen (values[i].value));
      else
        yajl_gen_string (gen, (const unsigned char *) values[i].value, strlen (values[i].value));
    }
  if (len)
    yajl_gen_map_close (gen);

  yajl_gen_map_close (gen);

  yajl_gen_get_buf (gen, &buf, &buf_len);

  ret = libcrun_container_update (context, id, (const char *) buf, buf_len, err);

  yajl_gen_free (gen);

  return ret;
}

static void
populate_array_field (char ***field, char *array[], size_t num_elements)
{
  size_t i;

  *field = xmalloc0 ((num_elements + 1) * sizeof (char *));
  for (i = 0; i < num_elements; i++)
    (*field)[i] = xstrdup (array[i]);

  (*field)[i] = NULL;
}

#ifdef HAVE_CAP
static void
populate_capabilities (struct features_info_s *info, char ***capabilities, size_t *num_capabilities)
{
  size_t index = 0;
  cap_value_t i;
  char *endptr;
  int j;

  *num_capabilities = 0;
  for (i = 0;; i++)
    {
      char *v = cap_to_name (i);
      if (v == NULL)
        break;
      strtol (v, &endptr, 10);
      if (endptr != v)
        {
          // Non-numeric or non-zero value encountered, break the loop
          break;
        }
      (*num_capabilities)++;
    }

  *capabilities = xmalloc0 ((*num_capabilities + 1) * sizeof (const char *));
  for (i = 0; i < (cap_value_t) *num_capabilities; i++)
    {
      char *v = cap_to_name (i);
      if (v == NULL)
        break;
      strtol (v, &endptr, 10);
      if (endptr != v)
        {
          // Non-numeric or non-zero value encountered, break the loop
          break;
        }

      // Convert capability name to uppercase
      for (j = 0; v[j] != '\0'; j++)
        v[j] = toupper (v[j]);

      (*capabilities)[index] = v;
      index++;
    }

  (*capabilities)[index] = NULL; // Terminate the array with NULL
  populate_array_field (&(info->linux.capabilities), *capabilities, *num_capabilities);
}
#endif

static void
retrieve_mount_options (struct features_info_s **info)
{
  cleanup_free const struct propagation_flags_s *mount_options_list = NULL;
  size_t num_mount_options = 0;

  // Retrieve mount options from wordlist
  mount_options_list = get_mount_flags_from_wordlist ();

  // Calculate the number of mount options
  while (mount_options_list[num_mount_options].name != NULL)
    num_mount_options++;

  // Allocate memory for mount options in info struct
  (*info)->mount_options = xmalloc0 ((num_mount_options + 1) * sizeof (char *));

  // Copy mount options to info struct
  for (size_t i = 0; i < num_mount_options; i++)
    (*info)->mount_options[i] = xstrdup (mount_options_list[i].name);
}

int
libcrun_container_get_features (libcrun_context_t *context, struct features_info_s **info, libcrun_error_t *err arg_unused)
{
  // Allocate memory for the features_info_s structure
  size_t num_namspaces = sizeof (namespaces) / sizeof (namespaces[0]);
  size_t num_operators = sizeof (operators) / sizeof (operators[0]);
  size_t num_actions = sizeof (actions) / sizeof (actions[0]);
  size_t num_hooks = sizeof (hooks) / sizeof (hooks[0]);
  size_t num_archs = sizeof (archs) / sizeof (archs[0]);
  size_t num_unsafe_annotations = sizeof (potentially_unsafe_annotations) / sizeof (potentially_unsafe_annotations[0]);
  cleanup_free char **capabilities = NULL;
  size_t num_capabilities = 0;
  size_t num_mempolicy_modes = sizeof (mempolicy_modes) / sizeof (mempolicy_modes[0]);
  size_t num_mempolicy_flags = sizeof (mempolicy_flags) / sizeof (mempolicy_flags[0]);

  *info = xmalloc0 (sizeof (struct features_info_s));

  // Hardcoded feature information
  (*info)->oci_version_min = xstrdup ("1.0.0");
  (*info)->oci_version_max = xstrdup ("1.1.0+dev");

  // Populate hooks
  populate_array_field (&((*info)->hooks), hooks, num_hooks);

  // Populate mount_options
  retrieve_mount_options (info);

  // Populate namespaces
  populate_array_field (&((*info)->linux.namespaces), namespaces, num_namspaces);

#ifdef HAVE_CAP
  // Populate capabilities
  populate_capabilities (*info, &capabilities, &num_capabilities);
#endif

  // Hardcode the values for cgroup
  (*info)->linux.cgroup.v1 = true;
  (*info)->linux.cgroup.v2 = true;
#ifdef HAVE_SYSTEMD
  (*info)->linux.cgroup.systemd = true;
  (*info)->linux.cgroup.systemd_user = true;
#endif

  // Put seccomp values
#ifdef HAVE_SECCOMP
  (*info)->linux.seccomp.enabled = true;
  // Populate actions
  populate_array_field (&((*info)->linux.seccomp.actions), actions, num_actions);
  // Populate operators
  populate_array_field (&((*info)->linux.seccomp.operators), operators, num_operators);
  // Populate archs
  populate_array_field (&((*info)->linux.seccomp.archs), archs, num_archs);
#else
  (*info)->linux.seccomp.enabled = false;
#endif

  // Put values for apparmor and selinux
  (*info)->linux.apparmor.enabled = true;
  (*info)->linux.selinux.enabled = true;

  (*info)->linux.intel_rdt.enabled = true;

  (*info)->linux.net_devices.enabled = true;

  populate_array_field (&((*info)->linux.memory_policy.mode), mempolicy_modes, num_mempolicy_modes);
  populate_array_field (&((*info)->linux.memory_policy.flags), mempolicy_flags, num_mempolicy_flags);

  // Put the values for mount extensions
  (*info)->linux.mount_ext.idmap.enabled = true;

  // Populate the values for annotations
#ifdef HAVE_SECCOMP
  {
    const struct scmp_version *version = seccomp_version ();
    char *version_string = NULL;

    xasprintf (&version_string, "%u.%u.%u", version->major, version->minor, version->micro);
    (*info)->annotations.io_github_seccomp_libseccomp_version = version_string;
  }
#endif

  if (context->handler_manager && handler_by_name (context->handler_manager, "wasm"))
    (*info)->annotations.run_oci_crun_wasm = true;

#if HAVE_CRIU
  (*info)->annotations.run_oci_crun_checkpoint_enabled = true;
#endif
  (*info)->annotations.run_oci_crun_commit = GIT_VERSION;
  (*info)->annotations.run_oci_crun_version = PACKAGE_VERSION;

  populate_array_field (&((*info)->potentially_unsafe_annotations), potentially_unsafe_annotations, num_unsafe_annotations);

  return 0;
}

int
libcrun_container_spec (bool root, FILE *out, libcrun_error_t *err)
{
  int cgroup_mode;

  cgroup_mode = libcrun_get_cgroup_mode (err);
  if (UNLIKELY (cgroup_mode < 0))
    return cgroup_mode;

  return fprintf (out, spec_file,
                  root ? spec_pts_tty_group : "\n",
                  root ? "" : spec_user,
                  cgroup_mode == CGROUP_MODE_UNIFIED ? spec_cgroupns : "");
}

int
libcrun_container_pause (libcrun_context_t *context, const char *id, libcrun_error_t *err)
{
  int ret;
  const char *state_root = context->state_root;
  libcrun_container_status_t status = {};

  ret = libcrun_read_container_status (&status, state_root, id, err);
  if (UNLIKELY (ret < 0))
    return ret;

  ret = libcrun_is_container_running (&status, err);
  if (UNLIKELY (ret < 0))
    return ret;
  if (ret == 0)
    return crun_make_error (err, errno, "the container `%s` is not running", id);

  return libcrun_container_pause_linux (&status, err);
}

int
libcrun_container_unpause (libcrun_context_t *context, const char *id, libcrun_error_t *err)
{
  int ret;
  const char *state_root = context->state_root;
  libcrun_container_status_t status = {};

  ret = libcrun_read_container_status (&status, state_root, id, err);
  if (UNLIKELY (ret < 0))
    return ret;

  ret = libcrun_is_container_running (&status, err);
  if (UNLIKELY (ret < 0))
    return ret;
  if (ret == 0)
    return crun_make_error (err, errno, "the container `%s` is not running", id);

  return libcrun_container_unpause_linux (&status, err);
}

int
libcrun_container_checkpoint (libcrun_context_t *context, const char *id, libcrun_checkpoint_restore_t *cr_options,
                              libcrun_error_t *err)
{
  int ret;
  const char *state_root = context->state_root;
  libcrun_container_status_t status = {};
  cleanup_container libcrun_container_t *container = NULL;

  ret = libcrun_read_container_status (&status, state_root, id, err);
  if (UNLIKELY (ret < 0))
    return ret;

  ret = libcrun_is_container_running (&status, err);
  if (UNLIKELY (ret < 0))
    return ret;
  if (ret == 0)
    return crun_make_error (err, errno, "the container `%s` is not running", id);

  ret = read_container_config_from_state (&container, state_root, id, err);
  if (UNLIKELY (ret < 0))
    return ret;
  ret = libcrun_container_checkpoint_linux (&status, container, cr_options, err);
  if (UNLIKELY (ret < 0))
    return ret;

  if (! (cr_options->leave_running || cr_options->pre_dump))
    return container_delete_internal (context, NULL, id, true, true, err);

  return 0;
}

static int
restore_proxy_process (int *proxy_pid_pipe, int cgroup_manager, libcrun_error_t *err)
{
  cleanup_free char *own_cgroup_copy = NULL;
  cleanup_free char *own_cgroup = NULL;
  const char *parent_cgroup;
  pid_t new_pid;
  int mode;
  int ret;

  ret = TEMP_FAILURE_RETRY (read (*proxy_pid_pipe, &new_pid, sizeof (new_pid)));
  if (UNLIKELY (ret < 0))
    return ret;

  close_and_reset (proxy_pid_pipe);

  if (cgroup_manager == CGROUP_MANAGER_SYSTEMD)
    {
      char ready_str[64];

      ret = snprintf (ready_str, sizeof (ready_str), "MAINPID=%d", new_pid);
      if (UNLIKELY (ret >= (int) sizeof (ready_str)))
        return crun_make_error (err, 0, "internal error: static buffer too small");

      ret = send_sd_notify (ready_str, err);
      /* Do not fail on errors.  */
      if (UNLIKELY (ret < 0))
        crun_error_release (err);
    }

  ret = libcrun_get_cgroup_process (0, &own_cgroup, false, err);
  if (UNLIKELY (ret < 0))
    return ret;

  own_cgroup_copy = xstrdup (own_cgroup);
  parent_cgroup = dirname (own_cgroup_copy);

  ret = libcrun_move_process_to_cgroup (0, 0, parent_cgroup, false, err);
  if (UNLIKELY (ret < 0))
    return ret;

  mode = libcrun_get_cgroup_mode (err);
  if (UNLIKELY (mode < 0))
    return mode;

  ret = destroy_cgroup_path (own_cgroup, mode, err);
  if (UNLIKELY (ret < 0))
    return ret;

  return 0;
}

int
libcrun_container_restore (libcrun_context_t *context, const char *id, libcrun_checkpoint_restore_t *cr_options,
                           libcrun_error_t *err)
{
  cleanup_cgroup_status struct libcrun_cgroup_status *cgroup_status = NULL;
  cleanup_container libcrun_container_t *container = NULL;
  cleanup_close int proxy_pid_pipe0 = -1;
  cleanup_close int proxy_pid_pipe1 = -1;
  runtime_spec_schema_config_schema *def;
  libcrun_container_status_t status = {};
  cleanup_pid pid_t proxy_pid = -1;
  int proxy_pid_pipe[2];
  int cgroup_manager;
  uid_t root_uid = -1;
  gid_t root_gid = -1;
  int ret;

  container = libcrun_container_load_from_file ("config.json", err);
  if (container == NULL)
    return -1;

  container->context = context;
  def = container->container_def;

  ret = check_config_file (def, context, err);
  if (UNLIKELY (ret < 0))
    return ret;

  ret = libcrun_status_check_directories (context->state_root, context->id, err);
  if (UNLIKELY (ret < 0))
    return ret;

  ret = libcrun_copy_config_file (context->id, context->state_root, container, err);
  if (UNLIKELY (ret < 0))
    return ret;

  cgroup_manager = CGROUP_MANAGER_CGROUPFS;
  if (context->systemd_cgroup)
    cgroup_manager = CGROUP_MANAGER_SYSTEMD;
  else if (context->force_no_cgroup)
    cgroup_manager = CGROUP_MANAGER_DISABLED;

  def = container->container_def;

  /* If we are root (either on the host or in a namespace),
   * then chown the cgroup to root in the container user namespace. */
  get_root_in_the_userns (def, container->host_uid, container->host_gid, &root_uid, &root_gid);

  /* If the root in the container is different than the current root user, attempt to chown
     the std streams before entering the user namespace.  Otherwise we might lose access
     to the user (as it is not mapped in the user namespace) and cannot chown them.  */
  if (root_uid > 0 || root_gid > 0)
    {
      ret = maybe_chown_std_streams (root_uid, root_gid, err);
      if (UNLIKELY (ret < 0))
        return ret;
    }

  {
    cleanup_close int cgroup_dirfd = -1;
    bool needs_proxy_process;
    struct libcrun_cgroup_args cg = {
      .resources = def->linux ? def->linux->resources : NULL,
      .annotations = container->annotations,
      .cgroup_path = def->linux ? def->linux->cgroups_path : "",
      .manager = cgroup_manager,
      .root_uid = root_uid,
      .root_gid = root_gid,
      .id = context->id,
      .state_root = context->state_root,
      .container = container,
    };

    /* The CRIU restore code uses bundle, rootfs and cgroup_path of status.   The cgroup_path is set later.  */
    status.bundle = (char *) context->bundle;
    status.rootfs = def->root->path;

    ret = libcrun_cgroup_preenter (&cg, &cgroup_dirfd, err);
    if (UNLIKELY (ret < 0))
      return ret;

    needs_proxy_process = cgroup_dirfd < 0;

    /* If the target cgroup was already created (with cgroupfs), we can restore the container directly there.  */
    if (! needs_proxy_process)
      {
        cleanup_free char *cgroup_path = NULL;

        ret = get_cgroup_dirfd_path (cgroup_dirfd, &cgroup_path, err);
        if (UNLIKELY (ret < 0))
          return ret;

        /* Restore the container directly in the desired cgroup.  */
        status.cgroup_path = cgroup_path;

        ret = libcrun_container_restore_linux (&status, container, cr_options, err);
        if (UNLIKELY (ret < 0))
          return ret;

        /* Use the container first process PID to setup the cgroup.  */
        cg.pid = status.pid;
      }
    else
      {
        /* When using systemd, we need a process first that must exist before a cgroup is created.
           Create a dummy process that sits and waits to receive the pid of the restored container.
           Once the dummy process receives the pid, the dummy process will notify the new pid to systemd.  */
        ret = pipe2 (proxy_pid_pipe, O_CLOEXEC);
        if (UNLIKELY (ret < 0))
          return crun_make_error (err, errno, "pipe");

        /* Only used for auto cleanup.  */
        proxy_pid_pipe0 = proxy_pid_pipe[0];
        proxy_pid_pipe1 = proxy_pid_pipe[1];

        proxy_pid = fork ();
        if (UNLIKELY (proxy_pid < 0))
          return crun_make_error (err, errno, "fork");

        if (proxy_pid == 0)
          {
            close_and_reset (&proxy_pid_pipe1);

            ret = restore_proxy_process (&proxy_pid_pipe0, cgroup_manager, err);
            if (UNLIKELY (ret < 0))
              {
                crun_error_release (err);
                _safe_exit (EXIT_FAILURE);
              }
            _safe_exit (EXIT_SUCCESS);
          }

        close_and_reset (&proxy_pid_pipe0);

        /* Use the dummy process PID as the PID to setup the cgroup.  */
        cg.pid = proxy_pid;
      }

    /* Complete the configuration for the cgroup.  It either contains the fully restored container with cgroupfs,
       or the dummy process with systemd.  */

    ret = libcrun_cgroup_enter (&cg, &cgroup_status, err);
    if (UNLIKELY (ret < 0))
      return ret;

    ret = libcrun_cgroup_enter_finalize (&cg, cgroup_status, err);
    if (UNLIKELY (ret < 0))
      return ret;

    /* When using a dummy process, the container is restored here once the cgroup is configured.  */
    if (needs_proxy_process)
      {
        cleanup_free char *target_cgroup = NULL;
        cleanup_free char *proxy_cgroup = NULL;

        ret = libcrun_get_cgroup_process (proxy_pid, &target_cgroup, false, err);
        if (UNLIKELY (ret < 0))
          return ret;

        /* Move the dummy process to a sub-cgroup.  */
        ret = append_paths (&proxy_cgroup, err, target_cgroup, ".proxy-crun", NULL);
        if (UNLIKELY (ret < 0))
          return ret;

        ret = libcrun_move_process_to_cgroup (proxy_pid, 0, proxy_cgroup, true, err);
        if (UNLIKELY (ret < 0))
          return ret;

        /* Restore the container in the same cgroup where the dummy process was.  */
        status.cgroup_path = target_cgroup;

        ret = libcrun_container_restore_linux (&status, container, cr_options, err);
        if (UNLIKELY (ret < 0))
          return ret;

        /* Notify the dummy process of the container PID.  It will move itself to its parent cgroup and
           destroy the cgroup.  */
        ret = TEMP_FAILURE_RETRY (write (proxy_pid_pipe1, &status.pid, sizeof (status.pid)));
        if (UNLIKELY (ret < 0))
          return crun_make_error (err, errno, "write pid to proxy process");
        close_and_reset (&proxy_pid_pipe1);

        ret = TEMP_FAILURE_RETRY (waitpid (proxy_pid, NULL, 0));
        if (ret < 0)
          return crun_make_error (err, errno, "waitpid");

        /* Do not kill the proxy process prematurely.  */
        proxy_pid = -1;
      }
  }

  context->detach = cr_options->detach;
  ret = write_container_status (container, context, status.pid, cgroup_status, err);
  if (UNLIKELY (ret < 0))
    return ret;

  if (context->pid_file)
    {
      char buf[32];
      int buf_len = snprintf (buf, sizeof (buf), "%d", status.pid);
      if (UNLIKELY (buf_len >= (int) sizeof (buf)))
        return crun_make_error (err, 0, "internal error: static buffer too small");

      ret = write_file_at_with_flags (AT_FDCWD, O_CREAT | O_TRUNC, 0700, context->pid_file, buf, buf_len, err);
      if (UNLIKELY (ret < 0))
        return ret;
    }

  if (! cr_options->detach)
    {
      int wait_status;
      ret = waitpid_ignore_stopped (status.pid, &wait_status, 0);
      if (UNLIKELY (ret < 0))
        return crun_make_error (err, errno, "waitpid failed for container `%s` with %d", id, ret);

      return get_process_exit_status (wait_status);
    }

  return 0;
}

int
libcrun_container_read_pids (libcrun_context_t *context, const char *id, bool recurse, pid_t **pids, libcrun_error_t *err)
{
  cleanup_cgroup_status struct libcrun_cgroup_status *cgroup_status = NULL;
  cleanup_container_status libcrun_container_status_t status = {};
  int ret;

  ret = libcrun_read_container_status (&status, context->state_root, id, err);
  if (UNLIKELY (ret < 0))
    return ret;

  if (status.cgroup_path == NULL || status.cgroup_path[0] == '\0')
    return crun_make_error (err, 0, "the container is not using cgroups");

  cgroup_status = libcrun_cgroup_make_status (&status);

  return libcrun_cgroup_read_pids (cgroup_status, recurse, pids, err);
}

int
libcrun_write_json_containers_list (libcrun_context_t *context, FILE *out, libcrun_error_t *err)
{
  libcrun_container_list_t *list = NULL, *it;
  const unsigned char *content = NULL;
  yajl_gen gen = NULL;
  size_t len;
  int ret;

  ret = libcrun_get_containers_list (&list, context->state_root, err);
  if (UNLIKELY (ret < 0))
    return ret;

  gen = yajl_gen_alloc (NULL);
  if (gen == NULL)
    {
      ret = crun_make_error (err, 0, "cannot allocate json generator");
      goto exit;
    }

  yajl_gen_config (gen, yajl_gen_beautify, 1);
  yajl_gen_config (gen, yajl_gen_validate_utf8, 1);
  yajl_gen_array_open (gen);

  for (it = list; it; it = it->next)
    {
      libcrun_container_status_t status;
      int running = 0;
      int pid;
      const char *container_status = NULL;

      ret = libcrun_read_container_status (&status, context->state_root, it->name, err);
      if (UNLIKELY (ret < 0))
        goto exit;

      pid = status.pid;

      ret = libcrun_get_container_state_string (it->name, &status, context->state_root, &container_status,
                                                &running, err);
      if (UNLIKELY (ret < 0))
        {
          libcrun_error_write_warning_and_release (stderr, &err);
          continue;
        }

      if (! running)
        pid = 0;

      yajl_gen_map_open (gen);
      yajl_gen_string (gen, YAJL_STR ("id"), strlen ("id"));
      yajl_gen_string (gen, YAJL_STR (it->name), strlen (it->name));
      yajl_gen_string (gen, YAJL_STR ("pid"), strlen ("pid"));
      yajl_gen_integer (gen, pid);
      yajl_gen_string (gen, YAJL_STR ("status"), strlen ("status"));
      yajl_gen_string (gen, YAJL_STR (container_status), strlen (container_status));
      yajl_gen_string (gen, YAJL_STR ("bundle"), strlen ("bundle"));
      yajl_gen_string (gen, YAJL_STR (status.bundle), strlen (status.bundle));
      yajl_gen_string (gen, YAJL_STR ("created"), strlen ("created"));
      yajl_gen_string (gen, YAJL_STR (status.created), strlen (status.created));
      yajl_gen_string (gen, YAJL_STR ("owner"), strlen ("owner"));
      yajl_gen_string (gen, YAJL_STR (status.owner), strlen (status.owner));
      yajl_gen_map_close (gen);

      libcrun_free_container_status (&status);
    }

  yajl_gen_array_close (gen);
  if (yajl_gen_get_buf (gen, &content, &len) != yajl_gen_status_ok)
    {
      ret = libcrun_make_error (err, 0, "cannot generate json list");
      goto exit;
    }

  while (len)
    {
      size_t written = fwrite (content, 1, len, out);
      if (ferror (out))
        {
          ret = libcrun_make_error (err, errno, "error writing to file");
          goto exit;
        }
      len -= written;
      content += written;
    }

  ret = 0;

exit:
  if (list)
    libcrun_free_containers_list (list);
  if (gen)
    yajl_gen_free (gen);

  return ret;
}

int
libcrun_container_update_intel_rdt (libcrun_context_t *context, const char *id, struct libcrun_intel_rdt_update *update, libcrun_error_t *err)
{
  cleanup_container libcrun_container_t *container = NULL;
  cleanup_free char *config_file = NULL;
  cleanup_free char *dir = NULL;
  int ret;

  ret = libcrun_get_state_directory (&dir, context->state_root, id, err);
  if (UNLIKELY (ret < 0))
    return ret;

  ret = append_paths (&config_file, err, dir, "config.json", NULL);
  if (UNLIKELY (ret < 0))
    return ret;

  container = libcrun_container_load_from_file (config_file, err);
  if (UNLIKELY (container == NULL))
    return -1;

  return libcrun_update_intel_rdt (id, container, update->l3_cache_schema, update->mem_bw_schema, update->schemata, err);
}

static int
libcrun_container_add_or_remove_mounts_from_file (libcrun_context_t *context, const char *id, const char *file, bool add, libcrun_error_t *err)
{
  cleanup_custom_handler_instance struct custom_handler_instance_s *custom_handler = NULL;
  cleanup_container libcrun_container_t *container = NULL;
  cleanup_free runtime_spec_schema_defs_mount **mounts = NULL;
  const char *state_root = context->state_root;
  cleanup_free parser_error parser_err = NULL;
  struct parser_context pctx = { 0, stderr };
  libcrun_container_status_t status = {};
  cleanup_free char *content = NULL;
  yajl_val tree = NULL;
  size_t n_mounts = 0, len, i;
  yajl_val *values;
  int ret = 1;

  ret = read_all_file (file, &content, &len, err);
  if (UNLIKELY (ret < 0))
    return ret;

  ret = libcrun_read_container_status (&status, state_root, id, err);
  if (UNLIKELY (ret < 0))
    return ret;

  ret = read_container_config_from_state (&container, state_root, id, err);
  if (UNLIKELY (ret < 0))
    return ret;

  ret = parse_json_file (&tree, content, &pctx, err);
  if (UNLIKELY (ret < 0))
    return ret;

  if (! YAJL_IS_ARRAY (tree))
    return crun_make_error (err, 0, "mounts must be an array");
  else
    {
      values = YAJL_GET_ARRAY (tree)->values;
      n_mounts = YAJL_GET_ARRAY (tree)->len;

      mounts = xmalloc0 ((n_mounts + 1) * sizeof (*mounts));
      for (i = 0; i < n_mounts; i++)
        {
          mounts[i] = make_runtime_spec_schema_defs_mount (values[i], &pctx, &parser_err);
          if (mounts[i] == NULL)
            {
              ret = crun_make_error (err, 0, "cannot parse mount: %s", parser_err);
              goto cleanup;
            }
        }
    }

  if (add)
    ret = libcrun_make_runtime_mounts (container, &status, mounts, n_mounts, err);
  else
    ret = libcrun_destroy_runtime_mounts (container, &status, mounts, n_mounts, err);

cleanup:
  if (tree)
    yajl_tree_free (tree);
  if (mounts)
    for (i = 0; i < n_mounts; i++)
      free_runtime_spec_schema_defs_mount (mounts[i]);
  return ret;
}

int
libcrun_container_add_mounts_from_file (libcrun_context_t *context, const char *id, const char *file, libcrun_error_t *err)
{
  return libcrun_container_add_or_remove_mounts_from_file (context, id, file, true, err);
}

int
libcrun_container_remove_mounts_from_file (libcrun_context_t *context, const char *id, const char *file, libcrun_error_t *err)
{
  return libcrun_container_add_or_remove_mounts_from_file (context, id, file, false, err);
}



### src/libcrun/linux.c
/*
 * crun - OCI runtime written in C
 *
 * Copyright (C) 2017, 2018, 2019 Giuseppe Scrivano <giuseppe@scrivano.org>
 * crun is free software; you can redistribute it and/or modify
 * it under the terms of the GNU Lesser General Public License as published by
 * the Free Software Foundation; either version 2.1 of the License, or
 * (at your option) any later version.
 *
 * crun is distributed in the hope that it will be useful,
 * but WITHOUT ANY WARRANTY; without even the implied warranty of
 * MERCHANTABILITY or FITNESS FOR A PARTICULAR PURPOSE.  See the
 * GNU Lesser General Public License for more details.
 *
 * You should have received a copy of the GNU Lesser General Public License
 * along with crun.  If not, see <http://www.gnu.org/licenses/>.
 */

#define _GNU_SOURCE

#include <config.h>
#include "linux.h"
#include "utils.h"
#include "status.h"
#include <string.h>
#include <sched.h>
#include <fcntl.h>
#include <unistd.h>
#include <sys/mount.h>
#ifdef HAVE_FSCONFIG_CMD_CREATE_LINUX_MOUNT_H
#  include <linux/mount.h>
#endif
#if defined HAVE_FSCONFIG_CMD_CREATE_LINUX_MOUNT_H || defined HAVE_FSCONFIG_CMD_CREATE_SYS_MOUNT_H
#  define HAVE_NEW_MOUNT_API
#endif

#include <sys/prctl.h>
#ifdef HAVE_CAP
#  include <sys/capability.h>
#endif
#include <sys/time.h>
#include <sys/resource.h>
#include <sys/sysmacros.h>
#include <sys/types.h>
#include <sys/stat.h>
#include <grp.h>
#include <signal.h>
#include "terminal.h"
#include "cgroup.h"
#include "cgroup-utils.h"
#include "status.h"
#include "criu.h"
#include "scheduler.h"
#include "intelrdt.h"
#include "io_priority.h"
#include "net_device.h"

#include <sys/socket.h>
#include <libgen.h>
#include <sys/wait.h>
#include <sys/vfs.h>
#include <limits.h>
#include <inttypes.h>
#include <sys/personality.h>
#include <net/if.h>
#include <sys/xattr.h>
#include <linux/netlink.h>
#include <linux/rtnetlink.h>
#include <sched.h>
#include <linux/sched.h>
#include <linux/magic.h>

#include <yajl/yajl_tree.h>
#include <yajl/yajl_gen.h>

#include "mount_flags.h"
#include "syscalls.h"

#define YAJL_STR(x) ((const unsigned char *) (x))

#ifndef RLIMIT_RTTIME
#  define RLIMIT_RTTIME 15
#endif

#ifndef OPEN_TREE_CLONE
#  define OPEN_TREE_CLONE 1
#endif

#ifndef OPEN_TREE_CLOEXEC
#  define OPEN_TREE_CLOEXEC O_CLOEXEC
#endif

#ifndef MOVE_MOUNT_F_EMPTY_PATH
#  define MOVE_MOUNT_F_EMPTY_PATH 0x00000004
#endif

#ifndef MOVE_MOUNT_T_EMPTY_PATH
#  define MOVE_MOUNT_T_EMPTY_PATH 0x00000040
#endif

#ifndef FSOPEN_CLOEXEC
#  define FSOPEN_CLOEXEC 0x00000001
#endif

#ifndef FSMOUNT_CLOEXEC
#  define FSMOUNT_CLOEXEC 0x00000001
#endif

#ifndef FSCONFIG_CMD_CREATE
#  define FSCONFIG_CMD_CREATE 6
#endif

#define ALL_PROPAGATIONS_NO_REC (MS_SHARED | MS_PRIVATE | MS_SLAVE | MS_UNBINDABLE)
#define ALL_PROPAGATIONS (MS_REC | ALL_PROPAGATIONS_NO_REC)

struct remount_s
{
  struct remount_s *next;
  char *target;
  int targetfd;
  unsigned long flags;
  char *data;
};

struct private_data_s
{
  struct remount_s *remounts;

  /* Filled by libcrun_run_linux_container().  Useful to query what
     namespaces are available.  */
  int unshare_flags;
  int unshare_cgroupns;

  char *host_notify_socket_path;
  char *container_notify_socket_path;
  char *unified_cgroup_path;

  bool mount_dev_from_host;
  unsigned long rootfs_propagation;
  bool deny_setgroups;

  const char *rootfs;
  int rootfsfd;

  int notify_socket_tree_fd;

  struct libcrun_fd_map *mount_fds;
  struct libcrun_fd_map *dev_fds;

  /* Used to save stdin, stdout, stderr during checkpointing to descriptors.json
   * and needed during restore. */
  char *external_descriptors;

  /* Cached shared empty directory for masked paths optimization */
  int maskdir_fd;
  char *maskdir_proc_path;
  bool maskdir_bind_failed;
  bool maskdir_warned;
};

struct linux_namespace_s
{
  const char *name;
  const char *ns_file;
  int value;
};

static void
cleanup_private_data (void *private_data)
{
  struct private_data_s *p = private_data;

  if (p->rootfsfd >= 0)
    TEMP_FAILURE_RETRY (close (p->rootfsfd));
  if (p->maskdir_fd >= 0)
    TEMP_FAILURE_RETRY (close (p->maskdir_fd));
  if (p->mount_fds)
    cleanup_close_mapp (&(p->mount_fds));
  if (p->dev_fds)
    cleanup_close_mapp (&(p->dev_fds));

  free (p->unified_cgroup_path);
  free (p->host_notify_socket_path);
  free (p->container_notify_socket_path);
  free (p->external_descriptors);
  free (p->maskdir_proc_path);
  free (p);
}

static struct private_data_s *
get_private_data (struct libcrun_container_s *container)
{
  if (container->private_data == NULL)
    {
      struct private_data_s *p = xmalloc0 (sizeof (*p));
      container->private_data = p;
      p->rootfsfd = -1;
      p->notify_socket_tree_fd = -1;
      p->maskdir_fd = -1;
      container->cleanup_private_data = cleanup_private_data;
    }
  return container->private_data;
}

#ifndef CLONE_NEWTIME
#  define CLONE_NEWTIME 0x00000080
#endif
#ifndef CLONE_NEWCGROUP
#  define CLONE_NEWCGROUP 0x02000000
#endif
#ifndef AT_RECURSIVE
#  define AT_RECURSIVE 0x8000
#endif

static struct linux_namespace_s namespaces[] = { { "mount", "mnt", CLONE_NEWNS },
                                                 { "network", "net", CLONE_NEWNET },
                                                 { "ipc", "ipc", CLONE_NEWIPC },
                                                 { "pid", "pid", CLONE_NEWPID },
                                                 { "uts", "uts", CLONE_NEWUTS },
                                                 { "user", "user", CLONE_NEWUSER },
                                                 { "cgroup", "cgroup", CLONE_NEWCGROUP },
                                                 { "time", "time", CLONE_NEWTIME },
                                                 { NULL, NULL, 0 } };

static int
get_and_reset (int *old)
{
  int tmp = *old;
  *old = -1;
  return tmp;
}

int
libcrun_find_namespace (const char *name)
{
  struct linux_namespace_s *it;
  for (it = namespaces; it->name; it++)
    if (strcmp (it->name, name) == 0)
      return it->value;
  return -1;
}

static int
syscall_keyctl_join (const char *name)
{
#define KEYCTL_JOIN_SESSION_KEYRING 0x1
  return (int) syscall (__NR_keyctl, KEYCTL_JOIN_SESSION_KEYRING, name, 0);
}

static int
syscall_pidfd_open (pid_t pid, unsigned int flags)
{
#if defined __NR_pidfd_open
  return (int) syscall (__NR_pidfd_open, pid, flags);
#else
  (void) pid;
  (void) flags;
  errno = ENOSYS;
  return -1;
#endif
}

static int
syscall_pidfd_send_signal (int pidfd, int sig, siginfo_t *info, unsigned int flags)
{
#if defined __NR_pidfd_send_signal
  return (int) syscall (__NR_pidfd_send_signal, pidfd, sig, info, flags);
#else
  (void) pidfd;
  (void) sig;
  (void) info;
  (void) flags;
  errno = ENOSYS;
  return -1;
#endif
}

static int
do_mount_setattr (bool recursive, const char *target, int targetfd, uint64_t clear, uint64_t set, libcrun_error_t *err)
{
  struct mount_attr_s attr = {
    0,
  };
  int ret;

  set &= ~MS_BIND;
  clear &= ~MS_BIND;

  attr.propagation = set & ALL_PROPAGATIONS_NO_REC;
  attr.attr_set = set & (~ALL_PROPAGATIONS);
  attr.attr_clr = clear & (~ALL_PROPAGATIONS);

  ret = syscall_mount_setattr (targetfd, "", (recursive ? AT_RECURSIVE : 0) | AT_EMPTY_PATH, &attr);
  if (UNLIKELY (ret < 0))
    return crun_make_error (err, errno, "mount_setattr `/%s`", target);

  return 0;
}

int
get_bind_mount (int dirfd, const char *src, bool recursive, bool rdonly, bool nofollow, libcrun_error_t *err)
{
  cleanup_close int open_tree_fd = -1;
  struct mount_attr_s attr = {
    0,
  };
  int recursive_flag = (recursive ? AT_RECURSIVE : 0);
  int ret;

  if (rdonly)
    attr.attr_set = MS_RDONLY;

  errno = 0;
  open_tree_fd = syscall_open_tree (dirfd, src,
                                    AT_NO_AUTOMOUNT | OPEN_TREE_CLOEXEC
                                        | OPEN_TREE_CLONE | recursive_flag | (nofollow ? AT_SYMLINK_NOFOLLOW : 0));
  if (UNLIKELY (open_tree_fd < 0))
    return crun_make_error (err, errno, "open_tree `%s`", src);

  ret = syscall_mount_setattr (open_tree_fd, "", AT_EMPTY_PATH | recursive_flag, &attr);
  if (UNLIKELY (ret < 0))
    return crun_make_error (err, errno, "mount_setattr `%s`", src);

  return get_and_reset (&open_tree_fd);
}

int
parse_idmapped_mount_option (runtime_spec_schema_config_schema *def, bool is_uids, char *option, char **out, size_t *len, libcrun_error_t *err)
{
  size_t written = 0, allocated = 256;
  cleanup_free char *mappings = NULL;
  const char *it;
  int ret;

  mappings = xmalloc (allocated);

  for (it = option; *it;)
    {
      bool relative = false;
      long value[3];
      size_t i;

      if (*it == '\0')
        break;

      if (*it == '#')
        it++;

      if (*it == '@')
        {
          relative = true;
          it++;
        }

      /* read a triplet: file system id - host id - size.  */
      for (i = 0; i < 3; i++)
        {
          char *endptr = NULL;

          if (i > 0 && *it == '-')
            it++;

          if (*it == '\0')
            return crun_make_error (err, errno, "invalid mapping specified `%s`", option);

          errno = 0;
          value[i] = strtol (it, &endptr, 10);
          if (errno || endptr == it)
            return crun_make_error (err, errno, "invalid mapping specified `%s`", option);

          it = endptr;
        }

      if (relative)
        {
          runtime_spec_schema_defs_id_mapping **mappings;
          size_t mappings_len;

          if (def == NULL
              || def->linux == NULL
              || (is_uids && def->linux->uid_mappings_len == 0)
              || (! is_uids && def->linux->gid_mappings_len == 0))
            return crun_make_error (err, 0, "specified a relative mapping without user namespace mappings");

          mappings_len = (is_uids ? def->linux->uid_mappings_len : def->linux->gid_mappings_len);
          mappings = is_uids ? def->linux->uid_mappings : def->linux->gid_mappings;

          for (i = 0; i < mappings_len; i++)
            if (value[1] >= mappings[i]->container_id && value[1] < mappings[i]->container_id + mappings[i]->size)
              break;

          if (i == mappings_len)
            return crun_make_error (err, 0, "could not find a user namespace mapping for the relative mapping `%s`", option);

          value[1] += mappings[i]->host_id - mappings[i]->container_id;
        }
      if (written > allocated - 64)
        {
          allocated += 256;
          mappings = xrealloc (mappings, allocated);
        }

      ret = snprintf (mappings + written, allocated - written, "%ld %ld %ld\n", value[0], value[1], value[2]);
      if (UNLIKELY (ret >= (int) (allocated - written)))
        return crun_make_error (err, 0, "internal error: allocated buffer too small");

      written += ret;
    }
  *(mappings + written) = '\0';

  *len = written;

  *out = mappings;
  mappings = NULL;

  return 0;
}

static int
format_mount_mappings (char **out,
                       runtime_spec_schema_defs_id_mapping **mappings,
                       size_t mappings_len,
                       size_t *written,
                       libcrun_error_t *err)
{
  /* 64 is more than enough room to print 3 uint32.  */
  const size_t max_len_mapping = 64;
  cleanup_free char *ret = NULL;
  size_t s;

  *written = 0;

  ret = xmalloc (max_len_mapping * mappings_len + 1);
  for (s = 0; s < mappings_len; s++)
    {
      size_t len;

      len = snprintf (ret + *written, max_len_mapping, "%" PRIu32 " %" PRIu32 " %" PRIu32 "\n",
                      mappings[s]->container_id,
                      mappings[s]->host_id,
                      mappings[s]->size);
      if (UNLIKELY (len >= max_len_mapping))
        return crun_make_error (err, 0, "internal error: allocated buffer too small");

      *written += len;
    }
  *out = ret;
  ret = NULL;
  return 0;
}

static int
format_mount_mapping (char **ret, uint32_t container_id, uint32_t host_id,
                      uint32_t size, size_t *written, libcrun_error_t *err)
{
  runtime_spec_schema_defs_id_mapping mapping = {
    .container_id = container_id,
    .host_id = host_id,
    .size = size,
  };
  runtime_spec_schema_defs_id_mapping *mappings[] = {
    &mapping,
    NULL,
  };

  return format_mount_mappings (ret, mappings, 1, written, err);
}

static bool
has_same_mappings (runtime_spec_schema_config_schema *def, runtime_spec_schema_defs_mount *mnt)
{
  size_t s;

  if (def->linux == NULL)
    return mnt->uid_mappings_len == 0 && mnt->gid_mappings_len == 0;

  if (mnt->uid_mappings_len != def->linux->uid_mappings_len)
    return false;

  if (mnt->gid_mappings_len != def->linux->gid_mappings_len)
    return false;

  for (s = 0; s < mnt->uid_mappings_len; s++)
    {
      if (mnt->uid_mappings[s]->container_id != def->linux->uid_mappings[s]->container_id)
        return false;
      if (mnt->uid_mappings[s]->host_id != def->linux->uid_mappings[s]->host_id)
        return false;
      if (mnt->uid_mappings[s]->size != def->linux->uid_mappings[s]->size)
        return false;
    }

  for (s = 0; s < mnt->gid_mappings_len; s++)
    {
      if (mnt->gid_mappings[s]->container_id != def->linux->gid_mappings[s]->container_id)
        return false;
      if (mnt->gid_mappings[s]->host_id != def->linux->gid_mappings[s]->host_id)
        return false;
      if (mnt->gid_mappings[s]->size != def->linux->gid_mappings[s]->size)
        return false;
    }

  return true;
}

static pid_t
maybe_create_userns_for_idmapped_mount (libcrun_container_t *container,
                                        runtime_spec_schema_config_schema *def,
                                        runtime_spec_schema_defs_mount *mnt,
                                        const char *options, pid_t *pid_out,
                                        libcrun_error_t *err)
{
  cleanup_pid pid_t pid = -1;
  bool need_new_userns = mnt->uid_mappings_len ? ! has_same_mappings (def, mnt) : options != NULL;

  if (! need_new_userns)
    return 0;

  pid = syscall_clone (CLONE_NEWUSER | SIGCHLD, NULL);
  if (UNLIKELY (pid < 0))
    return crun_make_error (err, errno, "clone");

  if (pid == 0)
    {
      prctl (PR_SET_PDEATHSIG, SIGKILL);
      while (1)
        pause ();
      _safe_exit (EXIT_SUCCESS);
    }

  if (mnt->uid_mappings_len)
    {
      cleanup_free char *uid_map = NULL;
      cleanup_free char *gid_map = NULL;
      size_t written = 0;
      int ret;

      ret = format_mount_mappings (&uid_map, mnt->uid_mappings, mnt->uid_mappings_len, &written, err);
      if (UNLIKELY (ret < 0))
        return ret;

      cleanup_close int fd = -1;

      fd = libcrun_open_proc_pid_file (container, pid, "uid_map", O_WRONLY, err);
      if (UNLIKELY (fd < 0))
        return fd;

      ret = safe_write (fd, "uid_map", uid_map, written, err);
      if (UNLIKELY (ret < 0))
        return ret;

      ret = format_mount_mappings (&gid_map, mnt->gid_mappings, mnt->gid_mappings_len, &written, err);
      if (UNLIKELY (ret < 0))
        return ret;

      close_and_reset (&fd);

      fd = libcrun_open_proc_pid_file (container, pid, "gid_map", O_WRONLY, err);
      if (UNLIKELY (fd < 0))
        return fd;

      ret = safe_write (fd, "gid_map", gid_map, written, err);
      if (UNLIKELY (ret < 0))
        return ret;
    }
  else
    {
      cleanup_free char *dup_options = NULL;
      char *option, *saveptr = NULL;

      if (! options)
        return crun_make_error (err, 0, "internal error: no mappings found");

      dup_options = xstrdup (options);

      /* If there are no OCI mappings specified, then parse the annotation.  */
      for (option = strtok_r (dup_options, ";", &saveptr); option; option = strtok_r (NULL, ";", &saveptr))
        {
          cleanup_free char *mappings = NULL;
          cleanup_close int map_fd = -1;
          bool is_uids = false;
          size_t len = 0;
          int ret;

          if (has_prefix (option, "uids="))
            {
              is_uids = true;
              map_fd = libcrun_open_proc_pid_file (container, pid, "uid_map", O_WRONLY, err);
              if (UNLIKELY (map_fd < 0))
                return map_fd;
            }
          else if (has_prefix (option, "gids="))
            {
              map_fd = libcrun_open_proc_pid_file (container, pid, "gid_map", O_WRONLY, err);
              if (UNLIKELY (map_fd < 0))
                return map_fd;
            }
          else
            return crun_make_error (err, 0, "invalid option `%s` specified", option);

          ret = parse_idmapped_mount_option (def, is_uids, option + 5 /* strlen ("uids="), strlen ("gids=")*/, &mappings, &len, err);
          if (UNLIKELY (ret < 0))
            return ret;

          ret = safe_write (map_fd, is_uids ? "uid_map" : "gid_map", mappings, len, err);
          if (UNLIKELY (ret < 0))
            return ret;
        }
    }

  *pid_out = pid;
  pid = -1;
  return 0;
}

int
libcrun_create_keyring (libcrun_container_t *container, const char *name, const char *label, libcrun_error_t *err)
{
  cleanup_close int labelfd = -1;
  bool label_set = false;
  int ret;

  if (label)
    {
      labelfd = libcrun_open_proc_file (container, "self/attr/keycreate", O_WRONLY, err);
      if (UNLIKELY (labelfd < 0))
        {
          if (crun_error_get_errno (err) != ENOENT)
            return labelfd;

          crun_error_release (err);
          labelfd = -1;
        }

      if (labelfd >= 0)
        {
          ret = write (labelfd, label, strlen (label));
          if (UNLIKELY (ret < 0))
            return crun_make_error (err, errno, "write to `/proc/self/attr/keycreate`");

          label_set = true;
        }
    }

  ret = syscall_keyctl_join (name);
  if (UNLIKELY (ret < 0))
    {
      if (errno == ENOSYS)
        {
          libcrun_warning ("could not create a new keyring: keyctl_join is not supported");
          ret = 0;
          goto out;
        }
      ret = crun_make_error (err, errno, "join keyctl `%s`", name);
      goto out;
    }

out:
  /* Best effort attempt to reset the SELinux label used for new keyrings.  */
  if (label_set && write (labelfd, "", 0) < 0)
    {
      /* Braces around empty body, to fix warning for [-Wunused-result] and error for [-Werror=empty-body]. */
    }
  return ret;
}

static void
get_uid_gid_from_def (runtime_spec_schema_config_schema *def, uid_t *uid, gid_t *gid)
{
  *uid = 0;
  *gid = 0;

  if (def->process && def->process->user)
    {
      if (def->process->user->uid)
        *uid = def->process->user->uid;
      if (def->process->user->gid)
        *gid = def->process->user->gid;
    }
}

static unsigned long
get_mount_flags (const char *name, int current_flags, int *found, unsigned long *extra_flags, uint64_t *rec_clear, uint64_t *rec_set)
{
  const struct propagation_flags_s *prop;

  prop = libcrun_str2mount_flags (name);

  if (found)
    *found = prop ? 1 : 0;

  if (prop == NULL)
    return 0;

  if (prop->extra_flags & OPTION_RECURSIVE)
    {
      if (rec_clear && prop->clear)
        *rec_clear |= prop->flags;

      if (rec_set && ! prop->clear)
        *rec_set |= prop->flags;
    }

  if (extra_flags)
    *extra_flags |= prop->extra_flags;

  if (prop->clear)
    return current_flags & ~prop->flags;

  return current_flags | prop->flags;
}

static unsigned long
get_mount_flags_or_option (const char *name, int current_flags, unsigned long *extra_flags, char **option, uint64_t *rec_clear, uint64_t *rec_set)
{
  int found;
  __attribute__ ((unused)) cleanup_free char *prev = NULL;
  unsigned long flags = get_mount_flags (name, current_flags, &found, extra_flags, rec_clear, rec_set);
  if (found)
    return flags;

  prev = *option;
  if (*option && **option)
    xasprintf (option, "%s,%s", *option, name);
  else
    *option = xstrdup (name);

  return 0;
}

int
pivot_root (const char *new_root, const char *put_old)
{
  return syscall (__NR_pivot_root, new_root, put_old);
}

static void
free_remount (struct remount_s *r)
{
  if (r == NULL)
    return;
  if (r->targetfd >= 0)
    close (r->targetfd);
  free (r->data);
  free (r->target);
  free (r);
}

static struct remount_s *
make_remount (int targetfd, const char *target, unsigned long flags, const char *data, struct remount_s *next)
{
  struct remount_s *ret = xmalloc (sizeof (*ret));
  ret->target = xstrdup (target);
  ret->flags = flags;
  ret->data = data ? xstrdup (data) : NULL;
  ret->next = next;
  ret->targetfd = targetfd;
  return ret;
}

static int
do_remount (int targetfd, const char *target, unsigned long flags, const char *data, libcrun_error_t *err)
{
  int ret;
  proc_fd_path_t target_buffer;
  const char *real_target = target;

  if (targetfd >= 0)
    {
      get_proc_self_fd_path (target_buffer, targetfd);
      real_target = target_buffer;
    }

  /* Older kernels (seen on 4.18) fail with EINVAL if data is set when
     setting MS_RDONLY.  */
  if (flags & (MS_REMOUNT | MS_RDONLY))
    data = NULL;

  ret = mount (NULL, real_target, NULL, flags, data);
  if (UNLIKELY (ret < 0))
    {
      unsigned long remount_flags;
      struct statfs sfs;

      ret = statfs (real_target, &sfs);
      if (UNLIKELY (ret < 0))
        return crun_make_error (err, errno, "statfs `%s`", real_target);

      remount_flags = sfs.f_flags & (MS_NOSUID | MS_NODEV | MS_NOEXEC);

      if ((flags | remount_flags) != flags)
        {
          ret = mount (NULL, real_target, NULL, flags | remount_flags, data);
          if (LIKELY (ret == 0))
            return 0;

          /* If it still fails and MS_RDONLY is present in the mount, try adding it.  */
          if (sfs.f_flags & MS_RDONLY)
            {
              remount_flags = sfs.f_flags & (MS_NOSUID | MS_NODEV | MS_NOEXEC | MS_RDONLY);
              ret = mount (NULL, real_target, NULL, flags | remount_flags, data);
            }
        }
      if (UNLIKELY (ret < 0))
        return crun_make_error (err, errno, "remount `%s`", target);
    }
  return 0;
}

static int
finalize_mounts (libcrun_container_t *container, libcrun_error_t *err)
{
  int ret = 0;
  struct remount_s *r = get_private_data (container)->remounts;
  while (r)
    {
      struct remount_s *next = r->next;

      ret = do_remount (r->targetfd, r->target, r->flags, r->data, err);
      if (UNLIKELY (ret < 0))
        goto cleanup;

      free_remount (r);
      r = next;
    }

cleanup:
  while (r)
    {
      struct remount_s *next = r->next;
      free_remount (r);
      r = next;
    }

  get_private_data (container)->remounts = NULL;
  return ret;
}

static int
open_mount_target (libcrun_container_t *container, const char *target_rel, libcrun_error_t *err)
{
  const char *rootfs = get_private_data (container)->rootfs;
  int rootfsfd = get_private_data (container)->rootfsfd;

  if (rootfsfd < 0)
    return crun_make_error (err, 0, "invalid rootfs state");

  return safe_openat (rootfsfd, rootfs, target_rel, O_PATH | O_CLOEXEC, 0, err);
}

/* Attempt to open a mount of the specified type.  */
static int
fsopen_mount (const char *type, const char *labeltype, const char *label)
{
#ifdef HAVE_NEW_MOUNT_API
  cleanup_close int fsfd = -1;
  int ret;

  fsfd = syscall_fsopen (type, FSOPEN_CLOEXEC);
  if (UNLIKELY (fsfd < 0))
    return fsfd;

  if (labeltype)
    {
      ret = syscall_fsconfig (fsfd, FSCONFIG_SET_STRING, labeltype, label, 0);
      if (UNLIKELY (ret < 0))
        return ret;
    }

  ret = syscall_fsconfig (fsfd, FSCONFIG_CMD_CREATE, NULL, NULL, 0);
  if (UNLIKELY (ret < 0))
    return ret;

  return syscall_fsmount (fsfd, FSMOUNT_CLOEXEC, 0);
#else
  (void) type;
  errno = ENOSYS;
  return -1;
#endif
}

static int
fs_move_mount_to (int fd, int dirfd, const char *name)
{
#ifdef HAVE_NEW_MOUNT_API
  if (name)
    return syscall_move_mount (fd, "", dirfd, name, MOVE_MOUNT_F_EMPTY_PATH);

  return syscall_move_mount (fd, "", dirfd, "", MOVE_MOUNT_T_EMPTY_PATH | MOVE_MOUNT_F_EMPTY_PATH);
#else
  (void) fd;
  (void) dirfd;
  (void) name;
  (void) syscall_move_mount;
  errno = ENOSYS;
  return -1;
#endif
}

enum
{
  /* Do not apply any label to the mount.  */
  LABEL_NONE = 0,
  /* Apply the label as a mount option.  */
  LABEL_MOUNT,
  /* Apply the label using setxattr.  */
  LABEL_XATTR,
};

static int do_mount (libcrun_container_t *container, const char *source, int targetfd,
                     const char *target, const char *fstype, unsigned long mountflags,
                     const void *data, int label_how, libcrun_error_t *err);

static bool
has_mount_for (libcrun_container_t *container, const char *destination)
{
  size_t i;
  runtime_spec_schema_config_schema *def = container->container_def;

  for (i = 0; i < def->mounts_len; i++)
    {
      if (strcmp (def->mounts[i]->destination, destination) == 0)
        return true;
    }
  return false;
}

static void
warn_tmpfs_fallback_once (struct private_data_s *private_data, const char *reason)
{
  if (! private_data->maskdir_warned)
    {
      libcrun_warning ("Falling back to tmpfs for masked dirs (reason: %s)", reason);
      private_data->maskdir_warned = true;
    }
}

/* Get or create the cached shared empty directory for masked paths optimization.
 * Creates directory and FD once per container, caches /proc/self/fd path for fast mounting.
 */
static int
get_shared_empty_dir_cached (libcrun_container_t *container, char **proc_fd_path, libcrun_error_t *err)
{
  struct private_data_s *private_data = get_private_data (container);
  cleanup_close int fd = -1;
  cleanup_free char *empty_dir_path = NULL;
  int ret;

  /* Fast path: return cached proc fd path if already set up */
  if (private_data->maskdir_proc_path != NULL)
    {
      *proc_fd_path = private_data->maskdir_proc_path;
      return 0;
    }

  /* Slow path: create directory and cache everything once */
  ret = get_shared_empty_directory_path (&empty_dir_path, container->context->state_root, err);
  if (UNLIKELY (ret < 0))
    return ret;

  /* Open directory and cache FD (once per container) */
  fd = open (empty_dir_path, O_DIRECTORY | O_RDONLY | O_CLOEXEC);
  if (fd < 0)
    return crun_make_error (err, errno, "open directory `%s`", empty_dir_path);

  /* Cache the /proc/self/fd path for fast mounting */
  ret = xasprintf (&private_data->maskdir_proc_path, "/proc/self/fd/%d", fd);
  if (UNLIKELY (ret < 0))
    return crun_make_error (err, errno, "xasprintf failed");

  private_data->maskdir_fd = fd;
  fd = -1; /* Don't auto-close */

  *proc_fd_path = private_data->maskdir_proc_path;
  return 0;
}

static int
mount_masked_dir (libcrun_container_t *container, int pathfd, const char *rel_path, libcrun_error_t *err)
{
  struct private_data_s *private_data = get_private_data (container);
  char *proc_fd_path = NULL;
  libcrun_error_t tmp_err = NULL;
  int ret;

  if (private_data->maskdir_bind_failed)
    goto fallback_to_tmpfs;

  /* Get cached /proc/self/fd path (fast after first call) */
  ret = get_shared_empty_dir_cached (container, &proc_fd_path, &tmp_err);
  if (ret < 0)
    {
      private_data->maskdir_bind_failed = true;
      warn_tmpfs_fallback_once (private_data, tmp_err->msg);
      crun_error_release (&tmp_err);
      goto fallback_to_tmpfs;
    }

  ret = do_mount (container, proc_fd_path, pathfd, rel_path, NULL, MS_BIND | MS_RDONLY, NULL, LABEL_MOUNT, &tmp_err);
  if (LIKELY (ret >= 0))
    return ret;

  /* Bind mount failed - mark as failed and fall back for all future mounts */
  private_data->maskdir_bind_failed = true;
  libcrun_warning ("bind mount failed for %s to %s: %s, falling back to tmpfs",
                   proc_fd_path, rel_path, tmp_err->msg);
  warn_tmpfs_fallback_once (private_data, tmp_err->msg);
  crun_error_release (&tmp_err);

fallback_to_tmpfs:
  libcrun_debug ("using tmpfs fallback for %s", rel_path);
  return ret = do_mount (container, "tmpfs", pathfd, rel_path, "tmpfs", MS_RDONLY, "nr_blocks=1,nr_inodes=1", LABEL_MOUNT, err);
}

static int
do_masked_or_readonly_path (libcrun_container_t *container, const char *rel_path, bool readonly, bool keep_flags,
                            libcrun_error_t *err)
{
  unsigned long mount_flags = 0;
  const char *rootfs = get_private_data (container)->rootfs;
  cleanup_close int pathfd = -1;
  struct statfs sfs;
  int ret;
  mode_t mode;

  if (rel_path[0] == '/')
    rel_path++;

  pathfd = safe_openat (get_private_data (container)->rootfsfd, rootfs, rel_path, O_PATH | O_CLOEXEC, 0, err);
  if (UNLIKELY (pathfd < 0))
    {
      errno = crun_error_get_errno (err);
      if (errno != ENOENT && errno != EACCES)
        return pathfd;

      crun_error_release (err);
      return 0;
    }

  if (readonly)
    {
      proc_fd_path_t source_buffer;

      get_proc_self_fd_path (source_buffer, pathfd);
      mount_flags = MS_BIND | MS_PRIVATE | MS_RDONLY | MS_REC;
      if (keep_flags)
        {
          ret = statfs (source_buffer, &sfs);
          if (UNLIKELY (ret < 0))
            return crun_make_error (err, errno, "statfs `%s`", source_buffer);
          mount_flags = mount_flags | sfs.f_flags;

          // Parent might contain `MS_REMOUNT` but the new readonly path is not
          // actually mounted. Specifically in the case of `/proc` this will end
          // up with EINVAL therefore remove `MS_REMOUNT` if it's getting
          // inherited from the parent.
          mount_flags = mount_flags & ~MS_REMOUNT;
        }
      ret = do_mount (container, source_buffer, pathfd, rel_path, NULL, mount_flags, NULL,
                      LABEL_NONE, err);
      if (UNLIKELY (ret < 0))
        return ret;
    }
  else
    {
      ret = get_file_type_fd (pathfd, &mode);
      if (UNLIKELY (ret < 0))
        return crun_make_error (err, errno, "cannot stat `%s`", rel_path);

      if ((mode & S_IFMT) == S_IFDIR)
        ret = mount_masked_dir (container, pathfd, rel_path, err);
      else
        ret = do_mount (container, "/dev/null", pathfd, rel_path, NULL, MS_BIND | MS_RDONLY, NULL, LABEL_MOUNT, err);
      if (UNLIKELY (ret < 0))
        return ret;
    }
  return 0;
}

static inline const char *
get_selinux_context_type (libcrun_container_t *container)
{
  const char *context_type;

  context_type = find_annotation (container, "run.oci.mount_context_type");
  if (context_type)
    return context_type;

  return "context";
}

/* improve the error message on mount(2) failures.  It always returns the original ret.  */
static int
diagnose_mount_failure (int ret, libcrun_error_t *err, libcrun_container_t *container,
                        const char *fstype)
{
  if (fstype && strcmp (fstype, "cgroup2") == 0 && get_private_data (container)->unified_cgroup_path)
    {
      if (access (get_private_data (container)->unified_cgroup_path, R_OK) < 0 && errno == EACCES)
        {
          /* The current cgroup is not accessible.  */
          crun_error_wrap (err, "the current cgroup is not accessible (too restrictive umask?)");
          return ret;
        }
    }
  return ret;
}

static int
do_mount (libcrun_container_t *container, const char *source, int targetfd,
          const char *target, const char *fstype, unsigned long mountflags, const void *data,
          int label_how, libcrun_error_t *err)
{
  cleanup_free char *data_with_label = NULL;
  cleanup_close int ms_move_fd = -1;
  const char *real_target = target;
  bool single_instance = false;
  proc_fd_path_t target_buffer;
  bool needs_remount = false;
  cleanup_close int fd = -1;
  const char *label = NULL;
  int ret = 0;

  if (container->container_def->linux && container->container_def->linux->mount_label)
    label = container->container_def->linux->mount_label;
  else
    label_how = LABEL_NONE;

  if (targetfd >= 0)
    {
      get_proc_self_fd_path (target_buffer, targetfd);

      real_target = target_buffer;

      needs_remount = true;
    }

  if (label_how == LABEL_MOUNT)
    {
      const char *context_type = get_selinux_context_type (container);

      ret = add_selinux_mount_label (&data_with_label, data, label, context_type, err);
      if (ret < 0)
        return ret;
      data = data_with_label;
    }

  if (mountflags & MS_MOVE)
    {
      if ((mountflags & MS_BIND) || fstype)
        return crun_make_error (err, 0, "internal error: cannot use MS_MOVE with MS_BIND or fstype");

      ret = mount (source, real_target, NULL, MS_MOVE, NULL);
      if (UNLIKELY (ret < 0))
        return crun_make_error (err, errno, "move mount `%s` to `%s`", source, target);
      mountflags &= ~MS_MOVE;

      /* We need to reopen the path as the previous targetfd is underneath the new mountpoint.  */
      ms_move_fd = open_mount_target (container, target, err);
      if (UNLIKELY (ms_move_fd < 0))
        return fd;
      targetfd = ms_move_fd;
    }

  if ((fstype && fstype[0]) || (mountflags & MS_BIND))
    {
      unsigned long flags = mountflags & ~(ALL_PROPAGATIONS_NO_REC | MS_RDONLY);

      ret = mount (source, real_target, fstype, flags, data);
      if (UNLIKELY (ret < 0))
        {
          int saved_errno = errno;

          if ((mountflags & MS_RDONLY) && targetfd > 0 && fstype && strcmp (fstype, "sysfs") == 0)
            {
              /* If we are running in an user namespace, just bind mount /sys if creating
                 sysfs failed.  */
              ret = check_running_in_user_namespace (err);
              if (UNLIKELY (ret < 0))
                return ret;

              if (ret > 0)
                {
                  cleanup_close int mountfd = -1;

                  if (! has_mount_for (container, "/sys/fs/cgroup"))
                    {
                      ret = mount ("/sys", real_target, NULL, MS_BIND | MS_REC, NULL);
                      if (UNLIKELY (ret < 0))
                        return crun_make_error (err, errno, "bind mount `/sys` from the host");

                      return do_masked_or_readonly_path (container, "/sys/fs/cgroup", false, false, err);
                    }

                  mountfd = get_bind_mount (-1, "/sys", true, true, false, err);
                  if (UNLIKELY (mountfd < 0))
                    return mountfd;

                  ret = fs_move_mount_to (mountfd, targetfd, NULL);
                  if (UNLIKELY (ret < 0))
                    return crun_make_error (err, errno, "move mount to `%s`", real_target);

                  return 0;
                }
            }

          ret = crun_make_error (err, saved_errno, "mount `%s` to `%s`", source, target);

          return diagnose_mount_failure (ret, err, container, fstype);
        }

      if (targetfd >= 0)
        {
          /* We need to reopen the path as the previous targetfd is underneath the new mountpoint.  */
          fd = open_mount_target (container, target, err);
          if (UNLIKELY (fd < 0))
            return fd;

          /* We are replacing the rootfs, reopen it.  */
          if (is_empty_string (target))
            {
              int tmp = dup (fd);
              if (UNLIKELY (tmp < 0))
                return crun_make_error (err, errno, "dup");

              TEMP_FAILURE_RETRY (close (get_private_data (container)->rootfsfd));
              get_private_data (container)->rootfsfd = tmp;
            }

#ifdef HAVE_FGETXATTR
          if (label_how == LABEL_XATTR)
            {
              proc_fd_path_t proc_file;

              get_proc_self_fd_path (proc_file, fd);

              /* We need to go through the proc_file since fd itself is opened as O_PATH.  */
              (void) setxattr (proc_file, "security.selinux", label, strlen (label), 0);
            }
#endif

          targetfd = fd;
          get_proc_self_fd_path (target_buffer, targetfd);
          real_target = target_buffer;
        }
    }

  if (mountflags & ALL_PROPAGATIONS_NO_REC)
    {
      ret = mount (NULL, real_target, NULL, mountflags & ALL_PROPAGATIONS, NULL);
      if (UNLIKELY (ret < 0))
        return crun_make_error (err, errno, "set propagation for `%s`", target);
    }

  if (mountflags & (MS_BIND | MS_RDONLY))
    needs_remount = true;

  if (data && fstype && strcmp (fstype, "proc") == 0)
    {
      single_instance = true;
      needs_remount = true;
    }

  if (needs_remount)
    {
      unsigned long remount_flags = MS_REMOUNT | (single_instance ? 0 : MS_BIND) | (mountflags & ~ALL_PROPAGATIONS);

      if ((remount_flags & MS_RDONLY) == 0)
        {
          ret = do_remount (fd, real_target, remount_flags, data, err);
          if (UNLIKELY (ret < 0))
            return ret;
        }
      else
        {
          struct remount_s *r;
          if (fd < 0)
            {
              fd = dup (targetfd);
              if (UNLIKELY (fd < 0))
                return crun_make_error (err, errno, "dup `%d`", targetfd);
            }

          /* The remount owns the fd.  */
          r = make_remount (get_and_reset (&fd), target, remount_flags, data, get_private_data (container)->remounts);
          get_private_data (container)->remounts = r;
        }
    }

  return ret;
}

static void
try_umount (int targetfd, const char *target)
{
  const char *real_target = target;
  proc_fd_path_t target_buffer;

  if (targetfd >= 0)
    {
      /* Best effort cleanup for the tmpfs.  */
      get_proc_self_fd_path (target_buffer, targetfd);
      real_target = target_buffer;
    }
  umount2 (real_target, MNT_DETACH);
}

static bool
container_has_cgroupns (libcrun_container_t *container)
{
  return get_private_data (container)->unshare_flags & CLONE_NEWCGROUP;
}

static int
do_mount_cgroup_v2 (libcrun_container_t *container, int targetfd, const char *target,
                    unsigned long mountflags, libcrun_error_t *err)
{
  int ret;
  int cgroup_mode;

  cgroup_mode = libcrun_get_cgroup_mode (err);
  if (UNLIKELY (cgroup_mode < 0))
    return cgroup_mode;

  ret = do_mount (container, "cgroup2", targetfd, target, "cgroup2", mountflags, NULL, LABEL_NONE, err);
  if (UNLIKELY (ret < 0))
    {
      errno = crun_error_get_errno (err);
      if (errno == EPERM || errno == EBUSY)
        {
          const char *unified_cgroup_path;
          const char *src_cgroup;

          crun_error_release (err);

          if (errno == EBUSY)
            {
              /* If we got EBUSY it means the cgroup file system is already mounted at the targetfd and we
                 cannot stack another one on top of it.  Attempt mounting a tmpfs below the cgroup mount.  */

              ret = do_mount (container, "tmpfs", targetfd, target, "tmpfs", MS_PRIVATE, "nr_blocks=1,nr_inodes=1", LABEL_NONE, err);
              if (LIKELY (ret == 0))
                {
                  ret = do_mount (container, "cgroup2", targetfd, target, "cgroup2", mountflags, NULL, LABEL_NONE, err);
                  if (LIKELY (ret == 0))
                    return ret;

                  /* Best-effort cleanup for the tmpfs, if it fails there is nothing to worry about.  */
                  try_umount (targetfd, target);
                }

              /* If the previous method failed, fall back to bind mounting the current cgroup.  */
              crun_error_release (err);
            }

          unified_cgroup_path = get_private_data (container)->unified_cgroup_path;

          /* If everything else failed, bind mount from the current cgroup.  */
          src_cgroup = unified_cgroup_path && container_has_cgroupns (container) ? unified_cgroup_path : CGROUP_ROOT;
          return do_mount (container, src_cgroup, targetfd, target, NULL,
                           MS_BIND | mountflags, NULL, LABEL_NONE, err);
        }

      return ret;
    }

  return 0;
}

static int
do_mount_cgroup_systemd_v1 (libcrun_container_t *container, const char *source, int targetfd, const char *target,
                            unsigned long mountflags, libcrun_error_t *err)
{
  int ret;
  cleanup_close int fd = -1;
  const char *subsystem = "systemd";
  cleanup_free char *subsystem_path = NULL;
  cleanup_close int tmpfsdirfd = -1;

  mountflags = mountflags & ~MS_BIND;

  ret = do_mount (container, source, targetfd, target, "tmpfs", mountflags, "size=1024k", LABEL_NONE, err);
  if (UNLIKELY (ret < 0))
    return ret;

  /* Get a reference to the newly created cgroup directory.  */
  tmpfsdirfd = open_mount_target (container, target, err);
  if (UNLIKELY (tmpfsdirfd < 0))
    return tmpfsdirfd;
  targetfd = tmpfsdirfd;

  ret = mkdirat (targetfd, subsystem, 0755);
  if (UNLIKELY (ret < 0))
    return crun_make_error (err, errno, "mkdirat `%s`", subsystem);

  ret = append_paths (&subsystem_path, err, target, subsystem, NULL);
  if (UNLIKELY (ret < 0))
    return ret;

  fd = openat (targetfd, subsystem, O_CLOEXEC | O_DIRECTORY | O_NOFOLLOW);
  if (UNLIKELY (fd < 0))
    return crun_make_error (err, errno, "openat `%s`", subsystem_path);

  return do_mount (container, "cgroup", fd, subsystem_path, "cgroup", mountflags, "none,name=systemd,xattr", LABEL_NONE,
                   err);
}

static int
do_mount_cgroup_v1 (libcrun_container_t *container, const char *source, int targetfd, const char *target,
                    unsigned long mountflags, libcrun_error_t *err)
{
  int ret;
  cleanup_free char *content = NULL;
  char *from;
  cleanup_close int tmpfsdirfd = -1;
  char *saveptr = NULL;

  ret = do_mount (container, source, targetfd, target, "tmpfs", mountflags & ~MS_RDONLY, "size=1024k", LABEL_MOUNT,
                  err);
  if (UNLIKELY (ret < 0))
    return ret;

  tmpfsdirfd = open_mount_target (container, target, err);
  if (UNLIKELY (tmpfsdirfd < 0))
    return tmpfsdirfd;
  targetfd = tmpfsdirfd;

  ret = read_all_file (PROC_SELF_CGROUP, &content, NULL, err);
  if (UNLIKELY (ret < 0))
    return ret;

  if (UNLIKELY (content == NULL || content[0] == '\0'))
    return crun_make_error (err, 0, "invalid content from `%s`", PROC_SELF_CGROUP);

  for (from = strtok_r (content, "\n", &saveptr); from; from = strtok_r (NULL, "\n", &saveptr))
    {
      cleanup_free char *source_path = NULL;
      cleanup_free char *source_subsystem = NULL;
      cleanup_free char *subsystem_path = NULL;
      char *subpath, *subsystem, *subsystem_fqn, *it;
      cleanup_close int subsystemfd = -1;
      subsystem = strchr (from, ':') + 1;
      subpath = strchr (subsystem, ':') + 1;
      *(subpath - 1) = '\0';

      if (subsystem[0] == '\0')
        continue;

      /* subsystem_fqn includes name= for named hierarchies.  */
      subsystem_fqn = subsystem;

      it = strstr (subsystem, "name=");
      if (it)
        subsystem = it + 5;

      if (strcmp (subsystem, "net_prio,net_cls") == 0)
        subsystem = "net_cls,net_prio";
      if (strcmp (subsystem, "cpuacct,cpu") == 0)
        subsystem = "cpu,cpuacct";

      ret = append_paths (&source_subsystem, err, CGROUP_ROOT, subsystem, NULL);
      if (UNLIKELY (ret < 0))
        return ret;

      /* if there is already a mount specified, do not add a default one.  */
      if (has_mount_for (container, source_subsystem))
        continue;

      ret = append_paths (&source_path, err, source_subsystem, subpath, NULL);
      if (UNLIKELY (ret < 0))
        return ret;

      ret = append_paths (&subsystem_path, err, target, subsystem, NULL);
      if (UNLIKELY (ret < 0))
        return ret;

      ret = mkdirat (targetfd, subsystem, 0755);
      if (UNLIKELY (ret < 0))
        return crun_make_error (err, errno, "mkdirat `%s`", subsystem_path);

      subsystemfd = openat (targetfd, subsystem, O_CLOEXEC | O_DIRECTORY | O_NOFOLLOW);
      if (UNLIKELY (subsystemfd < 0))
        return crun_make_error (err, errno, "open `%s`", subsystem_path);

      if (container_has_cgroupns (container))
        {
          ret = do_mount (container, source_path, subsystemfd, subsystem_path, "cgroup", mountflags, subsystem_fqn,
                          LABEL_NONE, err);
          if (UNLIKELY (ret < 0))
            {
              if (crun_error_get_errno (err) == ENOENT || crun_error_get_errno (err) == ENODEV)
                {
                  /* We are trying to mount a subsystem that is not present.  */
                  crun_error_release (err);
                  continue;
                }
              return ret;
            }
        }
      else
        {
          ret = do_mount (container, source_path, subsystemfd, subsystem_path, NULL, MS_BIND | mountflags, NULL,
                          LABEL_NONE, err);
          if (UNLIKELY (ret < 0))
            {
              if (crun_error_get_errno (err) != ENOENT)
                return ret;

              crun_error_release (err);

              /* We might already be in a container.  Mount the source subsystem.  */
              ret = do_mount (container, source_subsystem, subsystemfd, subsystem_path, NULL, MS_BIND | mountflags,
                              NULL, LABEL_NONE, err);
              if (UNLIKELY (ret < 0))
                {
                  /* If it still fails with ENOENT, ignore the error as the controller might have been
                     dropped and doesn't exist.  */
                  if (crun_error_get_errno (err) != ENOENT)
                    return ret;

                  crun_error_release (err);
                }
            }
        }
    }

  ret = libcrun_cgroups_create_symlinks (targetfd, err);
  if (UNLIKELY (ret < 0))
    return ret;

  return 0;
}

static int
do_mount_cgroup (libcrun_container_t *container, const char *source, int targetfd, const char *target,
                 unsigned long mountflags, libcrun_error_t *err)
{
  int cgroup_mode;

  cgroup_mode = libcrun_get_cgroup_mode (err);
  if (UNLIKELY (cgroup_mode < 0))
    return cgroup_mode;

  switch (cgroup_mode)
    {
    case CGROUP_MODE_UNIFIED:
      return do_mount_cgroup_v2 (container, targetfd, target, mountflags, err);
    case CGROUP_MODE_LEGACY:
    case CGROUP_MODE_HYBRID:
      return do_mount_cgroup_v1 (container, source, targetfd, target, mountflags, err);
    }

  return crun_make_error (err, 0, "unknown cgroup mode `%d`", cgroup_mode);
}

struct device_s needed_devs[] = { { "/dev/null", "c", 1, 3, 0666, 0, 0 },
                                  { "/dev/zero", "c", 1, 5, 0666, 0, 0 },
                                  { "/dev/full", "c", 1, 7, 0666, 0, 0 },
                                  { "/dev/tty", "c", 5, 0, 0666, 0, 0 },
                                  { "/dev/random", "c", 1, 8, 0666, 0, 0 },
                                  { "/dev/urandom", "c", 1, 9, 0666, 0, 0 },
                                  {} };

/* Check if the specified path is a direct child of /dev.  If it is
 return a pointer to the basename.  */
static const char *
relative_path_under_dev (const char *path)
{
  if (path[0] != '/')
    return path;
  if (strncmp (path, "/dev/", 5) == 0)
    {
      if (strchr (path + 5, '/'))
        return NULL;
      return path + 5;
    }
  return NULL;
}

int
libcrun_create_dev (libcrun_container_t *container, int devfd, int srcfd,
                    struct device_s *device, bool binds, bool ensure_parent_dir,
                    libcrun_error_t *err)
{
  int ret;
  dev_t dev;
  mode_t type = (device->type[0] == 'b') ? S_IFBLK : ((device->type[0] == 'p') ? S_IFIFO : S_IFCHR);
  const char *fullname = device->path;
  cleanup_close int fd = -1;
  const char *rootfs = get_private_data (container)->rootfs;
  if (is_empty_string (fullname))
    return crun_make_error (err, EINVAL, "device path is empty");
  // Normalize the path by removing trailing slashes.
  cleanup_free char *normalized_path = xstrdup (fullname);
  consume_trailing_slashes (normalized_path);
  if (normalized_path[0] == '\0')
    strcpy (normalized_path, "/");
  const char *rel_dev = relative_path_under_dev (normalized_path);

  if (binds)
    {
      cleanup_close int fd = -1;

      if (rel_dev)
        {
          fd = openat (devfd, rel_dev, O_NOFOLLOW | O_CLOEXEC | O_PATH | O_NONBLOCK);
          if (UNLIKELY (fd < 0))
            {
              if (errno == ENOENT)
                fd = openat (devfd, rel_dev, O_CREAT | O_NOFOLLOW | O_CLOEXEC | O_NONBLOCK, 0700);

              if (UNLIKELY (fd < 0))
                return crun_make_error (err, errno, "openat `%s`", device->path);
            }
        }
      else
        {
          const char *rel_path = consume_slashes (normalized_path);

          fd = crun_safe_create_and_open_ref_at (false, get_private_data (container)->rootfsfd, rootfs, rel_path, 0755, err);
          if (UNLIKELY (fd < 0))
            return fd;
        }

      if (srcfd >= 0)
        {
          ret = syscall_move_mount (srcfd, "", fd, "", MOVE_MOUNT_T_EMPTY_PATH | MOVE_MOUNT_F_EMPTY_PATH);
          if (LIKELY (ret >= 0))
            return 0;
        }

      ret = do_mount (container, fullname, fd, normalized_path, NULL, MS_BIND | MS_PRIVATE | MS_NOEXEC | MS_NOSUID, NULL, LABEL_MOUNT, err);
      if (UNLIKELY (ret < 0))
        return ret;
    }
  else
    {
      proc_fd_path_t fd_buffer;

      dev = makedev (device->major, device->minor);

      /* Check whether the path is directly under /dev.  Since we already have an open fd to /dev and mknodat(2)
         fails when the destination already exists or is a symlink, it is safe to use it directly.
         If it is not a direct child, then first get a fd to the dirfd.
      */
      if (rel_dev)
        {
          ret = mknodat (devfd, rel_dev, device->mode | type, dev);
          /* We don't fail when the file already exists.  */
          if (UNLIKELY (ret < 0 && errno == EEXIST))
            return 0;
          if (UNLIKELY (ret < 0))
            return crun_make_error (err, errno, "mknodat `%s`", device->path);

          fd = safe_openat (devfd, rootfs, rel_dev, O_PATH | O_CLOEXEC, 0, err);
          if (UNLIKELY (fd < 0))
            return fd;

          get_proc_self_fd_path (fd_buffer, fd);

          ret = chmod (fd_buffer, device->mode);
          if (UNLIKELY (ret < 0))
            return crun_make_error (err, errno, "chmod `%s`", device->path);

          ret = chown (fd_buffer, device->uid, device->gid); /* lgtm [cpp/toctou-race-condition] */
          if (UNLIKELY (ret < 0))
            return crun_make_error (err, errno, "chown `%s`", device->path);
        }
      else
        {
          cleanup_close int dirfd = -1;
          cleanup_free char *dirname = NULL;
          char *basename, *found;

          dirname = xstrdup (normalized_path);

          found = strrchr (dirname, '/');
          if (found)
            *found = '\0';

          basename = found ? found + 1 : dirname;

          if (dirname[0] == '\0')
            {
              dirfd = dup (get_private_data (container)->rootfsfd);
              if (UNLIKELY (dirfd < 0))
                return crun_make_error (err, errno, "dup fd for `%s`", rootfs);
            }
          else
            {
              dirfd = safe_openat (get_private_data (container)->rootfsfd, rootfs, dirname, O_DIRECTORY | O_PATH | O_CLOEXEC, 0, err);
              if (dirfd < 0 && ensure_parent_dir)
                {
                  crun_error_release (err);

                  dirfd = crun_safe_create_and_open_ref_at (true, get_private_data (container)->rootfsfd, rootfs, dirname, 0755, err);
                }
              if (UNLIKELY (dirfd < 0))
                return dirfd;
            }

          ret = mknodat (dirfd, basename, device->mode | type, dev);

          /* We don't fail when the file already exists.  */
          if (UNLIKELY (ret < 0 && errno == EEXIST))
            return 0;
          if (UNLIKELY (ret < 0))
            return crun_make_error (err, errno, "mknodat `%s`", device->path);

          fd = safe_openat (dirfd, rootfs, basename, O_PATH | O_CLOEXEC, 0, err);
          if (UNLIKELY (fd < 0))
            return crun_make_error (err, errno, "openat `%s`", device->path);

          get_proc_self_fd_path (fd_buffer, fd);

          ret = chmod (fd_buffer, device->mode);
          if (UNLIKELY (ret < 0))
            return crun_make_error (err, errno, "chmod `%s`", device->path);

          ret = chown (fd_buffer, device->uid, device->gid); /* lgtm [cpp/toctou-race-condition] */
          if (UNLIKELY (ret < 0))
            return crun_make_error (err, errno, "chown `%s`", device->path);
        }
    }
  return 0;
}

struct symlink_s
{
  const char *path;
  const char *target;
  bool force;
};

static struct symlink_s symlinks[] = { { "/proc/self/fd", "fd", false },
                                       { "/proc/self/fd/0", "stdin", false },
                                       { "/proc/self/fd/1", "stdout", false },
                                       { "/proc/self/fd/2", "stderr", false },
                                       { "/proc/kcore", "core", false },
                                       { "pts/ptmx", "ptmx", true },
                                       { NULL, NULL, false } };

static int
create_missing_devs (libcrun_container_t *container, bool binds, libcrun_error_t *err)
{
  int ret;
  size_t i;
  struct device_s *it;
  cleanup_close int devfd = -1;
  runtime_spec_schema_config_schema *def = container->container_def;
  const char *rootfs = get_private_data (container)->rootfs;
  cleanup_close_map struct libcrun_fd_map *dev_fds = NULL;

  dev_fds = get_private_data (container)->dev_fds;
  get_private_data (container)->dev_fds = NULL;

  devfd = openat (get_private_data (container)->rootfsfd, "dev", O_CLOEXEC | O_PATH | O_DIRECTORY);
  if (UNLIKELY (devfd < 0))
    return crun_make_error (err, errno, "open `/dev` directory in `%s`", rootfs);

  for (i = 0; i < def->linux->devices_len; i++)
    {
      struct device_s device = {
        def->linux->devices[i]->path,
        def->linux->devices[i]->type,
        def->linux->devices[i]->major,
        def->linux->devices[i]->minor,
        def->linux->devices[i]->file_mode,
        def->linux->devices[i]->uid,
        def->linux->devices[i]->gid,
      };

      if (! def->linux->devices[i]->file_mode_present)
        device.mode = 0666;
      ret = libcrun_create_dev (container, devfd, dev_fds->fds[i], &device, binds, true, err);
      if (UNLIKELY (ret < 0))
        return ret;
    }

  for (it = needed_devs; it->path; it++)
    {
      /* make sure the parent directory exists only on the first iteration.  */
      ret = libcrun_create_dev (container, devfd, -1, it, binds, it == needed_devs, err);
      if (UNLIKELY (ret < 0))
        return ret;
    }

  for (i = 0; symlinks[i].target; i++)
    {
    retry_symlink:
      ret = symlinkat (symlinks[i].path, devfd, symlinks[i].target);
      if (UNLIKELY (ret < 0))
        {
          int saved_errno = errno;

          if (errno == EEXIST && ! symlinks[i].force)
            continue;

          /* If the symlink should be forced, make sure to unlink any existing file at the same path.  */
          if (errno == EEXIST)
            {
            retry_unlink:
              ret = unlinkat (devfd, symlinks[i].target, 0);
              if (ret < 0 && errno == EISDIR)
                ret = unlinkat (devfd, symlinks[i].target, AT_REMOVEDIR);
              if (ret < 0 && errno == EBUSY)
                {
                  cleanup_close int tfd = openat (devfd, symlinks[i].target, O_CLOEXEC | O_PATH | O_NOFOLLOW);
                  if (tfd >= 0)
                    {
                      proc_fd_path_t procpath;

                      get_proc_self_fd_path (procpath, tfd);
                      if (umount2 (procpath, MNT_DETACH) == 0)
                        goto retry_unlink;
                    }
                }
              if (ret == 0)
                goto retry_symlink;
            }
          return crun_make_error (err, saved_errno, "symlinkat `/dev/%s`", symlinks[i].target);
        }
    }

  if (container->container_def->process && container->container_def->process->terminal)
    {
      ret = create_file_if_missing_at (devfd, "console", 0620, err);
      if (UNLIKELY (ret < 0))
        return ret;
    }

  return 0;
}

static int
do_masked_and_readonly_paths (libcrun_container_t *container, libcrun_error_t *err)
{
  size_t i;
  int ret;
  runtime_spec_schema_config_schema *def = container->container_def;

  for (i = 0; i < def->linux->masked_paths_len; i++)
    {
      ret = do_masked_or_readonly_path (container, def->linux->masked_paths[i], false, false, err);
      if (UNLIKELY (ret < 0))
        return ret;
    }
  for (i = 0; i < def->linux->readonly_paths_len; i++)
    {
      ret = do_masked_or_readonly_path (container, def->linux->readonly_paths[i], true, true, err);
      if (UNLIKELY (ret < 0))
        return ret;
    }
  return 0;
}

static int
do_pivot (libcrun_container_t *container, const char *rootfs, libcrun_error_t *err)
{
  int ret;
  cleanup_close int oldrootfd = -1;
  cleanup_close int newrootfd = -1;

  oldrootfd = open ("/", O_DIRECTORY | O_PATH | O_CLOEXEC);
  if (UNLIKELY (oldrootfd < 0))
    return crun_make_error (err, errno, "open `/`");

  newrootfd = open (rootfs, O_DIRECTORY | O_RDONLY | O_CLOEXEC);
  if (UNLIKELY (newrootfd < 0))
    return crun_make_error (err, errno, "open `%s`", rootfs);

  ret = fchdir (newrootfd);
  if (UNLIKELY (ret < 0))
    return crun_make_error (err, errno, "fchdir `%s`", rootfs);

  ret = pivot_root (".", ".");
  if (UNLIKELY (ret < 0))
    return crun_make_error (err, errno, "pivot_root");

  ret = fchdir (oldrootfd);
  if (UNLIKELY (ret < 0))
    return crun_make_error (err, errno, "fchdir `%s`", rootfs);

  ret = do_mount (container, NULL, -1, ".", NULL, MS_REC | MS_PRIVATE, NULL, LABEL_MOUNT, err);
  if (UNLIKELY (ret < 0))
    return ret;

  ret = umount2 (".", MNT_DETACH);
  if (UNLIKELY (ret < 0))
    return crun_make_error (err, errno, "umount2 oldroot");

  do
    {
      ret = umount2 (".", MNT_DETACH);
      if (ret < 0 && errno == EINVAL)
        break;
      if (UNLIKELY (ret < 0))
        return crun_make_error (err, errno, "umount2 oldroot");
  } while (ret == 0);

  ret = chdir ("/");
  if (UNLIKELY (ret < 0))
    return crun_make_error (err, errno, "chdir to newroot");

  return 0;
}

static int
append_tmpfs_mode_if_missing (libcrun_container_t *container, runtime_spec_schema_defs_mount *mount, char **data, libcrun_error_t *err)
{
  const char *rootfs = get_private_data (container)->rootfs;
  bool empty_data = is_empty_string (*data);
  cleanup_close int fd = -1;
  struct stat st;
  int ret;

  if (*data != NULL && strstr (*data, "mode="))
    return 0;

  fd = safe_openat (get_private_data (container)->rootfsfd, rootfs, mount->destination, O_CLOEXEC | O_RDONLY, 0, err);
  if (fd < 0)
    {
      if (crun_error_get_errno (err) != ENOENT)
        return fd;

      crun_error_release (err);
      return 0;
    }
  ret = fstat (fd, &st);
  if (ret < 0)
    return crun_make_error (err, errno, "fstat `%s`", mount->destination);

  xasprintf (data, "%s%smode=%o", empty_data ? "" : *data, empty_data ? "" : ",", st.st_mode & 07777);
  return 0;
}

static int
get_default_flags (libcrun_container_t *container, const char *destination, char **data)
{
  if (strcmp (destination, "/proc") == 0)
    return 0;
  if (strcmp (destination, "/dev/cgroup") == 0 || strcmp (destination, "/sys/fs/cgroup") == 0)
    {
      *data = xstrdup ("none,name=");
      return MS_NOEXEC | MS_NOSUID | MS_STRICTATIME;
    }
  if (strcmp (destination, "/dev") == 0)
    {
      *data = xstrdup ("mode=755");
      return MS_NOEXEC | MS_STRICTATIME;
    }
  if (strcmp (destination, "/dev/shm") == 0)
    {
      *data = xstrdup ("mode=1777,size=65536k");
      return MS_NOEXEC | MS_NOSUID | MS_NODEV;
    }
  if (strcmp (destination, "/dev/mqueue") == 0)
    return MS_NOEXEC | MS_NOSUID | MS_NODEV;
  if (strcmp (destination, "/dev/pts") == 0)
    {
      if (container->host_uid == 0)
        *data = xstrdup ("newinstance,ptmxmode=0666,mode=620,gid=5");
      else
        *data = xstrdup ("newinstance,ptmxmode=0666,mode=620");
      return MS_NOEXEC | MS_NOSUID;
    }
  if (strcmp (destination, "/sys") == 0)
    return MS_NOEXEC | MS_NOSUID | MS_NODEV;

  return 0;
}

static char *
append_mode_if_missing (char *data, const char *mode)
{
  char *new_data;
  bool append;

  if (data != NULL && strstr (data, "mode="))
    return data;

  append = data != NULL && data[0] != '\0';

  if (append)
    xasprintf (&new_data, "%s,%s", data, mode);
  else
    new_data = xstrdup (mode);

  free (data);

  return new_data;
}

static const char *
get_force_cgroup_v1_annotation (libcrun_container_t *container)
{
  return find_annotation (container, "run.oci.systemd.force_cgroup_v1");
}

static int
check_valid_no_follow_file_system (int fd, const char *destination, libcrun_error_t *err)
{
  struct statfs sfs;

  int ret = fstatfs (fd, &sfs);
  if (UNLIKELY (ret < 0))
    return crun_make_error (err, errno, "statfs `%s`", destination);

  switch (sfs.f_type)
    {
    case PROC_SUPER_MAGIC:
    case SYSFS_MAGIC:
    case DEVPTS_SUPER_MAGIC:
      return crun_make_error (err, 0, "override of the mount destination `/%s` is not allowed", destination);
    }

  return 0;
}

static int
safe_create_symlink (int rootfsfd, const char *rootfs, const char *target, const char *destination, libcrun_error_t *err)
{
  cleanup_close int parent_dir_fd = -1;
  cleanup_free char *buffer = NULL;
  char *part;
  int ret;

  if (is_empty_string (destination))
    return crun_make_error (err, 0, "empty destination for symlink `%s`", target);

  buffer = xstrdup (destination);
  part = dirname (buffer);

  parent_dir_fd = crun_safe_create_and_open_ref_at (true, rootfsfd, rootfs, part, 0755, err);
  if (UNLIKELY (parent_dir_fd < 0))
    return parent_dir_fd;

  /* It is safe to reuse the buffer since it was created with xstrdup (destination).  */
  strcpy (buffer, destination);
  part = basename (buffer);

  ret = symlinkat (target, parent_dir_fd, part);
  if (UNLIKELY (ret < 0))
    {
      /* If it exists, check if it has the same content, if so just ignore the error.  */
      if (errno == EEXIST)
        {
          cleanup_free char *link = NULL;
          ssize_t len;

          len = safe_readlinkat (parent_dir_fd, part, &link, 0, err);
          if (UNLIKELY (len < 0))
            return len;

          if ((((size_t) len) == strlen (target)) && strncmp (link, target, len) == 0)
            return 0;

          return crun_make_error (err, 0, "symlink `%s` already exists with a different content", destination);
        }
      return crun_make_error (err, errno, "symlinkat `%s`", target);
    }

  return 0;
}

static int
handle_copy_symlink (libcrun_container_t *container, const char *rootfs,
                     runtime_spec_schema_defs_mount *mount, libcrun_error_t *err)
{
  cleanup_free char *target = NULL;
  ssize_t len;

  /* Copy the origin symlink instead of performing the mount operation.  */
  len = safe_readlinkat (AT_FDCWD, mount->source, &target, 0, err);
  if (UNLIKELY (len < 0))
    return len;

  return safe_create_symlink (get_private_data (container)->rootfsfd, rootfs,
                              target, mount->destination, err);
}

static int
prepare_sysfs_or_proc_mount (libcrun_container_t *container, const char *target,
                             int *targetfd, libcrun_error_t *err)
{
  int ret;

  /* Enforce sysfs and proc to be mounted on a regular directory.  */
  ret = openat (get_private_data (container)->rootfsfd, target,
                O_CLOEXEC | O_NOFOLLOW | O_DIRECTORY);
  if (UNLIKELY (ret < 0))
    {
      if (errno == ENOENT)
        {
          if (strchr (target, '/'))
            return crun_make_error (err, 0, "invalid target `%s`: it must be mounted at the root", target);

          ret = mkdirat (get_private_data (container)->rootfsfd, target, 0755);
          if (UNLIKELY (ret < 0))
            return crun_make_error (err, errno, "mkdirat `%s`", target);

          /* Try opening it again.  */
          ret = openat (get_private_data (container)->rootfsfd, target,
                        O_CLOEXEC | O_NOFOLLOW | O_DIRECTORY);
        }
      else if (errno == ENOTDIR)
        return crun_make_error (err, errno, "the target `/%s` is invalid", target);

      if (ret < 0)
        return crun_make_error (err, errno, "open `%s`", target);
    }

  *targetfd = ret;
  return 0;
}

static int
handle_tmpcopyup (libcrun_container_t *container, const char *rootfs, const char *target,
                  int copy_from_fd, libcrun_error_t *err)
{
  int destfd, tmpfd, ret;

  destfd = safe_openat (get_private_data (container)->rootfsfd, rootfs, target,
                        O_CLOEXEC | O_DIRECTORY, 0, err);
  if (UNLIKELY (destfd < 0))
    return crun_error_wrap (err, "open `%s` to write for tmpcopyup", target);

  /* take ownership for the fd.  */
  tmpfd = get_and_reset (&copy_from_fd);

  ret = copy_recursive_fd_to_fd (tmpfd, destfd, target, target, err);
  close (destfd);
  close (tmpfd);

  return ret;
}

static int
get_mount_label_how (const char *type, bool is_sysfs_or_proc)
{
  if (is_sysfs_or_proc)
    return LABEL_NONE;

  if (strcmp (type, "mqueue") == 0)
    return LABEL_XATTR;

  return LABEL_MOUNT;
}

static int
process_single_mount (libcrun_container_t *container, const char *rootfs,
                      runtime_spec_schema_defs_mount *mount,
                      struct libcrun_fd_map *mount_fds, size_t mount_index,
                      const char *systemd_cgroup_v1, libcrun_error_t *err)
{
  const char *target = consume_slashes (mount->destination);
  cleanup_close int source_mountfd = -1;
  cleanup_free char *data = NULL;
  char *type;
  char *source;
  unsigned long flags = 0;
  unsigned long extra_flags = 0;
  mode_t src_mode = S_IFDIR;
  cleanup_close int copy_from_fd = -1;
  cleanup_close int targetfd = -1;
  bool mounted = false;
  bool is_sysfs_or_proc;
  uint64_t rec_clear = 0;
  uint64_t rec_set = 0;
  int ret;

  if (mount_fds)
    source_mountfd = get_and_reset (&(mount_fds->fds[mount_index]));

  type = mount->type;

  if (mount->options == NULL)
    flags = get_default_flags (container, mount->destination, &data);
  else
    {
      size_t j;

      for (j = 0; j < mount->options_len; j++)
        flags |= get_mount_flags_or_option (mount->options[j], flags, &extra_flags, &data, &rec_clear, &rec_set);
    }

  if (type == NULL && (flags & MS_BIND) == 0)
    return crun_make_error (err, 0, "invalid mount type for `%s`", mount->destination);

  if (flags & MS_BIND)
    {
      if (path_is_slash_dev (mount->destination))
        get_private_data (container)->mount_dev_from_host = true;
      /* It is used only for error messages.  */
      type = "bind";
    }
  is_sysfs_or_proc = strcmp (type, "sysfs") == 0 || strcmp (type, "proc") == 0;

  if (strcmp (type, "tmpfs") == 0)
    {
      ret = append_tmpfs_mode_if_missing (container, mount, &data, err);
      if (UNLIKELY (ret < 0))
        return ret;
    }

  if (mount->source && (flags & MS_BIND))
    {
      proc_fd_path_t proc_buf;
      const char *path = mount->source;

      /* If copy-symlink is provided, ignore the pre-opened file descriptor since its source was resolved.  */
      if (source_mountfd >= 0 && ! (extra_flags & OPTION_COPY_SYMLINK))
        {
          get_proc_self_fd_path (proc_buf, source_mountfd);
          path = proc_buf;
        }

      if ((extra_flags & OPTION_COPY_SYMLINK) && (extra_flags & (OPTION_SRC_NOFOLLOW | OPTION_DEST_NOFOLLOW)))
        return crun_make_error (err, 0, "`copy-symlink` is mutually exclusive with `src-nofollow` and `dest-nofollow`");

      /* Do not resolve the symlink only when src-nofollow and copy-symlink are used.  */
      ret = get_file_type (&src_mode, (extra_flags & (OPTION_SRC_NOFOLLOW | OPTION_COPY_SYMLINK)) ? true : false, path);
      if (UNLIKELY (ret < 0))
        return crun_make_error (err, errno, "cannot stat `%s`", path);

      if (S_ISLNK (src_mode) && (extra_flags & OPTION_DEST_NOFOLLOW) && source_mountfd < 0)
        {
          ret = get_bind_mount (AT_FDCWD, mount->source, true, true, extra_flags & OPTION_SRC_NOFOLLOW, err);
          if (UNLIKELY (ret < 0))
            return ret;

          source_mountfd = ret;
        }

      data = append_mode_if_missing (data, "mode=1755");
    }

  if (S_ISLNK (src_mode) && (extra_flags & OPTION_COPY_SYMLINK))
    {
      ret = handle_copy_symlink (container, rootfs, mount, err);
      if (UNLIKELY (ret < 0))
        return ret;

      mounted = true;
    }
  else if (is_sysfs_or_proc)
    {
      ret = prepare_sysfs_or_proc_mount (container, target, &targetfd, err);
      if (UNLIKELY (ret < 0))
        return ret;
    }
  else
    {
      bool is_dir = S_ISDIR (src_mode);

      if (extra_flags & OPTION_DEST_NOFOLLOW)
        {
          /* If dest-nofollow is specified, expect the target to exist.  */
          ret = safe_openat (get_private_data (container)->rootfsfd, rootfs, target, O_PATH | O_NOFOLLOW | O_CLOEXEC, 0, err);
          if (UNLIKELY (ret < 0))
            return ret;
          targetfd = ret;

          ret = check_valid_no_follow_file_system (targetfd, target, err);
          if (UNLIKELY (ret < 0))
            return ret;
        }
      else
        {
          /* Make sure any other directory/file is created and take a O_PATH reference to it.  */
          ret = crun_safe_create_and_open_ref_at (is_dir, get_private_data (container)->rootfsfd, rootfs, target, is_dir ? 01755 : 0755, err);
          if (UNLIKELY (ret < 0))
            return ret;
          targetfd = ret;
        }
    }

  if (extra_flags & OPTION_TMPCOPYUP)
    {
      if (strcmp (type, "tmpfs") != 0)
        return crun_make_error (err, 0, "tmpcopyup can be used only with tmpfs");

      /* targetfd is opened with O_PATH, reopen the fd so it can read.  */
      copy_from_fd = openat (targetfd, ".", O_CLOEXEC | O_RDONLY | O_DIRECTORY);
      if (UNLIKELY (copy_from_fd < 0))
        {
          if (errno != ENOTDIR)
            return crun_make_error (err, errno, "cannot reopen `%s`", target);
        }
    }

  source = mount->source ? mount->source : type;

  /* Check if there is already a mount for the requested file system.  */
  if (! mounted && source_mountfd >= 0)
    {

      ret = fs_move_mount_to (source_mountfd, targetfd, NULL);
      if (LIKELY (ret == 0))
        {
          /* Force no MS_BIND flag to not attempt again the bind mount.  */
          ret = do_mount (container, NULL, source_mountfd, target, NULL, flags & ~MS_BIND, data, LABEL_NONE, err);
          if (UNLIKELY (ret < 0))
            return ret;
          mounted = true;
        }
    }

  if (! mounted)
    {
      if (systemd_cgroup_v1 && strcmp (mount->destination, systemd_cgroup_v1) == 0)
        {
          /* Override the cgroup mount with a single named cgroup name=systemd.  */
          ret = do_mount_cgroup_systemd_v1 (container, source, targetfd, target, flags, err);
          if (UNLIKELY (ret < 0))
            return ret;
        }
      else if (strcmp (type, "cgroup") == 0)
        {
          ret = do_mount_cgroup (container, source, targetfd, target, flags, err);
          if (UNLIKELY (ret < 0))
            return ret;
        }
      else
        {
          int label_how = get_mount_label_how (type, is_sysfs_or_proc);

          ret = do_mount (container, source, targetfd, target, type, flags, data, label_how, err);
          if (UNLIKELY (ret < 0))
            return ret;
        }
    }

  if (copy_from_fd >= 0)
    {
      ret = handle_tmpcopyup (container, rootfs, target, copy_from_fd, err);
      if (UNLIKELY (ret < 0))
        return ret;
    }

  if (rec_clear || rec_set)
    {
      const bool is_dir = S_ISDIR (src_mode);
      cleanup_close int dfd = -1;

      dfd = safe_openat (get_private_data (container)->rootfsfd, rootfs, target, O_RDONLY | O_PATH | O_CLOEXEC | (is_dir ? O_DIRECTORY : 0), 0, err);
      if (UNLIKELY (dfd < 0))
        return crun_make_error (err, errno, "open mount target `/%s`", target);

      ret = do_mount_setattr (true, target, dfd, rec_clear, rec_set, err);
      if (UNLIKELY (ret < 0))
        return ret;
    }

  return 0;
}

static int
do_mounts (libcrun_container_t *container, const char *rootfs, libcrun_error_t *err)
{
  runtime_spec_schema_config_schema *def = container->container_def;
  const char *systemd_cgroup_v1 = get_force_cgroup_v1_annotation (container);
  cleanup_close_map struct libcrun_fd_map *mount_fds = NULL;
  size_t i;
  int ret;

  mount_fds = get_private_data (container)->mount_fds;
  get_private_data (container)->mount_fds = NULL;

  for (i = 0; i < def->mounts_len; i++)
    {
      ret = process_single_mount (container, rootfs, def->mounts[i], mount_fds, i, systemd_cgroup_v1, err);
      if (UNLIKELY (ret < 0))
        return ret;
    }
  return 0;
}

/*
 * libcrun_container_do_bind_mount
 *
 *  Allows external plugins and handlers to perform bind `mounts` on container.
 *  returns: 0 if successful anything else states `error` and configures `err` with relevant error.
 */
int
libcrun_container_do_bind_mount (libcrun_container_t *container, char *mount_source, char *mount_destination, char **mount_options, size_t mount_options_len, libcrun_error_t *err)
{
  const char *target = consume_slashes (mount_destination);
  cleanup_free char *data = NULL;
  unsigned long flags = 0;
  unsigned long extra_flags = 0;
  cleanup_close int targetfd = -1;
  int is_dir = 1;
  uint64_t rec_clear = 0;
  uint64_t rec_set = 0;
  const char *rootfs = get_private_data (container)->rootfs;
  int ret;

  if ((get_private_data (container)->rootfsfd < 0) || (rootfs == NULL))
    return crun_make_error (err, 0, "invalid rootfs state while performing bind mount from external plugin or handler");

  if (mount_options == NULL)
    flags = get_default_flags (container, mount_destination, &data);
  else
    {
      size_t j;

      for (j = 0; j < mount_options_len; j++)
        flags |= get_mount_flags_or_option (mount_options[j], flags, &extra_flags, &data, &rec_clear, &rec_set);
    }

  if (path_is_slash_dev (mount_destination))
    get_private_data (container)->mount_dev_from_host = true;

  if (mount_source && (flags & MS_BIND))
    {
      is_dir = crun_dir_p (mount_source, false, err);
      if (UNLIKELY (is_dir < 0))
        return is_dir;

      data = append_mode_if_missing (data, "mode=1755");
    }

  /* Make sure any other directory/file is created and take a O_PATH reference to it.  */
  ret = crun_safe_create_and_open_ref_at (is_dir, get_private_data (container)->rootfsfd, rootfs, target, is_dir ? 01755 : 0755, err);
  if (UNLIKELY (ret < 0))
    return ret;

  targetfd = ret;

  ret = do_mount (container, mount_source, targetfd, target, "bind", flags, data, LABEL_MOUNT, err);
  if (UNLIKELY (ret < 0))
    return ret;

  return 0;
}

/*
  Open a fd to the NOTIFY_SOCKET end on the host.  If CONTAINER is NULL, then CONTEXT
  is used to retrieve the path to the socket.
*/
int
get_notify_fd (libcrun_context_t *context, libcrun_container_t *container, int *notify_socket_out, libcrun_error_t *err)
{
#ifdef HAVE_SYSTEMD
  cleanup_close int notify_fd = -1;
  cleanup_free char *host_notify_socket_path = NULL;
  cleanup_free char *state_dir = NULL;
  char *host_path = NULL;
  int ret;

  if (container && get_private_data (container)->host_notify_socket_path)
    {
      const char *parent_dir;

      parent_dir = get_private_data (container)->host_notify_socket_path;

      ret = append_paths (&host_notify_socket_path, err, parent_dir, "notify", NULL);
      if (UNLIKELY (ret < 0))
        return ret;

      host_path = host_notify_socket_path;
    }

  *notify_socket_out = -1;

  if (host_path == NULL)
    {
      ret = libcrun_get_state_directory (&state_dir, context->state_root, context->id, err);
      if (UNLIKELY (ret < 0))
        return ret;

      ret = append_paths (&host_notify_socket_path, err, state_dir, "notify/notify", NULL);
      if (UNLIKELY (ret < 0))
        return ret;

      host_path = host_notify_socket_path;
    }

  notify_fd = open_unix_domain_socket (host_path, 1, err);
  if (UNLIKELY (notify_fd < 0))
    return notify_fd;

  if (UNLIKELY (chmod (host_path, 0777) < 0))
    return crun_make_error (err, errno, "chmod `%s`", host_path);

#  ifdef HAVE_FGETXATTR
  if (container && container->container_def->linux && container->container_def->linux->mount_label)
    {
      /* Ignore the error. The worst that can happen is that the container fails to notify it is ready.  */
      (void) setxattr (host_path, "security.selinux", container->container_def->linux->mount_label,
                       strlen (container->container_def->linux->mount_label), 0);
    }
#  endif

  *notify_socket_out = get_and_reset (&notify_fd);
  return 1;
#else
  (void) context;
  (void) container;
  (void) err;
  *notify_socket_out = -1;
  return 0;
#endif
}

#ifdef HAVE_SYSTEMD
static int
do_notify_socket (libcrun_container_t *container, const char *rootfs, libcrun_error_t *err)
{
  int ret;
  const char *notify_socket = container->context->notify_socket;
  cleanup_free char *host_notify_socket_path = NULL;
  cleanup_free char *container_notify_socket_path = NULL;
  cleanup_free char *state_dir = NULL;
  uid_t container_root_uid = -1;
  gid_t container_root_gid = -1;
  int notify_socket_tree_fd;

  if (notify_socket == NULL)
    return 0;

  ret = libcrun_get_state_directory (&state_dir,
                                     (container->context ? container->context->state_root : NULL),
                                     container->context->id, err);
  if (UNLIKELY (ret < 0))
    return ret;

  ret = append_paths (&container_notify_socket_path, err, rootfs, notify_socket, "notify", NULL);
  if (UNLIKELY (ret < 0))
    return ret;

  ret = append_paths (&host_notify_socket_path, err, state_dir, "notify", NULL);
  if (UNLIKELY (ret < 0))
    return ret;

  ret = mkdir (host_notify_socket_path, 0700);
  if (ret < 0)
    return crun_make_error (err, errno, "mkdir `%s`", host_notify_socket_path);

  if (get_private_data (container)->unshare_flags & CLONE_NEWUSER)
    {
      get_root_in_the_userns (container->container_def, 0, 0, &container_root_uid, &container_root_gid);
      if (container_root_uid != ((uid_t) -1) && container_root_gid != ((gid_t) -1))
        {
          ret = chown (host_notify_socket_path, container_root_uid, container_root_gid);
          if (UNLIKELY (ret < 0))
            return crun_make_error (err, errno, "chown `%s` to `%d:%d`", host_notify_socket_path, container_root_uid, container_root_gid);
        }
    }

  notify_socket_tree_fd = syscall_open_tree (AT_FDCWD, host_notify_socket_path, OPEN_TREE_CLONE | AT_RECURSIVE | OPEN_TREE_CLOEXEC);
  if (notify_socket_tree_fd >= 0)
    /* open_tree worked */
    get_private_data (container)->notify_socket_tree_fd = notify_socket_tree_fd;
  else if (errno == EPERM)
    /* this can happen when trying to run a rootless container; this function is called
       in the original namespace where the caller is _not_ CAP_SYS_ADMIN - in that case,
       do nothing, because the bind mount of host_notify_socket_path directly should succeed
       since it will be readable by the container user. */
    ;
  else if (errno == ENOSYS)
    /* if open_tree(2) is not available, do nothing; we will try mount(2) in do_finalize_notify_socket */
    ;
  else
    /* some other error */
    return crun_make_error (err, errno, "open_tree `%s`", host_notify_socket_path);

  get_private_data (container)->host_notify_socket_path = host_notify_socket_path;
  get_private_data (container)->container_notify_socket_path = container_notify_socket_path;
  host_notify_socket_path = container_notify_socket_path = NULL;
  return 0;
}
#endif

static int
do_finalize_notify_socket (libcrun_container_t *container, libcrun_error_t *err)
{
  int ret;
  cleanup_free char *host_notify_socket_path = NULL;
  cleanup_free char *container_notify_socket_path = NULL;
  cleanup_free char *container_notify_socket_path_dir_alloc = NULL;
  char *container_notify_socket_path_dir = NULL;
  cleanup_close int notify_socket_tree_fd = -1;
  int did_mount_with_move_mount = 0;

  host_notify_socket_path = get_private_data (container)->host_notify_socket_path;
  get_private_data (container)->host_notify_socket_path = NULL;

  container_notify_socket_path = get_private_data (container)->container_notify_socket_path;
  get_private_data (container)->container_notify_socket_path = NULL;

  if (host_notify_socket_path == NULL || container_notify_socket_path == NULL)
    return 0;

  container_notify_socket_path_dir_alloc = xstrdup (container_notify_socket_path);
  container_notify_socket_path_dir = dirname (container_notify_socket_path_dir_alloc);

  ret = crun_ensure_directory (container_notify_socket_path_dir, 0755, false, err);
  if (UNLIKELY (ret < 0))
    return ret;

  notify_socket_tree_fd = get_private_data (container)->notify_socket_tree_fd;
  /* the FD will be unconditionally closed at the end of this function due to cleanup_close above */
  get_private_data (container)->notify_socket_tree_fd = -1;

  if (notify_socket_tree_fd >= 0)
    {
      ret = syscall_move_mount (notify_socket_tree_fd, "", AT_FDCWD, container_notify_socket_path_dir,
                                MOVE_MOUNT_F_EMPTY_PATH);
      if (ret >= 0)
        /* if move_mount(2) worked, make sure we don't try mount(2) */
        did_mount_with_move_mount = 1;
      else if (errno == ENOSYS)
        /* do nothing; we will try mount(2) next */
        ;
      else
        return crun_make_error (err, errno, "move_mount `%d` to `%s`", notify_socket_tree_fd,
                                container_notify_socket_path_dir);
    }

  if (! did_mount_with_move_mount)
    {
      ret = do_mount (container, host_notify_socket_path, -1, container_notify_socket_path_dir, NULL,
                      MS_BIND | MS_REC | MS_PRIVATE, NULL, LABEL_MOUNT, err);
      if (UNLIKELY (ret < 0))
        return ret;
    }

  return 0;
}

static int
make_parent_mount_private (const char *rootfs, libcrun_error_t *err)
{
  cleanup_close int rootfsfd = -1;
  proc_fd_path_t proc_path;
  size_t n_slashes = 1;
  const char *it;

  for (it = rootfs; *it; it++)
    if (*it == '/')
      n_slashes++;

  /* rootfs could be a relative path.  */
  rootfsfd = open (rootfs, O_PATH | O_CLOEXEC);
  if (UNLIKELY (rootfsfd < 0))
    return crun_make_error (err, errno, "open `%s`", rootfs);

  /* prevent a potential infinite loop.  */
  while (n_slashes-- > 0)
    {
      int ret;
      errno = 0;
      cleanup_close int parentfd = -1;

      get_proc_self_fd_path (proc_path, rootfsfd);
      ret = mount (NULL, proc_path, NULL, MS_PRIVATE, NULL);
      if (ret == 0)
        return 0;

      parentfd = openat (rootfsfd, "..", O_PATH | O_CLOEXEC);
      if (parentfd < 0)
        {
          int saved_errno = errno;
          ret = faccessat (rootfsfd, "..", X_OK, AT_EACCESS);
          if (ret != 0)
            return crun_make_error (err, EACCES, "make `%s` private: a component is not accessible", rootfs);
          return crun_make_error (err, saved_errno, "make `%s` private: cannot open component", rootfs);
        }

      close_and_reset (&rootfsfd);
      rootfsfd = get_and_reset (&parentfd);
    }

  /* should never get this far.  */
  return crun_make_error (err, 0, "make `%s` private", rootfs);
}

int
libcrun_set_mounts (struct container_entrypoint_s *entrypoint_args, libcrun_container_t *container, const char *rootfs, set_mounts_cb_t cb, void *cb_data, libcrun_error_t *err)
{
  runtime_spec_schema_config_schema *def = container->container_def;
  unsigned long rootfs_propagation = 0;
  int cgroup_mode;
  int is_user_ns = 0;
  int ret = 0;

  if (rootfs == NULL || def->mounts == NULL)
    return 0;

  if (def->linux->rootfs_propagation)
    rootfs_propagation = get_mount_flags (def->linux->rootfs_propagation, 0, NULL, NULL, NULL, NULL);

  if ((rootfs_propagation & ALL_PROPAGATIONS_NO_REC) == 0)
    rootfs_propagation = MS_REC | MS_PRIVATE;

  get_private_data (container)->rootfs_propagation = rootfs_propagation;

  if (get_private_data (container)->unshare_flags & CLONE_NEWNS)
    {
      ret = do_mount (container, NULL, -1, "/", NULL, rootfs_propagation, NULL, LABEL_MOUNT, err);
      if (UNLIKELY (ret < 0))
        return ret;

      ret = make_parent_mount_private (rootfs, err);
      if (UNLIKELY (ret < 0))
        return ret;

      ret = do_mount (container, rootfs, -1, rootfs, NULL, MS_BIND | MS_REC | MS_PRIVATE, NULL, LABEL_MOUNT, err);
      if (UNLIKELY (ret < 0))
        return ret;
    }

  ret = open (rootfs, O_PATH | O_CLOEXEC);
  if (UNLIKELY (ret < 0))
    return crun_make_error (err, errno, "open `%s`", rootfs);

  get_private_data (container)->rootfsfd = ret;
  get_private_data (container)->rootfs = rootfs;

  // configure handler mounts
  ret = libcrun_container_notify_handler (entrypoint_args, HANDLER_CONFIGURE_MOUNTS, container, rootfs, err);
  if (UNLIKELY (ret < 0))
    return crun_make_error (err, errno, "failed configuring mounts for handler at phase: HANDLER_CONFIGURE_MOUNTS");

  if (def->root->readonly)
    {
      struct remount_s *r;
      unsigned long remount_flags = MS_REMOUNT | MS_BIND | MS_RDONLY;
      int fd;

      fd = dup (get_private_data (container)->rootfsfd);
      if (UNLIKELY (fd < 0))
        return crun_make_error (err, errno, "dup fd for `%s`", rootfs);

      r = make_remount (fd, rootfs, remount_flags, NULL, get_private_data (container)->remounts);
      get_private_data (container)->remounts = r;
    }

  cgroup_mode = libcrun_get_cgroup_mode (err);
  if (UNLIKELY (cgroup_mode < 0))
    return cgroup_mode;

  if (cgroup_mode == CGROUP_MODE_UNIFIED)
    {
      char *unified_cgroup_path = NULL;

      /* Read the cgroup path before we enter the cgroupns.  */
      ret = libcrun_get_cgroup_process (0, &unified_cgroup_path, true, err);
      if (UNLIKELY (ret < 0))
        return ret;

      get_private_data (container)->unified_cgroup_path = unified_cgroup_path;
    }

  ret = libcrun_container_enter_cgroup_ns (container, err);
  if (UNLIKELY (ret < 0))
    return ret;

  ret = do_mounts (container, rootfs, err);
  if (UNLIKELY (ret < 0))
    return ret;

  is_user_ns = (get_private_data (container)->unshare_flags & CLONE_NEWUSER);
  if (! is_user_ns)
    {
      is_user_ns = check_running_in_user_namespace (err);
      if (UNLIKELY (is_user_ns < 0))
        return is_user_ns;
    }

  if (! get_private_data (container)->mount_dev_from_host)
    {
      ret = create_missing_devs (container, is_user_ns ? true : false, err);
      if (UNLIKELY (ret < 0))
        return ret;
    }

  /* Notify the callback after all the mounts are ready but before making them read-only.  */
  if (cb)
    {
      ret = cb (cb_data, err);
      if (UNLIKELY (ret < 0))
        return ret;
    }

  ret = do_finalize_notify_socket (container, err);
  if (UNLIKELY (ret < 0))
    return ret;

  if (def->process && def->process->cwd)
    {
      libcrun_error_t tmp_err = NULL;
      const char *rel_cwd = consume_slashes (def->process->cwd);
      /* Ignore errors here and let it fail later.  */
      (void) crun_safe_ensure_directory_at (get_private_data (container)->rootfsfd, rootfs, rel_cwd, 0755, &tmp_err);
      crun_error_release (&tmp_err);
    }

  ret = do_masked_and_readonly_paths (container, err);
  if (UNLIKELY (ret < 0))
    return ret;

  return 0;
}

int
libcrun_finalize_mounts (struct container_entrypoint_s *entrypoint_args, libcrun_container_t *container, const char *rootfs, libcrun_error_t *err)
{
  int ret;

  ret = finalize_mounts (container, err);
  if (UNLIKELY (ret < 0))
    return ret;

  // configure handler mounts for phase: HANDLER_CONFIGURE_AFTER_MOUNTS
  ret = libcrun_container_notify_handler (entrypoint_args, HANDLER_CONFIGURE_AFTER_MOUNTS, container, rootfs, err);
  if (UNLIKELY (ret < 0))
    return crun_make_error (err, errno, "failed configuring mounts for handler at phase: HANDLER_CONFIGURE_AFTER_MOUNTS");

  close_and_reset (&(get_private_data (container)->rootfsfd));

  return 0;
}

static int
umount_or_hide (const char *target, libcrun_error_t *err)
{
  int ret;

  ret = umount2 (target, MNT_DETACH);
  if (UNLIKELY (ret < 0))
    {
      int saved_errno = errno;

      /* If the umount2 failed with EINVAL then the mount could
         be locked.  Hide it by mounting a tmpfs on top of it.  */
      if (errno == EINVAL)
        {
          ret = mount (NULL, target, "tmpfs", 0, "size=0k");
          if (LIKELY (ret == 0))
            return 0;
        }

      return crun_make_error (err, saved_errno, "umount `%s`", target);
    }

  return ret;
}

static int
move_root (const char *rootfs, libcrun_error_t *err)
{
  int ret;

  ret = chdir (rootfs);
  if (UNLIKELY (ret < 0))
    return crun_make_error (err, errno, "chdir to `%s`", rootfs);

  ret = umount_or_hide ("/sys", err);
  if (UNLIKELY (ret < 0))
    return ret;

  ret = umount_or_hide ("/proc", err);
  if (UNLIKELY (ret < 0))
    return ret;

  ret = mount (rootfs, "/", "", MS_MOVE, "");
  if (UNLIKELY (ret < 0))
    return crun_make_error (err, errno, "mount MS_MOVE to `/`");

  ret = chroot (".");
  if (UNLIKELY (ret < 0))
    return crun_make_error (err, errno, "chroot to `%s`", rootfs);

  ret = chdir ("/");
  if (UNLIKELY (ret < 0))
    return crun_make_error (err, errno, "chdir to `%s`", rootfs);

  return 0;
}

int
libcrun_do_pivot_root (libcrun_container_t *container, bool no_pivot, const char *rootfs, libcrun_error_t *err)
{
  int ret;
  if (get_private_data (container)->unshare_flags & CLONE_NEWNS)
    {
      if (no_pivot)
        {
          ret = move_root (rootfs, err);
          if (UNLIKELY (ret < 0))
            return ret;
        }
      else
        {
          ret = do_pivot (container, rootfs, err);
          if (UNLIKELY (ret < 0))
            return ret;
        }

      ret = do_mount (container, NULL, -1, "/", NULL, get_private_data (container)->rootfs_propagation, NULL,
                      LABEL_MOUNT, err);
      if (UNLIKELY (ret < 0))
        return ret;
    }
  else
    {
      ret = chroot (rootfs);
      if (UNLIKELY (ret < 0))
        return crun_make_error (err, errno, "chroot to `%s`", rootfs);
    }

  ret = chdir ("/");
  if (UNLIKELY (ret < 0))
    return crun_make_error (err, errno, "chdir to `/`");

  return 0;
}

/* If one of stdin, stdout, stderr are pointing to /dev/null on
 * the outside of the container, this moves it to /dev/null inside
 * of the container. This needs to run after pivot/chroot-ing. */
int
libcrun_reopen_dev_null (libcrun_error_t *err)
{
  struct stat dev_null;
  struct stat statbuf;
  cleanup_close int fd;
  int i;

  /* Open /dev/null inside of the container. */
  fd = open ("/dev/null", O_RDWR | O_CLOEXEC);
  if (UNLIKELY (fd == -1))
    return crun_make_error (err, errno, "open `/dev/null`");

  if (UNLIKELY (fstat (fd, &dev_null) == -1))
    return crun_make_error (err, errno, "stat `/dev/null`");

  for (i = 0; i <= 2; i++)
    {
      if (UNLIKELY (fstat (i, &statbuf) == -1))
        return crun_make_error (err, errno, "stat fd `%d`", i);
      if (statbuf.st_rdev == dev_null.st_rdev)
        {
          /* This FD is pointing to /dev/null. Point it to /dev/null inside
           * of the container. */
          if (UNLIKELY (dup2 (fd, i) == -1))
            return crun_make_error (err, errno, "dup2 `%d`", i);
        }
    }
  return 0;
}

static int
uidgidmap_helper (char *helper, pid_t pid, const char *map_file, libcrun_error_t *err)
{
#define MAX_ARGS 20
  char pid_fmt[16];
  char *args[MAX_ARGS + 1];
  char *next;
  cleanup_free char *map_file_copy = xstrdup (map_file);
  size_t nargs = 0;
  int ret;

  args[nargs++] = helper;

  ret = snprintf (pid_fmt, sizeof (pid_fmt), "%d", pid);
  if (UNLIKELY (ret >= (int) sizeof (pid_fmt)))
    return crun_make_error (err, 0, "internal error: static buffer too small");

  args[nargs++] = pid_fmt;
  next = map_file_copy;
  while (nargs < MAX_ARGS)
    {
      char *p = strsep (&next, " \n");
      if (next == NULL)
        break;
      args[nargs++] = p;
    }
  args[nargs++] = NULL;

  return run_process (args, err) ? -1 : 0;
}

static int
newgidmap (pid_t pid, const char *map_file, libcrun_error_t *err)
{
  return uidgidmap_helper ("newgidmap", pid, map_file, err);
}

static int
newuidmap (pid_t pid, const char *map_file, libcrun_error_t *err)
{
  return uidgidmap_helper ("newuidmap", pid, map_file, err);
}

static int
deny_setgroups (libcrun_container_t *container, pid_t pid, libcrun_error_t *err)
{
  int ret;
  cleanup_close int fd = -1;

  fd = libcrun_open_proc_pid_file (container, pid, "setgroups", O_WRONLY, err);
  if (UNLIKELY (fd < 0))
    return fd;

  ret = TEMP_FAILURE_RETRY (write (fd, "deny", 4));
  if (UNLIKELY (ret < 0))
    return crun_make_error (err, errno, "write to `/proc/%d/setgroups`", pid);

  get_private_data (container)->deny_setgroups = true;
  return 0;
}

static int
can_setgroups (libcrun_container_t *container, libcrun_error_t *err)
{
  int ret;
  cleanup_free char *content = NULL;

  if (get_private_data (container)->deny_setgroups)
    return 0;

  if (container->container_def->annotations)
    {
      const char *annotation;

      /* Skip setgroups if the annotation is set to anything different than "0".  */
      annotation = find_annotation (container, "run.oci.keep_original_groups");
      if (annotation)
        return strcmp (annotation, "0") == 0 ? 1 : 0;
    }

  {
    cleanup_close int fd = -1;
    fd = libcrun_open_proc_file (container, "self/setgroups", O_RDONLY, err);
    if (fd < 0)
      ret = fd;
    else
      ret = read_all_fd (fd, "self/setgroups", &content, NULL, err);
  }
  if (ret < 0)
    {
      /* If the file does not exist, then the kernel does not support /proc/self/setgroups and setgroups can always be used.  */
      if (crun_error_get_errno (err) == ENOENT)
        {
          crun_error_release (err);
          return 1;
        }
      return ret;
    }

  return strncmp (content, "deny", 4) == 0 ? 0 : 1;
}

int
libcrun_container_setgroups (libcrun_container_t *container,
                             runtime_spec_schema_config_schema_process *process,
                             libcrun_error_t *err)
{
  gid_t *additional_gids = NULL;
  size_t additional_gids_len = 0;
  int can_do_setgroups;
  int ret;

  if (process != NULL && process->user != NULL)
    {
      additional_gids = process->user->additional_gids;
      additional_gids_len = process->user->additional_gids_len;
    }

  can_do_setgroups = can_setgroups (container, err);
  if (UNLIKELY (can_do_setgroups < 0))
    return can_do_setgroups;

  if (can_do_setgroups == 0)
    return 0;

  ret = setgroups (additional_gids_len, additional_gids);
  if (UNLIKELY (ret < 0))
    return crun_make_error (err, errno, "setgroups");

  return 0;
}

int
libcrun_container_enter_cgroup_ns (libcrun_container_t *container, libcrun_error_t *err)
{
  if (get_private_data (container)->unshare_cgroupns)
    {
      int ret = unshare (CLONE_NEWCGROUP);
      if (UNLIKELY (ret < 0))
        {
          if (errno != EINVAL)
            return crun_make_error (err, errno, "unshare (CLONE_NEWCGROUP)");
        }
    }
  return 0;
}

// determine whether the uid/gid mappings only contain a single entry
// that maps the host uid/gid on the process->user->uid/gid
int
is_single_mapping (runtime_spec_schema_defs_id_mapping **mappings, size_t len,
                   uint32_t host_id, uint32_t container_id)
{
  if (len != 1)
    return 0;

  if (mappings[0]->size != 1)
    return 0;

  if (mappings[0]->container_id != container_id || mappings[0]->host_id != host_id)
    return 0;

  return 1;
}

int
libcrun_set_usernamespace (libcrun_container_t *container, pid_t pid, libcrun_error_t *err)
{
  cleanup_free char *uid_map = NULL;
  cleanup_free char *gid_map = NULL;
  size_t uid_map_len = 0, gid_map_len = 0;
  int ret = 0;
  runtime_spec_schema_config_schema *def = container->container_def;

  if ((get_private_data (container)->unshare_flags & CLONE_NEWUSER) == 0)
    return 0;

  if (def->linux->uid_mappings_len)
    {
      ret = format_mount_mappings (&uid_map, def->linux->uid_mappings, def->linux->uid_mappings_len, &uid_map_len, err);
      if (UNLIKELY (ret < 0))
        return ret;
    }
  else
    {
      ret = format_default_id_mapping (&uid_map, container->container_uid, container->host_uid, container->host_uid, 1, err);
      if (UNLIKELY (ret < 0))
        return ret;

      uid_map_len = (size_t) ret;
      if (uid_map == NULL)
        {
          ret = format_mount_mapping (&uid_map, 0, container->host_uid, container->host_uid + 1, &uid_map_len, err);
          if (UNLIKELY (ret < 0))
            return ret;
        }
    }

  if (def->linux->gid_mappings_len)
    {
      ret = format_mount_mappings (&gid_map, def->linux->gid_mappings, def->linux->gid_mappings_len, &gid_map_len, err);
      if (UNLIKELY (ret < 0))
        return ret;
    }
  else
    {
      ret = format_default_id_mapping (&gid_map, container->container_gid, container->host_uid, container->host_gid, 0, err);
      if (UNLIKELY (ret < 0))
        return ret;

      gid_map_len = (size_t) ret;
      if (gid_map == NULL)
        {
          ret = format_mount_mapping (&gid_map, 0, container->host_gid, container->host_gid + 1, &gid_map_len, err);
          if (UNLIKELY (ret < 0))
            return ret;
        }
    }

  if (container->host_uid)
    ret = newgidmap (pid, gid_map, err);
  if (container->host_uid == 0 || ret < 0)
    {
      if (ret < 0)
        {
          if (! def->linux->uid_mappings_len)
            libcrun_warning ("unable to invoke `newgidmap`, will try creating a user namespace with single mapping as an alternative");
          crun_error_release (err);
        }

      cleanup_close int gid_fd = -1;

      gid_fd = libcrun_open_proc_pid_file (container, pid, "gid_map", O_WRONLY, err);
      if (UNLIKELY (gid_fd < 0))
        return gid_fd;

      ret = safe_write (gid_fd, "gid_map", gid_map, gid_map_len, err);
      if (ret < 0 && (! def->linux->gid_mappings_len || is_single_mapping (def->linux->gid_mappings, def->linux->gid_mappings_len, container->host_gid, container->container_gid)))
        {
          size_t single_mapping_len;
          cleanup_free char *single_mapping = NULL;
          crun_error_release (err);

          ret = deny_setgroups (container, pid, err);
          if (UNLIKELY (ret < 0))
            return ret;

          ret = format_mount_mapping (&single_mapping, container->container_gid, container->host_gid, 1, &single_mapping_len, err);
          if (UNLIKELY (ret < 0))
            return ret;

          close_and_reset (&gid_fd);

          gid_fd = libcrun_open_proc_pid_file (container, pid, "gid_map", O_WRONLY, err);
          if (UNLIKELY (gid_fd < 0))
            return gid_fd;

          ret = safe_write (gid_fd, "gid_map", single_mapping, single_mapping_len, err);
        }
    }
  if (UNLIKELY (ret < 0))
    return ret;

  if (container->host_uid)
    ret = newuidmap (pid, uid_map, err);
  if (container->host_uid == 0 || ret < 0)
    {
      if (ret < 0)
        {
          if (! def->linux->uid_mappings_len)
            libcrun_warning ("unable to invoke `newuidmap`, will try creating a user namespace with single mapping as an alternative");
          crun_error_release (err);
        }

      cleanup_close int uid_fd = -1;

      uid_fd = libcrun_open_proc_pid_file (container, pid, "uid_map", O_WRONLY, err);
      if (UNLIKELY (uid_fd < 0))
        return uid_fd;

      ret = safe_write (uid_fd, "uid_map", uid_map, uid_map_len, err);
      if (ret < 0 && (! def->linux->uid_mappings_len || is_single_mapping (def->linux->uid_mappings, def->linux->uid_mappings_len, container->host_uid, container->container_uid)))
        {
          size_t single_mapping_len;
          cleanup_free char *single_mapping = NULL;
          crun_error_release (err);

          if (! get_private_data (container)->deny_setgroups)
            {
              ret = deny_setgroups (container, pid, err);
              if (UNLIKELY (ret < 0))
                return ret;
            }

          ret = format_mount_mapping (&single_mapping, container->container_uid, container->host_uid, 1, &single_mapping_len, err);
          if (UNLIKELY (ret < 0))
            return ret;

          close_and_reset (&uid_fd);

          uid_fd = libcrun_open_proc_pid_file (container, pid, "uid_map", O_WRONLY, err);
          if (UNLIKELY (uid_fd < 0))
            return uid_fd;

          ret = safe_write (uid_fd, "uid_map", single_mapping, single_mapping_len, err);
        }
    }
  if (UNLIKELY (ret < 0))
    return ret;

  return 0;
}

#define CAP_TO_MASK_0(x) (1L << ((x) & 31))
#define CAP_TO_MASK_1(x) CAP_TO_MASK_0 (x - 32)

struct all_caps_s
{
  unsigned long effective[2];
  unsigned long permitted[2];
  unsigned long inheritable[2];
  unsigned long ambient[2];
  unsigned long bounding[2];
};

static int
has_cap_on (int cap, long unsigned *caps)
{
  if (cap < 32)
    return CAP_TO_MASK_0 (cap) & caps[0];
  return (CAP_TO_MASK_1 (cap) & caps[1]);
}

static unsigned long cap_last_cap;

int
libcrun_init_caps (libcrun_container_t *container, libcrun_error_t *err)
{
  cleanup_close int fd = -1;
  int ret;
  char buffer[32];
  fd = libcrun_open_proc_file (container, "sys/kernel/cap_last_cap", O_RDONLY, err);
  if (fd < 0)
    return fd;
  ret = TEMP_FAILURE_RETRY (read (fd, buffer, sizeof (buffer) - 1));
  if (UNLIKELY (ret < 0))
    return crun_make_error (err, errno, "read from `/proc/sys/kernel/cap_last_cap`");
  buffer[ret] = '\0';

  errno = 0;
  cap_last_cap = strtoul (buffer, NULL, 10);
  if (errno != 0)
    return crun_make_error (err, errno, "strtoul `%s` from `/proc/sys/kernel/cap_last_cap`", buffer);
  return 0;
}

static int
set_required_caps (struct all_caps_s *caps, uid_t uid, gid_t gid, int no_new_privs, libcrun_error_t *err)
{
#ifdef HAVE_CAP
  unsigned long cap;
  int ret;
  struct __user_cap_header_struct hdr = { _LINUX_CAPABILITY_VERSION_3, 0 };
  struct __user_cap_data_struct data[2] = { { 0 } };

  if (cap_last_cap == 0)
    return crun_make_error (err, 0, "internal error: max number of capabilities not initialized");

  for (cap = 0; cap <= cap_last_cap; cap++)
    if (! has_cap_on (cap, caps->bounding))
      {
        ret = prctl (PR_CAPBSET_DROP, cap, 0, 0, 0);
        if (UNLIKELY (ret < 0 && ! (errno == EINVAL)))
          return crun_make_error (err, errno, "prctl drop bounding");
      }

  data[0].effective = caps->effective[0];
  data[1].effective = caps->effective[1];
  data[0].inheritable = caps->inheritable[0];
  data[1].inheritable = caps->inheritable[1];
  data[0].permitted = caps->permitted[0];
  data[1].permitted = caps->permitted[1];

  ret = prctl (PR_SET_KEEPCAPS, 1, 0, 0, 0);
  if (UNLIKELY (ret < 0))
    return crun_make_error (err, errno, "prctl set KEEPCAPS");

  ret = setresgid (gid, gid, gid);
  if (UNLIKELY (ret < 0))
    return crun_make_error (err, errno, "setresgid to `%d`", gid);

  ret = setresuid (uid, uid, uid);
  if (UNLIKELY (ret < 0))
    return crun_make_error (err, errno, "setresuid to `%d`", uid);

  ret = capset (&hdr, data);
  if (UNLIKELY (ret < 0))
    return crun_make_error (err, errno, "capset");

#  ifdef PR_CAP_AMBIENT
  ret = prctl (PR_CAP_AMBIENT, PR_CAP_AMBIENT_CLEAR_ALL, 0, 0, 0);
  if (UNLIKELY (ret < 0 && ! (errno == EINVAL || errno == EPERM)))
    return crun_make_error (err, errno, "prctl reset ambient");

  for (cap = 0; cap <= cap_last_cap; cap++)
    if (has_cap_on (cap, caps->ambient))
      {
        ret = prctl (PR_CAP_AMBIENT, PR_CAP_AMBIENT_RAISE, cap, 0, 0);
        if (UNLIKELY (ret < 0 && ! (errno == EINVAL || errno == EPERM)))
          return crun_make_error (err, errno, "prctl ambient raise");
      }
#  endif
#endif

  if (no_new_privs)
    if (UNLIKELY (prctl (PR_SET_NO_NEW_PRIVS, 1, 0, 0, 0) < 0))
      return crun_make_error (err, errno, "prctl set no new privs");

  return 0;
}

static int
read_caps (unsigned long caps[2], char **values, size_t len)
{
#ifdef HAVE_CAP
  size_t i;
  for (i = 0; i < len; i++)
    {
      cap_value_t cap;
      if (cap_from_name (values[i], &cap) < 0)
        {
          libcrun_warning ("unknown cap: `%s`", values[i]);
          continue;
        }
      if (cap < 32)
        caps[0] |= CAP_TO_MASK_0 (cap);
      else
        caps[1] |= CAP_TO_MASK_1 (cap);
    }
#else
  caps[0] = 0;
  caps[1] = 0;
#endif
  return 0;
}

int
libcrun_set_selinux_label (libcrun_container_t *container, runtime_spec_schema_config_schema_process *proc, bool now, libcrun_error_t *err)
{
  if (proc->selinux_label)
    return set_selinux_label (container, proc->selinux_label, now, err);

  return 0;
}

int
libcrun_set_apparmor_profile (libcrun_container_t *container, runtime_spec_schema_config_schema_process *proc, bool now, libcrun_error_t *err)
{
  if (proc->apparmor_profile)
    return set_apparmor_profile (container, proc->apparmor_profile, proc->no_new_privileges, now, err);
  return 0;
}

int
libcrun_set_caps (runtime_spec_schema_config_schema_process_capabilities *capabilities, uid_t uid, gid_t gid,
                  int no_new_privileges, libcrun_error_t *err)
{
  struct all_caps_s caps = {};

  if (capabilities)
    {
      read_caps (caps.effective, capabilities->effective, capabilities->effective_len);
      read_caps (caps.inheritable, capabilities->inheritable, capabilities->inheritable_len);
      read_caps (caps.ambient, capabilities->ambient, capabilities->ambient_len);
      read_caps (caps.bounding, capabilities->bounding, capabilities->bounding_len);
      read_caps (caps.permitted, capabilities->permitted, capabilities->permitted_len);
    }
  return set_required_caps (&caps, uid, gid, no_new_privileges, err);
}

struct rlimit_s
{
  const char *name;
  int value;
};

struct rlimit_s rlimits[] = { { "RLIMIT_AS", RLIMIT_AS },
                              { "RLIMIT_CORE", RLIMIT_CORE },
                              { "RLIMIT_CPU", RLIMIT_CPU },
                              { "RLIMIT_DATA", RLIMIT_DATA },
                              { "RLIMIT_FSIZE", RLIMIT_FSIZE },
                              { "RLIMIT_LOCKS", RLIMIT_LOCKS },
                              { "RLIMIT_MEMLOCK", RLIMIT_MEMLOCK },
                              { "RLIMIT_MSGQUEUE", RLIMIT_MSGQUEUE },
                              { "RLIMIT_NICE", RLIMIT_NICE },
                              { "RLIMIT_NOFILE", RLIMIT_NOFILE },
                              { "RLIMIT_NPROC", RLIMIT_NPROC },
                              { "RLIMIT_RSS", RLIMIT_RSS },
                              { "RLIMIT_RTPRIO", RLIMIT_RTPRIO },
                              { "RLIMIT_RTTIME", RLIMIT_RTTIME },
                              { "RLIMIT_SIGPENDING", RLIMIT_SIGPENDING },
                              { "RLIMIT_STACK", RLIMIT_STACK },
                              { NULL, 0 } };

static int
get_rlimit_resource (const char *name)
{
  struct rlimit_s *it;
  for (it = rlimits; it->name; it++)
    if (strcmp (it->name, name) == 0)
      return it->value;
  return -1;
}

int
libcrun_set_rlimits (runtime_spec_schema_config_schema_process_rlimits_element **new_rlimits, size_t len,
                     libcrun_error_t *err)
{
  size_t i;
  for (i = 0; i < len; i++)
    {
      struct rlimit limit;
      char *type = new_rlimits[i]->type;
      int resource = get_rlimit_resource (type);
      if (UNLIKELY (resource < 0))
        return crun_make_error (err, 0, "invalid rlimit `%s`", type);
      limit.rlim_cur = new_rlimits[i]->soft;
      limit.rlim_max = new_rlimits[i]->hard;
      libcrun_debug ("Set rlimit: soft = `%llu`, hard = `%llu`",
                     (unsigned long long) limit.rlim_cur,
                     (unsigned long long) limit.rlim_max);
      if (UNLIKELY (setrlimit (resource, &limit) < 0))
        return crun_make_error (err, errno, "setrlimit `%s`", type);
    }
  return 0;
}

int
libcrun_set_hostname (libcrun_container_t *container, libcrun_error_t *err)
{
  runtime_spec_schema_config_schema *def = container->container_def;
  int has_uts = get_private_data (container)->unshare_flags & CLONE_NEWUTS;
  int ret;
  if (def->hostname == NULL || def->hostname[0] == '\0')
    return 0;
  if (! has_uts)
    return crun_make_error (err, 0, "hostname requires the UTS namespace");
  ret = sethostname (def->hostname, strlen (def->hostname));
  if (UNLIKELY (ret < 0))
    return crun_make_error (err, errno, "sethostname");
  return 0;
}

int
libcrun_set_domainname (libcrun_container_t *container, libcrun_error_t *err)
{
  runtime_spec_schema_config_schema *def = container->container_def;
  int has_uts = get_private_data (container)->unshare_flags & CLONE_NEWUTS;
  int ret;
  if (is_empty_string (def->domainname))
    return 0;
  if (! has_uts)
    return crun_make_error (err, 0, "domainname requires the UTS namespace");
  ret = setdomainname (def->domainname, strlen (def->domainname));
  if (UNLIKELY (ret < 0))
    return crun_make_error (err, errno, "setdomainname");
  return 0;
}

int
libcrun_set_oom (libcrun_container_t *container, libcrun_error_t *err)
{
  runtime_spec_schema_config_schema *def = container->container_def;
  cleanup_close int fd = -1;
  int ret;
  char oom_buffer[16];
  if (def->process == NULL || ! def->process->oom_score_adj_present)
    return 0;
  libcrun_debug ("Write OOM score adj: `%d`", def->process->oom_score_adj);

  ret = snprintf (oom_buffer, sizeof (oom_buffer), "%i", def->process->oom_score_adj);
  if (UNLIKELY (ret >= (int) sizeof (oom_buffer)))
    return crun_make_error (err, 0, "internal error: static buffer too small");

  fd = libcrun_open_proc_file (container, "self/oom_score_adj", O_RDWR, err);
  if (fd < 0)
    return fd;
  ret = TEMP_FAILURE_RETRY (write (fd, oom_buffer, strlen (oom_buffer)));
  if (ret < 0)
    return crun_make_error (err, errno, "write to `/proc/self/oom_score_adj`");
  return 0;
}

const char *sysctlRequiringIPC[] = {
  "kernel/msgmax",
  "kernel/msgmnb",
  "kernel/msgmni",
  "kernel/sem",
  "kernel/shmall",
  "kernel/shmmax",
  "kernel/shmmni",
  "kernel/shm_rmid_forced",
  NULL
};

static int
validate_sysctl (const char *original_key, const char *original_value, const char *name, unsigned long namespaces_created, runtime_spec_schema_config_schema *def, libcrun_error_t *err)
{
  const char *namespace = "";

  name = consume_slashes (name);

  if (has_prefix (name, "fs/mqueue/"))
    {
      if (namespaces_created & CLONE_NEWIPC)
        return 0;

      namespace = "IPC";
      goto fail;
    }

  if (has_prefix (name, "kernel/"))
    {
      size_t i;

      for (i = 0; sysctlRequiringIPC[i]; i++)
        if (strcmp (sysctlRequiringIPC[i], name) == 0)
          {
            if (namespaces_created & CLONE_NEWIPC)
              return 0;

            namespace = "IPC";
            goto fail;
          }

      if (strcmp (name, "kernel/domainname") == 0)
        {
          // Value of sysctl `kernel/domainname` is going to
          // conflict with already set field `domainname` in
          // OCI spec, in such scenario crun will fail to prevent
          // unexpected behaviour for end user.
          if (! is_empty_string (def->domainname) && (strcmp (original_value, def->domainname) != 0))
            return crun_make_error (err, 0, "the sysctl `%s` conflicts with OCI field `domainname`", original_key);

          if (namespaces_created & CLONE_NEWUTS)
            return 0;

          namespace = "UTS";
          goto fail;
        }

      if (strcmp (name, "kernel/hostname") == 0)
        return crun_make_error (err, 0, "the sysctl `%s` conflicts with OCI field `hostname`", original_key);
    }
  if (has_prefix (name, "net/"))
    {
      if (namespaces_created & CLONE_NEWNET)
        return 0;

      namespace = "network";
      goto fail;
    }

  return crun_make_error (err, 0, "the sysctl `%s` is not namespaced", original_key);

fail:
  return crun_make_error (err, 0, "the sysctl `%s` requires a new %s namespace", original_key, namespace);
}

/* Best-effort attempt to give a better explanation why setting a sysctl could have failed. */
static char *
sysctl_error_reason (const char *name, int namespaces_created, int errno_)
{

  if (strcmp (name, "net.ipv4.ping_group_range") == 0 && (errno_ == EINVAL) && (namespaces_created & CLONE_NEWUSER))
    return xstrdup ("are all the IDs mapped in the user namespace?");

  return NULL;
}

int
libcrun_set_sysctl (libcrun_container_t *container, libcrun_error_t *err)
{
  size_t i;
  cleanup_close int dirfd = -1;
  unsigned long namespaces_created = 0;
  runtime_spec_schema_config_schema *def = container->container_def;

  if (def->linux == NULL || def->linux->sysctl == NULL || def->linux->sysctl->len == 0)
    return 0;

  for (i = 0; i < def->linux->namespaces_len; i++)
    {
      int value;

      value = libcrun_find_namespace (def->linux->namespaces[i]->type);
      if (UNLIKELY (value < 0))
        return crun_make_error (err, 0, "invalid namespace type: `%s`", def->linux->namespaces[i]->type);

      namespaces_created |= value;
    }

  get_private_data (container);
  dirfd = libcrun_open_proc_file (container, "sys", O_DIRECTORY | O_PATH, err);
  if (UNLIKELY (dirfd < 0))
    return dirfd;

  for (i = 0; i < def->linux->sysctl->len; i++)
    {
      cleanup_free char *name = NULL;
      cleanup_close int fd = -1;
      int ret;
      char *it;

      name = xstrdup (def->linux->sysctl->keys[i]);
      for (it = name; *it; it++)
        if (*it == '.')
          *it = '/';

      ret = validate_sysctl (def->linux->sysctl->keys[i], def->linux->sysctl->values[i], name, namespaces_created, def, err);
      if (UNLIKELY (ret < 0))
        return ret;

      fd = openat (dirfd, name, O_WRONLY | O_CLOEXEC);
      if (UNLIKELY (fd < 0))
        return crun_make_error (err, errno, "open `/proc/sys/%s`", name);

      ret = TEMP_FAILURE_RETRY (write (fd, def->linux->sysctl->values[i], strlen (def->linux->sysctl->values[i])));
      if (UNLIKELY (ret < 0))
        {
          cleanup_free char *reason = NULL;

          reason = sysctl_error_reason (def->linux->sysctl->keys[i], namespaces_created, errno);
          return crun_make_error (err, errno, "write to `/proc/sys/%s`%s%s%s", name, reason ? " (" : "", reason ?: "", reason ? ")" : "");
        }
    }
  return 0;
}

static int
open_terminal (char **pty, runtime_spec_schema_config_schema_process *process, libcrun_error_t *err)
{
  cleanup_close int fd = -1;
  uid_t uid = 0;
  int ret;

  if (process && process->user)
    uid = process->user->uid;

  fd = libcrun_new_terminal (pty, err);
  if (UNLIKELY (fd < 0))
    return fd;

  ret = libcrun_set_stdio (*pty, err);
  if (UNLIKELY (ret < 0))
    return ret;

  if (uid)
    {
      ret = chown (*pty, uid, -1);
      if (UNLIKELY (ret < 0))
        return crun_make_error (err, errno, "chown `%s`", *pty);
    }

  ret = get_and_reset (&fd);
  return ret;
}

char *
libcrun_get_external_descriptors (libcrun_container_t *container)
{
  return get_private_data (container)->external_descriptors;
}

int
libcrun_save_external_descriptors (libcrun_container_t *container, pid_t pid, libcrun_error_t *err)
{
  const unsigned char *buf = NULL;
  yajl_gen gen = NULL;
  size_t buf_len;
  int ret;
  int i;

  gen = yajl_gen_alloc (NULL);
  if (gen == NULL)
    return crun_make_error (err, errno, "yajl_gen_alloc");

  ret = yajl_gen_array_open (gen);
  if (UNLIKELY (ret != yajl_gen_status_ok))
    goto yajl_error;

  /* Remember original stdin, stdout, stderr for container restore.  */
  for (i = 0; i < 3; i++)
    {
      proc_fd_path_t fd_path;
      char link_path[PATH_MAX];

      get_proc_fd_path (fd_path, pid, i);

      ret = readlink (fd_path, link_path, PATH_MAX - 1);
      if (UNLIKELY (ret < 0))
        {
          /* The fd could not exist.  */
          if (errno == ENOENT)
            {
              strcpy (link_path, "/dev/null");
              ret = 9; /* strlen ("/dev/null").  */
            }
          else
            {
              yajl_gen_free (gen);
              return crun_make_error (err, errno, "readlink `%s`", fd_path);
            }
        }
      link_path[ret] = 0;

      ret = yajl_gen_string (gen, YAJL_STR (link_path), ret);
      if (UNLIKELY (ret != yajl_gen_status_ok))
        goto yajl_error;
    }

  ret = yajl_gen_array_close (gen);
  if (UNLIKELY (ret != yajl_gen_status_ok))
    goto yajl_error;

  ret = yajl_gen_get_buf (gen, &buf, &buf_len);
  if (UNLIKELY (ret != yajl_gen_status_ok))
    goto yajl_error;

  if (buf)
    {
      char *b = xmalloc (buf_len + 1);
      memcpy (b, buf, buf_len);
      b[buf_len] = '\0';
      get_private_data (container)->external_descriptors = b;
    }

  yajl_gen_free (gen);

  return 0;

yajl_error:
  if (gen)
    yajl_gen_free (gen);
  return yajl_error_to_crun_error (ret, err);
}

int
libcrun_set_terminal (libcrun_container_t *container, libcrun_error_t *err)
{
  runtime_spec_schema_config_schema *def = container->container_def;
  cleanup_free char *pty = NULL;
  cleanup_close int fd = -1;
  int ret;

  if (def->process == NULL || ! def->process->terminal)
    return 0;

  fd = open_terminal (&pty, def->process, err);
  if (UNLIKELY (fd < 0))
    return fd;

  if (def->process->console_size)
    {
      ret = libcrun_terminal_setup_size (0, def->process->console_size->height, def->process->console_size->width, err);
      if (UNLIKELY (ret < 0))
        return ret;
    }

  if (get_private_data (container)->mount_dev_from_host)
    {
      ret = do_mount (container, pty, -1, "/dev/console", NULL, MS_BIND, NULL, LABEL_MOUNT, err);
      if (UNLIKELY (ret < 0))
        return ret;
    }
  else
    {
      ret = unlink ("/dev/console");
      if (UNLIKELY (ret < 0 && errno != ENOENT))
        return crun_make_error (err, errno, "unlink `/dev/console`");

      ret = symlink (pty, "/dev/console");
      if (UNLIKELY (ret < 0))
        return crun_make_error (err, errno, "symlink `/dev/console` -> `%s`", pty);
    }

  return get_and_reset (&fd);
}

static bool
read_error_from_sync_socket (int sync_socket_fd, int *error, char **str)
{
  cleanup_free char *b = NULL;
  size_t size;
  int code;
  int ret;

  if (*error == 0)
    {
      ret = TEMP_FAILURE_RETRY (read (sync_socket_fd, &code, sizeof (code)));
      if (UNLIKELY (ret < 0))
        return false;
      *error = code;
    }

  ret = TEMP_FAILURE_RETRY (read (sync_socket_fd, &size, sizeof (size)));
  if (UNLIKELY (ret < 0))
    return false;

  if (size == 0)
    return false;

  if (size > 1024)
    size = 1024;

  b = xmalloc (size + 1);
  ret = TEMP_FAILURE_RETRY (read (sync_socket_fd, b, size));
  if (UNLIKELY (ret < 0))
    return false;

  b[ret] = '\0';

  *str = b;
  b = NULL;
  return true;
}

static bool
send_error_to_sync_socket (int sync_socket_fd, bool has_fd, libcrun_error_t *err)
{
  size_t size;
  int ret;
  int code;
  char *msg;

  if (err == NULL || *err == NULL)
    return false;

  code = crun_error_get_errno (err);

  if (has_fd)
    {
      /* dummy terminal fd.  */
      ret = TEMP_FAILURE_RETRY (write (sync_socket_fd, "1", 1));
      if (UNLIKELY (ret < 0))
        return false;
    }

  ret = TEMP_FAILURE_RETRY (write (sync_socket_fd, &code, sizeof (code)));
  if (UNLIKELY (ret < 0))
    return false;

  msg = (*err)->msg;
  size = strlen (msg) + 1;
  ret = TEMP_FAILURE_RETRY (write (sync_socket_fd, &size, sizeof (size)));
  if (UNLIKELY (ret < 0))
    return false;

  ret = TEMP_FAILURE_RETRY (write (sync_socket_fd, msg, size));
  if (UNLIKELY (ret < 0))
    return false;

  return true;
}

static inline int
send_success_to_sync_socket (int sync_socket, libcrun_error_t *err)
{
  const int success = 0;
  int ret;

  ret = TEMP_FAILURE_RETRY (write (sync_socket, &success, sizeof (success)));
  if (UNLIKELY (ret < 0))
    return crun_make_error (err, errno, "write to sync socket");

  return 0;
}

static __attribute__ ((noreturn)) void
send_error_to_sync_socket_and_die (int sync_socket_fd, bool has_terminal, libcrun_error_t *err)
{
  char *msg;

  if (err == NULL || *err == NULL)
    _safe_exit (EXIT_FAILURE);

  if (! send_error_to_sync_socket (sync_socket_fd, has_terminal, err))
    {
      errno = crun_error_get_errno (err);
      msg = (*err)->msg;
      libcrun_fail_with_error (errno, "%s", msg);
    }
  _safe_exit (EXIT_FAILURE);
}

static int
expect_success_from_sync_socket (int sync_fd, libcrun_error_t *err)
{
  cleanup_free char *err_str = NULL;
  int res = 1;
  int ret;

  ret = TEMP_FAILURE_RETRY (read (sync_fd, &res, sizeof (res)));
  if (UNLIKELY (ret != sizeof (res)))
    return crun_make_error (err, errno, "read status from sync socket");

  if (res == 0)
    return 0;

  if (read_error_from_sync_socket (sync_fd, &res, &err_str))
    {
      if (! is_empty_string (err_str))
        return crun_make_error (err, res, "%s", err_str);
    }

  return crun_make_error (err, res, "read from sync socket");
}

static int
join_namespaces (runtime_spec_schema_config_schema *def, int *namespaces_to_join, int n_namespaces_to_join,
                 int *namespaces_to_join_index, bool ignore_join_errors, libcrun_error_t *err)
{
  int ret;
  int i;

  for (i = 0; i < n_namespaces_to_join; i++)
    {
      cleanup_free char *cwd = NULL;
      int orig_index = namespaces_to_join_index[i];
      int value;

      if (namespaces_to_join[i] < 0)
        continue;

      /* Skip the user namespace.  */
      value = libcrun_find_namespace (def->linux->namespaces[orig_index]->type);
      if (value == CLONE_NEWUSER)
        continue;

      if (value == CLONE_NEWNS)
        {
          cwd = getcwd (NULL, 0);
          if (UNLIKELY (cwd == NULL))
            return crun_make_error (err, errno, "getcwd");
        }

      libcrun_debug ("Joining `%s` namespace: `%s`", def->linux->namespaces[orig_index]->type, def->linux->namespaces[orig_index]->path);
      ret = setns (namespaces_to_join[i], value);
      if (UNLIKELY (ret < 0))
        {
          if (ignore_join_errors)
            continue;
          return crun_make_error (err, errno, "setns `%s`", def->linux->namespaces[orig_index]->path);
        }

      close_and_reset (&namespaces_to_join[i]);

      if (value == CLONE_NEWNS)
        {
          ret = chdir (cwd);
          if (UNLIKELY (ret < 0))
            return crun_make_error (err, errno, "chdir `%s`", cwd);
        }
    }
  return 0;
}

#define MAX_NAMESPACES 10

struct init_status_s
{
  /* fd to the namespace to join.  */
  int fd[MAX_NAMESPACES + 1];
  /* Index into def->linux->namespaces.  */
  int index[MAX_NAMESPACES];
  /* CLONE_* value.  */
  int value[MAX_NAMESPACES];
  /* How many namespaces to join.  */
  size_t fd_len;

  bool join_pidns;
  bool join_ipcns;

  /* Must create the user namespace after joining
     some existing namespaces.  */
  bool delayed_userns_create;

  /* Need to fork again once in the container.  */
  bool must_fork;

  /* fd index for userns.  */
  int userns_index;
  /* def->linux->namespaces userns.  */
  int userns_index_origin;

  /* All namespaces created/joined by the container.  */
  int all_namespaces;

  /* What namespaces are still missing to be created.  */
  int namespaces_to_unshare;

  /* Index in fd[] for the pidns that must be joined before any
     other namespace.  */
  int idx_pidns_to_join_immediately;

  /* Index in fd[] for the timens that must be joined before any
     other namespace.  */
  int idx_timens_to_join_immediately;
};

void
cleanup_free_init_statusp (struct init_status_s *ns)
{
  size_t i;

  if (ns == NULL)
    return;

  for (i = 0; i < ns->fd_len; i++)
    TEMP_FAILURE_RETRY (close (ns->fd[i]));
}

static int
configure_init_status (struct init_status_s *ns, libcrun_container_t *container, libcrun_error_t *err)
{
  runtime_spec_schema_config_schema *def = container->container_def;
  size_t i;

  for (i = 0; i < MAX_NAMESPACES + 1; i++)
    ns->fd[i] = -1;

  ns->fd_len = 0;
  ns->all_namespaces = 0;
  ns->namespaces_to_unshare = 0;
  ns->join_pidns = false;
  ns->join_ipcns = false;
  ns->must_fork = false;
  ns->delayed_userns_create = false;
  ns->userns_index = -1;
  ns->userns_index_origin = -1;
  ns->idx_pidns_to_join_immediately = -1;
  ns->idx_timens_to_join_immediately = -1;

  for (i = 0; i < def->linux->namespaces_len; i++)
    {
      int value = libcrun_find_namespace (def->linux->namespaces[i]->type);
      if (UNLIKELY (value < 0))
        return crun_make_error (err, 0, "invalid namespace type: `%s`", def->linux->namespaces[i]->type);

      if (ns->all_namespaces & value)
        return crun_make_error (err, 0, "duplicate namespace type: `%s`", def->linux->namespaces[i]->type);

      ns->all_namespaces |= value;

      if (def->linux->namespaces[i]->path == NULL)
        {
          libcrun_debug ("Unsharing namespace: `%s`", def->linux->namespaces[i]->type);
          ns->namespaces_to_unshare |= value;
        }
      else
        {
          int fd;

          libcrun_debug ("Joining `%s` namespace: `%s`", def->linux->namespaces[i]->type, def->linux->namespaces[i]->path);

          if (ns->fd_len >= MAX_NAMESPACES)
            return crun_make_error (err, 0, "too many namespaces to join");

          fd = open (def->linux->namespaces[i]->path, O_RDONLY | O_CLOEXEC);
          if (UNLIKELY (fd < 0))
            return crun_make_error (err, errno, "open `%s`", def->linux->namespaces[i]->path);

          if (value == CLONE_NEWUSER)
            {
              ns->userns_index = ns->fd_len;
              ns->userns_index_origin = i;
            }

          ns->fd[ns->fd_len] = fd;
          ns->index[ns->fd_len] = i;
          ns->value[ns->fd_len] = value;
          ns->fd_len++;
          ns->fd[ns->fd_len] = -1;
        }
    }

  if (container->host_uid && (ns->all_namespaces & CLONE_NEWUSER) == 0)
    {
      libcrun_warning ("non root user need to have an 'user' namespace");
      ns->all_namespaces |= CLONE_NEWUSER;
      ns->namespaces_to_unshare |= CLONE_NEWUSER;
    }

  return 0;
}

/* Detect if root is available in the container.  */
static bool
root_mapped_in_container_p (runtime_spec_schema_defs_id_mapping **mappings, size_t len)
{
  size_t i;

  for (i = 0; i < len; i++)
    if (mappings[i]->container_id == 0)
      return true;

  return false;
}

static struct libcrun_fd_map *
get_devices_fd_map (libcrun_container_t *container)
{
  struct libcrun_fd_map *dev_fds = get_private_data (container)->dev_fds;

  if (dev_fds == NULL)
    {
      runtime_spec_schema_config_schema *def = container->container_def;
      size_t len = def->linux ? def->linux->devices_len : 0;

      dev_fds = make_libcrun_fd_map (len);
      get_private_data (container)->dev_fds = dev_fds;
    }
  return dev_fds;
}

static struct libcrun_fd_map *
get_fd_map (libcrun_container_t *container)
{
  struct libcrun_fd_map *mount_fds = get_private_data (container)->mount_fds;

  if (mount_fds == NULL)
    {
      runtime_spec_schema_config_schema *def = container->container_def;
      mount_fds = make_libcrun_fd_map (def->mounts_len);
      get_private_data (container)->mount_fds = mount_fds;
    }
  return mount_fds;
}

bool
is_bind_mount (runtime_spec_schema_defs_mount *mnt, bool *recursive, bool *src_nofollow)
{
  bool ret = false;
  size_t i;

  if (src_nofollow == NULL)
    *src_nofollow = false;

  for (i = 0; i < mnt->options_len; i++)
    {
      if (strcmp (mnt->options[i], "bind") == 0)
        {
          if (recursive)
            *recursive = false;

          ret = true;

          /* if src_nofollow is not specified, or already found, shortcut.  */
          if (src_nofollow == NULL || *src_nofollow)
            break;
        }
      if (strcmp (mnt->options[i], "rbind") == 0)
        {
          if (recursive)
            *recursive = true;

          ret = true;

          /* if src_nofollow is not specified, or already found, shortcut.  */
          if (src_nofollow == NULL || *src_nofollow)
            break;
        }
      if (src_nofollow && strcmp (mnt->options[i], "src-nofollow") == 0)
        *src_nofollow = true;
    }
  return ret;
}

static char *
get_idmapped_option (runtime_spec_schema_defs_mount *mnt, bool *recursive)
{
  size_t i;

  for (i = 0; i < mnt->options_len; i++)
    {
      if (has_prefix (mnt->options[i], "idmap"))
        {
          *recursive = false;
          return mnt->options[i];
        }
      if (has_prefix (mnt->options[i], "ridmap"))
        {
          *recursive = true;
          return mnt->options[i];
        }
    }
  return NULL;
}

static int
open_mount_of_type (runtime_spec_schema_defs_mount *mnt, int *out_fd, libcrun_error_t *err)
{
  cleanup_close int fsopen_fd = -1;
  cleanup_close int newfs_fd = -1;
  int ret;

  fsopen_fd = syscall_fsopen (mnt->type, FSOPEN_CLOEXEC);
  if (UNLIKELY (fsopen_fd < 0))
    return crun_make_error (err, errno, "fsopen `%s`", mnt->type);

  ret = syscall_fsconfig (fsopen_fd, FSCONFIG_CMD_CREATE, NULL, NULL, 0);
  if (UNLIKELY (ret < 0))
    return crun_make_error (err, errno, "fsconfig create `%s`", mnt->type);

  newfs_fd = syscall_fsmount (fsopen_fd, FSMOUNT_CLOEXEC, 0);
  if (UNLIKELY (newfs_fd < 0))
    return crun_make_error (err, errno, "fsmount `%s`", mnt->type);

  *out_fd = get_and_reset (&newfs_fd);
  return 0;
}

static int
maybe_get_idmapped_mount (libcrun_container_t *container, runtime_spec_schema_config_schema *def, runtime_spec_schema_defs_mount *mnt, pid_t pid, int *out_fd, bool *has_mappings_out, libcrun_error_t *err)
{
  cleanup_close int newfs_fd = -1;
  cleanup_pid pid_t created_pid = -1;
  struct mount_attr_s attr = {
    0,
  };
  bool recursive_bind_mount = false;
  cleanup_close int fd = -1;
  const char *idmap_option;
  bool recursive = false;
  const char *options = NULL;
  bool has_mappings;
  int ret;
  char *extra_msg = "";
  bool nofollow = false;

  *out_fd = -1;

  idmap_option = get_idmapped_option (mnt, &recursive);

  has_mappings = mnt->uid_mappings_len > 0 || mnt->gid_mappings_len > 0 || (idmap_option != NULL);
  if (has_mappings_out)
    *has_mappings_out = has_mappings;
  if (! has_mappings)
    return 0;

  if ((mnt->uid_mappings == NULL) != (mnt->gid_mappings == NULL))
    return crun_make_error (err, 0, "invalid mappings specified for the mount on `%s`", mnt->destination);

  /* If there are options specified, create a new user namespace with the configured mappings.  */
  if (idmap_option)
    {
      options = strchr (idmap_option, '=');
      if (options)
        {
          /* Skip the '=' itself.  */
          options++;
          if (options[0] == '\0')
            options = NULL;
        }
    }

  ret = maybe_create_userns_for_idmapped_mount (container, def, mnt, options, &created_pid, err);
  if (UNLIKELY (ret < 0))
    return ret;
  if (created_pid > 0)
    pid = created_pid;

  fd = libcrun_open_proc_pid_file (container, pid, "ns/user", O_RDONLY, err);
  if (UNLIKELY (fd < 0))
    return fd;

  if (is_bind_mount (mnt, &recursive_bind_mount, &nofollow))
    {
      newfs_fd = syscall_open_tree (-1, mnt->source, (recursive_bind_mount ? AT_RECURSIVE : 0) | AT_NO_AUTOMOUNT | (nofollow ? AT_SYMLINK_NOFOLLOW : 0) | OPEN_TREE_CLOEXEC | OPEN_TREE_CLONE);
      if (UNLIKELY (newfs_fd < 0))
        return crun_make_error (err, errno, "open `%s`", mnt->source);
    }
  else
    {
      ret = open_mount_of_type (mnt, &newfs_fd, err);
      if (UNLIKELY (ret < 0))
        return ret;
    }

  attr.attr_set = MOUNT_ATTR_IDMAP;
  attr.userns_fd = fd;

  ret = syscall_mount_setattr (newfs_fd, "", AT_EMPTY_PATH | (recursive ? AT_RECURSIVE : 0), &attr);
  if (UNLIKELY (ret < 0))
    {
      if (errno == EINVAL)
        {
          extra_msg = " (maybe the file system used doesn't support idmap mounts on this kernel?)";
        }
      return crun_make_error (err, errno, "mount_setattr `%s`%s", mnt->destination, extra_msg);
    }

  *out_fd = get_and_reset (&newfs_fd);
  return 0;
}

static uid_t
get_id_in_user_namespace (uid_t id, bool is_uid, runtime_spec_schema_config_schema *def)
{
  runtime_spec_schema_defs_id_mapping **mappings;
  size_t len;
  size_t i;

  mappings = is_uid ? def->linux->uid_mappings : def->linux->gid_mappings;
  len = is_uid ? def->linux->uid_mappings_len : def->linux->gid_mappings_len;

  for (i = 0; i < len; i++)
    {
      if (mappings[i]->container_id <= id
          && id < mappings[i]->container_id + mappings[i]->size)
        return id - mappings[i]->container_id + mappings[i]->host_id;
    }

  return is_uid ? get_overflow_uid () : get_overflow_gid ();
}

static int
precreate_device (libcrun_container_t *container, int devs_dirfd, size_t i, libcrun_error_t *err)
{
  runtime_spec_schema_config_schema *def = container->container_def;
  runtime_spec_schema_defs_linux_device *device;
  uid_t uid = get_overflow_uid ();
  gid_t gid = get_overflow_gid ();
  char name[64];
  mode_t type;
  dev_t dev;
  int ret;

  ret = snprintf (name, sizeof (name), "%zu", i);
  if (UNLIKELY (ret >= (int) sizeof (name)))
    return crun_make_error (err, 0, "internal error: static buffer too small");

  device = def->linux->devices[i];

  type = (device->type[0] == 'b') ? S_IFBLK : ((device->type[0] == 'p') ? S_IFIFO : S_IFCHR);
  dev = makedev (device->major, device->minor);

  ret = mknodat (devs_dirfd, name, device->file_mode | type, dev);
  if (UNLIKELY (ret < 0))
    return crun_make_error (err, errno, "mknod `%s`", device->path);

  if (def->linux)
    {
      uid = get_id_in_user_namespace (device->uid, true, def);
      gid = get_id_in_user_namespace (device->gid, false, def);
    }

  ret = fchownat (devs_dirfd, name, uid, gid, 0); /* lgtm [cpp/toctou-race-condition] */
  if (UNLIKELY (ret < 0))
    return crun_make_error (err, errno, "chown `%s`", device->path);

  return get_bind_mount (devs_dirfd, name, false, false, false, err);
}

static int
send_mounts (int sync_socket_host, struct libcrun_fd_map *fds, size_t how_many, size_t total, libcrun_error_t *err)
{
  size_t i;
  int ret;

  ret = TEMP_FAILURE_RETRY (write (sync_socket_host, &how_many, sizeof (how_many)));
  if (UNLIKELY (ret < 0))
    return crun_make_error (err, errno, "write to sync socket");

  for (i = 0; i < total; i++)
    {
      if (fds->fds[i] >= 0)
        {
          ret = send_fd_to_socket_with_payload (sync_socket_host, fds->fds[i], (char *) &i, sizeof (i), err);
          if (UNLIKELY (ret < 0))
            return ret;
        }
    }
  return 0;
}

static int
prepare_and_send_mount_mounts (libcrun_container_t *container, pid_t pid, int sync_socket_host, libcrun_error_t *err)
{
  runtime_spec_schema_config_schema *def = container->container_def;
  cleanup_close_map struct libcrun_fd_map *mount_fds = NULL;
  bool has_userns = (get_private_data (container)->unshare_flags & CLONE_NEWUSER) ? true : false;
  size_t how_many = 0;
  size_t i;
  int ret;

  if (def->mounts_len == 0)
    return 0;

  mount_fds = make_libcrun_fd_map (def->mounts_len);

  /* If the container is already running in a user namespace, apply the same logic as if a new
     user namespace was created as part of the container itself.  */
  if (! has_userns)
    {
      int is_in_userns = check_running_in_user_namespace (err);
      if (UNLIKELY (is_in_userns < 0))
        return is_in_userns;

      has_userns = is_in_userns > 0;
    }

  for (i = 0; i < def->mounts_len; i++)
    {
      bool recursive = false;
      bool nofollow = false;
      bool has_mappings = false;
      int mount_fd = -1;

      ret = maybe_get_idmapped_mount (container, def, def->mounts[i], pid, &mount_fd, &has_mappings, err);
      if (UNLIKELY (ret < 0))
        return ret;

      /* If the mount has no mappings and there is not a different user namespace, create the mount later as part of the container setup.  */
      if (mount_fd < 0 && (has_mappings || has_userns) && is_bind_mount (def->mounts[i], &recursive, &nofollow))
        {
          /* If the bind mount failed, do not fail here, but attempt to create it from within the container.  */
          mount_fd = get_bind_mount (-1, def->mounts[i]->source, recursive, false, nofollow, err);
          if (UNLIKELY (mount_fd < 0))
            crun_error_release (err);
        }

      if (mount_fd >= 0)
        how_many++;

      mount_fds->fds[i] = mount_fd;
    }

  return send_mounts (sync_socket_host, mount_fds, how_many, def->mounts_len, err);
}

static int
prepare_and_send_dev_mounts (libcrun_container_t *container, int sync_socket_host, libcrun_error_t *err)
{
  runtime_spec_schema_config_schema *def = container->container_def;
  cleanup_close_map struct libcrun_fd_map *dev_fds = NULL;
  bool has_userns = (get_private_data (container)->unshare_flags & CLONE_NEWUSER) ? true : false;
  cleanup_close int current_mountns = -1;
  cleanup_free char *state_dir = NULL;
  cleanup_free char *devs_path = NULL;
  cleanup_close int devs_mountfd = -1;
  cleanup_close int targetfd = -1;
  const char *context_type = NULL;
  const char *label = NULL;
  size_t how_many = 0;
  size_t i;
  int ret;
  // To track whether the namespace has been changed.
  bool ns_changed = false;

  if (def->linux == NULL || def->linux->devices_len == 0)
    return 0;

  dev_fds = make_libcrun_fd_map (def->linux->devices_len);

  if (! has_userns || is_empty_string (container->context->id) || geteuid () > 0)
    return send_mounts (sync_socket_host, dev_fds, how_many, def->linux->devices_len, err);

  ret = libcrun_get_state_directory (&state_dir,
                                     (container->context ? container->context->state_root : NULL),
                                     container->context->id, err);
  if (UNLIKELY (ret < 0))
    return ret;

  ret = append_paths (&devs_path, err, state_dir, "devs", NULL);
  if (UNLIKELY (ret < 0))
    return ret;

  ret = mkdir (devs_path, 0700);
  if (UNLIKELY (ret < 0 && errno != EEXIST))
    return crun_make_error (err, errno, "mkdir `%s`", devs_path);

  current_mountns = libcrun_open_proc_file (container, "self/ns/mnt", O_RDONLY, err);
  if (UNLIKELY (current_mountns < 0))
    return current_mountns;

  ret = unshare (CLONE_NEWNS);
  if (UNLIKELY (ret < 0))
    return crun_make_error (err, errno, "unshare `CLONE_NEWNS`");

  // This indicates that the mount namespace has been altered.
  ns_changed = true;

  ret = mount (NULL, "/", NULL, MS_REC | MS_PRIVATE, NULL);
  if (UNLIKELY (ret < 0))
    {
      ret = crun_make_error (err, errno, "mount `MS_REC | MS_PRIVATE`");
      goto restore_mountns;
    }

  if (container->container_def->linux && container->container_def->linux->mount_label)
    {
      label = container->container_def->linux->mount_label;
      context_type = get_selinux_context_type (container);
    }

  devs_mountfd = fsopen_mount ("tmpfs", context_type, label);
  if (UNLIKELY (devs_mountfd < 0))
    {
      ret = crun_make_error (err, errno, "fsopen_mount `tmpfs`");
      goto restore_mountns;
    }

  targetfd = open (devs_path, O_DIRECTORY | O_CLOEXEC);
  if (targetfd < 0)
    {
      ret = crun_make_error (err, errno, "open `%s`", devs_path);
      goto restore_mountns;
    }

  ret = fs_move_mount_to (devs_mountfd, targetfd, NULL);
  if (UNLIKELY (ret < 0))
    {
      ret = crun_make_error (err, errno, "fs_move_mount_to `%s`", devs_path);
      goto restore_mountns;
    }

  close_and_reset (&targetfd);

  targetfd = openat (devs_mountfd, ".", O_DIRECTORY | O_CLOEXEC);
  if (targetfd < 0)
    {
      ret = crun_make_error (err, errno, "open `%s`", devs_path);
      goto restore_mountns;
    }

  for (i = 0; i < def->linux->devices_len; i++)
    {
      ret = precreate_device (container, targetfd, i, err);
      if (UNLIKELY (ret < 0))
        {
          crun_error_release (err);
          continue;
        }

      dev_fds->fds[i] = ret;

      if (dev_fds->fds[i] >= 0)
        how_many++;
    }

  ret = send_mounts (sync_socket_host, dev_fds, how_many, def->linux->devices_len, err);
restore_mountns:
  if (ns_changed && current_mountns >= 0)
    {
      int setns_ret;
      setns_ret = setns (current_mountns, CLONE_NEWNS);
      if (UNLIKELY (setns_ret < 0 && ret >= 0))
        {
          return crun_make_error (err, errno, "setns `CLONE_NEWNS`");
        }
    }

  return ret;
}

static int
prepare_and_send_mounts (libcrun_container_t *container, pid_t pid, int sync_socket_host, libcrun_error_t *err)
{
  int ret;

  ret = expect_success_from_sync_socket (sync_socket_host, err);
  if (UNLIKELY (ret < 0))
    return ret;

  ret = prepare_and_send_mount_mounts (container, pid, sync_socket_host, err);
  if (UNLIKELY (ret < 0))
    return ret;

  ret = prepare_and_send_dev_mounts (container, sync_socket_host, err);
  if (UNLIKELY (ret < 0))
    return ret;

  return 0;
}

static int
receive_mounts (struct libcrun_fd_map *fds, int sync_socket_container, libcrun_error_t *err)
{
  size_t i, how_many = 0;
  int ret;

  if (fds->nfds == 0)
    return 0;

  ret = TEMP_FAILURE_RETRY (read (sync_socket_container, &how_many, sizeof (how_many)));
  if (UNLIKELY (ret < 0))
    return crun_make_error (err, errno, "read from sync socket");

  for (i = 0; i < how_many; i++)
    {
      size_t index;

      ret = receive_fd_from_socket_with_payload (sync_socket_container, (char *) &index, sizeof (index), err);
      if (UNLIKELY (ret < 0))
        return ret;
      if (index >= fds->nfds)
        return crun_make_error (err, 0, "invalid mount data received");

      if (fds->fds[index] >= 0)
        TEMP_FAILURE_RETRY (close (fds->fds[index]));

      fds->fds[index] = ret;
    }

  return 0;
}

static int
set_id_init (libcrun_container_t *container, libcrun_error_t *err)
{
  runtime_spec_schema_config_schema *def = container->container_def;
  uid_t uid = 0;
  gid_t gid = 0;
  int ret;

  if (def->process && def->process->user && def->linux)
    {
      /*
        If it is running in a user namespace and root is not mapped
        use the UID/GID specified for running the container.
      */
      bool root_mapped = false;

      if (def->linux->uid_mappings_len != 0)
        {
          root_mapped = root_mapped_in_container_p (def->linux->uid_mappings, def->linux->uid_mappings_len);
          if (! root_mapped)
            uid = def->process->user->uid;

          libcrun_debug ("Using mapped UID in container: `%d`", uid);
        }

      if (def->linux->gid_mappings_len != 0)
        {
          root_mapped = root_mapped_in_container_p (def->linux->gid_mappings, def->linux->gid_mappings_len);
          if (! root_mapped)
            gid = def->process->user->gid;

          libcrun_debug ("Using mapped GID in container: `%d`", gid);
        }
    }

  ret = setresuid (uid, uid, uid);
  if (UNLIKELY (ret < 0))
    return crun_make_error (err, errno, "setresuid to `%d`", uid);

  ret = setresgid (gid, gid, gid);
  if (UNLIKELY (ret < 0))
    return crun_make_error (err, errno, "setresgid to `%d`", gid);

  return 0;
}

static int
init_container (libcrun_container_t *container, int sync_socket_container, struct init_status_s *init_status,
                libcrun_error_t *err)
{
  runtime_spec_schema_config_schema *def = container->container_def;
  struct libcrun_fd_map *mount_fds = get_fd_map (container);
  pid_t pid_container = 0;
  size_t i;
  int ret;

  if (init_status->idx_pidns_to_join_immediately >= 0 || init_status->idx_timens_to_join_immediately >= 0)
    {
      pid_t new_pid;

      if (init_status->idx_pidns_to_join_immediately >= 0)
        {
          ret = setns (init_status->fd[init_status->idx_pidns_to_join_immediately], CLONE_NEWPID);
          if (UNLIKELY (ret < 0))
            return crun_make_error (err, errno, "setns to target PID namespace");

          close_and_reset (&init_status->fd[init_status->idx_pidns_to_join_immediately]);
        }

      if (init_status->idx_timens_to_join_immediately >= 0)
        {
          ret = setns (init_status->fd[init_status->idx_timens_to_join_immediately], CLONE_NEWTIME);
          if (UNLIKELY (ret < 0))
            return crun_make_error (err, errno, "setns to target timens");

          close_and_reset (&init_status->fd[init_status->idx_timens_to_join_immediately]);
        }

      new_pid = fork ();
      if (UNLIKELY (new_pid < 0))
        return crun_make_error (err, errno, "fork");

      if (new_pid)
        {
          /* Report the new PID to the parent and exit immediately.  */
          ret = send_success_to_sync_socket (sync_socket_container, err);
          if (UNLIKELY (ret < 0))
            kill (new_pid, SIGKILL);

          ret = TEMP_FAILURE_RETRY (write (sync_socket_container, &new_pid, sizeof (new_pid)));
          if (UNLIKELY (ret < 0))
            kill (new_pid, SIGKILL);

          _safe_exit (0);
        }

      /* In the new process.  Wait for the parent to receive the new PID.  */
      ret = expect_success_from_sync_socket (sync_socket_container, err);
      if (UNLIKELY (ret < 0))
        return ret;
    }

  ret = libcrun_set_oom (container, err);
  if (UNLIKELY (ret < 0))
    return ret;

  if (init_status->fd_len > 0)
    {
      ret = join_namespaces (def, init_status->fd, init_status->fd_len, init_status->index, true, err);
      if (UNLIKELY (ret < 0))
        return ret;
    }

  /* If the container needs to join an existing PID namespace, take a reference to it
     before creating a new user namespace, as we could lose the access to the existing
     namespace.

     This cannot be done in the parent process (by `prepare_and_send_mounts`), since it is
     necessary to first join the target namespaces and then create the mount.
  */
  if ((init_status->all_namespaces & CLONE_NEWUSER) && (init_status->join_pidns || init_status->join_ipcns))
    {
      for (i = 0; i < def->mounts_len; i++)
        {
          int fd = -1;
          /* If for any reason the mount cannot be opened, ignore errors and continue.
             An error will be generated later if it is not possible to join the namespace.
          */
          if (init_status->join_pidns && strcmp (def->mounts[i]->type, "proc") == 0)
            fd = fsopen_mount (def->mounts[i]->type, NULL, NULL);
          if (init_status->join_ipcns && strcmp (def->mounts[i]->type, "mqueue") == 0)
            fd = fsopen_mount (def->mounts[i]->type, NULL, NULL);

          if (fd >= 0)
            {
              if (mount_fds->fds[i] >= 0)
                TEMP_FAILURE_RETRY (close (mount_fds->fds[i]));
              mount_fds->fds[i] = fd;
            }
        }
    }

  if (init_status->all_namespaces & CLONE_NEWUSER)
    {
      if (init_status->delayed_userns_create)
        {
          libcrun_debug ("Unsharing user namespace");
          ret = unshare (CLONE_NEWUSER);
          if (UNLIKELY (ret < 0))
            return crun_make_error (err, errno, "unshare user namespace");

          init_status->namespaces_to_unshare &= ~CLONE_NEWUSER;

          ret = send_success_to_sync_socket (sync_socket_container, err);
          if (UNLIKELY (ret < 0))
            return ret;
        }

      if (init_status->userns_index < 0)
        {
          ret = expect_success_from_sync_socket (sync_socket_container, err);
          if (UNLIKELY (ret < 0))
            return ret;
        }
      else
        {
          /* If we need to join another user namespace, do it immediately before creating any other namespace. */
          libcrun_debug ("Joining existing user namespace");
          ret = setns (init_status->fd[init_status->userns_index], CLONE_NEWUSER);
          if (UNLIKELY (ret < 0))
            return crun_make_error (err, errno, "setns to target user namespace `%s`",
                                    def->linux->namespaces[init_status->userns_index_origin]->path);
        }

      ret = set_id_init (container, err);
      if (UNLIKELY (ret < 0))
        return ret;
    }

  ret = join_namespaces (def, init_status->fd, init_status->fd_len, init_status->index, false, err);
  if (UNLIKELY (ret < 0))
    return ret;

  if (init_status->namespaces_to_unshare & ~CLONE_NEWCGROUP)
    {
      /* New namespaces to create for the container.  */
      ret = unshare (init_status->namespaces_to_unshare & ~CLONE_NEWCGROUP);
      if (UNLIKELY (ret < 0))
        return crun_make_error (err, errno, "unshare");
    }

  if (def->linux->time_offsets)
    {
      char fmt_buffer[128];
      cleanup_close int fd = -1;

      fd = libcrun_open_proc_file (container, "self/timens_offsets", O_WRONLY, err);
      if (UNLIKELY (fd < 0))
        return fd;
      if (def->linux->time_offsets->boottime)
        {
          ret = snprintf (fmt_buffer, sizeof (fmt_buffer), "boottime %" PRIi64 " %" PRIu32, def->linux->time_offsets->boottime->secs, def->linux->time_offsets->boottime->nanosecs);
          if (UNLIKELY (ret >= (int) sizeof (fmt_buffer)))
            return crun_make_error (err, 0, "internal error: static buffer too small");

          libcrun_debug ("Using boot time offset: secs = `%lld`, nanosecs = `%d`", (long long int) def->linux->time_offsets->boottime->secs, def->linux->time_offsets->boottime->nanosecs);
          ret = write (fd, fmt_buffer, strlen (fmt_buffer));
          if (UNLIKELY (ret < 0))
            return crun_make_error (err, errno, "write `/proc/self/timens_offsets`");
        }
      if (def->linux->time_offsets->monotonic)
        {
          libcrun_debug ("Using monotonic time offset: secs = `%lld`, nanosecs = `%d`", (long long int) def->linux->time_offsets->monotonic->secs, def->linux->time_offsets->monotonic->nanosecs);

          ret = snprintf (fmt_buffer, sizeof (fmt_buffer), "monotonic %" PRIi64 " %" PRIu32, def->linux->time_offsets->monotonic->secs, def->linux->time_offsets->monotonic->nanosecs);
          if (UNLIKELY (ret >= (int) sizeof (fmt_buffer)))
            return crun_make_error (err, 0, "internal error: static buffer too small");

          ret = write (fd, fmt_buffer, strlen (fmt_buffer));
          if (UNLIKELY (ret < 0))
            return crun_make_error (err, errno, "write `/proc/self/timens_offsets`");
        }
    }

  ret = prctl (PR_SET_DUMPABLE, 0, 0, 0, 0);
  if (UNLIKELY (ret < 0))
    return crun_make_error (err, errno, "prctl (PR_SET_DUMPABLE)");

  if (init_status->must_fork)
    {
      /* A PID and a time namespace are joined when the new process is created.  */
      pid_container = fork ();
      if (UNLIKELY (pid_container < 0))
        return crun_make_error (err, errno, "cannot fork");

      /* Report back the new PID.  */
      if (pid_container)
        {
          libcrun_debug ("Running container PID after fork: `%d`", pid_container);
          ret = send_success_to_sync_socket (sync_socket_container, err);
          if (UNLIKELY (ret < 0))
            return ret;

          ret = TEMP_FAILURE_RETRY (write (sync_socket_container, &pid_container, sizeof (pid_container)));
          if (UNLIKELY (ret < 0))
            return crun_make_error (err, errno, "write to sync socket");

          _safe_exit (EXIT_SUCCESS);
        }

      ret = expect_success_from_sync_socket (sync_socket_container, err);
      if (UNLIKELY (ret < 0))
        return ret;
    }

  ret = send_success_to_sync_socket (sync_socket_container, err);
  if (UNLIKELY (ret < 0))
    return ret;

  /* Receive the mounts sent by `prepare_and_send_mounts`.  */
  ret = receive_mounts (get_fd_map (container), sync_socket_container, err);
  if (UNLIKELY (ret < 0))
    return ret;

  ret = receive_mounts (get_devices_fd_map (container), sync_socket_container, err);
  if (UNLIKELY (ret < 0))
    return ret;

  ret = libcrun_container_setgroups (container, container->container_def->process, err);
  if (UNLIKELY (ret < 0))
    return ret;

  return 0;
}

static int
handle_pidfd_receiver (pid_t pid, libcrun_container_t *container, libcrun_error_t *err)
{
  cleanup_close int client_fd = -1;
  cleanup_close int pidfd = -1;
  const char *v;

  v = find_annotation (container, "run.oci.pidfd_receiver");
  if (v == NULL)
    return 0;

  pidfd = syscall_pidfd_open (pid, 0);
  if (UNLIKELY (pidfd < 0))
    return crun_make_error (err, errno, "pidfd_open");

  client_fd = open_unix_domain_client_socket (v, 0, err);
  if (UNLIKELY (client_fd < 0))
    return client_fd;

  return send_fd_to_socket (client_fd, pidfd, err);
}

static bool
has_exec_cpu_affinity (runtime_spec_schema_config_schema_process *process)
{
  if (process == NULL || process->exec_cpu_affinity == NULL)
    return false;
  return (! is_empty_string (process->exec_cpu_affinity->initial))
         || (! is_empty_string (process->exec_cpu_affinity->final));
}

pid_t
libcrun_run_linux_container (libcrun_container_t *container, container_entrypoint_t entrypoint, void *args,
                             int *sync_socket_out, struct libcrun_dirfd_s *cgroup_dirfd, libcrun_error_t *err)
{
  __attribute__ ((cleanup (cleanup_free_init_statusp))) struct init_status_s init_status;
  runtime_spec_schema_config_schema *def = container->container_def;
  cleanup_close int sync_socket_container = -1;
  char *notify_socket_env = NULL;
  cleanup_close int sync_socket_host = -1;
  __attribute__ ((unused)) cleanup_close int restore_pidns = -1;
  int first_clone_args = 0;
  int sync_socket[2];
  pid_t pid;
  size_t i;
  int ret;

  libcrun_debug ("Running linux container");
  ret = configure_init_status (&init_status, container, err);
  if (UNLIKELY (ret < 0))
    return ret;

  get_private_data (container)->unshare_flags = init_status.all_namespaces;
  /* cgroup will be unshared later.  Once the process is in the correct cgroup.  */
  init_status.all_namespaces &= ~CLONE_NEWCGROUP;
  get_private_data (container)->unshare_cgroupns = init_status.namespaces_to_unshare & CLONE_NEWCGROUP;

  ret = socketpair (AF_UNIX, SOCK_SEQPACKET | SOCK_CLOEXEC, 0, sync_socket);
  if (UNLIKELY (ret < 0))
    return crun_make_error (err, errno, "socketpair");

  sync_socket_host = sync_socket[0];
  sync_socket_container = sync_socket[1];

#ifdef HAVE_SYSTEMD
  if (def->root)
    {
      ret = do_notify_socket (container, def->root->path, err);
      if (UNLIKELY (ret < 0))
        return ret;
    }
#endif

  get_uid_gid_from_def (container->container_def, &container->container_uid, &container->container_gid);

  /* This must be done before we enter a user namespace.  */
  if (def->process)
    {
      ret = libcrun_set_rlimits (def->process->rlimits, def->process->rlimits_len, err);
      if (UNLIKELY (ret < 0))
        return ret;
    }

  ret = libcrun_set_oom (container, err);
  if (UNLIKELY (ret < 0))
    return ret;

  /* If a new user namespace must be created, but there are other namespaces to join, then delay
     the userns creation after the namespaces are joined.  */
  init_status.delayed_userns_create
      = (init_status.all_namespaces & CLONE_NEWUSER) && init_status.userns_index < 0 && init_status.fd_len > 0;

  /* Check if special handling is required to join the namespaces.  */
  for (i = 0; i < init_status.fd_len; i++)
    {
      switch (init_status.value[i])
        {
        case CLONE_NEWIPC:
          if (init_status.all_namespaces & CLONE_NEWUSER)
            init_status.join_ipcns = true;
          break;

        case CLONE_NEWPID:
          if ((init_status.all_namespaces & CLONE_NEWUSER) == 0)
            init_status.must_fork = true;
          else
            {
              init_status.join_pidns = true;
              init_status.idx_pidns_to_join_immediately = i;
              init_status.namespaces_to_unshare &= ~CLONE_NEWPID;
            }
          break;

        case CLONE_NEWTIME:
          if ((init_status.all_namespaces & CLONE_NEWUSER) == 0)
            init_status.must_fork = true;
          else
            {
              init_status.idx_timens_to_join_immediately = i;
              init_status.namespaces_to_unshare &= ~CLONE_NEWTIME;
            }
          break;
        }
    }

  /* Before attempting any setns() or unshare(), a clone() is required to not touch the caller context
     that can be used later on for running hooks.  */

  if ((init_status.namespaces_to_unshare & CLONE_NEWUSER) && init_status.fd_len == 0)
    {
      /* If a user namespace must be created and there are no other namespaces to join, create the userns alone.  */
      first_clone_args = CLONE_NEWUSER;
    }
  else if ((init_status.all_namespaces & CLONE_NEWUSER) == 0)
    {
      /* If it doesn't create a user namespace or need to join one, create the new requested namespaces now. */
      first_clone_args = init_status.namespaces_to_unshare & ~(CLONE_NEWTIME | CLONE_NEWCGROUP);
    }

  init_status.namespaces_to_unshare &= ~first_clone_args;

  /* Check if there are still namespaces that require a fork().  */
  if (init_status.namespaces_to_unshare & (CLONE_NEWPID | CLONE_NEWTIME))
    {
      /* If we need to make another fork(), make sure the NEWPID is always
         created as part of that.  */
      first_clone_args &= ~CLONE_NEWPID;
      init_status.namespaces_to_unshare |= CLONE_NEWPID;
      init_status.must_fork = true;
    }

  pid = -1;
  if (cgroup_dirfd && *cgroup_dirfd->dirfd >= 0)
    {
      struct _clone3_args clone3_args;
      memset (&clone3_args, 0, sizeof (clone3_args));
      clone3_args.exit_signal = SIGCHLD;
      clone3_args.flags = first_clone_args;

      clone3_args.flags |= CLONE_INTO_CGROUP;
      clone3_args.cgroup = *cgroup_dirfd->dirfd;

      pid = syscall_clone3 (&clone3_args);
      if (pid >= 0)
        cgroup_dirfd->joined = true;

      close_and_reset (cgroup_dirfd->dirfd);
    }
  /* fallback to clone() for any error.  */
  if (pid < 0)
    {
      pid = syscall_clone (first_clone_args | SIGCHLD, NULL);
      if (UNLIKELY (pid < 0))
        return crun_make_error (err, errno, "clone");
    }

  if (pid)
    {
      __attribute__ ((unused)) cleanup_pid pid_t pid_to_clean = pid;

      /* this is safe to do because the std stream files were not changed since the clone().  */
      ret = libcrun_save_external_descriptors (container, 0, err);
      if (UNLIKELY (ret < 0))
        return ret;

      ret = close_and_reset (&sync_socket_container);
      if (UNLIKELY (ret < 0))
        return crun_make_error (err, errno, "close");

      /* any systemd notify socket open_tree FD is pointless to keep around in the parent */
      close_and_reset (&(get_private_data (container)->notify_socket_tree_fd));

      if (init_status.idx_pidns_to_join_immediately >= 0 || init_status.idx_timens_to_join_immediately >= 0)
        {
          pid_t new_pid = 0;

          ret = expect_success_from_sync_socket (sync_socket_host, err);
          if (UNLIKELY (ret < 0))
            return ret;

          ret = TEMP_FAILURE_RETRY (read (sync_socket_host, &new_pid, sizeof (new_pid)));
          if (UNLIKELY (ret != sizeof (new_pid)))
            return crun_make_error (err, errno, "read pid from sync socket");

          /* Cleanup the first process.  */
          ret = waitpid_ignore_stopped (pid, NULL, 0);

          pid_to_clean = pid = new_pid;

          ret = send_success_to_sync_socket (sync_socket_host, err);
          if (UNLIKELY (ret < 0))
            return ret;
        }

      if (init_status.delayed_userns_create)
        {
          ret = expect_success_from_sync_socket (sync_socket_host, err);
          if (UNLIKELY (ret < 0))
            return ret;
        }

      if ((init_status.all_namespaces & CLONE_NEWUSER) && init_status.userns_index < 0)
        {
          ret = libcrun_set_usernamespace (container, pid, err);
          if (UNLIKELY (ret < 0))
            return ret;

          ret = send_success_to_sync_socket (sync_socket_host, err);
          if (UNLIKELY (ret < 0))
            return ret;
        }

      if (init_status.must_fork)
        {
          pid_t grandchild = 0;

          ret = expect_success_from_sync_socket (sync_socket_host, err);
          if (UNLIKELY (ret < 0))
            return ret;

          ret = TEMP_FAILURE_RETRY (read (sync_socket_host, &grandchild, sizeof (grandchild)));
          if (UNLIKELY (ret < 0))
            return crun_make_error (err, errno, "read pid from sync socket");

          ret = send_success_to_sync_socket (sync_socket_host, err);
          if (UNLIKELY (ret < 0))
            return ret;

          /* Cleanup the first process.  */
          waitpid_ignore_stopped (pid, NULL, 0);

          pid_to_clean = pid = grandchild;
        }

      /* They are received by `receive_mounts`.  */
      ret = prepare_and_send_mounts (container, pid, sync_socket_host, err);
      if (UNLIKELY (ret < 0))
        return ret;

      ret = expect_success_from_sync_socket (sync_socket_host, err);
      if (UNLIKELY (ret < 0))
        return ret;

      *sync_socket_out = get_and_reset (&sync_socket_host);

      ret = handle_pidfd_receiver (pid, container, err);
      if (UNLIKELY (ret < 0))
        return ret;

      pid_to_clean = 0;
      return pid;
    }

  /* Inside the container process.  */

  ret = close_and_reset (&sync_socket_host);
  if (UNLIKELY (ret < 0))
    libcrun_fail_with_error (errno, "%s", "close sync socket");

  /* Initialize the new process and make sure to join/create all the required namespaces.  */
  ret = init_container (container, sync_socket_container, &init_status, err);
  if (UNLIKELY (ret < 0))
    send_error_to_sync_socket_and_die (sync_socket_container, false, err);
  else
    {
      ret = send_success_to_sync_socket (sync_socket_container, err);
      if (UNLIKELY (ret < 0))
        libcrun_fail_with_error (crun_error_get_errno (err), "%s", (*err)->msg);
    }

  /* Jump into the specified entrypoint.  */
  if (container->context->notify_socket)
    xasprintf (&notify_socket_env, "NOTIFY_SOCKET=%s/notify", container->context->notify_socket);

  ret = entrypoint (args, notify_socket_env, sync_socket_container, err);

  /* For most of the cases ENTRYPOINT returns only on an error, fallback here */
  /* Except for custom handlers which could perform a task and return with success */
  /* since custom handlers could or could not be {long-running, blocking} */
  if (*err)
    libcrun_fail_with_error ((*err)->status, "%s", (*err)->msg);

  /* If cursor is here most likely we returned from a custom handler eg. wasm, libkrun */
  /* Allow cleanup attributes to perform cleanup and exit with success if return code was 0 */
  if (ret == 0)
    _safe_exit (EXIT_SUCCESS);

  _safe_exit (EXIT_FAILURE);
}

static int
join_process_parent_helper (libcrun_context_t *context,
                            libcrun_container_t *container,
                            runtime_spec_schema_config_schema_process *process,
                            pid_t child_pid, int sync_socket_fd,
                            libcrun_container_status_t *status,
                            bool need_move_to_cgroup, const char *sub_cgroup,
                            int *terminal_fd, libcrun_error_t *err)
{
  int ret;
  char res;
  pid_t pid;
  cleanup_close int sync_fd = sync_socket_fd;

  if (terminal_fd)
    *terminal_fd = -1;

  /* Read the status and the PID from the child process.  */
  ret = TEMP_FAILURE_RETRY (read (sync_fd, &res, 1));
  if (UNLIKELY (ret < 0))
    return crun_make_error (err, errno, "read from sync socket");

  if (res != '0')
    return crun_make_error (err, 0, "fail startup");

  ret = TEMP_FAILURE_RETRY (read (sync_fd, &pid, sizeof (pid)));
  if (UNLIKELY (ret < 0))
    return crun_make_error (err, errno, "read from sync socket");

  /* Wait for the child pid so we ensure the grandchild gets properly reparented.  */
  ret = waitpid_ignore_stopped (child_pid, NULL, 0);
  if (UNLIKELY (ret < 0))
    return crun_make_error (err, errno, "waitpid for exec child pid");

  if (process && process->exec_cpu_affinity)
    {
      ret = libcrun_set_cpu_affinity_from_string (pid, process->exec_cpu_affinity->initial, err);
      if (UNLIKELY (ret < 0))
        return ret;
    }

  if (! has_exec_cpu_affinity (process))
    {
      ret = libcrun_reset_cpu_affinity_mask (pid, err);
      if (UNLIKELY (ret < 0))
        return ret;
    }

  if (need_move_to_cgroup)
    {
      if (sub_cgroup)
        {
          cleanup_free char *final_cgroup = NULL;

          ret = append_paths (&final_cgroup, err, status->cgroup_path, sub_cgroup, NULL);
          if (UNLIKELY (ret < 0))
            return ret;

          ret = libcrun_move_process_to_cgroup (pid, status->pid, final_cgroup, false, err);
          if (UNLIKELY (ret < 0))
            return ret;
        }
      else
        {
          ret = libcrun_move_process_to_cgroup (pid, status->pid, status->cgroup_path, false, err);
          if (UNLIKELY (ret < 0))
            return ret;
        }

      /* Join the scheduler immediately after joining the cgroup.  */
      ret = libcrun_set_scheduler (pid, process, err);
      if (UNLIKELY (ret < 0))
        return ret;
    }

  if (process && process->exec_cpu_affinity)
    {
      ret = libcrun_set_cpu_affinity_from_string (pid, process->exec_cpu_affinity->final, err);
      if (UNLIKELY (ret < 0))
        return ret;
    }

  ret = libcrun_apply_intelrdt (context->id, container, pid, LIBCRUN_INTELRDT_MOVE, err);
  if (UNLIKELY (ret < 0))
    return ret;

  ret = libcrun_set_io_priority (pid, process, err);
  if (UNLIKELY (ret < 0))
    return ret;

  /* The write unblocks the grandchild process so it can run once we setup
     the cgroups.  */
  ret = TEMP_FAILURE_RETRY (write (sync_fd, &ret, sizeof (ret)));
  if (UNLIKELY (ret < 0))
    return crun_make_error (err, errno, "write to sync socket");

  if (terminal_fd)
    {
      ret = receive_fd_from_socket (sync_fd, err);
      if (UNLIKELY (ret < 0))
        {
          int err_code = 0;
          cleanup_free char *err_str = NULL;

          if (read_error_from_sync_socket (sync_fd, &err_code, &err_str))
            {
              if (! is_empty_string (err_str))
                {
                  crun_error_release (err);
                  return crun_make_error (err, err_code, "%s", err_str);
                }
            }

          return crun_error_wrap (err, "receive terminal fd");
        }
      *terminal_fd = ret;
    }

  return pid;
}

/*
  try to join all the namespaces with a single call to setns using the target process pidfd.

  return codes:
  < 0 - on errors
  0   - the namespaces were not joined.
  > 0 - the namespaces were joined.
*/
static int
try_setns_with_pidfd (pid_t pid_to_join, libcrun_container_t *container, libcrun_container_status_t *status, libcrun_error_t *err)
{
  runtime_spec_schema_config_schema *def = container->container_def;
  cleanup_close int pidfd_pid_to_join = -1;
  int all_flags = 0;
  size_t i;
  int ret;

  /* If there is any explicit namespace path to join, skip the setns_with_pidfd
     shortcut and join each namespace individually.  */
  if (def->linux && def->linux->namespaces)
    {
      for (i = 0; i < def->linux->namespaces_len; i++)
        if (! is_empty_string (def->linux->namespaces[i]->path))
          return 0;
    }

  pidfd_pid_to_join = syscall_pidfd_open (pid_to_join, 0);
  if (UNLIKELY (pidfd_pid_to_join < 0))
    return 0;

  /* Validate that the pidfd really refers to the original container process.  */
  ret = libcrun_check_pid_valid (status, err);
  if (UNLIKELY (ret < 0))
    return ret;
  if (ret == 0)
    return crun_make_error (err, ESRCH, "container process not found, the pid was reused");

  for (i = 0; namespaces[i].ns_file; i++)
    all_flags |= namespaces[i].value;

  ret = setns (pidfd_pid_to_join, all_flags);
  if (UNLIKELY (ret < 0))
    return 0;

  return 1;
}

static int
join_process_namespaces (libcrun_container_t *container, pid_t pid_to_join, libcrun_container_status_t *status, libcrun_error_t *err)
{
  runtime_spec_schema_config_schema *def = container->container_def;
  int fds_joined[MAX_NAMESPACES] = {
    0,
  };
  int fds[MAX_NAMESPACES] = {
    -1,
  };
  size_t i;
  int ret;

  /* Try to join all namespaces in one shot with setns and pidfd.  */
  ret = try_setns_with_pidfd (pid_to_join, container, status, err);
  if (UNLIKELY (ret < 0))
    return ret;
  /* Nothing left to do if the namespaces were joined.  */
  if (LIKELY (ret > 0))
    return 0;

  /* If setns fails with the target pidfd, fall-back to join each namespace individually.  */

  if (def->linux->namespaces_len >= MAX_NAMESPACES)
    return crun_make_error (err, 0, "invalid configuration");

  for (i = 0; namespaces[i].ns_file; i++)
    {
      cleanup_free char *ns_path = NULL;

      xasprintf (&ns_path, "%d/ns/%s", pid_to_join, namespaces[i].ns_file);
      fds[i] = libcrun_open_proc_file (container, ns_path, O_RDONLY, err);
      if (UNLIKELY (fds[i] < 0))
        {
          /* If the namespace doesn't exist, just ignore it.  */
          if (errno == ENOENT)
            continue;

          ret = fds[i];
          goto exit;
        }
    }

  for (i = 0; namespaces[i].ns_file; i++)
    {
      if (namespaces[i].value == CLONE_NEWUSER)
        continue;

      ret = setns (fds[i], 0);
      if (ret == 0)
        fds_joined[i] = 1;
    }
  for (i = 0; namespaces[i].ns_file; i++)
    {
      if (fds_joined[i])
        continue;
      ret = setns (fds[i], 0);
      if (ret == 0)
        fds_joined[i] = 1;
    }
  for (i = 0; namespaces[i].ns_file; i++)
    {
      if (fds_joined[i])
        continue;
      ret = setns (fds[i], 0);
      if (UNLIKELY (ret < 0 && errno != EINVAL))
        {
          size_t j;
          bool found = false;

          for (j = 0; j < def->linux->namespaces_len; j++)
            {
              if (strcmp (namespaces[i].name, def->linux->namespaces[j]->type) == 0)
                {
                  found = true;
                  break;
                }
            }
          if (! found)
            {
              /* It was not requested to create this ns, so just ignore it.  */
              fds_joined[i] = 1;
              continue;
            }

          ret = crun_make_error (err, errno, "setns `%s`", namespaces[i].ns_file);
          goto exit;
        }
      fds_joined[i] = 1;
    }

  ret = 0;

exit:
  for (i = 0; namespaces[i].ns_file; i++)
    close_and_reset (&fds[i]);

  return ret;
}

int
libcrun_join_process (libcrun_context_t *context,
                      libcrun_container_t *container,
                      pid_t pid_to_join,
                      libcrun_container_status_t *status,
                      const char *sub_cgroup,
                      int detach,
                      runtime_spec_schema_config_schema_process *process,
                      int *terminal_fd,
                      libcrun_error_t *err)
{
  pid_t pid;
  int ret;
  int sync_socket_fd[2];
  cleanup_close int cgroup_dirfd = -1;
  cleanup_close int sync_fd = -1;
  struct _clone3_args clone3_args;
  bool need_move_to_cgroup;

  if (! detach)
    {
      ret = prctl (PR_SET_CHILD_SUBREAPER, 1, 0, 0, 0);
      if (UNLIKELY (ret < 0))
        return crun_make_error (err, errno, "set child subreaper");
    }

  ret = socketpair (AF_UNIX, SOCK_SEQPACKET | SOCK_CLOEXEC, 0, sync_socket_fd);
  if (UNLIKELY (ret < 0))
    return crun_make_error (err, errno, "error creating socketpair");

  {
    cleanup_cgroup_status struct libcrun_cgroup_status *cgroup_status = NULL;

    cgroup_status = libcrun_cgroup_make_status (status);

    /* The cgroup can be joined directly only when there are no additional
       controllers not handled by cgroup v2.  */
    if (get_force_cgroup_v1_annotation (container) == NULL)
      {
        cgroup_dirfd = libcrun_get_cgroup_dirfd (cgroup_status, sub_cgroup, err);
        if (UNLIKELY (cgroup_dirfd < 0))
          crun_error_release (err);
      }
  }

  memset (&clone3_args, 0, sizeof (clone3_args));
  clone3_args.exit_signal = SIGCHLD;

  /* Do not join the cgroup immediately if an initial CPU affinity mask is specified, so that
     the process can set the cpu affinity before joining the target cgroup.  */
  if (cgroup_dirfd < 0 || (process->exec_cpu_affinity && process->exec_cpu_affinity->initial))
    need_move_to_cgroup = true;
  else
    {
      need_move_to_cgroup = false;
      clone3_args.flags |= CLONE_INTO_CGROUP;
      clone3_args.cgroup = cgroup_dirfd;
    }

  pid = syscall_clone3 (&clone3_args);

  if (pid > 0)
    {
      /* We need to set the scheduler as soon as possible after joining the cgroup,
         because if it is a RT scheduler, other processes in the container could already
         take the entire cpu time and stall the new process.  */
      ret = libcrun_set_scheduler (pid, process, err);
      if (UNLIKELY (ret < 0))
        return ret;
    }

  /* On errors, fall back to fork().  */
  if (pid < 0)
    {
      need_move_to_cgroup = true;

      pid = fork ();
      if (UNLIKELY (pid < 0))
        {
          ret = crun_make_error (err, errno, "fork");
          goto exit;
        }
    }

  if (pid)
    {
      close_and_reset (&sync_socket_fd[1]);
      sync_fd = sync_socket_fd[0];
      return join_process_parent_helper (context, container,
                                         process, pid, sync_fd,
                                         status, need_move_to_cgroup,
                                         sub_cgroup, terminal_fd, err);
    }

  close_and_reset (&sync_socket_fd[0]);
  sync_fd = sync_socket_fd[1];

  ret = join_process_namespaces (container, pid_to_join, status, err);
  if (UNLIKELY (ret < 0))
    {
      TEMP_FAILURE_RETRY (write (sync_fd, "1", 1));
      libcrun_fail_with_error ((*err)->status, "%s", (*err)->msg);
    }

  /* We need to fork once again to join the PID namespace.  */
  pid = fork ();
  if (UNLIKELY (pid < 0))
    {
      int saved_errno = errno;
      TEMP_FAILURE_RETRY (write (sync_fd, "1", 1));
      libcrun_fail_with_error (saved_errno, "fork");
    }

  if (pid)
    {
      /* Just return the PID to the parent helper and exit.  */
      ret = TEMP_FAILURE_RETRY (write (sync_fd, "0", 1));
      if (UNLIKELY (ret < 0))
        {
          kill (pid, SIGKILL);
          _safe_exit (EXIT_FAILURE);
        }

      ret = TEMP_FAILURE_RETRY (write (sync_fd, &pid, sizeof (pid)));
      if (UNLIKELY (ret < 0))
        {
          kill (pid, SIGKILL);
          _safe_exit (EXIT_FAILURE);
        }

      _safe_exit (EXIT_SUCCESS);
    }
  else
    {
      /* Inside the grandchild process.  The real process
         used for the container.  */
      cleanup_free char *pty = NULL;
      int r = -1;

      ret = TEMP_FAILURE_RETRY (read (sync_fd, &r, sizeof (r)));
      if (UNLIKELY (ret < 0))
        _safe_exit (EXIT_FAILURE);

      ret = setsid ();
      if (ret < 0)
        {
          crun_make_error (err, errno, "setsid");
          send_error_to_sync_socket_and_die (sync_fd, true, err);
        }

      if (terminal_fd)
        {
          cleanup_close int ptmx_fd = -1;

          ret = set_id_init (container, err);
          if (UNLIKELY (ret < 0))
            send_error_to_sync_socket_and_die (sync_fd, true, err);

          ptmx_fd = open_terminal (&pty, process, err);
          if (UNLIKELY (ptmx_fd < 0))
            send_error_to_sync_socket_and_die (sync_fd, true, err);

          ret = send_fd_to_socket (sync_fd, ptmx_fd, err);
          if (UNLIKELY (ret < 0))
            send_error_to_sync_socket_and_die (sync_fd, true, err);
        }

      if (r < 0)
        _safe_exit (EXIT_FAILURE);
    }

  return 0;

exit:
  if (sync_socket_fd[0] >= 0)
    TEMP_FAILURE_RETRY (close (sync_socket_fd[0]));
  if (sync_socket_fd[1] >= 0)
    TEMP_FAILURE_RETRY (close (sync_socket_fd[1]));
  return ret;
}

int
libcrun_linux_container_update (libcrun_container_status_t *status, const char *state_root, runtime_spec_schema_config_linux_resources *resources, libcrun_error_t *err)
{
  cleanup_cgroup_status struct libcrun_cgroup_status *cgroup_status = NULL;

  cgroup_status = libcrun_cgroup_make_status (status);

  return libcrun_update_cgroup_resources (cgroup_status, state_root, resources, err);
}

static int
libcrun_container_pause_unpause_linux (libcrun_container_status_t *status, const bool pause, libcrun_error_t *err)
{
  cleanup_cgroup_status struct libcrun_cgroup_status *cgroup_status = NULL;

  cgroup_status = libcrun_cgroup_make_status (status);

  return libcrun_cgroup_pause_unpause (cgroup_status, pause, err);
}

int
libcrun_container_pause_linux (libcrun_container_status_t *status, libcrun_error_t *err)
{
  return libcrun_container_pause_unpause_linux (status, true, err);
}

int
libcrun_container_unpause_linux (libcrun_container_status_t *status, libcrun_error_t *err)
{
  return libcrun_container_pause_unpause_linux (status, false, err);
}

int
libcrun_set_personality (runtime_spec_schema_defs_linux_personality *p, libcrun_error_t *err)
{
  unsigned long persona = 0;
  int ret;

  if (strcmp (p->domain, "LINUX") == 0)
    persona = PER_LINUX;
  else if (strcmp (p->domain, "LINUX32") == 0)
    persona = PER_LINUX32;
  else
    return crun_make_error (err, 0, "unknown persona specified `%s`", p->domain);

  ret = personality (persona);
  if (UNLIKELY (ret < 0))
    return crun_make_error (err, 0, "personality to `%s`", p->domain);

  return 0;
}

int
libcrun_configure_network (libcrun_container_t *container, libcrun_error_t *err)
{
  int ret;
  size_t i;
  bool configure_network = false;
  runtime_spec_schema_config_schema *def = container->container_def;
  cleanup_close int sockfd = -1;

  for (i = 0; i < def->linux->namespaces_len; i++)
    {
      int value = libcrun_find_namespace (def->linux->namespaces[i]->type);
      if (UNLIKELY (value < 0))
        return crun_make_error (err, 0, "invalid namespace type: `%s`", def->linux->namespaces[i]->type);

      if (value == CLONE_NEWNET && def->linux->namespaces[i]->path == NULL)
        {
          configure_network = true;
          break;
        }
    }

  if (! configure_network)
    return 0;

  sockfd = socket (AF_INET, SOCK_DGRAM, 0);
  if (LIKELY (sockfd >= 0))
    {
      struct ifreq ifr_lo = { .ifr_name = "lo", .ifr_flags = IFF_UP | IFF_RUNNING };

      ret = ioctl (sockfd, SIOCSIFFLAGS, &ifr_lo);
      if (UNLIKELY (ret < 0))
        return crun_make_error (err, errno, "ioctl SIOCSIFFLAGS");
    }
  else
    {
      struct nlmsghdr *hdr_recv;
      char buf[sizeof (struct nlmsghdr) + sizeof (struct nlmsgerr)];
      struct sockaddr_nl addr = {
        .nl_family = AF_NETLINK,
        .nl_pid = getpid (),
      };
      struct sockaddr_nl addr_to = {
        .nl_family = AF_NETLINK,
        .nl_pid = 0,
      };
      struct nlmsghdr hdr = {
        .nlmsg_len = sizeof (struct nlmsghdr) + sizeof (struct ifinfomsg),
        .nlmsg_type = RTM_NEWLINK,
        .nlmsg_flags = NLM_F_REQUEST | NLM_F_ACK,
        .nlmsg_seq = 1,
        .nlmsg_pid = 0,
      };
      struct ifinfomsg msg = {
        .ifi_family = AF_UNSPEC,
        .ifi_type = 0,
        .ifi_index = 1,
        .ifi_flags = IFF_UP,
        .ifi_change = IFF_UP,
      };

      *((struct nlmsghdr *) buf) = hdr;
      *((struct ifinfomsg *) (buf + sizeof (struct nlmsghdr))) = msg;

      sockfd = socket (PF_NETLINK, SOCK_RAW | SOCK_CLOEXEC, NETLINK_ROUTE);
      if (UNLIKELY (sockfd < 0))
        return crun_make_error (err, errno, "socket PF_NETLINK");

      ret = bind (sockfd, (struct sockaddr *) &addr, sizeof (addr));
      if (UNLIKELY (ret < 0))
        return crun_make_error (err, errno, "bind PF_NETLINK");

      ret = sendto (sockfd, buf, sizeof (buf), 0, (struct sockaddr *) &addr_to, sizeof (addr_to));
      if (UNLIKELY (ret < 0))
        return crun_make_error (err, errno, "sendto PF_NETLINK");

      ret = recvfrom (sockfd, buf, sizeof (buf), 0, NULL, NULL);
      if (UNLIKELY (ret < 0))
        return crun_make_error (err, errno, "recvfrom PF_NETLINK");

      hdr_recv = (struct nlmsghdr *) buf;

      if (hdr_recv->nlmsg_type == NLMSG_ERROR)
        {
          struct nlmsgerr *err_data = (struct nlmsgerr *) NLMSG_DATA (hdr_recv);
          /* err_data->error set to 0 means success acknowledgement due to NLM_F_ACK  */
          if (err_data->error < 0)
            return crun_make_error (err, -err_data->error, "netlink error while configuring network");
        }
    }

  return 0;
}

/* Protection for attacks like CVE-2019-5736.  */
int ensure_cloned_binary ();
__attribute__ ((constructor)) static void
libcrun_rexec (void)
{
  if (ensure_cloned_binary () < 0)
    {
      fprintf (stderr, "Failed to re-execute libcrun via memory file descriptor\n");
      _safe_exit (EXIT_FAILURE);
    }
}

int
libcrun_container_checkpoint_linux (libcrun_container_status_t *status, libcrun_container_t *container,
                                    libcrun_checkpoint_restore_t *cr_options, libcrun_error_t *err)
{
  return libcrun_container_checkpoint_linux_criu (status, container, cr_options, err);
}

int
libcrun_container_restore_linux (libcrun_container_status_t *status, libcrun_container_t *container,
                                 libcrun_checkpoint_restore_t *cr_options, libcrun_error_t *err)
{
  int ret;
  ret = libcrun_container_restore_linux_criu (status, container, cr_options, err);
  if (UNLIKELY (ret < 0))
    return ret;

  return 0;
}

/* Fallback to use kill(2) on systems where pidfd is not available.  */
static int
libcrun_kill_linux_no_pidfd (libcrun_container_status_t *status, bool check_pid, int signal, libcrun_error_t *err)
{
  int ret;

  /* There is still a possibility that the pid is killed between the check
     and the time we send the signal, but attempt to reduce the window of time when
     it is possible.  */
  if (check_pid)
    {
      ret = libcrun_check_pid_valid (status, err);
      if (UNLIKELY (ret < 0))
        return ret;

      /* The pid is not valid anymore, return an error.  */
      if (ret == 0)
        {
          errno = ESRCH;
          return crun_make_error (err, errno, "kill container");
        }
    }

  ret = kill (status->pid, signal);
  if (UNLIKELY (ret < 0))
    return crun_make_error (err, errno, "kill container");
  return 0;
}

int
libcrun_kill_linux (libcrun_container_status_t *status, int signal, libcrun_error_t *err)
{
  int ret;
  cleanup_close int pidfd = -1;

  pidfd = syscall_pidfd_open (status->pid, 0);
  if (UNLIKELY (pidfd < 0))
    {
      /* If pidfd_open is not supported, fallback to kill.  */
      if (errno == ENOSYS)
        return libcrun_kill_linux_no_pidfd (status, true, signal, err);
      if (errno == ESRCH)
        return crun_make_error (err, errno, "process not running");
      /* Check if the PID is valid before reporting an error. */
      if (errno == EINVAL)
        {
          int errno_saved = errno;
          ret = libcrun_check_pid_valid (status, err);
          if (UNLIKELY (ret < 0))
            return ret;
          if (ret == 0)
            {
              errno = ESRCH;
              return crun_make_error (err, errno, "kill process");
            }

          /* Restore original errno. */
          errno = errno_saved;
        }

      return crun_make_error (err, errno, "open pidfd");
    }

  ret = libcrun_check_pid_valid (status, err);
  if (UNLIKELY (ret < 0))
    return ret;

  /* The pid is not valid anymore, return an error.  */
  if (ret == 0)
    {
      errno = ESRCH;
      return crun_make_error (err, errno, "kill container");
    }

  ret = syscall_pidfd_send_signal (pidfd, signal, NULL, 0);
  if (UNLIKELY (ret < 0))
    {
      /* If pidfd_send_signal is not supported, fallback to kill.  */
      if (errno == ENOSYS)
        return libcrun_kill_linux_no_pidfd (status, false, signal, err);
      return crun_make_error (err, errno, "send signal to pidfd");
    }

  return 0;
}

static const char *
libcrun_get_intelrdt_name (const char *ctr_name, runtime_spec_schema_config_schema *def, bool *explicit)
{
  if (def == NULL || def->linux == NULL || def->linux->intel_rdt == NULL || def->linux->intel_rdt->clos_id == NULL)
    {
      if (explicit)
        *explicit = false;
      return ctr_name;
    }

  if (explicit)
    *explicit = true;
  return def->linux->intel_rdt->clos_id;
}

int
libcrun_apply_intelrdt (const char *ctr_name, libcrun_container_t *container, pid_t pid, int actions, libcrun_error_t *err)
{
  runtime_spec_schema_config_schema *def = NULL;
  bool has_monitoring = false;
  bool explicit = false;
  bool created = false;
  const char *name;
  int ret;

  if (container)
    def = container->container_def;

  if (def == NULL || def->linux == NULL || def->linux->intel_rdt == NULL)
    return 0;

  name = libcrun_get_intelrdt_name (ctr_name, def, &explicit);

  if (actions & LIBCRUN_INTELRDT_CREATE)
    {
      ret = resctl_create (name, explicit, &created, def->linux->intel_rdt->l3cache_schema, def->linux->intel_rdt->mem_bw_schema, def->linux->intel_rdt->schemata, err);
      if (UNLIKELY (ret < 0))
        return ret;

      if (def->linux->intel_rdt->enable_monitoring)
        {
          ret = resctl_create_monitoring_group (name, ctr_name, err);
          if (UNLIKELY (ret < 0))
            goto fail;

          has_monitoring = true;
        }
    }

  if (actions & LIBCRUN_INTELRDT_UPDATE)
    {
      ret = resctl_update (name, def->linux->intel_rdt->l3cache_schema, def->linux->intel_rdt->mem_bw_schema, def->linux->intel_rdt->schemata, err);
      if (UNLIKELY (ret < 0))
        goto fail;
    }

  if (actions & LIBCRUN_INTELRDT_MOVE)
    {
      const char *monitoring_name = def->linux->intel_rdt->enable_monitoring ? ctr_name : NULL;
      ret = resctl_move_task_to (name, monitoring_name, pid, err);
      if (UNLIKELY (ret < 0))
        goto fail;
    }

  return 0;

fail:
  if (has_monitoring)
    {
      libcrun_error_t tmp_err = NULL;
      int tmp_ret;

      tmp_ret = resctl_destroy_monitoring_group (name, ctr_name, &tmp_err);
      if (tmp_ret < 0)
        crun_error_release (&tmp_err);
    }

  /* Cleanup only if the resctl was created as part of this call.  */
  if (created)
    {
      libcrun_error_t tmp_err = NULL;
      int tmp_ret;

      tmp_ret = resctl_destroy (name, &tmp_err);
      if (tmp_ret < 0)
        crun_error_release (&tmp_err);
    }
  return ret;
}

int
libcrun_destroy_intelrdt (const char *container_id, runtime_spec_schema_config_schema *def, libcrun_error_t *err)
{
  bool explicit = false;
  const char *clos_id = libcrun_get_intelrdt_name (container_id, def, &explicit);

  if (def && def->linux && def->linux->intel_rdt && def->linux->intel_rdt->enable_monitoring)
    {
      int ret;

      ret = resctl_destroy_monitoring_group (clos_id, container_id, err);
      if (ret < 0)
        return ret;
    }

  /* Do not destroy the clos_id if the name was set explicitly.  */
  if (explicit)
    return 0;

  return resctl_destroy (clos_id, err);
}

int
libcrun_update_intel_rdt (const char *ctr_name, libcrun_container_t *container, const char *l3_cache_schema, const char *mem_bw_schema, char *const *schemata, libcrun_error_t *err)
{
  runtime_spec_schema_config_schema *def = NULL;
  const char *name;

  if (container)
    def = container->container_def;

  if (def == NULL || def->linux == NULL || def->linux->intel_rdt == NULL)
    return 0;

  name = libcrun_get_intelrdt_name (ctr_name, def, NULL);

  return resctl_update (name, l3_cache_schema, mem_bw_schema, schemata, err);
}

/* Change the current directory and make sure the current working
   directory, once set, is accessible from the current mount
   namespace.  This check prevents container-escape issues like
   CVE-2024-21626.
   The current working directory cannot be longer than PATH_MAX.
*/
int
libcrun_safe_chdir (const char *path, libcrun_error_t *err)
{
  cleanup_free char *buffer = NULL;
  int ret;

  ret = chdir (path);
  if (UNLIKELY (ret < 0))
    return crun_make_error (err, errno, "chdir to `%s`", path);

  buffer = xmalloc (PATH_MAX);
  ret = syscall_getcwd (buffer, PATH_MAX);
  if (UNLIKELY (ret < 0))
    return crun_make_error (err, -ret, "getcwd");

  /* Enforce that the returned path is an absolute path.  */
  if (ret == 0 || buffer[0] != '/')
    {
      if (chdir ("/") < 0)
        {
          /* Braces around empty body, to fix warning for [-Wunused-result] and error for [-Werror=empty-body]. */
        }
      errno = ENOENT;

      /*
        The kernel prepends the string "(unreachable)" to the path
        when it is not reachable from the current mount namespace.
        Use it to give a better error message.
      */
#define UNREACHABLE "(unreachable)"
#define UNREACHABLE_LEN ((int) sizeof (UNREACHABLE) - 1)

      if ((ret >= UNREACHABLE_LEN) && (memcmp (buffer, UNREACHABLE, UNREACHABLE_LEN) == 0))
        return crun_make_error (err, errno, "the working directory is not accessible from the current namespace");

      return crun_make_error (err, errno, "the current working directory is not an absolute path");
    }
  return 0;
}

static int
run_in_container_namespace (libcrun_container_status_t *status, int (*callback) (void *, libcrun_error_t *), void *arg, libcrun_error_t *err)
{
  cleanup_close int pidfd = -1;
  pid_t pid = status->pid;
  int wait_status = 0;
  int ret;

  pidfd = syscall_pidfd_open (pid, 0);
  if (UNLIKELY (pidfd < 0))
    return crun_make_error (err, errno, "pidfd_open");

  /* Check if the container is still running after opening the pidfd.  */
  ret = libcrun_is_container_running (status, err);
  if (UNLIKELY (ret < 0))
    return ret;

  if (ret == 0)
    return crun_make_error (err, 0, "container not running");

  /* must be vfork to propagate the error from the child proc.  */
  pid = vfork ();
  if (UNLIKELY (pid < 0))
    return crun_make_error (err, errno, "vfork");

  if (pid == 0)
    {
      ret = setns (pidfd, CLONE_NEWNS);
      if (UNLIKELY (ret < 0))
        {
          crun_make_error (err, 0, "setns to target pid");
          _safe_exit (ret);
        }
      ret = chdir ("/");
      if (UNLIKELY (ret < 0))
        {
          crun_make_error (err, errno, "chdir to `/`");
          _safe_exit (ret);
        }

      ret = callback (arg, err);
      _safe_exit (ret);
    }

  ret = waitpid_ignore_stopped (pid, &wait_status, 0);
  if (UNLIKELY (ret < 0))
    return crun_make_error (err, errno, "waitpid for exec child pid");

  return get_process_exit_status (wait_status);
}

struct umount_in_a_container_args
{
  runtime_spec_schema_defs_mount **mounts;
  size_t len;
};

static int
do_umount_in_a_container (void *arg, libcrun_error_t *err)
{
  struct umount_in_a_container_args *args = arg;
  size_t i;
  int ret;

  for (i = 0; i < args->len; i++)
    {
      ret = umount2 (args->mounts[i]->destination, MNT_DETACH);
      if (UNLIKELY (ret < 0))
        return crun_make_error (err, errno, "umount `%s`", args->mounts[i]->destination);
    }

  return 0;
}

struct mount_in_a_container_args
{
  runtime_spec_schema_defs_mount **mounts;
  struct libcrun_fd_map *fds;
  int pidfd;
  size_t len;
};

static int
do_mount_in_a_container (void *arg, libcrun_error_t *err)
{
  struct mount_in_a_container_args *args = arg;
  size_t i;
  int ret;

  for (i = 0; i < args->len; i++)
    {
      cleanup_close int dest_fd = -1;
      struct stat st;

      ret = fstat (args->fds->fds[i], &st);
      if (UNLIKELY (ret < 0))
        return crun_make_error (err, errno, "fstat");

      dest_fd = crun_safe_create_and_open_ref_at ((st.st_mode & S_IFMT) == S_IFDIR, AT_FDCWD, "/", args->mounts[i]->destination, 0755, err);
      if (UNLIKELY (dest_fd < 0))
        return dest_fd;

      ret = fs_move_mount_to (args->fds->fds[i], dest_fd, NULL);
      if (UNLIKELY (ret < 0))
        return crun_make_error (err, errno, "move mount to `%s`", args->mounts[i]->destination);
    }

  return 0;
}

int
libcrun_make_runtime_mounts (libcrun_container_t *container, libcrun_container_status_t *status, runtime_spec_schema_defs_mount **mounts, size_t len, libcrun_error_t *err)
{
  struct mount_in_a_container_args args;
  cleanup_close_map struct libcrun_fd_map *fds = NULL;
  cleanup_close int pidfd = -1;
  pid_t pid = status->pid;
  size_t i;
  int ret;

  fds = make_libcrun_fd_map (len);

  for (i = 0; i < len; i++)
    {
      runtime_spec_schema_config_schema *def = container->container_def;
      cleanup_free char *data = NULL;
      unsigned long extra_flags = 0;
      unsigned long flags = 0;
      uint64_t rec_clear = 0;
      uint64_t rec_set = 0;

      /* Do not check whether the pid is valid or not.  run_in_container_namespace will validate it.  */
      ret = maybe_get_idmapped_mount (container, def, mounts[i], pid, &(fds->fds[i]), NULL, err);
      if (UNLIKELY (ret < 0))
        return ret;

      if (fds->fds[i] < 0)
        {
          bool recursive = false;
          bool nofollow = false;

          if (is_bind_mount (mounts[i], &recursive, &nofollow))
            {
              fds->fds[i] = get_bind_mount (-1, mounts[i]->source, recursive, false, nofollow, err);
              if (UNLIKELY (fds->fds[i] < 0))
                return fds->fds[i];
            }
          else
            {
              ret = open_mount_of_type (mounts[i], &(fds->fds[i]), err);
              if (UNLIKELY (ret < 0))
                return ret;
            }
        }

      if (mounts[i]->options == NULL)
        flags = get_default_flags (container, mounts[i]->destination, &data);
      else
        {
          size_t j;

          for (j = 0; j < mounts[i]->options_len; j++)
            flags |= get_mount_flags_or_option (mounts[i]->options[j], flags, &extra_flags, &data, &rec_clear, &rec_set);
        }

      ret = do_mount_setattr (false, mounts[i]->destination, fds->fds[i], 0, flags, err);
      if (UNLIKELY (ret < 0))
        return ret;

      ret = do_mount_setattr (true, mounts[i]->destination, fds->fds[i], rec_clear, rec_set, err);
      if (UNLIKELY (ret < 0))
        return ret;
    }

  args.mounts = mounts;
  args.fds = fds;
  args.pidfd = pidfd;
  args.len = len;

  return run_in_container_namespace (status, do_mount_in_a_container, &args, err);
}

int
libcrun_destroy_runtime_mounts (libcrun_container_t *container arg_unused, libcrun_container_status_t *status arg_unused, runtime_spec_schema_defs_mount **mounts, size_t len, libcrun_error_t *err)
{
  struct umount_in_a_container_args args;

  args.mounts = mounts;
  args.len = len;

  return run_in_container_namespace (status, do_umount_in_a_container, &args, err);
}

int
libcrun_move_network_devices (libcrun_container_t *container, pid_t pid, libcrun_error_t *err)
{
  runtime_spec_schema_config_schema *def = container->container_def;
  cleanup_close int netns_fd = -1;
  size_t i;
  int ret;

  if (def == NULL || def->linux == NULL || def->linux->net_devices == NULL)
    return 0;

  cleanup_free char *ns_path = NULL;

  xasprintf (&ns_path, "%d/ns/net", pid);
  netns_fd = libcrun_open_proc_file (container, ns_path, O_RDONLY, err);
  if (UNLIKELY (netns_fd < 0))
    return netns_fd;

  for (i = 0; i < def->linux->net_devices->len; i++)
    {
      const char *new_name = def->linux->net_devices->values[i]->name ?: def->linux->net_devices->keys[i];

      ret = move_network_device (def->linux->net_devices->keys[i], new_name, netns_fd, err);
      if (UNLIKELY (ret < 0))
        return ret;
    }

  return 0;
}



### src/libcrun/criu.c
/*
 * crun - OCI runtime written in C
 *
 * Copyright (C) 2020 Adrian Reber <areber@redhat.com>
 * crun is free software; you can redistribute it and/or modify
 * it under the terms of the GNU Lesser General Public License as published by
 * the Free Software Foundation; either version 2.1 of the License, or
 * (at your option) any later version.
 *
 * crun is distributed in the hope that it will be useful,
 * but WITHOUT ANY WARRANTY; without even the implied warranty of
 * MERCHANTABILITY or FITNESS FOR A PARTICULAR PURPOSE.  See the
 * GNU Lesser General Public License for more details.
 *
 * You should have received a copy of the GNU Lesser General Public License
 * along with crun.  If not, see <http://www.gnu.org/licenses/>.
 */
#define _GNU_SOURCE

#include <config.h>

#if HAVE_CRIU && HAVE_DLOPEN

#  include <unistd.h>
#  include <sys/types.h>
#  include <criu/criu.h>
#  include <sched.h>
#  include <sys/stat.h>
#  include <sys/mount.h>
#  include <fcntl.h>

#  include "container.h"
#  include "linux.h"
#  include "status.h"
#  include "utils.h"
#  include "cgroup.h"
#  include "cgroup-utils.h"

#  ifndef STATIC
#    include <dlfcn.h>
#  endif

#  define CRIU_CHECKPOINT_LOG_FILE "dump.log"
#  define CRIU_RESTORE_LOG_FILE "restore.log"
#  define DESCRIPTORS_FILENAME "descriptors.json"
#  define CRIU_RUNC_CONFIG_FILE "/etc/criu/runc.conf"
#  define CRIU_CRUN_CONFIG_FILE "/etc/criu/crun.conf"

#  define CRIU_EXT_NETNS "extRootNetNS"
#  define CRIU_EXT_PIDNS "extRootPidNS"

#  ifndef CLONE_NEWTIME
#    define CLONE_NEWTIME 0x00000080 /* New time namespace */
#  endif

/* Defined in chroot_realpath.c  */
char *chroot_realpath (const char *chroot, const char *path, char resolved_path[]);

static const char *console_socket = NULL;

#  define LIBCRIU_MIN_VERSION 31500

struct libcriu_wrapper_s
{
  void *handle;
  int (*criu_add_ext_mount) (const char *key, const char *val);
  int (*criu_add_external) (const char *key);
  int (*criu_add_inherit_fd) (int fd, const char *key);
  int (*criu_check_version) (int minimum);
  int (*criu_dump) (void);
  int (*criu_get_orphan_pts_master_fd) (void);
  int (*criu_init_opts) (void);
#  ifdef CRIU_JOIN_NS_SUPPORT
  int (*criu_join_ns_add) (const char *ns, const char *ns_file, const char *extra_opt);
#  endif
#  ifdef CRIU_PRE_DUMP_SUPPORT
  int (*criu_feature_check) (struct criu_feature_check *features, size_t size);
  int (*criu_pre_dump) (void);
#  endif
  int (*criu_restore_child) (void);
  int (*criu_set_freeze_cgroup) (const char *name);
  void (*criu_set_file_locks) (bool file_locks);
  void (*criu_set_ext_unix_sk) (bool ext_unix_sk);
  int (*criu_set_log_file) (const char *log_file);
  void (*criu_set_log_level) (int log_level);
  void (*criu_set_leave_running) (bool leave_running);
  void (*criu_set_manage_cgroups) (bool manage);
  void (*criu_set_manage_cgroups_mode) (enum criu_cg_mode mode);
  int (*criu_set_network_lock) (enum criu_network_lock_method method);
  void (*criu_set_notify_cb) (int (*cb) (char *action, criu_notify_arg_t na));
  void (*criu_set_orphan_pts_master) (bool orphan_pts_master);
  void (*criu_set_images_dir_fd) (int fd);
  int (*criu_set_parent_images) (const char *path);
  void (*criu_set_pid) (int pid);
  int (*criu_set_root) (const char *root);
  int (*criu_add_cg_root) (const char *ctrl, const char *path);
  void (*criu_set_shell_job) (bool shell_job);
  void (*criu_set_tcp_established) (bool tcp_established);
  void (*criu_set_tcp_close) (bool tcp_close);
  void (*criu_set_track_mem) (bool track_mem);
  void (*criu_set_work_dir_fd) (int fd);
  int (*criu_set_lsm_profile) (const char *name);
  int (*criu_set_lsm_mount_context) (const char *name);
  int (*criu_set_config_file) (const char *path);
};

static struct libcriu_wrapper_s *libcriu_wrapper;

static inline void
cleanup_wrapper (void *p)
{
  struct libcriu_wrapper_s **w;

  w = (struct libcriu_wrapper_s **) p;
  if (*w == NULL)
    return;

#  ifndef STATIC
  if ((*w)->handle)
    dlclose ((*w)->handle);
#  endif
  free (*w);
  libcriu_wrapper = NULL;
}

#  define cleanup_wrapper __attribute__ ((cleanup (cleanup_wrapper)))

static int
load_wrapper (struct libcriu_wrapper_s **wrapper_out, libcrun_error_t *err)
{
  cleanup_free struct libcriu_wrapper_s *wrapper = xmalloc0 (sizeof (*wrapper));

#  ifdef STATIC
#    define LOAD_CRIU_FUNCTION(X, ALLOW_NULL) \
      wrapper->X = &X;
#  else
#    define LOAD_CRIU_FUNCTION(X, ALLOW_NULL)                                                    \
      do                                                                                         \
        {                                                                                        \
          wrapper->X = dlsym (wrapper->handle, #X);                                              \
          if (! ALLOW_NULL && wrapper->X == NULL)                                                \
            {                                                                                    \
              dlclose (wrapper->handle);                                                         \
              return crun_make_error (err, 0, "could not find symbol `%s` in `libcriu.so`", #X); \
            }                                                                                    \
      } while (0)
#  endif

#  ifndef STATIC
  wrapper->handle = dlopen ("libcriu.so.2", RTLD_NOW);
  if (wrapper->handle == NULL)
    return crun_make_error (err, 0, "could not load `libcriu.so.2`: `%s`", dlerror ());
#  endif

  LOAD_CRIU_FUNCTION (criu_add_ext_mount, false);
  LOAD_CRIU_FUNCTION (criu_add_external, false);
  LOAD_CRIU_FUNCTION (criu_add_inherit_fd, false);
  LOAD_CRIU_FUNCTION (criu_check_version, false);
  LOAD_CRIU_FUNCTION (criu_dump, false);
  LOAD_CRIU_FUNCTION (criu_get_orphan_pts_master_fd, false);
  LOAD_CRIU_FUNCTION (criu_init_opts, false);

#  ifdef CRIU_JOIN_NS_SUPPORT
  /* criu_join_ns_add() API was introduced with CRIU version 3.16.1
   * Here we check if this API is available at build time to support
   * compiling with older version of CRIU, and at runtime to support
   * running crun with older versions of libcriu.so.2.
   */
  LOAD_CRIU_FUNCTION (criu_join_ns_add, true);
#  endif

#  ifdef CRIU_PRE_DUMP_SUPPORT
  LOAD_CRIU_FUNCTION (criu_feature_check, false);
  LOAD_CRIU_FUNCTION (criu_pre_dump, false);
#  endif
  LOAD_CRIU_FUNCTION (criu_restore_child, false);
  LOAD_CRIU_FUNCTION (criu_set_ext_unix_sk, false);
  LOAD_CRIU_FUNCTION (criu_set_file_locks, false);
  LOAD_CRIU_FUNCTION (criu_set_freeze_cgroup, false);
  LOAD_CRIU_FUNCTION (criu_set_images_dir_fd, false);
  LOAD_CRIU_FUNCTION (criu_set_leave_running, false);
  LOAD_CRIU_FUNCTION (criu_set_log_file, false);
  LOAD_CRIU_FUNCTION (criu_set_log_level, false);
  LOAD_CRIU_FUNCTION (criu_set_manage_cgroups, false);
  LOAD_CRIU_FUNCTION (criu_set_manage_cgroups_mode, false);
  LOAD_CRIU_FUNCTION (criu_set_network_lock, true);
  LOAD_CRIU_FUNCTION (criu_set_notify_cb, false);
  LOAD_CRIU_FUNCTION (criu_set_orphan_pts_master, false);
  LOAD_CRIU_FUNCTION (criu_set_parent_images, false);
  LOAD_CRIU_FUNCTION (criu_set_pid, false);
  LOAD_CRIU_FUNCTION (criu_set_root, false);
  LOAD_CRIU_FUNCTION (criu_add_cg_root, false);
  LOAD_CRIU_FUNCTION (criu_set_shell_job, false);
  LOAD_CRIU_FUNCTION (criu_set_tcp_established, false);
  LOAD_CRIU_FUNCTION (criu_set_tcp_close, false);
  LOAD_CRIU_FUNCTION (criu_set_track_mem, false);
  LOAD_CRIU_FUNCTION (criu_set_work_dir_fd, false);
  LOAD_CRIU_FUNCTION (criu_set_lsm_profile, false);
  LOAD_CRIU_FUNCTION (criu_set_lsm_mount_context, false);
#  if ! defined STATIC || defined CRIU_CONFIG_FILE
  LOAD_CRIU_FUNCTION (criu_set_config_file, true);
#  endif

  libcriu_wrapper = *wrapper_out = wrapper;
  wrapper = NULL;
#  undef LOAD_CRIU_FUNCTION
  return 0;
}

static int
criu_notify (char *action, __attribute__ ((unused)) criu_notify_arg_t na)
{
  if (strncmp (action, "orphan-pts-master", 17) == 0)
    {
      /* CRIU sends us the master FD via the 'orphan-pts-master'
       * callback and we are passing it on to the '--console-socket'
       * if it exists. */
      cleanup_close int console_socket_fd = -1;
      libcrun_error_t tmp_err = NULL;
      int master_fd;
      int ret;

      if (! console_socket)
        return 0;

      master_fd = libcriu_wrapper->criu_get_orphan_pts_master_fd ();

      console_socket_fd = open_unix_domain_client_socket (console_socket, 0, &tmp_err);
      if (UNLIKELY (console_socket_fd < 0))
        {
          libcrun_error_release (&tmp_err);
          return console_socket_fd;
        }
      ret = send_fd_to_socket (console_socket_fd, master_fd, &tmp_err);
      if (UNLIKELY (ret < 0))
        {
          libcrun_error_release (&tmp_err);
          return ret;
        }
    }
  return 0;
}

#  ifdef CRIU_PRE_DUMP_SUPPORT

static int
criu_check_mem_track (char *work_path, libcrun_error_t *err)
{
  struct criu_feature_check features = { 0 };
  int ret;

  /* Right now we are only interested in checking memory tracking.
   * Memory tracking can be disabled at different levels. aarch64
   * for example has memory tracking not implemented. It could also
   * be not enabled on other architectures. Just ask CRIU if that
   * features exists. */

  features.mem_track = true;

  ret = libcriu_wrapper->criu_feature_check (&features, sizeof (features));
  if (UNLIKELY (ret < 0))
    return crun_make_error (err, 0,
                            "CRIU feature checking failed %d.  Please check CRIU logfile %s/%s",
                            ret, work_path, CRIU_CHECKPOINT_LOG_FILE);

  if (features.mem_track == true)
    return 1;

  return crun_make_error (err, 0,
                          "memory tracking not supported. Please check CRIU logfile %s/%s",
                          work_path, CRIU_CHECKPOINT_LOG_FILE);
}

#  endif

static int
register_masked_paths_mounts (runtime_spec_schema_config_schema *def, libcrun_container_t *container,
                              struct libcriu_wrapper_s *libcriu_wrapper, bool is_restore, libcrun_error_t *err)
{
  cleanup_free char *empty_dir_path = NULL;
  bool shared_dir_registered = false;
  size_t i;
  int ret;

  for (i = 0; i < def->linux->masked_paths_len; i++)
    {
      struct stat statbuf;
      ret = stat (def->linux->masked_paths[i], &statbuf);
      if (ret != 0)
        continue;

      if (S_ISDIR (statbuf.st_mode))
        {
          if (! shared_dir_registered)
            {
              ret = get_shared_empty_directory_path (&empty_dir_path,
                                                     (container->context ? container->context->state_root : NULL), err);
              if (UNLIKELY (ret < 0))
                return ret;

              ret = libcriu_wrapper->criu_add_ext_mount (empty_dir_path, empty_dir_path);
              if (UNLIKELY (ret < 0))
                return crun_make_error (err, -ret, "CRIU: failed adding external mount for shared empty directory `%s`", empty_dir_path);

              shared_dir_registered = true;
            }

          ret = libcriu_wrapper->criu_add_ext_mount (def->linux->masked_paths[i], empty_dir_path);
          if (UNLIKELY (ret < 0))
            return crun_make_error (err, -ret, "CRIU: failed adding external mount for masked directory `%s`", def->linux->masked_paths[i]);
        }
      else if (S_ISREG (statbuf.st_mode))
        {
          const char *bind_target = is_restore ? "/dev/null" : def->linux->masked_paths[i];
          ret = libcriu_wrapper->criu_add_ext_mount (def->linux->masked_paths[i], bind_target);
          if (UNLIKELY (ret < 0))
            return crun_make_error (err, -ret, "CRIU: failed adding external mount to `%s`", bind_target);
        }
    }

  return 0;
}

static int
restore_cgroup_v1_mount (runtime_spec_schema_config_schema *def, libcrun_error_t *err)
{
  cleanup_free char *content = NULL;
  bool has_cgroup_mount = false;
  char *saveptr = NULL;
  int cgroup_mode;
  char *from;
  int ret;
  uint32_t i;

  cgroup_mode = libcrun_get_cgroup_mode (err);
  if (UNLIKELY (cgroup_mode < 0))
    return cgroup_mode;

  if (cgroup_mode == CGROUP_MODE_UNIFIED)
    return 0;

  /* First check if there is actually a cgroup mount in the container. */
  for (i = 0; i < def->mounts_len; i++)
    {
      char *type = def->mounts[i]->type;
      if (type && strcmp (type, "cgroup") == 0)
        {
          has_cgroup_mount = true;
          break;
        }
    }

  if (! has_cgroup_mount)
    return 0;

  ret = read_all_file (PROC_SELF_CGROUP, &content, NULL, err);
  if (UNLIKELY (ret < 0))
    return ret;

  if (UNLIKELY (content == NULL || content[0] == '\0'))
    return crun_make_error (err, 0, "invalid content from `%s`", PROC_SELF_CGROUP);

  for (from = strtok_r (content, "\n", &saveptr); from; from = strtok_r (NULL, "\n", &saveptr))
    {
      cleanup_free char *destination = NULL;
      cleanup_free char *source = NULL;
      char *subsystem;
      char *subpath;
      char *it;

      subsystem = strchr (from, ':') + 1;
      subpath = strchr (subsystem, ':') + 1;
      *(subpath - 1) = '\0';

      if (subsystem[0] == '\0')
        continue;

      it = strstr (subsystem, "name=");
      if (it)
        subsystem = it + 5;

      if (strcmp (subsystem, "net_prio,net_cls") == 0)
        subsystem = "net_cls,net_prio";
      if (strcmp (subsystem, "cpuacct,cpu") == 0)
        subsystem = "cpu,cpuacct";

      ret = append_paths (&source, err, CGROUP_ROOT, subsystem, NULL);
      if (UNLIKELY (ret < 0))
        return ret;

      ret = append_paths (&destination, err, source, subpath, NULL);
      if (UNLIKELY (ret < 0))
        return ret;

      ret = libcriu_wrapper->criu_add_ext_mount (source, destination);
      if (UNLIKELY (ret < 0))
        return crun_make_error (err, -ret, "CRIU: failed adding external mount to `%s`", destination);
    }

  return 0;
}

static int
checkpoint_cgroup_v1_mount (runtime_spec_schema_config_schema *def, libcrun_error_t *err)
{
  cleanup_free char *content = NULL;
  bool has_cgroup_mount = false;
  char *saveptr = NULL;
  char *from;
  int ret;
  uint32_t i;

  /* First check if there is actually a cgroup mount in the container. */
  for (i = 0; i < def->mounts_len; i++)
    {
      char *type = def->mounts[i]->type;
      if (type && strcmp (type, "cgroup") == 0)
        {
          has_cgroup_mount = true;
          break;
        }
    }

  if (! has_cgroup_mount)
    return 0;

  ret = read_all_file (PROC_SELF_CGROUP, &content, NULL, err);
  if (UNLIKELY (ret < 0))
    return ret;

  if (UNLIKELY (content == NULL || content[0] == '\0'))
    return crun_make_error (err, 0, "invalid content from `%s`", PROC_SELF_CGROUP);

  for (from = strtok_r (content, "\n", &saveptr); from; from = strtok_r (NULL, "\n", &saveptr))
    {
      cleanup_free char *source_path = NULL;
      char *subsystem;
      char *subpath;
      char *it;

      subsystem = strchr (from, ':') + 1;
      subpath = strchr (subsystem, ':') + 1;
      *(subpath - 1) = '\0';

      if (subsystem[0] == '\0')
        continue;

      it = strstr (subsystem, "name=");
      if (it)
        subsystem = it + 5;

      if (strcmp (subsystem, "net_prio,net_cls") == 0)
        subsystem = "net_cls,net_prio";
      if (strcmp (subsystem, "cpuacct,cpu") == 0)
        subsystem = "cpu,cpuacct";

      ret = append_paths (&source_path, err, CGROUP_ROOT, subsystem, NULL);
      if (UNLIKELY (ret < 0))
        return ret;

      ret = libcriu_wrapper->criu_add_ext_mount (source_path, source_path);
      if (UNLIKELY (ret < 0))
        return crun_make_error (err, -ret, "CRIU: failed adding external mount to `%s`", source_path);
    }

  return 0;
}

static int
handle_criu_config_file (libcrun_container_t *container, libcrun_error_t *err)
{
  int ret;
  const char *criu_config_annotation;
  const char *config_file = CRIU_RUNC_CONFIG_FILE;

  criu_config_annotation = find_annotation (container, "org.criu.config");

  /* Ignore missing criu_set_config_file() API for compatibility with older CRIU versions,
   * and show an error only if config file is explicitly set with annotation.
   */
  if (libcriu_wrapper->criu_set_config_file == NULL)
    {
      if (criu_config_annotation)
        return crun_make_error (err, 0, "libcriu RPC config files supported in CRIU >= 4.2");

      return 0;
    }

  if (criu_config_annotation)
    config_file = criu_config_annotation;
  else if (access (CRIU_CRUN_CONFIG_FILE, F_OK) == 0)
    config_file = CRIU_CRUN_CONFIG_FILE;

  ret = libcriu_wrapper->criu_set_config_file (config_file);
  if (UNLIKELY (ret < 0))
    return crun_make_error (err, 0, "failed to set CRIU config file");

  return 0;
}

int
libcrun_container_checkpoint_linux_criu (libcrun_container_status_t *status, libcrun_container_t *container,
                                         libcrun_checkpoint_restore_t *cr_options, libcrun_error_t *err)
{
  runtime_spec_schema_config_schema *def = container->container_def;
  cleanup_wrapper struct libcriu_wrapper_s *wrapper = NULL;
  cleanup_free char *descriptors_path = NULL;
  cleanup_free char *freezer_path = NULL;
  cleanup_free char *path = NULL;
  cleanup_close int image_fd = -1;
  cleanup_close int work_fd = -1;
  int cgroup_mode;
  size_t i;
  int ret;

  ret = load_wrapper (&wrapper, err);
  if (UNLIKELY (ret < 0))
    return ret;

  if (geteuid ())
    return crun_make_error (err, 0, "checkpointing requires root");

  /* No CRIU version or feature checking yet. In configure.ac there
   * is a minimum CRIU version listed and so far it is good enough.
   *
   * The CRIU library also does not yet have an interface to CRIU
   * the version of the binary. Right now it is only possible to
   * query the version of the library via defines during buildtime.
   *
   * The whole CRIU library setup works this way, that the library
   * is only a wrapper around RPC calls to the actual library. So
   * if CRIU is updated and the SO of the library does not change,
   * and crun is not rebuilt against the newer version, the version
   * is still returning the values during buildtime and not from
   * the actual running CRIU binary. The RPC interface between the
   * library will not break, so no reason to worry, but it is not
   * possible to detect (via the library) which CRIU version is
   * actually being used. This needs to be added to CRIU upstream. */

  ret = libcriu_wrapper->criu_init_opts ();
  if (UNLIKELY (ret < 0))
    return crun_make_error (err, 0, "CRIU init failed with %d", ret);

  if (! libcriu_wrapper->criu_check_version (LIBCRIU_MIN_VERSION))
    return crun_make_error (err, 0, "libcriu is too old");

  if (UNLIKELY (cr_options->image_path == NULL))
    return crun_make_error (err, 0, "image path not set");

  ret = mkdir (cr_options->image_path, 0700);
  if (UNLIKELY ((ret == -1) && (errno != EEXIST)))
    return crun_make_error (err, errno, "error creating checkpoint directory `%s`", cr_options->image_path);

  image_fd = open (cr_options->image_path, O_DIRECTORY | O_CLOEXEC);
  if (UNLIKELY (image_fd == -1))
    return crun_make_error (err, errno, "error opening checkpoint directory `%s`", cr_options->image_path);

  libcriu_wrapper->criu_set_images_dir_fd (image_fd);

  /* Set up logging. */
  libcriu_wrapper->criu_set_log_level (4);
  libcriu_wrapper->criu_set_log_file (CRIU_CHECKPOINT_LOG_FILE);

  /* Set up CRIU config file */
  if (UNLIKELY (handle_criu_config_file (container, err)))
    return -1;

  /* Setting the pid early as we can skip a lot of checkpoint setup if
   * we just do a pre-dump. The PID needs to be set always. Do it here.
   * The main process of the container is the process CRIU will checkpoint
   * and all of its children. */
  libcriu_wrapper->criu_set_pid (status->pid);

  /* work_dir is the place CRIU will put its logfiles. If not explicitly set,
   * CRIU will put the logfiles into the images_dir from above. No need for
   * crun to set it if the user has not selected a specific directory. */
  if (cr_options->work_path != NULL)
    {
      ret = mkdir (cr_options->work_path, 0700);
      if (UNLIKELY ((ret == -1) && (errno != EEXIST)))
        return crun_make_error (err, errno, "error creating CRIU work directory `%s`", cr_options->work_path);

      work_fd = open (cr_options->work_path, O_DIRECTORY | O_CLOEXEC);
      if (UNLIKELY (work_fd == -1))
        return crun_make_error (err, errno, "error opening CRIU work directory `%s`", cr_options->work_path);

      libcriu_wrapper->criu_set_work_dir_fd (work_fd);
    }
  else
    {
      /* This is only for the error message later. */
      cr_options->work_path = cr_options->image_path;
    }

#  ifdef CRIU_PRE_DUMP_SUPPORT

  {
    int criu_can_mem_track = 0;
    /* If the user uses --pre-dump for the second time or does
     * a final dump from a previous pre-dump, setting parent_path
     * is necessary so that CRIU can find which pages have not
     * changed compared to the previous dump. */
    if (cr_options->parent_path != NULL)
      {
        criu_can_mem_track = criu_check_mem_track (cr_options->work_path, err);
        if (UNLIKELY (criu_can_mem_track == -1))
          return -1;
        libcriu_wrapper->criu_set_track_mem (true);

        /* The parent path must be relative to image path (something like ../previous-dump).
           CRIU will fail with an unclear error message if the path is not right.
         */
        if (UNLIKELY (cr_options->parent_path[0] == '/'))
          return crun_make_error (err, 0, "--parent-path must be relative");
        int is_dir = crun_dir_p_at (image_fd, cr_options->parent_path, false, err);
        if (UNLIKELY (is_dir <= 0))
          {
            if (is_dir < 0)
              return crun_error_wrap (err, "invalid --parent-path");
            return crun_make_error (err, ENOTDIR, "invalid --parent-path");
          }
        ret = libcriu_wrapper->criu_set_parent_images (cr_options->parent_path);
        if (UNLIKELY (ret != 0))
          return crun_make_error (err, -ret, "error setting CRIU parent images path to `%s`", cr_options->parent_path);
      }

    if (cr_options->pre_dump)
      {
        if (criu_can_mem_track != 1)
          {
            criu_can_mem_track = criu_check_mem_track (cr_options->work_path, err);
            if (UNLIKELY (criu_can_mem_track == -1))
              return -1;
          }
        libcriu_wrapper->criu_set_track_mem (true);
        ret = libcriu_wrapper->criu_pre_dump ();
        if (UNLIKELY (ret != 0))
          return crun_make_error (err, 0,
                                  "CRIU pre-dump failed %d.  Please check CRIU logfile %s/%s",
                                  ret, cr_options->work_path, CRIU_CHECKPOINT_LOG_FILE);
        return 0;
      }
  }
#  endif

  /* descriptors.json is needed during restore to correctly
   * reconnect stdin, stdout, stderr. */
  ret = append_paths (&descriptors_path, err, cr_options->image_path, DESCRIPTORS_FILENAME, NULL);
  if (UNLIKELY (ret < 0))
    return ret;

  ret = write_file (descriptors_path, status->external_descriptors, strlen (status->external_descriptors), err);
  if (UNLIKELY (ret < 0))
    return crun_error_wrap (err, "error saving CRIU descriptors file");

  ret = append_paths (&path, err, status->bundle, status->rootfs, NULL);
  if (UNLIKELY (ret < 0))
    return ret;

  ret = libcriu_wrapper->criu_set_root (path);
  if (UNLIKELY (ret != 0))
    return crun_make_error (err, 0, "error setting CRIU root to `%s`", path);

  cgroup_mode = libcrun_get_cgroup_mode (err);
  if (UNLIKELY (cgroup_mode < 0))
    return cgroup_mode;

  /* For cgroup v1 we need to tell CRIU to handle all cgroup mounts as external mounts. */
  if (cgroup_mode != CGROUP_MODE_UNIFIED)
    {
      ret = checkpoint_cgroup_v1_mount (def, err);
      if (UNLIKELY (ret < 0))
        return ret;
    }

  /* Tell CRIU about external bind mounts. */
  for (i = 0; i < def->mounts_len; i++)
    {
      bool nofollow = false;
      if (is_bind_mount (def->mounts[i], NULL, &nofollow))
        {
          /* We need to resolve mount destination inside container's root for CRIU to handle. */
          char buf[PATH_MAX];
          const char *dest_in_root;

          if (nofollow)
            return crun_make_error (err, 0, "CRIU does not support `src-nofollow` for bind mounts");

          dest_in_root = chroot_realpath (status->rootfs, def->mounts[i]->destination, buf);
          if (UNLIKELY (dest_in_root == NULL))
            {
              if (errno != ENOENT)
                return crun_make_error (err, errno, "unable to resolve external bind mount `%s` under rootfs", def->mounts[i]->destination);
              else
                dest_in_root = def->mounts[i]->destination;
            }
          else
            dest_in_root += strlen (status->rootfs);

          ret = libcriu_wrapper->criu_add_ext_mount (dest_in_root, dest_in_root);
          if (UNLIKELY (ret < 0))
            return crun_make_error (err, -ret, "CRIU: failed adding external mount to `%s`", def->mounts[i]->destination);
        }
    }

  ret = register_masked_paths_mounts (def, container, libcriu_wrapper, false, err);
  if (UNLIKELY (ret < 0))
    return ret;

  /* CRIU tries to checkpoint and restore all namespaces. However,
   * namespaces could be shared between containers in a pod.
   * To address this, CRIU provides support for external namespaces.
   * External namespaces allow to ignore the namespace during checkpoint
   * and restore the container into the existing namespaces.
   *
   * We are looking at config.json and if there is a path configured for
   * a namespace we are telling CRIU to ignore the namespace and
   * just restore the container into the existing namespace.
   *
   * In the case of Podman, a network namespace would be created via CNI.
   *
   * CRIU expects the information about an external namespace like this:
   * --external <namespace>[<inode>]:<key>
   */

  for (i = 0; i < def->linux->namespaces_len; i++)
    {
      int value = libcrun_find_namespace (def->linux->namespaces[i]->type);
      if (UNLIKELY (value < 0))
        return crun_make_error (err, 0, "invalid namespace type: `%s`", def->linux->namespaces[i]->type);

      if (value == CLONE_NEWNET && def->linux->namespaces[i]->path != NULL)
        {
          cleanup_free char *external = NULL;
          struct stat statbuf;

          ret = stat (def->linux->namespaces[i]->path, &statbuf);
          if (UNLIKELY (ret < 0))
            return crun_make_error (err, errno, "unable to stat(): `%s`", def->linux->namespaces[i]->path);

          xasprintf (&external, "net[%ld]:" CRIU_EXT_NETNS, statbuf.st_ino);
          ret = libcriu_wrapper->criu_add_external (external);
          if (UNLIKELY (ret < 0))
            return crun_make_error (err, -ret, "CRIU: failed adding external namespace `%s`", external);
        }

      if (value == CLONE_NEWPID && def->linux->namespaces[i]->path != NULL)
        {
          cleanup_free char *external = NULL;
          struct stat statbuf;

          ret = stat (def->linux->namespaces[i]->path, &statbuf);
          if (UNLIKELY (ret < 0))
            return crun_make_error (err, errno, "unable to stat(): `%s`", def->linux->namespaces[i]->path);

          xasprintf (&external, "pid[%ld]:" CRIU_EXT_PIDNS, statbuf.st_ino);
          ret = libcriu_wrapper->criu_add_external (external);
          if (UNLIKELY (ret < 0))
            return crun_make_error (err, -ret, "CRIU: failed adding external namespace `%s`", external);
        }
    }

  /* Tell CRIU to use the freezer to pause all container processes. */
  if (cgroup_mode == CGROUP_MODE_UNIFIED)
    {
      /* This needs CRIU 3.14. */
      ret = append_paths (&freezer_path, err, CGROUP_ROOT, status->cgroup_path, NULL);
      if (UNLIKELY (ret < 0))
        return ret;
    }
  else
    {
      ret = append_paths (&freezer_path, err, CGROUP_ROOT "/freezer", status->cgroup_path, NULL);
      if (UNLIKELY (ret < 0))
        return ret;
    }

  ret = libcriu_wrapper->criu_set_freeze_cgroup (freezer_path);
  if (UNLIKELY (ret < 0))
    return crun_make_error (err, -ret, "CRIU: failed setting freezer %d", ret);

  /* Set boolean options . */
  libcriu_wrapper->criu_set_leave_running (cr_options->leave_running);
  libcriu_wrapper->criu_set_ext_unix_sk (cr_options->ext_unix_sk);
  libcriu_wrapper->criu_set_shell_job (cr_options->shell_job);
  libcriu_wrapper->criu_set_tcp_established (cr_options->tcp_established);
  libcriu_wrapper->criu_set_file_locks (cr_options->file_locks);
  libcriu_wrapper->criu_set_orphan_pts_master (true);
  if (cr_options->manage_cgroups_mode == -1)
    /* Defaulting to CRIU_CG_MODE_SOFT just as runc */
    libcriu_wrapper->criu_set_manage_cgroups_mode (CRIU_CG_MODE_SOFT);
  else
    libcriu_wrapper->criu_set_manage_cgroups_mode (cr_options->manage_cgroups_mode);

  libcriu_wrapper->criu_set_manage_cgroups (true);

  if (libcriu_wrapper->criu_set_network_lock && cr_options->network_lock_method > 0)
    {
      ret = libcriu_wrapper->criu_set_network_lock (cr_options->network_lock_method);
      if (UNLIKELY (ret < 0))
        return crun_make_error (err, 0, "CRIU: failed setting network lock");
    }

  ret = libcriu_wrapper->criu_dump ();
  if (UNLIKELY (ret != 0))
    return crun_make_error (err, ret < 0 ? -ret : 0,
                            "CRIU checkpointing failed %d.  Please check CRIU logfile %s/%s",
                            ret, cr_options->work_path, CRIU_CHECKPOINT_LOG_FILE);

  return 0;
}

static int
prepare_restore_mounts (runtime_spec_schema_config_schema *def, char *root, libcrun_error_t *err)
{
  uint32_t i;

  /* Go through all mountpoints to be able to recreate missing mountpoints. */
  for (i = 0; i < def->mounts_len; i++)
    {
      char *dest = def->mounts[i]->destination;
      char *type = def->mounts[i]->type;
      cleanup_close int root_fd = -1;
      bool nofollow = false;
      bool on_tmpfs = false;
      int is_dir = 1;
      size_t j;

      /* cgroup restore should be handled by CRIU itself */
      if (type && (strcmp (type, "cgroup") == 0 || strcmp (type, "cgroup2") == 0))
        continue;

      /* Check if the mountpoint is on a tmpfs. CRIU restores
       * all tmpfs. We do need to recreate directories on a tmpfs. */
      size_t dest_len = strlen (dest);
      for (j = 0; j < def->mounts_len; j++)
        {
          if (def->mounts[j]->type == NULL || strcmp (def->mounts[j]->type, "tmpfs") != 0)
            continue;
          size_t mount_len = strlen (def->mounts[j]->destination);
          if (mount_len < dest_len && dest[mount_len] == '/' && strncmp (dest, def->mounts[j]->destination, mount_len) == 0)
            {
              /* This is a mountpoint which is on a tmpfs.*/
              on_tmpfs = true;
              break;
            }
        }

      if (on_tmpfs)
        continue;

      /* For bind mounts check if the source is a file or a directory. */
      if (is_bind_mount (def->mounts[i], NULL, &nofollow))
        {
          if (nofollow)
            return crun_make_error (err, 0, "CRIU does not support `src-nofollow` for bind mounts");

          is_dir = crun_dir_p (def->mounts[i]->source, false, err);
          if (UNLIKELY (is_dir < 0))
            return is_dir;
        }

      root_fd = open (root, O_RDONLY | O_CLOEXEC);
      if (UNLIKELY (root_fd == -1))
        return crun_make_error (err, errno, "error opening container root directory `%s`", root);

      if (is_dir)
        {
          int ret;

          ret = crun_safe_ensure_directory_at (root_fd, root, dest, 0755, err);
          if (UNLIKELY (ret < 0))
            return ret;
        }
      else
        {
          int ret;

          ret = crun_safe_ensure_file_at (root_fd, root, dest, 0755, err);
          if (UNLIKELY (ret < 0))
            return ret;
        }
    }

  return 0;
}

int
libcrun_container_restore_linux_criu (libcrun_container_status_t *status, libcrun_container_t *container,
                                      libcrun_checkpoint_restore_t *cr_options, libcrun_error_t *err)
{
  runtime_spec_schema_config_schema *def = container->container_def;
  cleanup_wrapper struct libcriu_wrapper_s *wrapper = NULL;
  cleanup_close int inherit_new_net_fd = -1;
  cleanup_close int inherit_new_pid_fd = -1;
  cleanup_close int image_fd = -1;
  cleanup_free char *root = NULL;
  cleanup_free char *bundle_cleanup = NULL;
  cleanup_close int work_fd = -1;
  int ret_out;
  size_t i;
  int ret;

  ret = load_wrapper (&wrapper, err);
  if (UNLIKELY (ret < 0))
    return ret;

  if (geteuid ())
    return crun_make_error (err, 0, "restoring requires root");

  ret = libcriu_wrapper->criu_init_opts ();
  if (UNLIKELY (ret < 0))
    return crun_make_error (err, 0, "CRIU init failed with %d", ret);

  if (! libcriu_wrapper->criu_check_version (LIBCRIU_MIN_VERSION))
    return crun_make_error (err, 0, "libcriu is too old");

  if (UNLIKELY (cr_options->image_path == NULL))
    return crun_make_error (err, 0, "image path not set");

  image_fd = open (cr_options->image_path, O_DIRECTORY | O_CLOEXEC);
  if (UNLIKELY (image_fd == -1))
    return crun_make_error (err, errno, "error opening checkpoint directory `%s`", cr_options->image_path);

  libcriu_wrapper->criu_set_images_dir_fd (image_fd);

  /* Load descriptors.json to tell CRIU where those FDs should be connected to. */
  {
    cleanup_free char *descriptors_path = NULL;
    cleanup_free char *buffer = NULL;
    char err_buffer[256];
    yajl_val tree;

    ret = append_paths (&descriptors_path, err, cr_options->image_path, DESCRIPTORS_FILENAME, NULL);
    if (UNLIKELY (ret < 0))
      return ret;

    ret = read_all_file (descriptors_path, &buffer, NULL, err);
    if (UNLIKELY (ret < 0))
      return ret;

    /* descriptors.json contains a JSON array with strings
     * telling where 0, 1 and 2 have been initially been
     * pointing to. For each descriptor which points to
     * a pipe 'pipe:' we tell CRIU to reconnect that pipe
     * to the corresponding FD to have (especially) stdout
     * and stderr being correctly redirected. */
    tree = yajl_tree_parse (buffer, err_buffer, sizeof (err_buffer));
    if (UNLIKELY (tree == NULL))
      return crun_make_error (err, 0, "cannot parse descriptors file `%s`", DESCRIPTORS_FILENAME);

    if (tree && YAJL_IS_ARRAY (tree))
      {
        size_t i, len = tree->u.array.len;

        /* len will probably always be 3 as crun is currently only
         * recording the destination of FD 0, 1 and 2. */
        for (i = 0; i < len; ++i)
          {
            yajl_val s = tree->u.array.values[i];
            if (s && YAJL_IS_STRING (s))
              {
                char *str = YAJL_GET_STRING (s);
                if (has_prefix (str, "pipe:"))
                  libcriu_wrapper->criu_add_inherit_fd (i, str);
              }
          }
      }
    yajl_tree_free (tree);
  }

  /* work_dir is the place CRIU will put its logfiles. If not explicitly set,
   * CRIU will put the logfiles into the images_dir from above. No need for
   * crun to set it if the user has not selected a specific directory. */
  if (cr_options->work_path != NULL)
    {
      ret = mkdir (cr_options->work_path, 0700);
      if (UNLIKELY ((ret == -1) && (errno != EEXIST)))
        return crun_make_error (err, errno, "error creating CRIU work directory `%s`", cr_options->work_path);

      work_fd = open (cr_options->work_path, O_DIRECTORY | O_CLOEXEC);
      if (UNLIKELY (work_fd == -1))
        return crun_make_error (err, errno, "error opening CRIU work directory `%s`", cr_options->work_path);

      libcriu_wrapper->criu_set_work_dir_fd (work_fd);
    }
  else
    {
      /* This is only for the error message later. */
      cr_options->work_path = cr_options->image_path;
    }

  if (cr_options->lsm_profile != NULL)
    {
      ret = libcriu_wrapper->criu_set_lsm_profile (cr_options->lsm_profile);
      if (UNLIKELY (ret != 0))
        return crun_make_error (err, -ret, "error setting LSM profile to `%s`", cr_options->lsm_profile);
    }

  if (cr_options->lsm_mount_context != NULL)
    {
      ret = libcriu_wrapper->criu_set_lsm_mount_context (cr_options->lsm_mount_context);
      if (UNLIKELY (ret != 0))
        return crun_make_error (err, -ret, "error setting LSM mount context to `%s`", cr_options->lsm_mount_context);
    }

  /* Tell CRIU about external bind mounts. */
  for (i = 0; i < def->mounts_len; i++)
    {
      bool nofollow = false;
      if (is_bind_mount (def->mounts[i], NULL, &nofollow))
        {
          /* We need to resolve mount destination inside container's root for CRIU to handle. */
          char buf[PATH_MAX];
          const char *dest_in_root;

          if (nofollow)
            return crun_make_error (err, 0, "CRIU does not support `src-nofollow` for bind mounts");

          dest_in_root = chroot_realpath (status->rootfs, def->mounts[i]->destination, buf);
          if (UNLIKELY (dest_in_root == NULL))
            {
              if (errno != ENOENT)
                return crun_make_error (err, errno, "unable to resolve external bind mount destination `%s` under rootfs", def->mounts[i]->destination);
              dest_in_root = def->mounts[i]->destination;
            }
          else
            dest_in_root += strlen (status->rootfs);

          ret = libcriu_wrapper->criu_add_ext_mount (dest_in_root, def->mounts[i]->source);
          if (UNLIKELY (ret < 0))
            return crun_make_error (err, -ret, "CRIU: failed adding external mount to `%s`", def->mounts[i]->source);
        }
    }

  ret = register_masked_paths_mounts (def, container, libcriu_wrapper, true, err);
  if (UNLIKELY (ret < 0))
    return ret;

  /* do realpath on root */
  bundle_cleanup = realpath (status->bundle, NULL);
  if (UNLIKELY (bundle_cleanup == NULL))
    bundle_cleanup = xstrdup (status->bundle);

  /* Mount the container rootfs for CRIU. */
  ret = append_paths (&root, err, bundle_cleanup, "criu-root", NULL);
  if (UNLIKELY (ret < 0))
    return ret;

  ret = mkdir (root, 0755);
  if (UNLIKELY (ret == -1))
    return crun_make_error (err, errno, "error creating restore directory `%s`", root);

  ret = mount (status->rootfs, root, NULL, MS_BIND | MS_REC, NULL);
  if (UNLIKELY (ret == -1))
    {
      ret = crun_make_error (err, errno, "error mounting restore directory `%s`", root);
      goto out;
    }

  /* During initial container creation, crun will create mountpoints
   * defined in config.json if they do not exist. If we are restoring
   * we need to make sure these mountpoints also exist.
   * This is not perfect, as this means crun will modify a rootfs
   * even if it marked as read-only, but runc already modifies
   * the rootfs in the same way. */

  ret = prepare_restore_mounts (def, root, err);
  if (UNLIKELY (ret < 0))
    goto out_umount;

  ret = libcriu_wrapper->criu_set_root (root);
  if (UNLIKELY (ret != 0))
    {
      ret = crun_make_error (err, -ret, "error setting CRIU root to `%s`", root);
      goto out_umount;
    }

  /* If a namespace defined in config.json we are telling
   * CRIU use that namespace when restoring the process tree.
   *
   * CRIU expects the information about the namespace like this:
   * --inherit-fd fd[<fd>]:<key>
   * The <key> needs to be the same as during checkpointing (extRootNetNS). */
  for (i = 0; i < def->linux->namespaces_len; i++)
    {
      const int open_flags_for_inherit = O_RDONLY; /* Cannot be O_CLOEXEC as it is passed to the child process. */
      int value = libcrun_find_namespace (def->linux->namespaces[i]->type);
      if (UNLIKELY (value < 0))
        return crun_make_error (err, 0, "invalid namespace type: `%s`", def->linux->namespaces[i]->type);

      if (value == CLONE_NEWNET && def->linux->namespaces[i]->path != NULL)
        {
          inherit_new_net_fd = open (def->linux->namespaces[i]->path, open_flags_for_inherit);
          if (UNLIKELY (inherit_new_net_fd < 0))
            return crun_make_error (err, errno, "unable to open(): `%s`", def->linux->namespaces[i]->path);

          ret = libcriu_wrapper->criu_add_inherit_fd (inherit_new_net_fd, CRIU_EXT_NETNS);
          if (UNLIKELY (ret < 0))
            return crun_make_error (err, -ret, "CRIU: failed adding fd");
        }

      if (value == CLONE_NEWPID && def->linux->namespaces[i]->path != NULL)
        {
          inherit_new_pid_fd = open (def->linux->namespaces[i]->path, open_flags_for_inherit);
          if (UNLIKELY (inherit_new_pid_fd < 0))
            return crun_make_error (err, errno, "unable to open(): `%s`", def->linux->namespaces[i]->path);

          ret = libcriu_wrapper->criu_add_inherit_fd (inherit_new_pid_fd, CRIU_EXT_PIDNS);
          if (UNLIKELY (ret < 0))
            return crun_make_error (err, -ret, "CRIU: failed adding fd");
        }

#  ifdef CRIU_JOIN_NS_SUPPORT
      if (value == CLONE_NEWTIME && def->linux->namespaces[i]->path != NULL)
        {
          if (libcriu_wrapper->criu_join_ns_add == NULL)
            return crun_make_error (err, 0, "shared time namespace restore is supported in CRIU >= 3.16.1");

          ret = libcriu_wrapper->criu_join_ns_add ("time", def->linux->namespaces[i]->path, NULL);
          if (UNLIKELY (ret < 0))
            return crun_make_error (err, -ret, "CRIU: failed adding external namespace `%s`", def->linux->namespaces[i]->path);
        }

      if (value == CLONE_NEWIPC && def->linux->namespaces[i]->path != NULL)
        {
          if (libcriu_wrapper->criu_join_ns_add == NULL)
            return crun_make_error (err, 0, "shared ipc namespace restore is supported in CRIU >= 3.16.1");

          ret = libcriu_wrapper->criu_join_ns_add ("ipc", def->linux->namespaces[i]->path, NULL);
          if (UNLIKELY (ret < 0))
            return crun_make_error (err, -ret, "CRIU: failed adding external namespace `%s`", def->linux->namespaces[i]->path);
        }

      if (value == CLONE_NEWUTS && def->linux->namespaces[i]->path != NULL)
        {
          if (libcriu_wrapper->criu_join_ns_add == NULL)
            return crun_make_error (err, 0, "shared uts namespace restore is supported in CRIU >= 3.16.1");

          ret = libcriu_wrapper->criu_join_ns_add ("uts", def->linux->namespaces[i]->path, NULL);
          if (UNLIKELY (ret < 0))
            return crun_make_error (err, -ret, "CRIU: failed adding external namespace `%s`", def->linux->namespaces[i]->path);
        }
#  endif
    }

  /* Set up CRIU config file */
  if (UNLIKELY (handle_criu_config_file (container, err)))
    return -1;

  /* Tell CRIU if cgroup v1 needs to be handled. */
  ret = restore_cgroup_v1_mount (def, err);
  if (UNLIKELY (ret < 0))
    goto out_umount;

  console_socket = cr_options->console_socket;
  libcriu_wrapper->criu_set_notify_cb (criu_notify);

  /* Set boolean options . */
  libcriu_wrapper->criu_set_ext_unix_sk (cr_options->ext_unix_sk);
  libcriu_wrapper->criu_set_shell_job (cr_options->shell_job);
  libcriu_wrapper->criu_set_tcp_established (cr_options->tcp_established);
  libcriu_wrapper->criu_set_tcp_close (cr_options->tcp_close);
  libcriu_wrapper->criu_set_file_locks (cr_options->file_locks);
  libcriu_wrapper->criu_set_orphan_pts_master (true);

  if (status->cgroup_path)
    {
      ret = libcriu_wrapper->criu_add_cg_root (NULL, status->cgroup_path);
      if (UNLIKELY (ret != 0))
        return crun_make_error (err, 0, "error setting CRIU cgroup root to `%s`", status->cgroup_path);
    }

  if (cr_options->manage_cgroups_mode == -1)
    /* Defaulting to CRIU_CG_MODE_SOFT just as runc */
    libcriu_wrapper->criu_set_manage_cgroups_mode (CRIU_CG_MODE_SOFT);
  else
    libcriu_wrapper->criu_set_manage_cgroups_mode (cr_options->manage_cgroups_mode);
  libcriu_wrapper->criu_set_manage_cgroups (true);

  if (libcriu_wrapper->criu_set_network_lock && cr_options->network_lock_method > 0)
    {
      ret = libcriu_wrapper->criu_set_network_lock (cr_options->network_lock_method);
      if (UNLIKELY (ret < 0))
        return crun_make_error (err, 0, "CRIU: failed setting network lock");
    }

  libcriu_wrapper->criu_set_log_level (4);
  ret = libcriu_wrapper->criu_set_log_file (CRIU_RESTORE_LOG_FILE);
  if (UNLIKELY (ret < 0))
    return crun_make_error (err, -ret, "error setting CRIU log file to `%s`", CRIU_RESTORE_LOG_FILE);

  /* criu_restore() returns the PID of the process of the restored process
   * tree. This PID will not be the same as status->pid if the container is
   * running in a PID namespace. But it will always be > 0. */
  ret = libcriu_wrapper->criu_restore_child ();
  if (UNLIKELY (ret <= 0))
    {
      ret = crun_make_error (err, 0,
                             "CRIU restoring failed %d.  Please check CRIU logfile `%s/%s`",
                             ret, cr_options->work_path, CRIU_RESTORE_LOG_FILE);
      goto out_umount;
    }

  /* Update the status struct with the newly allocated PID. This will
   * be necessary later when moving the process into its cgroup. */
  status->pid = ret;

  ret = libcrun_save_external_descriptors (container, ret, err);

out_umount:
  ret_out = umount (root);
  if (UNLIKELY (ret_out == -1))
    {
      rmdir (root);
      return crun_make_error (err, errno, "error unmounting restore directory `%s`", root);
    }
out:
  ret_out = rmdir (root);
  if (UNLIKELY (ret == -1))
    return ret;
  if (UNLIKELY (ret_out == -1))
    return crun_make_error (err, errno, "error removing restore directory `%s`", root);
  return ret;
}
#endif



### src/libcrun/cgroup-systemd.c
/*
 * crun - OCI runtime written in C
 *
 * Copyright (C) 2017, 2018, 2019 Giuseppe Scrivano <giuseppe@scrivano.org>
 * crun is free software; you can redistribute it and/or modify
 * it under the terms of the GNU Lesser General Public License as published by
 * the Free Software Foundation; either version 2.1 of the License, or
 * (at your option) any later version.
 *
 * crun is distributed in the hope that it will be useful,
 * but WITHOUT ANY WARRANTY; without even the implied warranty of
 * MERCHANTABILITY or FITNESS FOR A PARTICULAR PURPOSE.  See the
 * GNU Lesser General Public License for more details.
 *
 * You should have received a copy of the GNU Lesser General Public License
 * along with crun.  If not, see <http://www.gnu.org/licenses/>.
 */

#define _GNU_SOURCE

#include <config.h>
#include "cgroup.h"
#include "cgroup-internal.h"
#include "cgroup-systemd.h"
#include "cgroup-resources.h"
#include "cgroup-utils.h"
#include "ebpf.h"
#include "utils.h"
#include "status.h"
#include <string.h>
#include <sys/types.h>
#include <signal.h>
#include <sys/vfs.h>
#include <inttypes.h>
#include <fcntl.h>
#include <time.h>
#include <sys/stat.h>
#include <sys/vfs.h>
#include <linux/magic.h>

#ifdef HAVE_SYSTEMD
#  include <systemd/sd-bus.h>
#  include <limits.h>

#  define SYSTEMD_PROPERTY_PREFIX "org.systemd.property."

#  define CGROUP_BFQ_WEIGHT_MIN ((uint64_t) 1)
#  define CGROUP_BFQ_WEIGHT_DEFAULT ((uint64_t) 100)
#  define CGROUP_BFQ_WEIGHT_MAX ((uint64_t) 1000)

#  define CGROUP_WEIGHT_MIN ((uint64_t) 1)
#  define CGROUP_WEIGHT_DEFAULT ((uint64_t) 100)
#  define CGROUP_WEIGHT_MAX ((uint64_t) 10000)

#  define SYSTEMD_MISSING_PROPERTIES_DIR ".cache/systemd-missing-properties"

#  define IS_WILDCARD(x) (x <= 0)

static int
register_missing_property_from_message (const char *state_dir, const char *message, libcrun_error_t *err)
{
  cleanup_free char *file_path = NULL;
  cleanup_free char *dir_path = NULL;
  cleanup_free char *property = NULL;
  char *p;
  int ret;

  if (! has_prefix (message, "Cannot set property "))
    return 0;

  property = xstrdup (message + sizeof ("Cannot set property ") - 1);
  p = strchr (property, ',');
  if (! p)
    return 0;
  *p = '\0';

  ret = append_paths (&dir_path, err, state_dir, SYSTEMD_MISSING_PROPERTIES_DIR, NULL);
  if (UNLIKELY (ret < 0))
    return ret;

  ret = crun_ensure_directory (dir_path, 0755, true, err);
  if (UNLIKELY (ret < 0))
    return ret;

  ret = append_paths (&file_path, err, dir_path, property, NULL);
  if (UNLIKELY (ret < 0))
    return ret;

  libcrun_debug ("Registering missing property for systemd `%s`", property);

  ret = write_file (file_path, NULL, 0, err);
  if (UNLIKELY (ret < 0))
    return ret;

  return 1;
}

static bool
property_missing_p (char **missing_properties, const char *property)
{
  size_t i;

  for (i = 0; missing_properties && missing_properties[i]; i++)
    if (strcmp (missing_properties[i], property) == 0)
      {
        libcrun_debug ("Skipping property for systemd as it is not supported `%s`", property);
        return true;
      }

  return false;
}

static void
get_systemd_scope_and_slice (const char *id, bool user_slice, const char *cgroup_path,
                             char **scope, char **slice)
{
  char *n;

  if (cgroup_path == NULL || cgroup_path[0] == '\0')
    {
      xasprintf (scope, "crun-%s.scope", id);
      return;
    }

  n = strchr (cgroup_path, ':');
  if (n == NULL)
    xasprintf (scope, "%s.scope", cgroup_path);
  else
    {
      xasprintf (scope, "%s.scope", n + 1);
      n = strchr (*scope, ':');
      if (n)
        *n = '-';
    }
  if (slice)
    {
      *slice = xstrdup (cgroup_path);
      n = strchr (*slice, ':');
      if (n)
        *n = '\0';

      /* Ref: https://github.com/opencontainers/runc/blob/main/docs/systemd.md#systemd-unit-name-and-placement */
      if (is_empty_string (*slice))
        {
          free (*slice);
          if (user_slice)
            *slice = xstrdup ("user.slice");
          else
            *slice = xstrdup ("system.slice");
        }
    }
}

/* set the rt-runtime for the current cgroup and its parent if the path is not a scope.  */
static int
setup_rt_runtime (runtime_spec_schema_config_linux_resources *resources,
                  const char *path, libcrun_error_t *err)
{
  cleanup_free char *cgroup_path = NULL;
  cleanup_close int dirfd = -1;
  bool need_set_parent = true;
  char fmt_buf[64];
  int len;
  int ret;

  if (resources == NULL || resources->cpu == NULL)
    return 0;

  if (has_suffix (path, ".scope"))
    need_set_parent = false;

  ret = append_paths (&cgroup_path, err, CGROUP_ROOT, "cpu", path, NULL);
  if (UNLIKELY (ret < 0))
    return ret;

  ret = crun_ensure_directory (cgroup_path, 0755, true, err);
  if (UNLIKELY (ret < 0))
    return ret;

  dirfd = open (cgroup_path, O_DIRECTORY | O_PATH | O_CLOEXEC);
  if (UNLIKELY (dirfd < 0))
    return crun_make_error (err, errno, "open `%s`", cgroup_path);

  if (resources->cpu->realtime_period)
    {
      len = snprintf (fmt_buf, sizeof (fmt_buf), "%" PRIu64, resources->cpu->realtime_period);
      if (UNLIKELY (len >= (int) sizeof (fmt_buf)))
        return crun_make_error (err, 0, "internal error: static buffer too small");

      if (need_set_parent)
        {
          ret = write_file_at_with_flags (dirfd, O_WRONLY | O_CLOEXEC, 0, "../cpu.rt_period_us", fmt_buf, len, err);
          if (UNLIKELY (ret < 0))
            return ret;
        }

      ret = write_file_at_with_flags (dirfd, O_WRONLY | O_CLOEXEC, 0, "cpu.rt_period_us", fmt_buf, len, err);
      if (UNLIKELY (ret < 0))
        return ret;
    }

  if (resources->cpu->realtime_runtime)
    {
      len = snprintf (fmt_buf, sizeof (fmt_buf), "%" PRIu64, resources->cpu->realtime_runtime);
      if (UNLIKELY (len >= (int) sizeof (fmt_buf)))
        return crun_make_error (err, 0, "internal error: static buffer too small");

      if (need_set_parent)
        {
          ret = write_file_at_with_flags (dirfd, O_WRONLY | O_CLOEXEC, 0, "../cpu.rt_runtime_us", fmt_buf, len, err);
          if (UNLIKELY (ret < 0))
            return ret;
        }

      ret = write_file_at_with_flags (dirfd, O_WRONLY | O_CLOEXEC, 0, "cpu.rt_runtime_us", fmt_buf, len, err);
      if (UNLIKELY (ret < 0))
        return ret;
    }
  return 0;
}

static int
setup_missing_cpu_options_for_systemd (runtime_spec_schema_config_linux_resources *resources, bool cgroup2, const char *path, libcrun_error_t *err)
{
  cleanup_free char *cgroup_path = NULL;
  int parent;
  int ret;

  if (resources == NULL || resources->cpu == NULL)
    return 0;

  if (! resources->cpu->burst_present)
    return 0;

  for (parent = 0; parent < 2; parent++)
    {
      cleanup_close int dirfd = -1;

      if (cgroup2)
        ret = append_paths (&cgroup_path, err, CGROUP_ROOT, path ? path : "", (parent ? ".." : NULL), NULL);
      else
        ret = append_paths (&cgroup_path, err, CGROUP_ROOT, "/cpu", path ? path : "", (parent ? ".." : NULL), NULL);
      if (UNLIKELY (ret < 0))
        return ret;

      dirfd = open (cgroup_path, O_DIRECTORY | O_PATH | O_CLOEXEC);
      if (UNLIKELY (dirfd < 0))
        return crun_make_error (err, errno, "open `%s`", cgroup_path);

      ret = write_cpu_burst (dirfd, cgroup2, resources->cpu, err);
      if (UNLIKELY (ret < 0))
        return ret;
    }

  return 0;
}

static int
setup_cpuset_for_systemd_v1 (runtime_spec_schema_config_linux_resources *resources, const char *path, libcrun_error_t *err)
{
  cleanup_free char *cgroup_path = NULL;
  int parent;
  int ret;
  int levels;

  ret = append_paths (&cgroup_path, err, CGROUP_ROOT, "/cpuset", path ? path : "", NULL);
  if (UNLIKELY (ret < 0))
    return ret;

  ret = crun_ensure_directory (cgroup_path, 0755, true, err);
  if (UNLIKELY (ret < 0))
    return ret;

  ret = initialize_cpuset_subsystem_resources (cgroup_path, resources, err);
  if (UNLIKELY (ret < 0))
    return ret;

  // Check if we have a subcgroup defined. If not, we only need to write this on one level.
  levels = has_suffix (path, ".scope") ? 1 : 2;

  for (parent = 0; parent < levels; parent++)
    {
      cleanup_close int dirfd_cpuset = -1;
      cleanup_free char *path_to_cpuset = NULL;

      ret = append_paths (&path_to_cpuset, err, CGROUP_ROOT "/cpuset", path, (parent ? ".." : NULL), NULL);
      if (UNLIKELY (ret < 0))
        return ret;

      dirfd_cpuset = open (path_to_cpuset, O_DIRECTORY | O_PATH | O_CLOEXEC);
      if (UNLIKELY (dirfd_cpuset < 0))
        return crun_make_error (err, errno, "open `%s`", path_to_cpuset);

      ret = write_cpuset_resources (dirfd_cpuset, false, resources->cpu, err);
      if (UNLIKELY (ret < 0))
        return ret;
    }

  return 0;
}

static int
systemd_finalize (struct libcrun_cgroup_args *args, char **path_out,
                  int cgroup_mode, const char *suffix, libcrun_error_t *err)
{
  runtime_spec_schema_config_linux_resources *resources = args->resources;
  cleanup_free char *content = NULL;
  cleanup_free char *path = NULL;
  pid_t pid = args->pid;
  int ret;
  char *from, *to;
  char *saveptr = NULL;

  cleanup_free char *proc_path = NULL;
  cleanup_close int fd = -1;

  xasprintf (&proc_path, "%d/cgroup", pid);
  fd = libcrun_open_proc_file (args->container, proc_path, O_RDONLY, err);
  if (UNLIKELY (fd < 0))
    return fd;

  ret = read_all_fd (fd, "cgroup path", &content, NULL, err);
  if (UNLIKELY (ret < 0))
    return ret;

  switch (cgroup_mode)
    {
    case CGROUP_MODE_HYBRID:
    case CGROUP_MODE_LEGACY:
      from = strstr (content, ":memory:");
      if (LIKELY (from != NULL))
        from += 8;
      else
        {
          from = strstr (content, ":pids:");
          if (UNLIKELY (from == NULL))
            return crun_make_error (err, 0, "cannot find memory or pids controller for the current process");

          from += 6;
        }

      to = strchr (from, '\n');
      if (UNLIKELY (to == NULL))
        return crun_make_error (err, 0, "cannot parse `%s`", PROC_SELF_CGROUP);
      *to = '\0';
      if (suffix == NULL)
        path = xstrdup (from);
      else
        {
          ret = append_paths (&path, err, from, suffix, NULL);
          if (UNLIKELY (ret < 0))
            return ret;
        }
      *to = '\n';

      if (geteuid ())
        return 0;

      ret = setup_rt_runtime (resources, path, err);
      if (UNLIKELY (ret < 0))
        return ret;

      ret = setup_cpuset_for_systemd_v1 (resources, path, err);
      if (UNLIKELY (ret < 0))
        return ret;

      for (from = strtok_r (content, "\n", &saveptr); from; from = strtok_r (NULL, "\n", &saveptr))
        {
          char *subpath, *subsystem;
          subsystem = strchr (from, ':') + 1;
          subpath = strchr (subsystem, ':') + 1;
          *(subpath - 1) = '\0';

          if (subsystem[0] == '\0')
            {
              if (cgroup_mode == CGROUP_MODE_LEGACY)
                continue;

              subsystem = "unified";
            }

          if (strcmp (subpath, path))
            {
              ret = enter_cgroup_v1_subsystem (pid, subsystem, path, true, err);
              if (UNLIKELY (ret < 0))
                {
                  /* If it is a named hierarchy, skip the error.  */
                  if (strchr (subsystem, '='))
                    {
                      crun_error_release (err);
                      continue;
                    }
                  return ret;
                }
            }
        }

      break;

    case CGROUP_MODE_UNIFIED:
      {
        cleanup_free char *dir = NULL;

        from = strstr (content, "0::");
        if (UNLIKELY (from == NULL))
          return crun_make_error (err, 0, "cannot find cgroup2 for the current process");

        from += 3;
        to = strchr (from, '\n');
        if (UNLIKELY (to == NULL))
          return crun_make_error (err, 0, "cannot parse `%s`", PROC_SELF_CGROUP);
        *to = '\0';
        if (suffix == NULL)
          path = xstrdup (from);
        else
          {
            ret = append_paths (&path, err, from, suffix, NULL);
            if (UNLIKELY (ret < 0))
              return ret;
          }
        *to = '\n';

        ret = append_paths (&dir, err, CGROUP_ROOT, path, NULL);
        if (UNLIKELY (ret < 0))
          return ret;

        /* On cgroup v2, processes can be only in leaf nodes.  If a suffix is used,
           move the process immediately to the new location before enabling
           the controllers.  */
        ret = crun_ensure_directory (dir, 0755, true, err);
        if (UNLIKELY (ret < 0))
          return ret;

        ret = move_process_to_cgroup (pid, NULL, path, err);
        if (UNLIKELY (ret < 0))
          return ret;

        ret = enable_controllers (path, err);
        if (UNLIKELY (ret < 0))
          return ret;

        if (suffix)
          {
            ret = chown_cgroups (path, args->root_uid, args->root_gid, err);
            if (UNLIKELY (ret < 0))
              return ret;
          }
      }
      break;

    default:
      return crun_make_error (err, 0, "invalid cgroup mode `%d`", cgroup_mode);
    }

  ret = setup_missing_cpu_options_for_systemd (resources, cgroup_mode == CGROUP_MODE_UNIFIED, path, err);
  if (UNLIKELY (ret < 0))
    return ret;

  *path_out = path;
  path = NULL;

  return 0;
}

struct systemd_job_removed_s
{
  const char *path;
  const char *op;
  int terminated;
  libcrun_error_t err;
};

static int
systemd_job_removed (sd_bus_message *m, void *userdata, sd_bus_error *error arg_unused)
{
  const char *path, *unit, *result;
  uint32_t id;
  int ret;
  struct systemd_job_removed_s *d = userdata;

  ret = sd_bus_message_read (m, "uoss", &id, &path, &unit, &result);
  if (ret < 0)
    return -1;

  if (strcmp (d->path, path) == 0)
    {
      d->terminated = 1;
      if (strcmp (result, "done") != 0)
        {
          crun_make_error (&d->err, 0, "error `%s` systemd unit `%s`: got `%s`", d->op, unit, result);
          return -1;
        }
    }
  return 0;
}

static int
systemd_check_job_status_setup (sd_bus *bus, struct systemd_job_removed_s *data, libcrun_error_t *err)
{
  int ret;

  ret = sd_bus_match_signal_async (bus, NULL, "org.freedesktop.systemd1", "/org/freedesktop/systemd1",
                                   "org.freedesktop.systemd1.Manager", "JobRemoved", systemd_job_removed, NULL, data);
  if (UNLIKELY (ret < 0))
    return crun_make_error (err, -ret, "sd-bus match signal");

  return 0;
}

static int
systemd_check_job_status (sd_bus *bus, struct systemd_job_removed_s *data, const char *path, const char *op,
                          libcrun_error_t *err)
{
  int sd_err;

  data->path = path;
  data->op = op;
  while (! data->terminated)
    {
      sd_err = sd_bus_process (bus, NULL);
      if (UNLIKELY (sd_err < 0))
        return crun_make_error (err, -sd_err, "sd-bus process");

      if (sd_err != 0)
        continue;

      sd_err = sd_bus_wait (bus, (uint64_t) -1);
      if (UNLIKELY (sd_err < 0))
        return crun_make_error (err, -sd_err, "sd-bus wait");
    }

  if (data->err != NULL)
    {
      *err = data->err;
      return -1;
    }

  return 0;
}

int
parse_sd_array (char *s, char **out, char **next, libcrun_error_t *err)
{
  char endchr;
  char *it, *dest;
  bool escaped = false;

  *out = NULL;
  *next = NULL;

  while (isspace (*s))
    s++;
  if (*s == '\0')
    return 0;
  else if (*s != '\'' && *s != '"')
    return crun_make_error (err, 0, "invalid string `%s`", s);

  it = s;
  endchr = *it++;
  *out = dest = it;

  while (1)
    {
      if (*it == '\0')
        return crun_make_error (err, 0, "invalid string `%s`", s);
      if (*it == endchr && ! escaped)
        {
          *it++ = '\0';
          while (isspace (*it))
            it++;
          if (*it == ',')
            {
              *next = ++it;
              *dest = '\0';
              return 0;
            }

          if (*it == ']' || *it == '\0')
            {
              *dest = '\0';
              return 0;
            }

          return crun_make_error (err, 0, "invalid character found `%c`", *it);
        }

      escaped = *it == '\\' ? ! escaped : false;
      if (! escaped)
        *dest++ = *it;
      it++;
    }

  return 0;
}

/* Parse a gvariant string.  Support only a subset of types, just enough for systemd .  */
static int
append_systemd_annotation (sd_bus_message *m, const char *name, size_t name_len, const char *value,
                           libcrun_error_t *err)
{
  cleanup_free char *tmp_name = NULL;
  uint32_t factor = 1;
  const char *it;
  int sd_err;

  while (*value == ' ')
    value++;

  it = value;

  /* If the name has the form NameSec, convert it to NameUSec.  */
  if (name_len > 4 && name[name_len - 4] != 'U' && name[name_len - 3] == 'S' && name[name_len - 2] == 'e'
      && name[name_len - 1] == 'c')
    {
      factor = 1000000;

      tmp_name = xmalloc (name_len + 2);
      memcpy (tmp_name, name, name_len - 3);
      memcpy (tmp_name + name_len - 3, "USec", 5);

      name = tmp_name;
    }

  if ((strcmp (it, "true") == 0) || (strcmp (it, "false") == 0))
    {
      bool b = *it == 't';

      sd_err = sd_bus_message_append (m, "(sv)", name, "b", b);
      if (UNLIKELY (sd_err < 0))
        return crun_make_error (err, -sd_err, "sd-bus message append `%s`", name);

      return 0;
    }
  else if (*it == '\'')
    {
      cleanup_free char *v_start = NULL;
      char *end;

      it = v_start = xstrdup (value);

      end = strchr (it + 1, '\'');
      if (end == NULL)
        return crun_make_error (err, 0, "invalid variant `%s`", value);
      *end = '\0';

      sd_err = sd_bus_message_append (m, "(sv)", name, "s", it + 1);
      if (UNLIKELY (sd_err < 0))
        return crun_make_error (err, -sd_err, "sd-bus message append `%s`", name);

      return 0;
    }
  else if (*it == '[')
    {
      cleanup_free char *v_start = NULL;
      size_t n_parts = 0, parts_size = 32;
      cleanup_free char **parts = xmalloc (sizeof (char *) * parts_size);
      char *part;

      part = v_start = xstrdup (it + 1);
      while (1)
        {
          char *out = NULL, *next = NULL;
          int ret;

          ret = parse_sd_array (part, &out, &next, err);
          if (UNLIKELY (ret < 0))
            return ret;

          parts[n_parts++] = out;
          if (n_parts == parts_size - 1)
            {
              parts_size += 32;
              parts = xrealloc (parts, parts_size);
            }
          parts[n_parts] = NULL;
          if (next == NULL)
            break;

          part = next;
        }

      sd_err = sd_bus_message_open_container (m, 'r', "sv");
      if (UNLIKELY (sd_err < 0))
        return crun_make_error (err, -sd_err, "sd-bus open container");

      sd_err = sd_bus_message_append (m, "s", name);
      if (UNLIKELY (sd_err < 0))
        return crun_make_error (err, -sd_err, "sd-bus message append `%s`", name);

      sd_err = sd_bus_message_open_container (m, 'v', "as");
      if (UNLIKELY (sd_err < 0))
        return crun_make_error (err, -sd_err, "sd-bus open container");

      sd_err = sd_bus_message_append_strv (m, parts);
      if (UNLIKELY (sd_err < 0))
        return crun_make_error (err, -sd_err, "sd-bus message append `%s`", name);

      sd_err = sd_bus_message_close_container (m);
      if (UNLIKELY (sd_err < 0))
        return crun_make_error (err, -sd_err, "sd-bus close container");

      sd_err = sd_bus_message_close_container (m);
      if (UNLIKELY (sd_err < 0))
        return crun_make_error (err, -sd_err, "sd-bus close container");

      return 0;
    }
  else if (has_prefix (it, "uint64 "))
    {
      char *endptr = NULL;
      uint64_t v;

      errno = 0;
      v = strtoull (it + sizeof ("uint64"), &endptr, 10);
      if (UNLIKELY (errno != 0 || *endptr))
        return crun_make_error (err, errno, "invalid value for `%s`", name);

      sd_err = sd_bus_message_append (m, "(sv)", name, "t", (uint64_t) (v * factor));
      if (UNLIKELY (sd_err < 0))
        return crun_make_error (err, -sd_err, "sd-bus message append `%s`", name);

      return 0;
    }
  else if (has_prefix (it, "int64 "))
    {
      char *endptr = NULL;
      int64_t v;

      errno = 0;
      v = strtoll (it + sizeof ("int64"), &endptr, 10);
      if (UNLIKELY (errno != 0 || *endptr))
        return crun_make_error (err, errno, "invalid value for `%s`", name);

      sd_err = sd_bus_message_append (m, "(sv)", name, "x", (int64_t) (v * factor));
      if (UNLIKELY (sd_err < 0))
        return crun_make_error (err, -sd_err, "sd-bus message append `%s`", name);

      return 0;
    }
  else if (has_prefix (it, "uint32 "))
    {
      char *endptr = NULL;
      uint32_t v;

      errno = 0;
      v = strtoul (it + sizeof ("uint32"), &endptr, 10);
      if (UNLIKELY (errno != 0 || *endptr))
        return crun_make_error (err, errno, "invalid value for `%s`", name);

      sd_err = sd_bus_message_append (m, "(sv)", name, "u", (uint32_t) (v * factor));
      if (UNLIKELY (sd_err < 0))
        return crun_make_error (err, -sd_err, "sd-bus message append `%s`", name);

      return 0;
    }
  else if (has_prefix (it, "int32 ") || strchr (it, ' ') == NULL)
    {
      char *endptr = NULL;
      int32_t v;

      /* If no type is specified, try to parse it as int32.  */

      errno = 0;
      if (has_prefix (it, "int32 "))
        v = strtol (it + sizeof ("int32"), &endptr, 10);
      else
        v = strtol (it, &endptr, 10);
      if (UNLIKELY (errno != 0 || *endptr))
        return crun_make_error (err, errno, "invalid value for `%s`", name);

      sd_err = sd_bus_message_append (m, "(sv)", name, "i", (int32_t) (v * factor));
      if (UNLIKELY (sd_err < 0))
        return crun_make_error (err, -sd_err, "sd-bus message append `%s`", name);

      return 0;
    }

  return crun_make_error (err, errno, "unknown type for `%s`", name);
}

static int
open_sd_bus_connection (sd_bus **bus, libcrun_error_t *err)
{
  int rootless;
  int sd_err = 0;

  rootless = is_rootless (err);
  if (UNLIKELY (rootless < 0))
    return rootless;

  if (rootless)
    sd_err = sd_bus_default_user (bus);
  if (! rootless || sd_err < 0)
    sd_err = sd_bus_default_system (bus);
  if (sd_err < 0)
    return crun_make_error (err, -sd_err, "cannot open sd-bus");

  return 0;
}

static int
get_value_from_unified_map (runtime_spec_schema_config_linux_resources *resources, const char *name,
                            uint64_t *value, libcrun_error_t *err)
{
  char *endptr = NULL;
  size_t i;

  if (resources == NULL || resources->unified == NULL)
    return 0;

  for (i = 0; i < resources->unified->len; i++)
    if (strcmp (resources->unified->keys[i], name) == 0)
      {
        if (strcmp (resources->unified->values[i], "max") == 0)
          {
            *value = UINT64_MAX;
            return 1;
          }

        errno = 0;
        *value = (uint64_t) strtoll (resources->unified->values[i], &endptr, 10);
        if (UNLIKELY (errno))
          return crun_make_error (err, errno, "invalid value for `%s`: %s", name,
                                  resources->unified->values[i]);
        if (endptr && *endptr)
          return crun_make_error (err, 0, "invalid value for `%s`: %s", name,
                                  resources->unified->values[i]);
        return 1;
      }
  return 0;
}

static inline int
get_memory_low (runtime_spec_schema_config_linux_resources *resources, uint64_t *limit, libcrun_error_t *err)
{
  if (resources->memory && resources->memory->reservation_present)
    {
      *limit = resources->memory->reservation;
      return 1;
    }

  return get_value_from_unified_map (resources, "memory.low", limit, err);
}

static inline int
get_pids_max (runtime_spec_schema_config_linux_resources *resources, uint64_t *limit, libcrun_error_t *err)
{
  if (resources->pids && resources->pids->limit)
    {
      *limit = resources->pids->limit;
      return 1;
    }

  return get_value_from_unified_map (resources, "pids.max", limit, err);
}

static inline int
get_memory_max (runtime_spec_schema_config_linux_resources *resources, uint64_t *limit, libcrun_error_t *err)
{
  if (resources->memory && resources->memory->limit_present)
    {
      *limit = resources->memory->limit;
      return 1;
    }

  return get_value_from_unified_map (resources, "memory.max", limit, err);
}

static inline int
get_memory_swap_max (runtime_spec_schema_config_linux_resources *resources, uint64_t *limit, libcrun_error_t *err)
{
  if (resources->memory && resources->memory->swap_present)
    {
      *limit = resources->memory->swap;
      return 1;
    }

  return get_value_from_unified_map (resources, "memory.swap.max", limit, err);
}

static inline int
get_cpu_weight (runtime_spec_schema_config_linux_resources *resources, uint64_t *weight, libcrun_error_t *err)
{
  bool has_idle = false;
  uint64_t value;
  int ret;

  ret = get_value_from_unified_map (resources, "cpu.idle", &value, err);
  if (UNLIKELY (ret < 0))
    return ret;
  if (ret > 0 && value == 1)
    has_idle = true;

  if (resources->cpu && resources->cpu->shares_present)
    {
      if (has_idle)
        return crun_make_error (err, 0, "cannot set both `cpu.idle` and `cpu.shares`");

      /* Docker uses shares == 0 to specify no limit.  */
      if (resources->cpu->shares == 0)
        return 0;
      *weight = convert_shares_to_weight (resources->cpu->shares);
      return 1;
    }

  ret = get_value_from_unified_map (resources, "cpu.weight", weight, err);
  if (UNLIKELY (ret < 0))
    return ret;
  if (ret > 0)
    {
      if (has_idle)
        return crun_make_error (err, 0, "cannot set both `cpu.idle` and `cpu.weight`");

      return 1;
    }
  if (has_idle)
    {
      /* setting CPUWeight to 0 will tell systemd to set cpu.idle.  */
      *weight = 0;
      return 1;
    }
  return 0;
}

static int
read_uint64_value (const char *str, uint64_t *value, libcrun_error_t *err)
{
  char *endptr = NULL;

  errno = 0;
  *value = (uint64_t) strtoll (str, &endptr, 10);
  if (UNLIKELY (errno))
    return crun_make_error (err, errno, "invalid value: %s", str);
  if (endptr && *endptr)
    return crun_make_error (err, 0, "invalid value: %s", str);
  return 0;
}

/* Convert io.bfq.weight to io.weight doing the inverse conversion performed by systemd with BFQ_WEIGHT.  */
static inline uint64_t
IO_WEIGHT (uint64_t bfq_weight)
{
  return bfq_weight <= CGROUP_BFQ_WEIGHT_DEFAULT ? CGROUP_WEIGHT_DEFAULT - (CGROUP_BFQ_WEIGHT_DEFAULT - bfq_weight) * (CGROUP_WEIGHT_DEFAULT - CGROUP_WEIGHT_MIN) / (CGROUP_BFQ_WEIGHT_DEFAULT - CGROUP_BFQ_WEIGHT_MIN) : CGROUP_WEIGHT_DEFAULT + (bfq_weight - CGROUP_BFQ_WEIGHT_DEFAULT) * (CGROUP_WEIGHT_MAX - CGROUP_WEIGHT_DEFAULT) / (CGROUP_BFQ_WEIGHT_MAX - CGROUP_BFQ_WEIGHT_DEFAULT);
}

static int
append_io_weight (sd_bus_message *m, char **missing_properties, runtime_spec_schema_config_linux_resources *resources, libcrun_error_t *err)
{
  uint64_t weight;
  int sd_err;
  size_t i;
  int ret;

#  define APPEND_IO_WEIGHT(value)                                                      \
    do                                                                                 \
      {                                                                                \
        if (! property_missing_p (missing_properties, "IOWeight"))                     \
          {                                                                            \
            sd_err = sd_bus_message_append (m, "(sv)", "IOWeight", "t", weight);       \
            if (UNLIKELY (sd_err < 0))                                                 \
              return crun_make_error (err, -sd_err, "sd-bus message append IOWeight"); \
          }                                                                            \
    } while (0)

#  define APPEND_IO_DEVICE_WEIGHT(device, value)                                                      \
    do                                                                                                \
      {                                                                                               \
        if (! property_missing_p (missing_properties, "IODeviceWeight"))                              \
          {                                                                                           \
            sd_err = sd_bus_message_append (m, "(sv)", "IODeviceWeight", "a(st)", 1, device, weight); \
            if (UNLIKELY (sd_err < 0))                                                                \
              return crun_make_error (err, -sd_err, "sd-bus message append IODeviceWeight");          \
          }                                                                                           \
    } while (0)

  if (resources->block_io && resources->block_io->weight_present)
    {
      weight = IO_WEIGHT (resources->block_io->weight);
      APPEND_IO_WEIGHT (weight);
    }

  for (i = 0; resources->block_io && i < resources->block_io->weight_device_len; i++)
    {
      char name[64];
      int len;

      len = snprintf (name, sizeof (name), "%" PRIu64 ":%" PRIu64,
                      resources->block_io->weight_device[i]->major,
                      resources->block_io->weight_device[i]->minor);
      if (UNLIKELY (len >= (int) sizeof (name)))
        return crun_make_error (err, 0, "internal error: static buffer too small");

      weight = IO_WEIGHT (resources->block_io->weight_device[i]->weight);
      APPEND_IO_DEVICE_WEIGHT (name, weight);
    }

  for (i = 0; resources->unified && i < resources->unified->len; i++)
    {
      cleanup_free char *value = NULL;
      bool need_conversion = false;
      char *saveptr = NULL;
      char *line;

      if (strcmp (resources->unified->keys[i], "io.bfq.weight") == 0)
        {
          /* If io.bfq.weight was provided, it must be converted to io.weight.  */
          need_conversion = true;
        }
      else if (strcmp (resources->unified->keys[i], "io.weight") == 0)
        {
          /* If io.weight was provided, then it is expected to already be
             in the range [1, 10000] so IO_WEIGHT() is not needed.  */
          need_conversion = false;
        }
      else
        {
          /* Skip other keys.  */
          continue;
        }

      value = xstrdup (resources->unified->values[i]);

      for (line = strtok_r (value, "\n", &saveptr); line; line = strtok_r (NULL, "\n", &saveptr))
        {
          char *sep;

          sep = strchr (line, ' ');
          while (sep && *sep == ' ')
            *sep++ = '\0';

          ret = read_uint64_value (sep ? sep : line, &weight, err);
          if (UNLIKELY (ret < 0))
            return ret;
          if (need_conversion)
            weight = IO_WEIGHT (weight);

          if (sep == NULL || strcmp (line, "default") == 0)
            APPEND_IO_WEIGHT (weight);
          else
            APPEND_IO_DEVICE_WEIGHT (line, weight);
        }
    }

  return 0;
}

/* Adapted from systemd.  */
static int
bus_append_byte_array (sd_bus_message *m, const char *field, const void *buf, size_t n, libcrun_error_t *err)
{
  int ret;

  ret = sd_bus_message_open_container (m, SD_BUS_TYPE_STRUCT, "sv");
  if (ret < 0)
    return crun_make_error (err, -ret, "sd-bus open container");

  ret = sd_bus_message_append_basic (m, SD_BUS_TYPE_STRING, field);
  if (ret < 0)
    return crun_make_error (err, -ret, "sd_bus_message_append_basic");

  ret = sd_bus_message_open_container (m, 'v', "ay");
  if (ret < 0)
    return crun_make_error (err, -ret, "sd_bus_message_open_container");

  ret = sd_bus_message_append_array (m, 'y', buf, n);
  if (ret < 0)
    return crun_make_error (err, -ret, "sd_bus_message_append_array");

  ret = sd_bus_message_close_container (m);
  if (ret < 0)
    return crun_make_error (err, -ret, "sd_bus_message_close_container");

  ret = sd_bus_message_close_container (m);
  if (ret < 0)
    return crun_make_error (err, -ret, "sd_bus_message_close_container");

  return 1;
}

static int
append_uint64_from_unified_map (sd_bus_message *m,
                                char **missing_properties,
                                const char *attr,
                                const char *key,
                                runtime_spec_schema_config_linux_resources *resources,
                                libcrun_error_t *err)
{
  uint64_t value;
  int ret;

  if (property_missing_p (missing_properties, attr))
    return 0;

  ret = get_value_from_unified_map (resources, key, &value, err);
  if (UNLIKELY (ret < 0))
    return ret;
  if (ret)
    {
      int sd_err = sd_bus_message_append (m, "(sv)", attr, "t", value);
      if (UNLIKELY (sd_err < 0))
        return crun_make_error (err, -sd_err, "sd-bus message append `%s`", attr);
    }

  return 0;
}

/* append a single "DeviceAllow" attribute to the message.  type can either be 'c' or 'b'.  */
static int
append_device_allow (sd_bus_message *m,
                     const char type,
                     int major,
                     int minor,
                     const char *access,
                     libcrun_error_t *err)
{
  char device[64];
  int sd_err;
  int len;

  if (IS_WILDCARD (major) && ! IS_WILDCARD (minor))
    {
      libcrun_warning ("devices rule with wildcard for major is not supported and it is ignored with systemd");
      return 0;
    }

  if (IS_WILDCARD (major) && IS_WILDCARD (minor))
    len = snprintf (device, sizeof (device), "%s-*", type == 'c' ? "char" : "block");
  else if (IS_WILDCARD (minor))
    len = snprintf (device, sizeof (device), type == 'c' ? "char-%d" : "block-%d", major);
  else
    len = snprintf (device, sizeof (device), "/dev/%s/%d:%d", type == 'c' ? "char" : "block", major, minor);

  if (UNLIKELY (len >= (int) sizeof (device)))
    return crun_make_error (err, 0, "internal error: static buffer too small");

  sd_err = sd_bus_message_append (m, "(sv)", "DeviceAllow", "a(ss)", 1, device, access);
  if (UNLIKELY (sd_err < 0))
    return crun_make_error (err, -sd_err, "sd-bus message append DeviceAllow `%s` with access `%s`", device, access);

  return 0;
}

#  define MODE_R 1
#  define MODE_W 2
#  define MODE_M 4

static int
access_to_mode (const char *access, libcrun_error_t *err)
{
  int mode = 0;

  while (access && *access)
    {
      int c = *access++;

      switch (c)
        {
        case 'r':
          mode |= MODE_R;
          break;

        case 'w':
          mode |= MODE_W;
          break;

        case 'm':
          mode |= MODE_M;
          break;

        default:
          return crun_make_error (err, 0, "unknown access string specified: `%c`", c);
        }
    }
  return mode;
}

/* check if the type b is included in type a.  */
static bool
has_same_type (const char *a, const char *b)
{
  bool a_all = a == NULL || strcmp (a, "a") == 0;
  if (b == NULL || strcmp (b, "a") == 0)
    return a_all;

  return a_all || strcmp (a, b) == 0;
}

/* check if there is already another "deny rule" specified before that already blocks the
 * device DEVICES[n].  */
static int
is_deny_rule_redundant (runtime_spec_schema_defs_linux_device_cgroup **devices, size_t n, libcrun_error_t *err)
{
  size_t i;
  int req_mode;

#  define CMP_DEV_NUM(a, b) ((a) == (b) || IS_WILDCARD (a) || IS_WILDCARD (b))

  req_mode = access_to_mode (devices[n]->access, err);
  if (UNLIKELY (req_mode < 0))
    return req_mode;

  for (i = n; i > 0; i--)
    {
      size_t current_rule = i - 1;
      int mode;

      if (! CMP_DEV_NUM (devices[n]->minor, devices[current_rule]->minor))
        continue;
      if (! CMP_DEV_NUM (devices[n]->major, devices[current_rule]->major))
        continue;

      if (! has_same_type (devices[n]->type, devices[current_rule]->type)
          && has_same_type ("a", devices[current_rule]->type))
        continue;

      mode = access_to_mode (devices[i]->access, err);
      if (UNLIKELY (mode < 0))
        return mode;

      if (devices[current_rule]->allow && (mode & req_mode))
        return 0;

      req_mode &= ! mode;

      /* no more access bits to validate.  */
      if (req_mode == 0)
        return 1;
    }

  return 0;
#  undef CMP_DEV_NUM
}

static size_t
find_first_rule_no_default (runtime_spec_schema_defs_linux_device_cgroup **devices, size_t n)
{
  size_t i;

  if (n == 0)
    return 1;

  /* Find the first rule that is after the last "block all".  */
  for (i = n - 1; i-- > 0;)
    {
      if ((is_empty_string (devices[i]->type) || strcmp (devices[i]->type, "a") == 0)
          && IS_WILDCARD (devices[i]->major)
          && IS_WILDCARD (devices[i]->minor)
          && (! devices[i]->allow))
        return i + 1;
    }

  /* If there is not a default rule, the skip to the first rule that is not a deny rule.  */
  for (i = 0; i < n; i++)
    if (devices[i]->allow)
      return i;

  /* All blocked.  Move at the end of the array and rely on the default block all devices rule.  */
  return n + 1;
}

static bool
has_allow_all (runtime_spec_schema_defs_linux_device_cgroup **devices, size_t n)
{
#  define DEV_TYPE_BLOCK 1
#  define DEV_TYPE_CHAR 2
  int remaining = DEV_TYPE_BLOCK | DEV_TYPE_CHAR;
  size_t i;

  for (i = 0; i < n; i++)
    {
      size_t current_rule = n - i - 1;
      if (! devices[current_rule]->allow)
        return false;

      if (IS_WILDCARD (devices[current_rule]->major) && IS_WILDCARD (devices[current_rule]->minor))
        {
          if (is_empty_string (devices[current_rule]->type) || strcmp (devices[current_rule]->type, "a") == 0)
            return true;

          if (strcmp (devices[current_rule]->type, "c") == 0)
            remaining &= ~DEV_TYPE_CHAR;
          else if (strcmp (devices[current_rule]->type, "b") == 0)
            remaining &= ~DEV_TYPE_BLOCK;

          if (remaining == 0)
            return true;
        }
    }
#  undef DEV_TYPE_BLOCK
#  undef DEV_TYPE_CHAR

  return false;
}

static int
append_devices (sd_bus_message *m,
                runtime_spec_schema_config_linux_resources *resources,
                libcrun_error_t *err)
{
  struct default_dev_s *default_devices = get_default_devices ();
  int ret, sd_err;
  size_t i;

  if (has_allow_all (resources->devices, resources->devices_len))
    {
      sd_err = sd_bus_message_append (m, "(sv)", "DevicePolicy", "s", "auto");
      if (UNLIKELY (sd_err < 0))
        return crun_make_error (err, -sd_err, "sd-bus message append DevicePolicy");

      sd_err = sd_bus_message_append (m, "(sv)", "DeviceAllow", "a(ss)", 0);
      if (UNLIKELY (sd_err < 0))
        return crun_make_error (err, -sd_err, "sd-bus message append empty DeviceAllow");

      return 0;
    }

  sd_err = sd_bus_message_append (m, "(sv)", "DevicePolicy", "s", "strict");
  if (UNLIKELY (sd_err < 0))
    return crun_make_error (err, -sd_err, "sd-bus message append DevicePolicy");

  for (i = 0; default_devices[i].type; i++)
    {
      ret = append_device_allow (m, default_devices[i].type, default_devices[i].major, default_devices[i].minor, default_devices[i].access, err);
      if (UNLIKELY (ret < 0))
        return ret;
    }

  if (resources == NULL)
    return 0;

  for (i = find_first_rule_no_default (resources->devices, resources->devices_len); i < resources->devices_len; i++)
    {
      runtime_spec_schema_defs_linux_device_cgroup *d = resources->devices[i];
      char type;

      if (! d->allow)
        {
          int redundant;

          redundant = is_deny_rule_redundant (resources->devices, i, err);
          if (UNLIKELY (redundant < 0))
            return redundant;

          if (redundant)
            continue;

          return crun_make_error (err, 0, "systemd does not support deny rules for devices");
        }

      if (d->type == NULL || strcmp (d->type, "a") == 0)
        type = 'a';
      else if (strcmp (d->type, "c") == 0)
        type = 'c';
      else if (strcmp (d->type, "b") == 0)
        type = 'b';
      else
        return crun_make_error (err, 0, "unknown device type `%s`", d->type);

      if (type != 'a')
        {
          ret = append_device_allow (m, type, d->major, d->minor, d->access, err);
          if (UNLIKELY (ret < 0))
            return ret;
        }
      else
        {
          ret = append_device_allow (m, 'c', d->major, d->minor, d->access, err);
          if (UNLIKELY (ret < 0))
            return ret;
          ret = append_device_allow (m, 'b', d->major, d->minor, d->access, err);
          if (UNLIKELY (ret < 0))
            return ret;
        }
    }

  return 0;
}

static bool
has_bpf_fs ()
{
  struct statfs stat;

  return statfs (SYS_FS_BPF, &stat) == 0 && (stat.f_type == BPF_FS_MAGIC);
}

static int
bpfprog_path_from_scope (char **path, const char *scope, libcrun_error_t *err)
{
  cleanup_free char *flat_scope = xstrdup (scope);
  char *it;

  /* Remove dots as EBPF code don't like them.  */
  it = flat_scope;
  while ((it = strchr (it, '.')) != NULL)
    *it = '_';

  return append_paths (path, err, CRUN_BPF_DIR, flat_scope, NULL);
}

static int
add_bpf_program (sd_bus_message *m,
                 bool is_update,
                 runtime_spec_schema_config_linux_resources *resources,
                 char **missing_properties,
                 const char *scope,
                 bool *devices_set,
                 libcrun_error_t *err)
{
  int ret = 0;
  int in_userns, sd_err;
  const char *property_name = "BPFProgram";
  cleanup_free struct bpf_program *program = NULL;
  cleanup_free char *path = NULL;

  *devices_set = false;

  /* Only root in the initial user namespace can pin a bpf program. */
  if (getuid () != 0 || ! has_bpf_fs () || property_missing_p (missing_properties, property_name))
    return 0;

  in_userns = check_running_in_user_namespace (err);
  if (UNLIKELY (in_userns < 0))
    return in_userns;

  if (in_userns)
    return 0;

  program = create_dev_bpf (resources->devices, resources->devices_len, err);
  if (UNLIKELY (program == NULL))
    {
      crun_error_release (err);
      return 0;
    }

  ret = bpfprog_path_from_scope (&path, scope, err);
  if (UNLIKELY (ret < 0))
    return ret;

  ret = mkdir (CRUN_BPF_DIR, 0700);
  if (UNLIKELY (ret < 0 && errno != EEXIST))
    return crun_make_error (err, errno, "mkdir " CRUN_BPF_DIR);

  if (is_update)
    {
      cleanup_free struct bpf_program *program_loaded = NULL;

      if (resources->devices == NULL || resources->devices_len == 0)
        {
          *devices_set = true;
          return 0;
        }

      ret = libcrun_ebpf_read_program (&program_loaded, path, err);
      if (UNLIKELY (ret < 0))
        return ret;

      /* it is the same as the loaded program.  */
      if (libcrun_ebpf_cmp_programs (program, program_loaded))
        {
          *devices_set = true;
          return 0;
        }

      /* Some platforms (e.g. ppc64) modify an EBPF program as it is
       * loaded into the kernel, so in order to compare we actually
       * have to load the new program and read it back. Seems ugly,
       * but all this comes from the inability of systemd to modify
       * the BPFProgram property.
       */
      {
        cleanup_free struct bpf_program *program_new = NULL;
        char tmp[64];
        int len;

        /* A unique name, as container name can't start with a digit. */
        len = snprintf (tmp, sizeof (tmp), "%s/%d", CRUN_BPF_DIR, getpid ());
        if (UNLIKELY (len >= (int) sizeof (tmp)))
          return crun_make_error (err, 0, "internal error: static buffer too small");

        ret = libcrun_ebpf_load (program, -1, tmp, err);
        if (UNLIKELY (ret < 0))
          return ret;

        ret = libcrun_ebpf_read_program (&program_new, tmp, err);
        unlink (tmp);
        if (UNLIKELY (ret < 0))
          return ret;

        if (libcrun_ebpf_cmp_programs (program_new, program_loaded))
          {
            *devices_set = true;
            return 0;
          }
      }

      return crun_make_error (err, 0, "updating device access list not supported when using BPFProgram");
    }

  ret = libcrun_ebpf_load (program, -1, path, err);
  if (UNLIKELY (ret < 0))
    return ret;

  sd_err = sd_bus_message_append (m, "(sv)", property_name, "a(ss)", 1, "device", path);
  if (UNLIKELY (sd_err < 0))
    return crun_make_error (err, -sd_err, "sd-bus message append BPFProgram");

  *devices_set = true;

  return 0;
}

static int
append_resources (sd_bus_message *m,
                  bool is_update,
                  const char *state_dir,
                  runtime_spec_schema_config_linux_resources *resources,
                  int cgroup_mode,
                  const char *scope,
                  bool *devices_set,
                  libcrun_error_t *err)
{
  uint64_t value;
  int sd_err;
  int ret;
  cleanup_free char *dir = NULL;
  cleanup_free char **missing_properties = NULL;

  *devices_set = false;

  ret = append_paths (&dir, err, state_dir, SYSTEMD_MISSING_PROPERTIES_DIR, NULL);
  if (UNLIKELY (ret < 0))
    return ret;

  missing_properties = read_dir_entries (dir, err);
  if (UNLIKELY (missing_properties == NULL))
    {
      if (crun_error_get_errno (err) != ENOENT)
        return -1;

      /* The directory does not exist, so there are no missing features.  */
      crun_error_release (err);
    }

#  define APPEND_UINT64_VALUE(name, value)                                             \
    do                                                                                 \
      {                                                                                \
        if (! property_missing_p (missing_properties, name))                           \
          {                                                                            \
            sd_err = sd_bus_message_append (m, "(sv)", name, "t", value);              \
            if (UNLIKELY (sd_err < 0))                                                 \
              return crun_make_error (err, -sd_err, "sd-bus message append %s", name); \
          }                                                                            \
    } while (0)

#  define APPEND_UINT64(name, fn)              \
    do                                         \
      {                                        \
        ret = fn (resources, &value, err);     \
        if (UNLIKELY (ret < 0))                \
          return ret;                          \
        if (ret)                               \
          {                                    \
            APPEND_UINT64_VALUE (name, value); \
          }                                    \
    } while (0)

  if (resources == NULL)
    return 0;

  APPEND_UINT64 ("MemoryLow", get_memory_low);
  APPEND_UINT64 ("MemoryMax", get_memory_max);
  APPEND_UINT64 ("MemorySwapMax", get_memory_swap_max);
  APPEND_UINT64 ("TasksMax", get_pids_max);

  if (resources->cpu)
    {
      /* do not bother with systemd internal representation unless both values are specified */
      if (resources->cpu->quota > 0 && resources->cpu->period)
        {
          uint64_t quota = resources->cpu->quota;

          /* this conversion was copied from runc.  */
          quota = (quota * 1000000) / resources->cpu->period;
          if (quota % 10000)
            quota = ((quota / 10000) + 1) * 10000;

          APPEND_UINT64_VALUE ("CPUQuotaPerSecUSec", quota);
          APPEND_UINT64_VALUE ("CPUQuotaPeriodUSec", resources->cpu->period);
        }
    }

  switch (cgroup_mode)
    {
    case CGROUP_MODE_UNIFIED:
      {
        ret = append_io_weight (m, missing_properties, resources, err);
        if (UNLIKELY (ret < 0))
          return ret;

        APPEND_UINT64 ("CPUWeight", get_cpu_weight);

        ret = append_uint64_from_unified_map (m, missing_properties, "MemoryMin", "memory.min", resources, err);
        if (UNLIKELY (ret < 0))
          return ret;
        ret = append_uint64_from_unified_map (m, missing_properties, "MemoryHigh", "memory.high", resources, err);
        if (UNLIKELY (ret < 0))
          return ret;
        ret = append_uint64_from_unified_map (m, missing_properties, "MemoryZSwapMax", "memory.zswap.max", resources, err);
        if (UNLIKELY (ret < 0))
          return ret;

        if (resources->cpu && resources->cpu->cpus)
          {
            const char *property_name = "AllowedCPUs";
            cleanup_free char *allowed_cpus = NULL;
            size_t allowed_cpus_len = 0;

            ret = cpuset_string_to_bitmask (resources->cpu->cpus, &allowed_cpus, &allowed_cpus_len, err);
            if (UNLIKELY (ret < 0))
              return ret;

            if (! property_missing_p (missing_properties, property_name))
              {
                ret = bus_append_byte_array (m, property_name, allowed_cpus, allowed_cpus_len, err);
                if (UNLIKELY (ret < 0))
                  return ret;
              }
          }

        if (resources->cpu && resources->cpu->mems)
          {
            const char *property_name = "AllowedMemoryNodes";
            cleanup_free char *allowed_mems = NULL;
            size_t allowed_mems_len = 0;

            ret = cpuset_string_to_bitmask (resources->cpu->mems, &allowed_mems, &allowed_mems_len, err);
            if (UNLIKELY (ret < 0))
              return ret;

            if (! property_missing_p (missing_properties, property_name))
              {
                ret = bus_append_byte_array (m, property_name, allowed_mems, allowed_mems_len, err);
                if (UNLIKELY (ret < 0))
                  return ret;
              }
          }

        ret = add_bpf_program (m, is_update, resources, missing_properties, scope, devices_set, err);
        if (UNLIKELY (ret < 0))
          return ret;
      }
      break;

    case CGROUP_MODE_LEGACY:
    case CGROUP_MODE_HYBRID:
      if (resources->cpu && resources->cpu->shares > 0)
        APPEND_UINT64_VALUE ("CPUShares", resources->cpu->shares);
      break;

    default:
      return crun_make_error (err, 0, "invalid cgroup mode `%d`", cgroup_mode);
    }

#  undef APPEND_UINT64
#  undef APPEND_UINT64_VALUE

  if (! *devices_set && (! is_update || resources->devices))
    {
      ret = append_devices (m, resources, err);
      if (UNLIKELY (ret < 0))
        return ret;
    }
  return 0;
}

static int
reset_failed_unit (sd_bus *bus, const char *unit)
{
  int sd_err;
  sd_bus_error error = SD_BUS_ERROR_NULL;
  sd_bus_message *m = NULL, *reply = NULL;

  sd_err = sd_bus_message_new_method_call (bus, &m, "org.freedesktop.systemd1", "/org/freedesktop/systemd1",
                                           "org.freedesktop.systemd1.Manager", "ResetFailedUnit");
  if (UNLIKELY (sd_err < 0))
    goto exit;

  sd_err = sd_bus_message_append (m, "s", unit);
  if (UNLIKELY (sd_err < 0))
    goto exit;

  sd_err = sd_bus_call (bus, m, 0, &error, &reply);
  if (UNLIKELY (sd_err < 0))
    goto exit;

  sd_err = 0;

exit:
  if (m)
    sd_bus_message_unref (m);
  if (reply)
    sd_bus_message_unref (reply);
  sd_bus_error_free (&error);

  return sd_err;
}

static int
verify_ebpf_device_filter_installed (const char *cgroup_path, libcrun_error_t *err)
{
  cleanup_free uint32_t *progs = NULL;
  cleanup_free char *full_path = NULL;
  size_t n_progs = 0;
  int ret;

  ret = append_paths (&full_path, err, CGROUP_ROOT, cgroup_path, NULL);
  if (UNLIKELY (ret < 0))
    return ret;

  ret = libcrun_ebpf_query_cgroup_progs (full_path, &progs, &n_progs, err);
  if (UNLIKELY (ret < 0))
    return ret;

  if (n_progs == 0)
    return crun_make_error (err, 0, "systemd failed to install eBPF device filter on cgroup `%s`", full_path);

  return 0;
}

static int
enter_systemd_cgroup_scope (runtime_spec_schema_config_linux_resources *resources,
                            int cgroup_mode,
                            string_map *annotations,
                            const char *state_root,
                            const char *scope, const char *slice,
                            pid_t pid,
                            bool *can_retry,
                            bool *devices_set,
                            libcrun_error_t *err)
{
  sd_bus *bus = NULL;
  sd_bus_message *m = NULL;
  sd_bus_message *reply = NULL;
  int sd_err, ret = 0;
  sd_bus_error error = SD_BUS_ERROR_NULL;
  const char *object = NULL;
  struct systemd_job_removed_s job_data = {};
  int i;
  const char *boolean_opts[10];
  cleanup_free char *state_dir = NULL;

  *can_retry = false;
  *devices_set = false;

  ret = libcrun_get_state_directory (&state_dir, state_root, NULL, err);
  if (UNLIKELY (ret < 0))
    return ret;

  i = 0;
  boolean_opts[i++] = "Delegate";

  /* Always enable all accounting to ensure stats are readable even
   * without resource limits. */
  boolean_opts[i++] = "CPUAccounting";
  boolean_opts[i++] = "MemoryAccounting";
  boolean_opts[i++] = "IOAccounting";
  boolean_opts[i++] = "TasksAccounting";
  boolean_opts[i++] = NULL;

  ret = open_sd_bus_connection (&bus, err);
  if (UNLIKELY (ret < 0))
    goto exit;

  ret = systemd_check_job_status_setup (bus, &job_data, err);
  if (UNLIKELY (ret < 0))
    goto exit;

  sd_err = sd_bus_message_new_method_call (bus, &m, "org.freedesktop.systemd1", "/org/freedesktop/systemd1",
                                           "org.freedesktop.systemd1.Manager", "StartTransientUnit");
  if (UNLIKELY (sd_err < 0))
    {
      ret = crun_make_error (err, -sd_err, "set up dbus message");
      goto exit;
    }

  sd_err = sd_bus_message_append (m, "ss", scope, "fail");
  if (UNLIKELY (sd_err < 0))
    {
      ret = crun_make_error (err, -sd_err, "sd-bus message append scope");
      goto exit;
    }

  sd_err = sd_bus_message_open_container (m, 'a', "(sv)");
  if (UNLIKELY (sd_err < 0))
    {
      ret = crun_make_error (err, -sd_err, "sd-bus open container");
      goto exit;
    }

  if (slice)
    {
      sd_err = sd_bus_message_append (m, "(sv)", "Slice", "s", slice);
      if (UNLIKELY (sd_err < 0))
        {
          ret = crun_make_error (err, -sd_err, "sd-bus message append Slice");
          goto exit;
        }
    }

  sd_err = sd_bus_message_append (m, "(sv)", "DefaultDependencies", "b", 0);
  if (UNLIKELY (sd_err < 0))
    {
      ret = crun_make_error (err, -sd_err, "sd-bus message append DefaultDependencies");
      goto exit;
    }

  if (annotations)
    {
      size_t prefix_len = sizeof (SYSTEMD_PROPERTY_PREFIX) - 1;
      size_t annotations_len = string_map_size (annotations);
      size_t i;

      for (i = 0; i < annotations_len; i++)
        {
          const char *key;
          const char *value;
          size_t len;

          ret = string_map_get_at (annotations, i, &key, &value);
          if (UNLIKELY (ret < 0))
            {
              ret = crun_make_error (err, 0, "internal error: failed to get annotation at index %zu", i);
              goto exit;
            }

          if (! has_prefix (key, SYSTEMD_PROPERTY_PREFIX))
            continue;

          len = strlen (key);
          if (len < prefix_len + 3)
            {
              ret = crun_make_error (err, EINVAL, "invalid systemd property name `%s`", key);
              goto exit;
            }

          ret = append_systemd_annotation (m, key + prefix_len, len - prefix_len,
                                           value, err);
          if (UNLIKELY (ret < 0))
            goto exit;
        }
    }

  sd_err = sd_bus_message_append (m, "(sv)", "Description", "s", "libcrun container");
  if (UNLIKELY (sd_err < 0))
    {
      ret = crun_make_error (err, -sd_err, "sd-bus message append Description");
      goto exit;
    }

  sd_err = sd_bus_message_append (m, "(sv)", "PIDs", "au", 1, pid);
  if (UNLIKELY (sd_err < 0))
    {
      ret = crun_make_error (err, -sd_err, "sd-bus message append PIDs");
      goto exit;
    }

  for (i = 0; boolean_opts[i]; i++)
    {
      sd_err = sd_bus_message_append (m, "(sv)", boolean_opts[i], "b", 1);
      if (UNLIKELY (sd_err < 0))
        {
          ret = crun_make_error (err, -sd_err, "sd-bus message append `%s`", boolean_opts[i]);
          goto exit;
        }
    }

  ret = append_resources (m, false, state_dir, resources, cgroup_mode, scope, devices_set, err);
  if (UNLIKELY (ret < 0))
    goto exit;

  sd_err = sd_bus_message_close_container (m);
  if (UNLIKELY (sd_err < 0))
    {
      ret = crun_make_error (err, -sd_err, "sd-bus close container");
      goto exit;
    }

  sd_err = sd_bus_message_append (m, "a(sa(sv))", 0);
  if (UNLIKELY (sd_err < 0))
    {
      ret = crun_make_error (err, -sd_err, "sd-bus message append");
      goto exit;
    }

  sd_err = sd_bus_call (bus, m, 0, &error, &reply);
  if (UNLIKELY (sd_err < 0))
    {
      if (reset_failed_unit (bus, scope) == 0)
        {
          sd_bus_error_free (&error);
          if (reply)
            sd_bus_message_unref (reply);

          error = SD_BUS_ERROR_NULL;
          reply = NULL;

          sd_err = sd_bus_call (bus, m, 0, &error, &reply);
        }
      if (sd_err < 0)
        {
          if (sd_err == -EROFS)
            {
              ret = register_missing_property_from_message (state_dir, error.message, err);
              if (UNLIKELY (ret < 0))
                goto exit;
              if (ret > 0)
                *can_retry = true;
            }
          ret = crun_make_error (err, sd_bus_error_get_errno (&error), "sd-bus call: %s", error.message ?: error.name);
          goto exit;
        }
    }

  sd_err = sd_bus_message_read (reply, "o", &object);
  if (UNLIKELY (sd_err < 0))
    {
      ret = crun_make_error (err, -sd_err, "sd-bus message read");
      goto exit;
    }

  ret = systemd_check_job_status (bus, &job_data, object, "creating", err);

exit:
  if (bus)
    sd_bus_unref (bus);
  if (m)
    sd_bus_message_unref (m);
  if (reply)
    sd_bus_message_unref (reply);
  sd_bus_error_free (&error);
  return ret;
}

static int
libcrun_destroy_systemd_cgroup_scope (struct libcrun_cgroup_status *cgroup_status,
                                      libcrun_error_t *err)
{
  sd_bus *bus = NULL;
  sd_bus_message *m = NULL;
  sd_bus_message *reply = NULL;
  int ret = 0;
  sd_bus_error error = SD_BUS_ERROR_NULL;
  const char *object;
  const char *scope = cgroup_status->scope;
  struct systemd_job_removed_s job_data = {};

  ret = open_sd_bus_connection (&bus, err);
  if (UNLIKELY (ret < 0))
    goto exit;

  ret = systemd_check_job_status_setup (bus, &job_data, err);
  if (UNLIKELY (ret < 0))
    goto exit;

  ret = sd_bus_message_new_method_call (bus, &m, "org.freedesktop.systemd1", "/org/freedesktop/systemd1",
                                        "org.freedesktop.systemd1.Manager", "StopUnit");
  if (UNLIKELY (ret < 0))
    {
      ret = crun_make_error (err, -ret, "set up dbus message");
      goto exit;
    }

  ret = sd_bus_message_append (m, "ss", scope, "replace");
  if (UNLIKELY (ret < 0))
    {
      ret = crun_make_error (err, -ret, "sd-bus message append");
      goto exit;
    }

  ret = sd_bus_call (bus, m, 0, &error, &reply);
  if (UNLIKELY (ret < 0))
    {
      ret = crun_make_error (err, sd_bus_error_get_errno (&error), "sd-bus call: %s", error.message ?: error.name);
      goto exit;
    }

  ret = sd_bus_message_read (reply, "o", &object);
  if (UNLIKELY (ret < 0))
    {
      ret = crun_make_error (err, -ret, "sd-bus message read");
      goto exit;
    }

  ret = systemd_check_job_status (bus, &job_data, object, "removing", err);

  /* In case of a failed unit, call reset-failed so systemd can remove it. */
  reset_failed_unit (bus, scope);

exit:
  if (bus)
    sd_bus_unref (bus);
  if (m)
    sd_bus_message_unref (m);
  if (reply)
    sd_bus_message_unref (reply);
  sd_bus_error_free (&error);
  return ret;
}

static const char *
find_systemd_subgroup (string_map *annotations)
{
  const char *annotation;

  annotation = find_string_map_value (annotations, "run.oci.systemd.subgroup");
  if (annotation)
    {
      if (annotation[0] == '\0')
        return NULL;
      return annotation;
    }

  return "container";
}

static int
libcrun_cgroup_enter_systemd (struct libcrun_cgroup_args *args,
                              struct libcrun_cgroup_status *out,
                              libcrun_error_t *err)
{
  runtime_spec_schema_config_linux_resources *resources = args->resources;
  const char *cgroup_path = args->cgroup_path;
  cleanup_free char *scope = NULL;
  cleanup_free char *path = NULL;
  cleanup_free char *slice = NULL;
  int retries_left = 32;
  const char *suffix;
  const char *id = args->id;
  pid_t pid = args->pid;
  int cgroup_mode;
  int rootless = 0;
  int ret;

  cgroup_mode = libcrun_get_cgroup_mode (err);
  if (UNLIKELY (cgroup_mode < 0))
    return cgroup_mode;

  if (cgroup_mode == CGROUP_MODE_UNIFIED)
    {
      rootless = is_rootless (err);
      if (UNLIKELY (rootless < 0))
        return rootless;
    }

  get_systemd_scope_and_slice (id, rootless == 1, cgroup_path, &scope, &slice);

  for (;;)
    {
      bool can_retry = false;

      ret = enter_systemd_cgroup_scope (resources, cgroup_mode, args->annotations, args->state_root,
                                        scope, slice, pid, &can_retry, &out->bpf_dev_set, err);
      if (LIKELY (ret >= 0))
        break;

      if (can_retry && retries_left-- > 0)
        {
          crun_error_release (err);
          continue;
        }

      return ret;
    }

  suffix = find_systemd_subgroup (args->annotations);

  ret = systemd_finalize (args, &path, cgroup_mode, suffix, err);
  if (UNLIKELY (ret < 0))
    return ret;

  /* Verify that systemd has actually installed the eBPF device filter if one was requested. */
  if (out->bpf_dev_set)
    {
      cleanup_free char *scope_path = NULL;

      /* eBPF programs are attached to the systemd scope, not the subgroup.
         Remove the suffix that was added by systemd_finalize. */
      if (is_empty_string (suffix))
        scope_path = xstrdup (path);
      else
        {
          size_t path_len = strlen (path);
          size_t suffix_len = strlen (suffix);

          scope_path = strndup (path, path_len - suffix_len - 1);
          if (UNLIKELY (scope_path == NULL))
            OOM ();
        }

      ret = verify_ebpf_device_filter_installed (scope_path, err);
      if (UNLIKELY (ret < 0))
        return ret;
    }

  out->path = path;
  path = NULL;

  out->scope = scope;
  scope = NULL;
  return 0;
}

char *
get_cgroup_scope_path (const char *cgroup_path, const char *scope)
{
  char *path_to_scope = NULL;
  char *cur;

  path_to_scope = xstrdup (cgroup_path);

  cur = strchr (path_to_scope, '/');
  while (cur)
    {
      char *next = strchr (cur + 1, '/');
      if (next == NULL)
        break;

      *next = '\0';
      if (strcmp (cur, scope) == 0)
        return path_to_scope;
      *next = '/';

      cur = next;
      while (*cur == '/')
        cur++;
    }

  return path_to_scope;
}

static int
libcrun_destroy_cgroup_systemd (struct libcrun_cgroup_status *cgroup_status,
                                libcrun_error_t *err)
{
  cleanup_free char *path_to_scope = NULL;
  cleanup_free char *bpfprog = NULL;
  int mode;
  int ret;

  mode = libcrun_get_cgroup_mode (err);
  if (UNLIKELY (mode < 0))
    return mode;

  ret = cgroup_killall_path (cgroup_status->path, SIGKILL, err);
  if (UNLIKELY (ret < 0))
    crun_error_release (err);

  ret = libcrun_destroy_systemd_cgroup_scope (cgroup_status, err);
  if (UNLIKELY (ret < 0))
    crun_error_release (err);

  ret = bpfprog_path_from_scope (&bpfprog, cgroup_status->scope, err);
  if (UNLIKELY (ret < 0))
    crun_error_release (err);
  else
    unlink (bpfprog); // Best effort.

  path_to_scope = get_cgroup_scope_path (cgroup_status->path, cgroup_status->scope);

  return destroy_cgroup_path (path_to_scope, mode, err);
}

static int
libcrun_update_resources_systemd (struct libcrun_cgroup_status *cgroup_status,
                                  const char *state_root,
                                  runtime_spec_schema_config_linux_resources *resources,
                                  libcrun_error_t *err)
{
  struct systemd_job_removed_s job_data = {};
  sd_bus_error error = SD_BUS_ERROR_NULL;
  cleanup_free char *state_dir = NULL;
  sd_bus_message *reply = NULL;
  sd_bus_message *m = NULL;
  sd_bus *bus = NULL;
  int sd_err, ret;
  int cgroup_mode;

  ret = libcrun_get_state_directory (&state_dir, state_root, NULL, err);
  if (UNLIKELY (ret < 0))
    return ret;

  cgroup_mode = libcrun_get_cgroup_mode (err);
  if (UNLIKELY (cgroup_mode < 0))
    return cgroup_mode;

  ret = open_sd_bus_connection (&bus, err);
  if (UNLIKELY (ret < 0))
    return ret;

  ret = systemd_check_job_status_setup (bus, &job_data, err);
  if (UNLIKELY (ret < 0))
    goto exit;

  sd_err = sd_bus_message_new_method_call (bus, &m, "org.freedesktop.systemd1",
                                           "/org/freedesktop/systemd1",
                                           "org.freedesktop.systemd1.Manager",
                                           "SetUnitProperties");
  if (UNLIKELY (sd_err < 0))
    {
      ret = crun_make_error (err, -sd_err, "set up dbus message");
      goto exit;
    }

  sd_err = sd_bus_message_append (m, "sb", cgroup_status->scope, 1);
  if (UNLIKELY (sd_err < 0))
    {
      ret = crun_make_error (err, -sd_err, "sd-bus message append");
      goto exit;
    }

  sd_err = sd_bus_message_open_container (m, 'a', "(sv)");
  if (UNLIKELY (sd_err < 0))
    {
      ret = crun_make_error (err, -sd_err, "sd-bus open container");
      goto exit;
    }

  ret = append_resources (m, true, state_dir, resources, cgroup_mode, cgroup_status->scope, &cgroup_status->bpf_dev_set, err);
  if (UNLIKELY (ret < 0))
    goto exit;

  sd_err = sd_bus_message_close_container (m);
  if (UNLIKELY (sd_err < 0))
    {
      ret = crun_make_error (err, -sd_err, "sd-bus close container");
      goto exit;
    }

  sd_err = sd_bus_call (bus, m, 0, &error, &reply);
  if (UNLIKELY (sd_err < 0))
    {
      ret = crun_make_error (err, sd_bus_error_get_errno (&error), "sd-bus call: %s", error.message ?: error.name);
      goto exit;
    }

  if (cgroup_mode != CGROUP_MODE_UNIFIED)
    {
      ret = setup_rt_runtime (resources, cgroup_status->path, err);
      if (UNLIKELY (ret < 0))
        goto exit;

      ret = setup_cpuset_for_systemd_v1 (resources, cgroup_status->path, err);
      if (UNLIKELY (ret < 0))
        goto exit;
    }

  ret = setup_missing_cpu_options_for_systemd (resources, cgroup_mode == CGROUP_MODE_UNIFIED, cgroup_status->path, err);
  if (UNLIKELY (ret < 0))
    goto exit;

  ret = 0;

exit:
  if (bus)
    sd_bus_unref (bus);
  if (m)
    sd_bus_message_unref (m);
  if (reply)
    sd_bus_message_unref (reply);
  sd_bus_error_free (&error);
  return ret;
}

#else
static int
libcrun_cgroup_enter_systemd (struct libcrun_cgroup_args *args,
                              struct libcrun_cgroup_status *out,
                              libcrun_error_t *err)
{
  (void) args;
  (void) out;

  return crun_make_error (err, ENOTSUP, "systemd not supported");
}

static int
libcrun_destroy_cgroup_systemd (struct libcrun_cgroup_status *cgroup_status,
                                libcrun_error_t *err)
{
  (void) cgroup_status;

  return crun_make_error (err, ENOTSUP, "systemd not supported");
}

static int
libcrun_update_resources_systemd (struct libcrun_cgroup_status *cgroup_status,
                                  const char *state_root,
                                  runtime_spec_schema_config_linux_resources *resources,
                                  libcrun_error_t *err)
{
  (void) cgroup_status;
  (void) state_root;
  (void) resources;

  return crun_make_error (err, ENOTSUP, "systemd not supported");
}
#endif

struct libcrun_cgroup_manager cgroup_manager_systemd = {
  .precreate_cgroup = NULL,
  .create_cgroup = libcrun_cgroup_enter_systemd,
  .destroy_cgroup = libcrun_destroy_cgroup_systemd,
  .update_resources = libcrun_update_resources_systemd,
};



### src/libcrun/utils.c
/*
 * crun - OCI runtime written in C
 *
 * Copyright (C) 2017, 2018, 2019 Giuseppe Scrivano <giuseppe@scrivano.org>
 * crun is free software; you can redistribute it and/or modify
 * it under the terms of the GNU Lesser General Public License as published by
 * the Free Software Foundation; either version 2.1 of the License, or
 * (at your option) any later version.
 *
 * crun is distributed in the hope that it will be useful,
 * but WITHOUT ANY WARRANTY; without even the implied warranty of
 * MERCHANTABILITY or FITNESS FOR A PARTICULAR PURPOSE.  See the
 * GNU Lesser General Public License for more details.
 *
 * You should have received a copy of the GNU Lesser General Public License
 * along with crun.  If not, see <http://www.gnu.org/licenses/>.
 */

#define _GNU_SOURCE
#include <config.h>
#include "utils.h"
#include "ring_buffer.h"
#include <stdarg.h>
#include <unistd.h>
#include <string.h>
#include <fcntl.h>
#include <sys/stat.h>
#include <sys/types.h>
#include <sys/un.h>
#include <sys/socket.h>
#include <sys/signalfd.h>
#include <sys/epoll.h>
#include <sys/syscall.h>
#include <sys/wait.h>
#include <pwd.h>
#include <grp.h>
#include <time.h>
#include <sys/time.h>
#include <sys/xattr.h>
#include <sys/sysmacros.h>
#include <sys/vfs.h>
#include <linux/magic.h>
#include <limits.h>
#include <sys/mman.h>
#ifdef HAVE_LINUX_OPENAT2_H
#  include <linux/openat2.h>
#endif
#if HAVE_STDATOMIC_H
#  include <stdatomic.h>
#else
#  define atomic_long volatile long
#endif
#include "syscalls.h"

#ifndef CLOSE_RANGE_CLOEXEC
#  define CLOSE_RANGE_CLOEXEC (1U << 2)
#endif
#ifndef RESOLVE_IN_ROOT
#  define RESOLVE_IN_ROOT 0x10
#endif
#ifndef __NR_close_range
#  define __NR_close_range 436
#endif
#ifndef __NR_openat2
#  define __NR_openat2 437
#endif

#define MAX_READLINKS 32

int
crun_path_exists (const char *path, libcrun_error_t *err)
{
  int ret = access (path, F_OK);
  if (ret < 0)
    {
      if (errno == ENOENT)
        return 0;
      return crun_make_error (err, errno, "access `%s`", path);
    }
  return 1;
}

int
xasprintf (char **str, const char *fmt, ...)
{
  int ret;
  va_list args_list;

  va_start (args_list, fmt);

  ret = vasprintf (str, fmt, args_list);
  if (UNLIKELY (ret < 0))
    OOM ();

  va_end (args_list);
  return ret;
}

int
write_file_at_with_flags (int dirfd, int flags, mode_t mode, const char *name, const void *data, size_t len, libcrun_error_t *err)
{
  cleanup_close int fd = -1;
  int ret = 0;

  fd = openat (dirfd, name, O_CLOEXEC | O_WRONLY | flags, mode);
  if (UNLIKELY (fd < 0))
    return crun_make_error (err, errno, "open `%s` for writing", name);

  ret = safe_write (fd, name, data, len, err);
  if (UNLIKELY (ret < 0))
    return ret;

  return (len > INT_MAX) ? INT_MAX : (int) len;
}

int
detach_process ()
{
  pid_t pid;
  if (setsid () < 0)
    return -1;
  pid = fork ();
  if (pid < 0)
    return -1;
  if (pid != 0)
    _safe_exit (EXIT_SUCCESS);
  return 0;
}

int
get_file_type_fd (int fd, mode_t *mode)
{
  struct stat st;
  int ret;

#ifdef HAVE_STATX
  struct statx stx = {
    0,
  };

  ret = statx (fd, "", AT_EMPTY_PATH | AT_STATX_DONT_SYNC, STATX_TYPE, &stx);
  if (UNLIKELY (ret < 0))
    {
      if (errno == ENOSYS || errno == EINVAL)
        goto fallback;

      return ret;
    }
  *mode = stx.stx_mode;
  return ret;

fallback:
#endif
  ret = fstat (fd, &st);
  *mode = st.st_mode;
  return ret;
}

int
get_file_type_at (int dirfd, mode_t *mode, bool nofollow, const char *path)
{
  int empty_path = path == NULL ? AT_EMPTY_PATH : 0;
  struct stat st;
  int ret;

#ifdef HAVE_STATX
  struct statx stx = {
    0,
  };

  ret = statx (dirfd, path ?: "", empty_path | (nofollow ? AT_SYMLINK_NOFOLLOW : 0) | AT_STATX_DONT_SYNC, STATX_TYPE, &stx);
  if (UNLIKELY (ret < 0))
    {
      if (errno == ENOSYS || errno == EINVAL)
        goto fallback;

      return ret;
    }
  *mode = stx.stx_mode;
  return ret;

fallback:
#endif
  ret = fstatat (dirfd, path ?: "", &st, empty_path | (nofollow ? AT_SYMLINK_NOFOLLOW : 0));
  *mode = st.st_mode;
  return ret;
}

int
get_file_type (mode_t *mode, bool nofollow, const char *path)
{
  return get_file_type_at (AT_FDCWD, mode, nofollow, path);
}

int
create_file_if_missing_at (int dirfd, const char *file, mode_t mode, libcrun_error_t *err)
{
  cleanup_close int fd_write = openat (dirfd, file, O_CLOEXEC | O_CREAT | O_WRONLY, mode);
  if (fd_write < 0)
    {
      mode_t tmp_mode;
      int ret;

      /* On errors, check if the file already exists.  */
      ret = get_file_type_at (dirfd, &tmp_mode, false, file);
      if (ret == 0 && S_ISREG (tmp_mode))
        return 0;

      return crun_make_error (err, errno, "create file `%s`", file);
    }
  return 0;
}

static int
ensure_directory_internal_at (int dirfd, char *path, size_t len, int mode, libcrun_error_t *err)
{
  char *it = path + len;
  int ret = 0;
  bool parent_created = false;

  for (;;)
    {
      ret = mkdirat (dirfd, path, mode);
      if (ret == 0 || errno == EEXIST)
        return 0;

      int saved_errno = errno;
      if (parent_created || errno != ENOENT)
        {
          libcrun_error_t tmp_err = NULL;

          /* On errors check if the directory already exists.  */
          ret = crun_dir_p (path, false, &tmp_err);
          if (ret > 0)
            return 0;
          if (ret < 0)
            crun_error_release (&tmp_err);

          return crun_make_error (err, saved_errno, "create directory `%s`", path);
        }

      while (it > path && *it != '/')
        {
          it--;
          len--;
        }
      if (it == path)
        return 0;

      *it = '\0';
      ret = ensure_directory_internal_at (dirfd, path, len - 1, mode, err);
      *it = '/';
      if (UNLIKELY (ret < 0))
        return ret;

      parent_created = true;
    }
  return ret;
}

int
crun_ensure_directory_at (int dirfd, const char *path, int mode, bool nofollow, libcrun_error_t *err)
{
  int ret;
  cleanup_free char *tmp = xstrdup (path);
  ret = ensure_directory_internal_at (dirfd, tmp, strlen (tmp), mode, err);
  if (UNLIKELY (ret < 0))
    return ret;

  ret = crun_dir_p_at (dirfd, path, nofollow, err);
  if (UNLIKELY (ret < 0))
    return ret;

  if (ret == 0)
    return crun_make_error (err, ENOTDIR, "the path `%s` is not a directory", path);

  return 0;
}

static int
check_fd_is_path (const char *path, int fd, const char *fdname, libcrun_error_t *err)
{
  proc_fd_path_t fdpath;
  size_t path_len = strlen (path);
  char link[PATH_MAX];
  int ret;

  get_proc_self_fd_path (fdpath, fd);
  ret = TEMP_FAILURE_RETRY (readlink (fdpath, link, sizeof (link)));
  if (UNLIKELY (ret < 0))
    return crun_make_error (err, errno, "readlink `%s`", fdname);

  if (((size_t) ret) != path_len || memcmp (link, path, path_len))
    return crun_make_error (err, 0, "target `%s` does not point to the directory `%s`", fdname, path);

  return 0;
}

static int
check_fd_under_path (const char *rootfs, size_t rootfslen, int fd, const char *fdname, libcrun_error_t *err)
{
  proc_fd_path_t fdpath;
  char link[PATH_MAX];
  int ret;

  get_proc_self_fd_path (fdpath, fd);
  ret = TEMP_FAILURE_RETRY (readlink (fdpath, link, sizeof (link)));
  if (UNLIKELY (ret < 0))
    return crun_make_error (err, errno, "readlink `%s`", fdname);

  if (((size_t) ret) <= rootfslen || memcmp (link, rootfs, rootfslen) != 0 || link[rootfslen] != '/')
    return crun_make_error (err, 0, "target `%s` not under the directory `%s`", fdname, rootfs);

  return 0;
}

/* Check if *oldfd is a valid fd and close it.  Then store newfd into *oldfd.  */
static void
close_and_replace (int *oldfd, int newfd)
{
  if (*oldfd >= 0)
    TEMP_FAILURE_RETRY (close (*oldfd));

  *oldfd = newfd;
}

/* Defined in chroot_realpath.c  */
char *chroot_realpath (const char *chroot, const char *path, char resolved_path[]);

static int
safe_openat_fallback (int dirfd, const char *rootfs, const char *path, int flags,
                      int mode, libcrun_error_t *err)
{
  const char *path_in_chroot;
  cleanup_close int fd = -1;
  char buffer[PATH_MAX];
  size_t rootfs_len = strlen (rootfs);
  int ret;

  path_in_chroot = chroot_realpath (rootfs, path, buffer);
  if (path_in_chroot == NULL)
    return crun_make_error (err, errno, "cannot resolve `%s` under rootfs", path);

  path_in_chroot += rootfs_len;
  path_in_chroot = consume_slashes (path_in_chroot);

  /* If the path is empty we are at the root, dup the dirfd itself.  */
  if (path_in_chroot[0] == '\0')
    {
      ret = dup (dirfd);
      if (UNLIKELY (ret < 0))
        return crun_make_error (err, errno, "dup `%s`", rootfs);
      return ret;
    }

  ret = openat (dirfd, path_in_chroot, flags, mode);
  if (UNLIKELY (ret < 0))
    return crun_make_error (err, errno, "open `%s`", path);

  fd = ret;

  ret = check_fd_under_path (rootfs, rootfs_len, fd, path, err);
  if (UNLIKELY (ret < 0))
    return ret;

  ret = fd;
  fd = -1;
  return ret;
}

int
safe_openat (int dirfd, const char *rootfs, const char *path, int flags, int mode,
             libcrun_error_t *err)
{
  static bool openat2_supported = true;
  int ret;

  if (is_empty_string (path))
    {
      cleanup_close int fd = -1;

      fd = open (rootfs, flags, mode);
      if (UNLIKELY (fd < 0))
        return crun_make_error (err, errno, "open `%s`", rootfs);

      ret = check_fd_is_path (rootfs, fd, path, err);
      if (UNLIKELY (ret < 0))
        return ret;

      ret = fd;
      fd = -1;
      return ret;
    }

  if (openat2_supported)
    {
    repeat:
      ret = syscall_openat2 (dirfd, path, flags, mode, RESOLVE_IN_ROOT);
      if (UNLIKELY (ret < 0))
        {
          if (errno == EINTR || errno == EAGAIN)
            goto repeat;
          if (errno == ENOSYS)
            openat2_supported = false;
          if (errno == ENOSYS || errno == EINVAL || errno == EPERM)
            return safe_openat_fallback (dirfd, rootfs, path, flags, mode, err);

          return crun_make_error (err, errno, "openat2 `%s`", path);
        }

      return ret;
    }

  return safe_openat_fallback (dirfd, rootfs, path, flags, mode, err);
}

ssize_t
safe_readlinkat (int dfd, const char *name, char **buffer, ssize_t hint, libcrun_error_t *err)
{
  /* Add 1 to make room for the NUL terminator.  */
  ssize_t buf_size = hint > 0 ? hint + 1 : 512;
  cleanup_free char *tmp_buf = NULL;
  ssize_t size;

  do
    {
      if (tmp_buf != NULL)
        buf_size += 256;

      tmp_buf = xrealloc (tmp_buf, buf_size);

      size = readlinkat (dfd, name, tmp_buf, buf_size);
      if (UNLIKELY (size < 0))
        return crun_make_error (err, errno, "readlink `%s`", name);
  } while (size == buf_size);

  /* Always NUL terminate the buffer.  */
  tmp_buf[size] = '\0';

  /* Move ownership to BUFFER.  */
  *buffer = tmp_buf;
  tmp_buf = NULL;

  return size;
}

static int
crun_safe_ensure_at (bool do_open, bool dir, int dirfd, const char *dirpath,
                     const char *path, int mode, int max_readlinks, libcrun_error_t *err)
{
  cleanup_close int wd_cleanup = -1;
  cleanup_free char *npath = NULL;
  bool last_component = false;
  size_t depth = 0;
  const char *cur;
  char *it;
  int cwd;
  int ret;

  if (max_readlinks <= 0)
    return crun_make_error (err, ELOOP, "resolve path `%s`", path);

  path = consume_slashes (path);

  /* Empty path, nothing to do.  */
  if (*path == '\0')
    {
      if (do_open)
        return open (dirpath, O_CLOEXEC | O_PATH, 0);
      return 0;
    }

  npath = xstrdup (path);

  cwd = dirfd;
  cur = npath;
  it = strchr (npath, '/');
  while (cur)
    {
      if (it)
        *it = '\0';
      else
        last_component = true;

      if (cur[0] == '\0')
        break;

      if (strcmp (cur, ".") == 0)
        goto next;
      else if (strcmp (cur, ".."))
        depth++;
      else
        {
          if (depth)
            depth--;
          else
            {
              /* Start from the root.  */
              close_and_reset (&wd_cleanup);
              cwd = dirfd;
              goto next;
            }
        }

      if (last_component && ! dir)
        {
          ret = openat (cwd, cur, O_CLOEXEC | O_CREAT | O_WRONLY | O_NOFOLLOW, 0700);
          if (UNLIKELY (ret < 0))
            {
              /* If the last component is a symlink, repeat the lookup with the resolved path.  */
              if (errno == ELOOP)
                {
                  cleanup_free char *resolved_path = NULL;

                  ret = safe_readlinkat (cwd, cur, &resolved_path, 0, err);
                  if (LIKELY (ret >= 0))
                    {
                      return crun_safe_ensure_at (do_open, dir, dirfd,
                                                  dirpath,
                                                  resolved_path, mode,
                                                  max_readlinks - 1, err);
                    }
                  crun_error_release (err);
                }
              /* If the previous openat fails, attempt to open the file in O_PATH mode.  */
              ret = openat (cwd, cur, O_CLOEXEC | O_PATH, 0);
              if (ret < 0)
                return crun_make_error (err, errno, "open `%s/%s`", dirpath, npath);
            }

          if (do_open)
            return ret;

          close_and_replace (&wd_cleanup, ret);
          return 0;
        }

      ret = mkdirat (cwd, cur, mode);
      if (ret < 0)
        {
          if (errno != EEXIST)
            return crun_make_error (err, errno, "mkdir `/%s`", npath);
        }

      cwd = safe_openat (dirfd, dirpath, npath, (last_component ? O_PATH : 0) | O_CLOEXEC, 0, err);
      if (UNLIKELY (cwd < 0))
        return crun_error_wrap (err, "creating `/%s`", path);

      if (! last_component)
        {
          mode_t st_mode;

          ret = get_file_type_at (cwd, &st_mode, true, NULL);
          if (UNLIKELY (ret < 0))
            {
              int saved_errno = errno;

              close (cwd);
              return crun_make_error (err, saved_errno, "stat `%s`", npath);
            }
          if ((st_mode & S_IFMT) != S_IFDIR)
            {
              close (cwd);
              return crun_make_error (err, ENOTDIR, "error creating directory `%s` since `%s` exists and it is not a directory", path, npath);
            }
        }

      close_and_replace (&wd_cleanup, cwd);

    next:
      if (it == NULL)
        break;

      cur = consume_slashes (it + 1);
      *it = '/';
      it = strchr (cur, '/');
    }

  if (do_open)
    {
      if (cwd == dirfd)
        {
          ret = dup (dirfd);
          if (UNLIKELY (ret < 0))
            return crun_make_error (err, errno, "dup `%s`", dirpath);
          return ret;
        }

      wd_cleanup = -1;
      return cwd;
    }

  return 0;
}

int
crun_safe_create_and_open_ref_at (bool dir, int dirfd, const char *dirpath, const char *path, int mode, libcrun_error_t *err)
{
  int ret;

  /* If the file/dir already exists, just open it.  */
  ret = safe_openat (dirfd, dirpath, path, O_PATH | O_CLOEXEC, 0, err);
  if (LIKELY (ret >= 0))
    return ret;

  crun_error_release (err);
  return crun_safe_ensure_at (true, dir, dirfd, dirpath, path, mode, MAX_READLINKS, err);
}

int
crun_safe_ensure_directory_at (int dirfd, const char *dirpath, const char *path, int mode,
                               libcrun_error_t *err)
{
  return crun_safe_ensure_at (false, true, dirfd, dirpath, path, mode, MAX_READLINKS, err);
}

int
crun_safe_ensure_file_at (int dirfd, const char *dirpath, const char *path, int mode,
                          libcrun_error_t *err)
{
  return crun_safe_ensure_at (false, false, dirfd, dirpath, path, mode, MAX_READLINKS, err);
}

int
crun_ensure_directory (const char *path, int mode, bool nofollow, libcrun_error_t *err)
{
  return crun_ensure_directory_at (AT_FDCWD, path, mode, nofollow, err);
}

static int
get_file_size (int fd, off_t *size)
{
  struct stat st;
  int ret;
#ifdef HAVE_STATX
  struct statx stx = {
    0,
  };

  ret = statx (fd, "", AT_EMPTY_PATH | AT_SYMLINK_NOFOLLOW | AT_STATX_DONT_SYNC, STATX_SIZE, &stx);
  if (UNLIKELY (ret < 0))
    {
      if (errno == ENOSYS || errno == EINVAL)
        goto fallback;
      return ret;
    }
  *size = stx.stx_size;

  return ret;

fallback:
#endif
  ret = fstat (fd, &st);
  *size = st.st_size;
  return ret;
}

int
crun_dir_p_at (int dirfd, const char *path, bool nofollow, libcrun_error_t *err)
{
  mode_t mode;
  int ret;

  ret = get_file_type_at (dirfd, &mode, nofollow, path);
  if (UNLIKELY (ret < 0))
    return crun_make_error (err, errno, "stat `%s`", path);

  return S_ISDIR (mode) ? 1 : 0;
}

int
crun_dir_p (const char *path, bool nofollow, libcrun_error_t *err)
{
  return crun_dir_p_at (AT_FDCWD, path, nofollow, err);
}

int
check_running_in_user_namespace (libcrun_error_t *err)
{
  cleanup_free char *buffer = NULL;
  static int run_in_userns = -1;
  size_t len;
  int ret;

  ret = run_in_userns;
  if (ret >= 0)
    return ret;

  ret = read_all_file ("/proc/self/uid_map", &buffer, &len, err);
  if (UNLIKELY (ret < 0))
    {
      /* If the file does not exist, then the kernel does not support user namespaces and we for sure aren't in one.  */
      if (crun_error_get_errno (err) == ENOENT)
        {
          crun_error_release (err);
          run_in_userns = 0;
          return run_in_userns;
        }
      return ret;
    }

  ret = strstr (buffer, "4294967295") ? 0 : 1;
  run_in_userns = ret;
  return ret;
}

static size_t
get_page_size ()
{
  static atomic_long cached_pagesize = 0;
  atomic_long pagesize = cached_pagesize;
  if (pagesize == 0)
    {
      pagesize = (long) sysconf (_SC_PAGESIZE);
      cached_pagesize = pagesize;
    }
  return (size_t) pagesize;
}

static int selinux_enabled = -1;
static int apparmor_enabled = -1;

int
libcrun_initialize_selinux (libcrun_container_t *container, libcrun_error_t *err)
{
  cleanup_free char *out = NULL;
  cleanup_close int fd = -1;
  size_t len;
  int ret;

  if (selinux_enabled >= 0)
    return selinux_enabled;

  fd = libcrun_open_proc_file (container, "mounts", O_RDONLY, err);
  if (UNLIKELY (fd < 0))
    return fd;

  ret = read_all_fd_with_size_hint (fd, "mounts", &out, &len, get_page_size (), err);
  if (UNLIKELY (ret < 0))
    return ret;

  selinux_enabled = strstr (out, "selinux") ? 1 : 0;

  return selinux_enabled;
}

int
libcrun_initialize_apparmor (libcrun_error_t *err)
{
  cleanup_close int fd = -1;
  int size;
  char buf[2];

  if (apparmor_enabled >= 0)
    return apparmor_enabled;

  if (crun_dir_p_at (AT_FDCWD, "/sys/kernel/security/apparmor", true, err))
    {
      fd = open ("/sys/module/apparmor/parameters/enabled", O_RDONLY | O_CLOEXEC);
      if (fd == -1)
        return 0;

      size = TEMP_FAILURE_RETRY (read (fd, &buf, 2));

      apparmor_enabled = size > 0 && buf[0] == 'Y' ? 1 : 0;
    }

  return apparmor_enabled;
}

static int
libcrun_is_selinux_enabled (libcrun_error_t *err)
{
  if (selinux_enabled < 0)
    return crun_make_error (err, 0, "SELinux is not initialized correctly");
  return selinux_enabled;
}

int
add_selinux_mount_label (char **retlabel, const char *data, const char *label, const char *context_type, libcrun_error_t *err)
{
  int ret;

  ret = libcrun_is_selinux_enabled (err);
  if (UNLIKELY (ret < 0))
    return ret;

  if (label && ret)
    {
      if (data && *data)
        xasprintf (retlabel, "%s,%s=\"%s\"", data, context_type, label);
      else
        xasprintf (retlabel, "%s=\"%s\"", context_type, label);
      return 0;
    }
  *retlabel = xstrdup (data);
  return 0;
}

static const char *
lsm_attr_path (libcrun_container_t *container, const char *lsm, const char *fname, libcrun_error_t *err)
{
  cleanup_close int attr_dirfd = -1;
  cleanup_close int lsm_dirfd = -1;
  char *attr_path = NULL;

  attr_dirfd = libcrun_open_proc_file (container, "thread-self/attr", O_DIRECTORY | O_PATH, err);
  if (UNLIKELY (attr_dirfd < 0))
    return NULL;

  // Check for newer scoped interface in /proc/thread-self/attr/<lsm>
  if (lsm != NULL)
    {
      lsm_dirfd = openat (attr_dirfd, lsm, O_DIRECTORY | O_PATH | O_CLOEXEC);

      if (UNLIKELY (lsm_dirfd < 0 && errno != ENOENT))
        {
          crun_make_error (err, errno, "open `/proc/thread-self/attr/%s`", lsm);
          return NULL;
        }
    }
  // Use scoped interface if available, fall back to unscoped
  xasprintf (&attr_path, "thread-self/attr/%s%s%s", lsm_dirfd >= 0 ? lsm : "", lsm_dirfd >= 0 ? "/" : "", fname);

  return attr_path;
}

static int
check_proc_super_magic (int fd, const char *path, libcrun_error_t *err)
{
  struct statfs sfs;

  int ret = fstatfs (fd, &sfs);
  if (UNLIKELY (ret < 0))
    return crun_make_error (err, errno, "statfs `%s`", path);

  if (sfs.f_type != PROC_SUPER_MAGIC)
    return crun_make_error (err, 0, "the file `%s` is not on a `procfs` file system", path);

  return 0;
}

static int
set_security_attr (libcrun_container_t *container, const char *lsm, const char *fname, const char *data, libcrun_error_t *err)
{
  int ret;

  cleanup_free const char *attr_path = lsm_attr_path (container, lsm, fname, err);
  cleanup_close int fd = -1;

  if (UNLIKELY (attr_path == NULL))
    return -1;

  fd = libcrun_open_proc_file (container, attr_path, O_WRONLY | O_CLOEXEC, err);
  if (UNLIKELY (fd < 0))
    return fd;

  ret = check_proc_super_magic (fd, attr_path, err);
  if (UNLIKELY (ret < 0))
    return ret;

  // Write out data
  ret = TEMP_FAILURE_RETRY (write (fd, data, strlen (data)));
  if (UNLIKELY (ret < 0))
    return crun_make_error (err, errno, "write to file `%s`", attr_path);

  return 0;
}

int
set_selinux_label (libcrun_container_t *container, const char *label, bool now, libcrun_error_t *err)
{
  int ret;

  ret = libcrun_is_selinux_enabled (err);
  if (UNLIKELY (ret < 0))
    return ret;

  if (ret)
    return set_security_attr (container, NULL, now ? "current" : "exec", label, err);
  return 0;
}

static int
libcrun_is_apparmor_enabled (libcrun_error_t *err)
{
  if (apparmor_enabled < 0)
    return crun_make_error (err, 0, "AppArmor is not initialized correctly");
  return apparmor_enabled;
}

static int
is_current_process_confined (libcrun_container_t *container, libcrun_error_t *err)
{
  cleanup_free const char *attr_path = lsm_attr_path (container, "apparmor", "current", err);
  cleanup_close int fd = -1;
  char buf[256];

  if (UNLIKELY (attr_path == NULL))
    return -1;

  fd = libcrun_open_proc_file (container, attr_path, O_RDONLY | O_CLOEXEC, err);
  if (UNLIKELY (fd < 0))
    return fd;

  if (UNLIKELY (check_proc_super_magic (fd, attr_path, err)))
    return -1;

  ssize_t bytes_read = read (fd, buf, sizeof (buf) - 1);
  if (UNLIKELY (bytes_read < 0))
    return crun_make_error (err, errno, "read from `%s`", attr_path);

#define UNCONFINED "unconfined"
#define UNCONFINED_LEN (ssize_t) (sizeof (UNCONFINED) - 1)
  return bytes_read >= UNCONFINED_LEN && memcmp (buf, UNCONFINED, UNCONFINED_LEN);
}

int
set_apparmor_profile (libcrun_container_t *container, const char *profile, bool no_new_privileges, bool now, libcrun_error_t *err)
{
  int ret;

  ret = libcrun_is_apparmor_enabled (err);
  if (UNLIKELY (ret < 0))
    return ret;

  if (ret)
    {
      cleanup_free char *buf = NULL;
      ret = is_current_process_confined (container, err);
      if (UNLIKELY (ret < 0))
        return ret;
      // if confined only way for apparmor to allow change of profile with NNP is with stacking
      xasprintf (&buf, "%s %s", no_new_privileges && ret ? "stack" : now ? "changeprofile"
                                                                         : "exec",
                 profile);

      return set_security_attr (container, "apparmor", now ? "current" : "exec", buf, err);
    }
  return 0;
}

int
read_all_fd_with_size_hint (int fd, const char *description, char **out, size_t *len, size_t size_hint, libcrun_error_t *err)
{
  cleanup_free char *buf = NULL;
  size_t nread, allocated;
  size_t pagesize = 0;
  off_t size = 0;
  int ret;

  if (size_hint)
    allocated = size_hint;
  else
    {
      ret = get_file_size (fd, &size);
      if (UNLIKELY (ret < 0))
        return crun_make_error (err, errno, "stat `%s`", description);

      allocated = size == 0 ? 1023 : size;
    }

  /* NUL terminate the buffer.  */
  buf = xmalloc (allocated + 1);
  nread = 0;
  while ((size && nread < (size_t) size) || size == 0)
    {
      ret = TEMP_FAILURE_RETRY (read (fd, buf + nread, allocated - nread));
      if (UNLIKELY (ret < 0))
        return crun_make_error (err, errno, "read from file `%s`", description);

      if (ret == 0)
        break;

      nread += ret;

      if (nread == allocated)
        {
          if (size)
            break;

          if (pagesize == 0)
            pagesize = get_page_size ();

          allocated += pagesize;

          buf = xrealloc (buf, allocated + 1);
        }
    }
  if (nread + 1 < allocated)
    {
      /* shrink the buffer to the used size if it was allocated a bigger block.  */
      char *tmp = realloc (buf, nread + 1);
      if (tmp)
        buf = tmp;
    }

  buf[nread] = '\0';
  *out = buf;
  buf = NULL;
  if (len)
    *len = nread;
  return 0;
}

int
read_all_file_at (int dirfd, const char *path, char **out, size_t *len, libcrun_error_t *err)
{
  cleanup_close int fd = -1;

  fd = TEMP_FAILURE_RETRY (openat (dirfd, path, O_RDONLY | O_CLOEXEC));
  if (UNLIKELY (fd < 0))
    return crun_make_error (err, errno, "open `%s`", path);

  return read_all_fd (fd, path, out, len, err);
}

int
read_all_file (const char *path, char **out, size_t *len, libcrun_error_t *err)
{
  if (strcmp (path, "-") == 0)
    path = "/dev/stdin";

  return read_all_file_at (AT_FDCWD, path, out, len, err);
}

int
get_realpath_to_file (int dirfd, const char *path_name, char **absolute_path, libcrun_error_t *err)
{
  cleanup_close int targetfd = -1;

  targetfd = TEMP_FAILURE_RETRY (openat (dirfd, path_name, O_RDONLY | O_CLOEXEC));
  if (UNLIKELY (targetfd < 0))
    return crun_make_error (err, errno, "open `%s`", path_name);
  else
    {
      ssize_t len;
      proc_fd_path_t target_fd_path;

      get_proc_self_fd_path (target_fd_path, targetfd);
      len = safe_readlinkat (AT_FDCWD, target_fd_path, absolute_path, 0, err);
      if (UNLIKELY (len < 0))
        {
          crun_error_release (err);
          return crun_make_error (err, errno, "error unable to provide absolute path to file `%s`", path_name);
        }
    }

  return 0;
}

int
open_unix_domain_client_socket (const char *path, int dgram, libcrun_error_t *err)
{
  struct sockaddr_un addr = {};
  int ret;
  proc_fd_path_t name_buf;
  cleanup_close int destfd = -1;
  cleanup_close int fd = -1;

  libcrun_debug ("Opening UNIX domain socket: %s", path);

  fd = socket (AF_UNIX, dgram ? SOCK_DGRAM : SOCK_STREAM, 0);
  if (UNLIKELY (fd < 0))
    return crun_make_error (err, errno, "create UNIX socket");

  if (strlen (path) >= sizeof (addr.sun_path))
    {
      destfd = open (path, O_PATH | O_CLOEXEC);
      if (UNLIKELY (destfd < 0))
        return crun_make_error (err, errno, "open `%s`", path);

      get_proc_self_fd_path (name_buf, destfd);

      path = name_buf;
    }

  size_t path_len = strlen (path);
  if (path_len >= sizeof (addr.sun_path))
    return crun_make_error (err, ENAMETOOLONG, "socket path too long: `%s`", path);

  memcpy (addr.sun_path, path, path_len + 1);
  addr.sun_family = AF_UNIX;
  ret = connect (fd, (struct sockaddr *) &addr, sizeof (addr));
  if (UNLIKELY (ret < 0))
    return crun_make_error (err, errno, "connect socket to `%s`", path);

  ret = fd;
  fd = -1;

  return ret;
}

int
open_unix_domain_socket (const char *path, int dgram, libcrun_error_t *err)
{
  struct sockaddr_un addr = {};
  proc_fd_path_t name_buf;
  int ret;
  cleanup_close int fd = socket (AF_UNIX, dgram ? SOCK_DGRAM : SOCK_STREAM, 0);
  if (UNLIKELY (fd < 0))
    return crun_make_error (err, errno, "create UNIX socket");

  if (strlen (path) >= sizeof (addr.sun_path))
    {
      get_proc_self_fd_path (name_buf, fd);
      path = name_buf;
    }

  size_t path_len = strlen (path);
  if (path_len >= sizeof (addr.sun_path))
    return crun_make_error (err, ENAMETOOLONG, "socket path too long: `%s`", path);

  memcpy (addr.sun_path, path, path_len + 1);
  addr.sun_family = AF_UNIX;
  ret = bind (fd, (struct sockaddr *) &addr, sizeof (addr));
  if (UNLIKELY (ret < 0))
    return crun_make_error (err, errno, "bind socket to `%s`", path);

  if (! dgram)
    {
      ret = listen (fd, 1);
      if (UNLIKELY (ret < 0))
        return crun_make_error (err, errno, "listen on socket");
    }

  ret = fd;
  fd = -1;

  return ret;
}

int
send_fd_to_socket (int server, int fd, libcrun_error_t *err)
{
  return send_fd_to_socket_with_payload (server, fd, NULL, 0, err);
}

int
send_fd_to_socket_with_payload (int server, int fd, const char *payload, size_t payload_len, libcrun_error_t *err)
{
  int ret;
  struct cmsghdr *cmsg = NULL;
  struct iovec iov[2];
  struct msghdr msg = {};
  char ctrl_buf[CMSG_SPACE (1 + sizeof (int))] = {};
  char data[1];

  data[0] = ' ';
  iov[0].iov_base = data;
  iov[0].iov_len = sizeof (data);

  if (payload_len > 0)
    {
      iov[0].iov_base = (void *) payload;
      iov[0].iov_len = payload_len;
    }

  msg.msg_name = NULL;
  msg.msg_namelen = 0;
  msg.msg_iov = iov;
  msg.msg_iovlen = 1;
  msg.msg_controllen = CMSG_SPACE (sizeof (int));
  msg.msg_control = ctrl_buf;

  cmsg = CMSG_FIRSTHDR (&msg);
  cmsg->cmsg_level = SOL_SOCKET;
  cmsg->cmsg_type = SCM_RIGHTS;
  cmsg->cmsg_len = CMSG_LEN (sizeof (int));

  *((int *) CMSG_DATA (cmsg)) = fd;

  ret = TEMP_FAILURE_RETRY (sendmsg (server, &msg, 0));
  if (UNLIKELY (ret < 0))
    return crun_make_error (err, errno, "sendmsg");
  return 0;
}

int
receive_fd_from_socket_with_payload (int from, char *payload, size_t payload_len, libcrun_error_t *err)
{
  cleanup_close int fd = -1;
  int ret;
  struct iovec iov[1];
  struct msghdr msg = {};
  char ctrl_buf[CMSG_SPACE (sizeof (int))] = {};
  char data[1];
  struct cmsghdr *cmsg;

  data[0] = ' ';
  iov[0].iov_base = data;
  iov[0].iov_len = sizeof (data);

  if (payload_len > 0)
    {
      iov[0].iov_base = (void *) payload;
      iov[0].iov_len = payload_len;
    }

  msg.msg_name = NULL;
  msg.msg_namelen = 0;
  msg.msg_iov = iov;
  msg.msg_iovlen = 1;
  msg.msg_controllen = CMSG_SPACE (sizeof (int));
  msg.msg_control = ctrl_buf;

  ret = TEMP_FAILURE_RETRY (recvmsg (from, &msg, 0));
  if (UNLIKELY (ret < 0))
    return crun_make_error (err, errno, "recvmsg");
  if (UNLIKELY (ret == 0))
    return crun_make_error (err, 0, "read FD: connection closed");

  cmsg = CMSG_FIRSTHDR (&msg);
  if (cmsg == NULL)
    return crun_make_error (err, 0, "no msg received");
  memcpy (&fd, CMSG_DATA (cmsg), sizeof (fd));

  ret = fd;
  fd = -1;
  return ret;
}

int
receive_fd_from_socket (int from, libcrun_error_t *err)
{
  return receive_fd_from_socket_with_payload (from, NULL, 0, err);
}

int
create_socket_pair (int *pair, libcrun_error_t *err)
{
  int ret = socketpair (AF_UNIX, SOCK_SEQPACKET, 0, pair);
  if (UNLIKELY (ret < 0))
    return crun_make_error (err, errno, "socketpair");
  return 0;
}

int
create_signalfd (sigset_t *mask, libcrun_error_t *err)
{
  int ret = signalfd (-1, mask, 0);
  if (UNLIKELY (ret < 0))
    return crun_make_error (err, errno, "signalfd");
  return ret;
}

static int
epoll_helper_toggle (int epollfd, int fd, int events, libcrun_error_t *err)
{
  struct epoll_event ev = {};
  bool add = events != 0;
  int ret;

  ev.events = events;
  ev.data.fd = fd;
  ret = epoll_ctl (epollfd, add ? EPOLL_CTL_ADD : EPOLL_CTL_DEL, fd, &ev);
  if (UNLIKELY (ret < 0))
    {
      if (errno == EEXIST || errno == ENOENT)
        return 0;
      return crun_make_error (err, errno, "epoll_ctl `%s` `%d`", add ? "add" : "del", fd);
    }
  return 0;
}

int
epoll_helper (int *in_fds, int *in_levelfds, int *out_fds, int *out_levelfds, libcrun_error_t *err)
{
  struct epoll_event ev;
  cleanup_close int epollfd = -1;
  int ret;

  int *it;
  epollfd = epoll_create1 (0);
  if (UNLIKELY (epollfd < 0))
    return crun_make_error (err, errno, "epoll_create1");

#define ADD_FDS(FDS, EVENTS)                                            \
  for (it = FDS; *it >= 0; it++)                                        \
    {                                                                   \
      ev.events = EVENTS;                                               \
      ev.data.fd = *it;                                                 \
      ret = epoll_ctl (epollfd, EPOLL_CTL_ADD, *it, &ev);               \
      if (UNLIKELY (ret < 0))                                           \
        return crun_make_error (err, errno, "epoll_ctl add `%d`", *it); \
    }

  if (in_fds)
    ADD_FDS (in_fds, EPOLLIN);
  if (in_levelfds)
    ADD_FDS (in_levelfds, EPOLLIN | EPOLLET);
  if (out_fds)
    ADD_FDS (out_fds, EPOLLOUT);
  if (out_levelfds)
    ADD_FDS (out_levelfds, EPOLLOUT | EPOLLET);

  ret = epollfd;
  epollfd = -1;
  return ret;
}

int
copy_from_fd_to_fd (int src, int dst, int consume, libcrun_error_t *err)
{
  int ret;
  ssize_t nread;
  size_t pagesize = get_page_size ();
#ifdef HAVE_COPY_FILE_RANGE
  bool can_copy_file_range = true;
#endif
  do
    {
      cleanup_free char *buffer = NULL;
      ssize_t remaining;

#ifdef HAVE_COPY_FILE_RANGE
      if (can_copy_file_range)
        {
          nread = copy_file_range (src, NULL, dst, NULL, pagesize, 0);
          if (nread < 0 && (errno == EINVAL || errno == EXDEV))
            {
              can_copy_file_range = false;
              goto fallback;
            }
          if (consume && nread < 0 && errno == EAGAIN)
            return 0;
          if (nread < 0 && errno == EIO)
            return 0;
          if (UNLIKELY (nread < 0))
            return crun_make_error (err, errno, "copy_file_range");
          continue;
        }
    fallback:
#endif

      buffer = xmalloc (pagesize);
      nread = TEMP_FAILURE_RETRY (read (src, buffer, pagesize));
      if (consume && nread < 0 && errno == EAGAIN)
        return 0;
      if (nread < 0 && errno == EIO)
        return 0;
      if (UNLIKELY (nread < 0))
        return crun_make_error (err, errno, "read");

      remaining = nread;
      while (remaining)
        {
          ret = TEMP_FAILURE_RETRY (write (dst, buffer + nread - remaining, remaining));
          if (UNLIKELY (ret < 0))
            return crun_make_error (err, errno, "write");
          remaining -= ret;
        }
  } while (consume && nread);

  return 0;
}

int
run_process (char **args, libcrun_error_t *err)
{
  pid_t pid = fork ();
  if (UNLIKELY (pid < 0))
    return crun_make_error (err, errno, "fork");
  if (pid)
    {
      int r, status;
      r = TEMP_FAILURE_RETRY (waitpid (pid, &status, 0));
      if (r < 0)
        return crun_make_error (err, errno, "waitpid");
      if (WIFEXITED (status) || WIFSIGNALED (status))
        return WEXITSTATUS (status);
    }

  execvp (args[0], args);
  _safe_exit (EXIT_FAILURE);
}

#ifndef HAVE_FGETPWENT_R
static unsigned
atou (char **s)
{
  unsigned x;
  for (x = 0; **s - '0' < 10; ++*s)
    x = 10 * x + (**s - '0');
  return x;
}

int
fgetpwent_r (FILE *f, struct passwd *pw, char *line, size_t size, struct passwd **res)
{
  char *s;
  int rv = 0;
  for (;;)
    {
      line[size - 1] = '\xff';
      if ((fgets (line, size, f) == NULL) || ferror (f) || line[size - 1] != '\xff')
        {
          rv = (line[size - 1] != '\xff') ? ERANGE : ENOENT;
          line = 0;
          pw = 0;
          break;
        }
      line[strcspn (line, "\n")] = 0;

      s = line;
      pw->pw_name = s++;
      if (! (s = strchr (s, ':')))
        continue;

      *s++ = 0;
      pw->pw_passwd = s;
      if (! (s = strchr (s, ':')))
        continue;

      *s++ = 0;
      pw->pw_uid = atou (&s);
      if (*s != ':')
        continue;

      *s++ = 0;
      pw->pw_gid = atou (&s);
      if (*s != ':')
        continue;

      *s++ = 0;
      pw->pw_gecos = s;
      if (! (s = strchr (s, ':')))
        continue;

      *s++ = 0;
      pw->pw_dir = s;
      if (! (s = strchr (s, ':')))
        continue;

      *s++ = 0;
      pw->pw_shell = s;
      break;
    }
  *res = pw;
  if (rv)
    errno = rv;
  return rv;
}
#endif

int
set_home_env (uid_t id)
{
  struct passwd pwd;
  cleanup_free char *buf = NULL;
  long buf_size;
  cleanup_file FILE *stream = NULL;
  int ret = -1;

  buf_size = sysconf (_SC_GETPW_R_SIZE_MAX);
  if (buf_size < 0)
    buf_size = 1024;

  buf = xmalloc (buf_size);

  stream = fopen ("/etc/passwd", "re");
  if (stream == NULL)
    goto error;

  for (;;)
    {
      struct passwd *ret_pw = NULL;

      ret = fgetpwent_r (stream, &pwd, buf, buf_size, &ret_pw);
      if (UNLIKELY (ret != 0))
        {
          if (errno != ERANGE)
            goto error;

          buf_size *= 2;
          buf = xrealloc (buf, buf_size);
          continue;
        }

      if (ret_pw && ret_pw->pw_uid == id)
        {
          setenv ("HOME", ret_pw->pw_dir, 1);
          return 0;
        }
    }

error:
  /* Let callers handle the error if the user was not found. */
  return ret ? -errno : 0;
}

/*if subuid or subgid exist, take the first range for the user */
static int
getsubidrange (uid_t id, int is_uid, uint32_t *from, uint32_t *len)
{
  cleanup_file FILE *input = NULL;
  cleanup_free char *lineptr = NULL;
  size_t lenlineptr = 0, len_name;
  long buf_size;
  cleanup_free char *buf = NULL;
  const char *name;
  struct passwd pwd;

  buf_size = sysconf (_SC_GETPW_R_SIZE_MAX);
  if (buf_size < 0)
    buf_size = 1024;

  buf = xmalloc (buf_size);
  for (;;)
    {
      int ret;
      struct passwd *ret_pw = NULL;

      ret = getpwuid_r (id, &pwd, buf, buf_size, &ret_pw);
      if (LIKELY (ret == 0))
        {
          if (ret_pw)
            {
              name = ret_pw->pw_name;
              break;
            }
          return -1;
        }

      if (ret != ERANGE)
        return -1;

      buf_size *= 2;
      buf = xrealloc (buf, buf_size);
    }

  len_name = strlen (name);

  input = fopen (is_uid ? "/etc/subuid" : "/etc/subgid", "re");
  if (input == NULL)
    return -1;

  for (;;)
    {
      char *endptr;
      ssize_t read = getline (&lineptr, &lenlineptr, input);
      if (read < 0)
        return -1;

      if (read < (ssize_t) (len_name + 2))
        continue;

      if (memcmp (lineptr, name, len_name) || lineptr[len_name] != ':')
        continue;

      *from = strtoull (&lineptr[len_name + 1], &endptr, 10);

      if (endptr >= &lineptr[read])
        return -1;

      *len = strtoull (&endptr[1], &endptr, 10);

      return 0;
    }
}

#define MIN(x, y) ((x) < (y) ? (x) : (y))

int
format_default_id_mapping (char **out, uid_t container_id, uid_t host_uid, uid_t host_id, int is_uid, libcrun_error_t *err)
{
  uint32_t from = 0, available = 0;
  cleanup_free char *buffer = NULL;
  int written = 0;
  int ret, remaining;

  *out = NULL;

  if (getsubidrange (host_uid, is_uid, &from, &available) < 0)
    return 0;

  /* More than enough space for all the mappings.  */
  remaining = 15 * 5 * 3;
  buffer = xmalloc (remaining + 1);

  if (container_id > 0)
    {
      uint32_t used = MIN (container_id, available);
      ret = snprintf (buffer + written, remaining, "%d %d %d\n", 0, from, used);
      if (UNLIKELY (ret >= remaining))
        return crun_make_error (err, 0, "internal error: allocated buffer too small");

      written += written;
      remaining -= ret;

      from += used;
      available -= used;
    }

  /* Host ID -> Container ID.  */
  ret = snprintf (buffer + written, remaining, "%d %d 1\n", container_id, host_id);
  if (UNLIKELY (ret >= remaining))
    return crun_make_error (err, 0, "internal error: allocated buffer too small");
  written += ret;
  remaining -= ret;

  /* Last mapping: use any id that is left.  */
  if (available)
    {
      ret = snprintf (buffer + written, remaining, "%d %d %d\n", container_id + 1, from, available);
      if (UNLIKELY (ret >= remaining))
        return crun_make_error (err, 0, "internal error: allocated buffer too small");
      written += ret;
      remaining -= ret;
    }

  *out = buffer;
  buffer = NULL;
  return written;
}

static int
unset_cloexec_flag (int fd)
{
  int flags = fcntl (fd, F_GETFD);
  if (flags == -1)
    return -1;

  flags &= ~FD_CLOEXEC;

  return fcntl (fd, F_SETFD, flags);
}

static void __attribute__ ((__noreturn__))
run_process_child (char *path, char **args, const char *cwd, char **envp, int pipe_r,
                   int pipe_w, int out_fd, int err_fd)
{
  char *tmp_args[] = { path, NULL };
  libcrun_error_t err = NULL;
  int dev_null_fd = -1;
  int ret;

  ret = mark_or_close_fds_ge_than (NULL, 3, false, &err);
  if (UNLIKELY (ret < 0))
    libcrun_fail_with_error ((err)->status, "%s", (err)->msg);

  if (out_fd < 0 || err_fd < 0)
    {
      dev_null_fd = open ("/dev/null", O_WRONLY | O_CLOEXEC);
      if (UNLIKELY (dev_null_fd < 0))
        _safe_exit (EXIT_FAILURE);
    }

  TEMP_FAILURE_RETRY (close (pipe_w));
  dup2 (pipe_r, 0);
  TEMP_FAILURE_RETRY (close (pipe_r));

  dup2 (out_fd >= 0 ? out_fd : dev_null_fd, 1);
  dup2 (err_fd >= 0 ? err_fd : dev_null_fd, 2);

  if (out_fd >= 0)
    unset_cloexec_flag (1);
  if (err_fd >= 0)
    unset_cloexec_flag (2);

  if (dev_null_fd >= 0)
    TEMP_FAILURE_RETRY (close (dev_null_fd));
  if (out_fd >= 0)
    TEMP_FAILURE_RETRY (close (out_fd));
  if (err_fd >= 0)
    TEMP_FAILURE_RETRY (close (err_fd));

  if (args == NULL)
    args = tmp_args;

  if (cwd && chdir (cwd) < 0)
    _safe_exit (EXIT_FAILURE);

  execvpe (path, args, envp);
  _safe_exit (EXIT_FAILURE);
}

/* It changes the signals mask for the current process.  */
int
run_process_with_stdin_timeout_envp (char *path, char **args, const char *cwd, int timeout,
                                     char **envp, char *stdin, size_t stdin_len, int out_fd,
                                     int err_fd, libcrun_error_t *err)
{
  int stdin_pipe[2];
  pid_t pid;
  int ret;
  cleanup_close int pipe_r = -1;
  cleanup_close int pipe_w = -1;
  sigset_t oldmask, mask;
  int r, status;

  sigemptyset (&mask);

  ret = pipe2 (stdin_pipe, O_CLOEXEC);
  if (UNLIKELY (ret < 0))
    return crun_make_error (err, errno, "pipe");
  pipe_r = stdin_pipe[0];
  pipe_w = stdin_pipe[1];

  if (timeout > 0)
    {
      sigaddset (&mask, SIGCHLD);
      ret = sigprocmask (SIG_BLOCK, &mask, &oldmask);
      if (UNLIKELY (ret < 0))
        return crun_make_error (err, errno, "sigprocmask");
    }

  pid = fork ();
  if (UNLIKELY (pid < 0))
    {
      ret = crun_make_error (err, errno, "fork");
      goto restore_sig_mask_and_exit;
    }

  if (pid == 0)
    {
      /* run_process_child doesn't return.  */
      run_process_child (path, args, cwd, envp, pipe_r, pipe_w, out_fd, err_fd);
    }

  close_and_reset (&pipe_r);

  ret = TEMP_FAILURE_RETRY (write (pipe_w, stdin, stdin_len));
  if (UNLIKELY (ret < 0))
    {
      /* Ignore EPIPE as the container process could have already
         been terminated.  */
      if (errno != EPIPE)
        {
          ret = crun_make_error (err, errno, "write to pipe");
          goto restore_sig_mask_and_exit;
        }
    }

  close_and_reset (&pipe_w);

  if (timeout)
    {
      time_t start = time (NULL);
      time_t now;
      for (now = start; now - start < timeout; now = time (NULL))
        {
          siginfo_t info;
          int elapsed = now - start;
          struct timespec ts_timeout = { .tv_sec = timeout - elapsed, .tv_nsec = 0 };

          ret = sigtimedwait (&mask, &info, &ts_timeout);
          if (UNLIKELY (ret < 0 && errno != EAGAIN))
            {
              ret = crun_make_error (err, errno, "sigtimedwait");
              goto restore_sig_mask_and_exit;
            }

          if (info.si_signo == SIGCHLD && info.si_pid == pid)
            goto read_waitpid;

          if (ret < 0 && errno == EAGAIN)
            goto timeout;
        }
    timeout:
      kill (pid, SIGKILL);

      ret = crun_make_error (err, 0, "timeout expired for `%s`", path);
      goto restore_sig_mask_and_exit;
    }

read_waitpid:
  r = waitpid_ignore_stopped (pid, &status, 0);
  if (r < 0)
    ret = crun_make_error (err, errno, "waitpid");
  else
    ret = get_process_exit_status (status);

  /* Prevent to cleanup the pid again.  */
  pid = 0;

restore_sig_mask_and_exit:
  if (timeout > 0)
    {
      /* Cleanup the zombie process.  */
      if (pid > 0)
        {
          kill (pid, SIGKILL);
          TEMP_FAILURE_RETRY (waitpid (pid, &status, 0));
        }
      r = sigprocmask (SIG_UNBLOCK, &oldmask, NULL);
      if (UNLIKELY (r < 0 && ret >= 0))
        ret = crun_make_error (err, errno, "restoring signal mask with sigprocmask");
    }
  return ret;
}

int
mark_or_close_fds_ge_than (libcrun_container_t *container, int n, bool close_now, libcrun_error_t *err)
{
  cleanup_close int cfd = -1;
  cleanup_dir DIR *dir = NULL;
  int ret;
  int fd;
  struct dirent *next;

  ret = syscall_close_range (n, UINT_MAX, close_now ? 0 : CLOSE_RANGE_CLOEXEC);
  if (ret == 0)
    {
      if (close_now && container->proc_fd >= n)
        container->proc_fd = -1;
      return 0;
    }
  if (ret < 0 && errno != EINVAL && errno != ENOSYS && errno != EPERM)
    return crun_make_error (err, errno, "close_range from `%d`", n);

  cfd = libcrun_open_proc_file (container, "self/fd", O_DIRECTORY | O_RDONLY, err);
  if (UNLIKELY (cfd < 0))
    return cfd;

  ret = check_proc_super_magic (cfd, "self/fd", err);
  if (UNLIKELY (ret < 0))
    return ret;

  dir = fdopendir (cfd);
  if (UNLIKELY (dir == NULL))
    return crun_make_error (err, errno, "fdopendir `self/fd`");

  /* Now it is owned by dir.  */
  cfd = -1;

  fd = dirfd (dir);
  for (next = readdir (dir); next; next = readdir (dir))
    {
      int val;
      const char *name = next->d_name;
      if (name[0] == '.')
        continue;

      val = strtoll (name, NULL, 10);
      if (val < n || val == fd)
        continue;

      if (close_now)
        {
          ret = close (val);
          if (UNLIKELY (ret < 0))
            return crun_make_error (err, errno, "close fd `%d`", val);

          if (val == container->proc_fd)
            container->proc_fd = -1;
        }
      else
        {
          ret = fcntl (val, F_SETFD, FD_CLOEXEC);
          if (UNLIKELY (ret < 0))
            return crun_make_error (err, errno, "cannot set CLOEXEC for fd `%d`", val);
        }
    }
  return 0;
}

void
get_current_timestamp (char *out, size_t len)
{
  struct timeval tv;
  struct tm now;
  char timestamp[64];

  gettimeofday (&tv, NULL);
  gmtime_r (&tv.tv_sec, &now);
  strftime (timestamp, sizeof (timestamp), "%Y-%m-%dT%H:%M:%S", &now);

  (void) snprintf (out, len, "%s.%06lldZ", timestamp, (long long int) tv.tv_usec);
  out[len - 1] = '\0';
}

int
set_blocking_fd (int fd, bool blocking, libcrun_error_t *err)
{
  int ret, flags = fcntl (fd, F_GETFL, 0);
  if (UNLIKELY (flags < 0))
    return crun_make_error (err, errno, "fcntl");

  ret = fcntl (fd, F_SETFL, blocking ? flags & ~O_NONBLOCK : flags | O_NONBLOCK);
  if (UNLIKELY (ret < 0))
    return crun_make_error (err, errno, "fcntl");
  return 0;
}

int
parse_json_file (yajl_val *out, const char *jsondata, struct parser_context *ctx arg_unused, libcrun_error_t *err)
{
  char errbuf[1024];

  *err = NULL;

  *out = yajl_tree_parse (jsondata, errbuf, sizeof (errbuf));
  if (*out == NULL)
    return crun_make_error (err, 0, "cannot parse the data: `%s`", errbuf);

  return 0;
}

#define CHECK_ACCESS_NOT_EXECUTABLE 1
#define CHECK_ACCESS_NOT_REGULAR 2

/* check that the specified path exists and it is executable.
   Return
   - 0 if the file is executable
   - CHECK_ACCESS_NOT_EXECUTABLE if it exists but it is not executable
   - CHECK_ACCESS_NOT_REGULAR if it not a regular file
   - -errno for any other generic error
 */
static int
check_access (const char *path)
{
  int ret;
  mode_t mode;

#ifdef HAVE_EACCESS
#  define ACCESS(path, mode) (eaccess (path, mode))
#else
#  define ACCESS(path, mode) (access (path, mode))
#endif

  ret = ACCESS (path, X_OK);
  if (ret < 0)
    {
      /* If the file is not executable, check if it exists.  */
      if (errno == EACCES)
        {
          int saved_errno = errno;
          ret = ACCESS (path, F_OK);
          errno = saved_errno;

          if (ret == 0)
            return CHECK_ACCESS_NOT_EXECUTABLE;
        }
      return -errno;
    }

  ret = get_file_type (&mode, false, path);
  if (UNLIKELY (ret < 0))
    return -errno;

  if (! S_ISREG (mode))
    return CHECK_ACCESS_NOT_REGULAR;

  /* It exists, is executable and is a regular file.  */
  return 0;
}

int
find_executable (char **out, const char *executable_path, const char *cwd, libcrun_error_t *err)
{
  cleanup_free char *cwd_executable_path = NULL;
  cleanup_free char *tmp = NULL;
  int last_error = -ENOENT;
  char *it, *end;
  int ret;

  *out = NULL;

  if (executable_path == NULL || executable_path[0] == '\0')
    return crun_make_error (err, ENOENT, "cannot find `` in $PATH");

  if (executable_path[0] != '/' && strchr (executable_path, '/'))
    {
      cleanup_free char *cwd_allocated = NULL;

      if (cwd == NULL)
        {
          cwd_allocated = getcwd (NULL, 0);
          if (cwd_allocated == NULL)
            OOM ();

          cwd = cwd_allocated;
        }

      /* Make sure the path starts with a '/' so it will hit the check
         for absolute paths.  */
      ret = append_paths (&cwd_executable_path, err, "/", cwd, executable_path, NULL);
      if (UNLIKELY (ret < 0))
        return ret;
      executable_path = cwd_executable_path;
    }

  /* Absolute path.  It doesn't need to lookup $PATH.  */
  if (executable_path[0] == '/')
    {
      ret = check_access (executable_path);
      if (LIKELY (ret == 0))
        {
          *out = xstrdup (executable_path);
          return 0;
        }
      last_error = ret;
      goto fail;
    }

  end = tmp = xstrdup (getenv ("PATH"));

  while ((it = strsep (&end, ":")))
    {
      cleanup_free char *path = NULL;

      if (it == end)
        it = ".";

      ret = append_paths (&path, err, it, executable_path, NULL);
      if (UNLIKELY (ret < 0))
        {
          crun_error_release (err);
          continue;
        }

      ret = check_access (path);
      if (ret == 0)
        {
          /* Change owner.  */
          *out = path;
          path = NULL;
          return 0;
        }

      if (ret == -ENOENT)
        continue;

      last_error = ret;
    }

fail:
  switch (last_error)
    {
    case CHECK_ACCESS_NOT_EXECUTABLE:
      return crun_make_error (err, EPERM, "the path `%s` exists but it is not executable", executable_path);

    case CHECK_ACCESS_NOT_REGULAR:
      return crun_make_error (err, EPERM, "the path `%s` is not a regular file", executable_path);

    default:
      errno = -last_error;
      if (errno == ENOENT)
        return crun_make_error (err, errno, "executable file `%s` not found%s", executable_path, executable_path[0] == '/' ? "" : " in $PATH");
      return crun_make_error (err, errno, "open `%s`", executable_path);
    }
}

#ifdef HAVE_FGETXATTR

static ssize_t
safe_read_xattr (char **ret, int sfd, const char *srcname, const char *name, size_t initial_size, libcrun_error_t *err)
{
  cleanup_free char *buffer = NULL;
  ssize_t current_size;
  ssize_t s;

  current_size = (ssize_t) initial_size;
  buffer = xmalloc (current_size + 1);

  while (1)
    {
      s = fgetxattr (sfd, name, buffer, current_size);
      if (UNLIKELY (s < 0))
        return crun_make_error (err, errno, "get xattr `%s` from `%s`", name, srcname);

      if (s < current_size)
        break;

      current_size *= 2;
      buffer = xrealloc (buffer, current_size + 1);
    }

  if (s <= 0)
    return s;

  buffer[s] = '\0';

  /* Change owner.  */
  *ret = buffer;
  buffer = NULL;

  return s;
}

static ssize_t
copy_xattr (int sfd, int dfd, const char *srcname, const char *destname, libcrun_error_t *err)
{
  cleanup_free char *buf = NULL;
  ssize_t xattr_len;
  char *it;

  xattr_len = flistxattr (sfd, NULL, 0);
  if (UNLIKELY (xattr_len < 0))
    {
      if (errno == ENOTSUP)
        return 0;

      return crun_make_error (err, errno, "flistxattr `%s`", srcname);
    }

  if (xattr_len == 0)
    return 0;

  buf = xmalloc (xattr_len + 1);

  xattr_len = flistxattr (sfd, buf, xattr_len + 1);
  if (UNLIKELY (xattr_len < 0))
    return crun_make_error (err, errno, "flistxattr `%s`", srcname);

  for (it = buf; it - buf < xattr_len; it += strlen (it) + 1)
    {
      cleanup_free char *v = NULL;
      ssize_t s;

      s = safe_read_xattr (&v, sfd, srcname, it, 256, err);
      if (UNLIKELY (s < 0))
        return s;

      s = fsetxattr (dfd, it, v, s, 0);
      if (UNLIKELY (s < 0))
        {
          if (errno == EINVAL || errno == EOPNOTSUPP)
            continue;

          return crun_make_error (err, errno, "fsetxattr `%s` to `%s`", it, destname);
        }
    }

  return 0;
}

#endif

static int
copy_rec_stat_file_at (int dfd, const char *path, mode_t *mode, off_t *size, dev_t *rdev, uid_t *uid, gid_t *gid)
{
  struct stat st;
  int ret;

#ifdef HAVE_STATX
  struct statx stx = {
    0,
  };

  ret = statx (dfd, path, AT_SYMLINK_NOFOLLOW | AT_STATX_DONT_SYNC,
               STATX_TYPE | STATX_MODE | STATX_SIZE | STATX_UID | STATX_GID, &stx);
  if (UNLIKELY (ret < 0))
    {
      if (errno == ENOSYS || errno == EINVAL)
        goto fallback;

      return ret;
    }

  *mode = stx.stx_mode;
  *size = stx.stx_size;
  *rdev = makedev (stx.stx_rdev_major, stx.stx_rdev_minor);
  *uid = stx.stx_uid;
  *gid = stx.stx_gid;

  return ret;

fallback:
#endif
  ret = fstatat (dfd, path, &st, AT_SYMLINK_NOFOLLOW);

  *mode = st.st_mode;
  *size = st.st_size;
  *rdev = st.st_rdev;
  *uid = st.st_uid;
  *gid = st.st_gid;

  return ret;
}

int
copy_recursive_fd_to_fd (int srcdirfd, int dfd, const char *srcname, const char *destname, libcrun_error_t *err)
{
  cleanup_close int destdirfd = dfd;
  cleanup_dir DIR *dsrcfd = NULL;
  struct dirent *de;

  dsrcfd = fdopendir (srcdirfd);
  if (UNLIKELY (dsrcfd == NULL))
    {
      TEMP_FAILURE_RETRY (close (srcdirfd));
      return crun_make_error (err, errno, "open directory `%s`", destname);
    }

  for (de = readdir (dsrcfd); de; de = readdir (dsrcfd))
    {
      cleanup_close int srcfd = -1;
      cleanup_close int destfd = -1;
      cleanup_free char *target_buf = NULL;
      int ret;
      mode_t mode;
      off_t st_size;
      dev_t rdev;
      uid_t uid;
      gid_t gid;

      if (strcmp (de->d_name, ".") == 0 || strcmp (de->d_name, "..") == 0)
        continue;

      ret = copy_rec_stat_file_at (dirfd (dsrcfd), de->d_name, &mode, &st_size, &rdev, &uid, &gid);
      if (UNLIKELY (ret < 0))
        return crun_make_error (err, errno, "stat `%s/%s`", srcname, de->d_name);

      switch (mode & S_IFMT)
        {
        case S_IFREG:
          srcfd = openat (dirfd (dsrcfd), de->d_name, O_NONBLOCK | O_RDONLY | O_CLOEXEC | O_NOFOLLOW);
          if (UNLIKELY (srcfd < 0))
            return crun_make_error (err, errno, "open `%s/%s`", srcname, de->d_name);

          destfd = openat (destdirfd, de->d_name, O_RDWR | O_CREAT | O_CLOEXEC | O_NOFOLLOW, 0777);
          if (UNLIKELY (destfd < 0))
            return crun_make_error (err, errno, "open `%s/%s`", destname, de->d_name);

          ret = copy_from_fd_to_fd (srcfd, destfd, 1, err);
          if (UNLIKELY (ret < 0))
            return ret;

#ifdef HAVE_FGETXATTR
          ret = (int) copy_xattr (srcfd, destfd, de->d_name, de->d_name, err);
          if (UNLIKELY (ret < 0))
            return ret;
#endif

          TEMP_FAILURE_RETRY (close (destfd));
          destfd = -1;
          break;

        case S_IFDIR:
          ret = mkdirat (destdirfd, de->d_name, mode);
          if (UNLIKELY (ret < 0))
            return crun_make_error (err, errno, "mkdir `%s/%s`", destname, de->d_name);

          srcfd = openat (dirfd (dsrcfd), de->d_name, O_DIRECTORY | O_CLOEXEC | O_NOFOLLOW);
          if (UNLIKELY (srcfd < 0))
            return crun_make_error (err, errno, "open directory `%s/%s`", srcname, de->d_name);

          destfd = openat (destdirfd, de->d_name, O_DIRECTORY | O_CLOEXEC | O_NOFOLLOW);
          if (UNLIKELY (destfd < 0))
            return crun_make_error (err, errno, "open directory `%s/%s`", srcname, de->d_name);

#ifdef HAVE_FGETXATTR
          ret = (int) copy_xattr (srcfd, destfd, de->d_name, de->d_name, err);
          if (UNLIKELY (ret < 0))
            return ret;
#endif

          ret = copy_recursive_fd_to_fd (srcfd, destfd, de->d_name, de->d_name, err);
          srcfd = destfd = -1;
          if (UNLIKELY (ret < 0))
            return ret;
          break;

        case S_IFLNK:
          ret = safe_readlinkat (dirfd (dsrcfd), de->d_name, &target_buf, st_size, err);
          if (UNLIKELY (ret < 0))
            return ret;

          ret = symlinkat (target_buf, destdirfd, de->d_name);
          if (UNLIKELY (ret < 0))
            return crun_make_error (err, errno, "symlinkat `%s/%s`", destname, de->d_name);
          break;

        case S_IFBLK:
        case S_IFCHR:
        case S_IFIFO:
        case S_IFSOCK:
          ret = mknodat (destdirfd, de->d_name, mode, rdev);
          if (UNLIKELY (ret < 0))
            return crun_make_error (err, errno, "mknodat `%s/%s`", destname, de->d_name);
          break;
        }

      ret = fchownat (destdirfd, de->d_name, uid, gid, AT_SYMLINK_NOFOLLOW);
      if (UNLIKELY (ret < 0))
        return crun_make_error (err, errno, "fchownat `%s/%s`", destname, de->d_name);

      /*
       * ALLPERMS is not defined by POSIX
       */
#ifndef ALLPERMS
#  define ALLPERMS (S_ISUID | S_ISGID | S_ISVTX | S_IRWXU | S_IRWXG | S_IRWXO)
#endif

      ret = fchmodat (destdirfd, de->d_name, mode & ALLPERMS, AT_SYMLINK_NOFOLLOW);
      if (UNLIKELY (ret < 0))
        {
          /* If the operation fails with ENOTSUP we are dealing with a symlink, so ignore it.  */
          if (errno == ENOTSUP)
            continue;

          return crun_make_error (err, errno, "fchmodat `%s/%s`", destname, de->d_name);
        }
    }

  return 0;
}

const char *
find_annotation (libcrun_container_t *container, const char *name)
{
  if (container->container_def->annotations == NULL)
    return NULL;

  return find_string_map_value (container->annotations, name);
}

int
safe_write (int fd, const char *fname, const void *buf, size_t count, libcrun_error_t *err)
{
  size_t written = 0;
  while (written < count)
    {
      ssize_t w = write (fd, buf + written, count - written);
      if (UNLIKELY (w < 0))
        {
          if (errno == EINTR || errno == EAGAIN)
            continue;
          return crun_make_error (err, errno, "write to `%s`", fname);
        }
      written += w;
    }
  return 0;
}

int
append_paths (char **out, libcrun_error_t *err, ...)
{
  const size_t MAX_PARTS = 32;
  const char *parts[MAX_PARTS];
  size_t sizes[MAX_PARTS];
  size_t total_len = 0;
  size_t n_parts = 0;
  size_t copied = 0;
  va_list ap;
  size_t i;

  va_start (ap, err);
  for (;;)
    {
      const char *part;
      size_t size;

      part = va_arg (ap, const char *);
      if (part == NULL)
        break;

      if (n_parts == MAX_PARTS)
        {
          va_end (ap);
          return crun_make_error (err, EINVAL, "too many paths specified");
        }

      if (n_parts == 0)
        {
          /* For the first component allow only one '/'.  */
          while (part[0] == '/' && part[1] == '/')
            part++;
        }
      else
        {
          /* And drop any initial '/' for other components.  */
          while (part[0] == '/')
            part++;
        }

      size = strlen (part);
      if (size == 0)
        continue;

      while (size > 1 && part[size - 1] == '/')
        size--;

      parts[n_parts] = part;
      sizes[n_parts] = size;

      n_parts++;
    }
  va_end (ap);

  total_len = n_parts + 1;
  for (i = 0; i < n_parts; i++)
    total_len += sizes[i];

  *out = xmalloc (total_len);

  copied = 0;
  for (i = 0; i < n_parts; i++)
    {
      bool has_trailing_slash;

      has_trailing_slash = copied > 0 && (*out)[copied - 1] == '/';
      if (i > 0 && ! has_trailing_slash)
        {
          (*out)[copied] = '/';
          copied += 1;
        }

      memcpy (*out + copied, parts[i], sizes[i]);
      copied += sizes[i];
    }
  (*out)[copied] = '\0';
  return 0;
}

#if __has_attribute(__nonstring__)
#  define __nonstring __attribute__ ((__nonstring__))
#else
#  define __nonstring
#endif

/* Adapted from mailutils 0.6.91 (distributed under LGPL 2.0+)  */
static int
b64_input (char c)
{
  const char table[64] __nonstring = "ABCDEFGHIJKLMNOPQRSTUVWXYZabcdefghijklmnopqrstuvwxyz0123456789+/";
  int i;

  for (i = 0; i < 64; i++)
    {
      if (table[i] == c)
        return i;
    }
  return -1;
}

int
base64_decode (const char *iptr, size_t isize, char *optr, size_t osize, size_t *nbytes)
{
  int i = 0, tmp = 0, pad = 0;
  size_t consumed = 0;
  unsigned char data[4];

  *nbytes = 0;
  while (consumed < isize && (*nbytes) + 3 < osize)
    {
      while ((i < 4) && (consumed < isize))
        {
          tmp = b64_input (*iptr++);
          consumed++;
          if (tmp != -1)
            data[i++] = tmp;
          else if (*(iptr - 1) == '=')
            {
              data[i++] = '\0';
              pad++;
            }
        }

      /* I have an entire block of data 32 bits get the output data.  */
      if (i == 4)
        {
          *optr++ = (data[0] << 2) | ((data[1] & 0x30) >> 4);
          *optr++ = ((data[1] & 0xf) << 4) | ((data[2] & 0x3c) >> 2);
          *optr++ = ((data[2] & 0x3) << 6) | data[3];
          (*nbytes) += 3 - pad;
        }
      else
        {
          /* I did not get all the data.  */
          consumed -= i;
          return consumed;
        }
      i = 0;
    }
  return consumed;
}

char *
get_user_name (uid_t uid)
{
  struct passwd pd;
  struct passwd *temp_result_ptr;
  char pwdbuffer[200];
  if (! getpwuid_r (uid, &pd, pwdbuffer, sizeof (pwdbuffer), &temp_result_ptr))
    return xstrdup (pd.pw_name);
  return xstrdup ("");
}

int
has_suffix (const char *str, const char *suffix)
{
  if (! str || ! suffix)
    return 0;
  size_t lenstr = strlen (str);
  size_t lensuffix = strlen (suffix);
  if (lensuffix > lenstr)
    return 0;
  return memcmp (str + lenstr - lensuffix, suffix, lensuffix) == 0;
}

char *
str_join_array (int offset, size_t size, char *const array[], const char *joint)
{
  size_t jlen;
  cleanup_free size_t *lens = NULL;
  size_t i, total_size = (size - 1) * (jlen = strlen (joint)) + 1;
  char *result, *p;

  lens = xmalloc (size * sizeof (*lens));

  for (i = 0; i < size; ++i)
    {
      total_size += (lens[i] = strlen (array[i]));
    }
  p = result = xmalloc (total_size);
  for (i = offset; i < size; ++i)
    {
      memcpy (p, array[i], lens[i]);
      p += lens[i];
      if (i < size - 1)
        {
          memcpy (p, joint, jlen);
          p += jlen;
        }
    }
  *p = '\0';
  return result;
}

int
libcrun_mmap (struct libcrun_mmap_s **ret, void *addr, size_t length,
              int prot, int flags, int fd, off_t offset,
              libcrun_error_t *err)
{
  struct libcrun_mmap_s *mmap_s = NULL;

  void *mapped = mmap (addr, length, prot, flags, fd, offset);
  if (mapped == MAP_FAILED)
    return crun_make_error (err, errno, "mmap");

  mmap_s = xmalloc (sizeof (struct libcrun_mmap_s));
  mmap_s->addr = mapped;
  mmap_s->length = length;

  *ret = mmap_s;

  return 0;
}

int
libcrun_munmap (struct libcrun_mmap_s *mmap, libcrun_error_t *err)
{
  int ret;

  ret = munmap (mmap->addr, mmap->length);
  if (UNLIKELY (ret < 0))
    return crun_make_error (err, errno, "munmap");

  free (mmap);

  return 0;
}

static long
read_file_as_long_or_default (const char *path, long def_value)
{
  cleanup_free char *content = NULL;
  libcrun_error_t tmp_err = NULL;
  char *endptr;
  long val;
  int ret;

  ret = read_all_file (path, &content, NULL, &tmp_err);
  if (UNLIKELY (ret < 0))
    {
      crun_error_release (&tmp_err);
      return def_value;
    }

  errno = 0;
  val = strtol (content, &endptr, 10);
  if (UNLIKELY (errno))
    return def_value;
  if (endptr == content || (*endptr && *endptr != '\n'))
    return def_value;
  return val;
}

#define DEFAULT_OVERFLOW_ID 65534

uid_t
get_overflow_uid (void)
{
  static atomic_long cached_uid = -1;
  atomic_long uid = cached_uid;
  if (uid == -1)
    {
      uid = read_file_as_long_or_default ("/proc/sys/kernel/overflowuid", DEFAULT_OVERFLOW_ID);
      cached_uid = uid;
    }
  return uid;
}

gid_t
get_overflow_gid (void)
{
  static atomic_long cached_gid = -1;
  atomic_long gid = cached_gid;
  if (gid == -1)
    {
      gid = read_file_as_long_or_default ("/proc/sys/kernel/overflowgid", DEFAULT_OVERFLOW_ID);
      cached_gid = gid;
    }
  return gid;
}

void
consume_trailing_slashes (char *path)
{
  if (! path || path[0] == '\0')
    return;

  char *last = path + strlen (path);

  while (last > path && *(last - 1) == '/')
    last--;

  *last = '\0';
}

char **
read_dir_entries (const char *path, libcrun_error_t *err)
{
  cleanup_dir DIR *dir = NULL;
  size_t n_entries = 0;
  size_t entries_size = 16;
  char **entries = NULL;
  struct dirent *de;

  dir = opendir (path);
  if (UNLIKELY (dir == NULL))
    {
      crun_make_error (err, errno, "opendir `%s`", path);
      return NULL;
    }

  entries = xmalloc (entries_size * sizeof (char *));
  while ((de = readdir (dir)))
    {
      if (strcmp (de->d_name, ".") == 0 || strcmp (de->d_name, "..") == 0)
        continue;
      if (n_entries == entries_size)
        {
          entries_size *= 2;
          entries = xrealloc (entries, entries_size * sizeof (char *));
        }
      entries[n_entries++] = xstrdup (de->d_name);
    }
  entries = xrealloc (entries, (n_entries + 1) * sizeof (char *));
  entries[n_entries] = NULL;

  return entries;
}

int
cpuset_string_to_bitmask (const char *str, char **out, size_t *out_size, libcrun_error_t *err)
{
  cleanup_free char *mask = NULL;
  size_t mask_size = 0;
  const char *p = str;
  char *endptr;

  while (*p)
    {
      long long start_range, end_range;

      if (*p < '0' || *p > '9')
        goto invalid_input;

      start_range = strtoll (p, &endptr, 10);
      if (start_range < 0)
        goto invalid_input;

      p = endptr;

      if (*p != '-')
        end_range = start_range;
      else
        {
          p++;

          if (*p < '0' || *p > '9')
            goto invalid_input;

          end_range = strtoll (p, &endptr, 10);

          if (end_range < start_range)
            goto invalid_input;

          p = endptr;
        }

      /* Just set some limit.  */
      if (end_range > (1 << 20))
        goto invalid_input;

      if (end_range >= (long long) (mask_size * CHAR_BIT))
        {
          size_t new_mask_size = (end_range / CHAR_BIT) + 1;
          mask = xrealloc (mask, new_mask_size);
          memset (mask + mask_size, 0, new_mask_size - mask_size);
          mask_size = new_mask_size;
        }

      for (long long i = start_range; i <= end_range; i++)
        mask[i / CHAR_BIT] |= (1 << (i % CHAR_BIT));

      if (*p == ',')
        p++;
      else if (*p)
        goto invalid_input;
    }

  *out = mask;
  mask = NULL;
  *out_size = mask_size;

  return 0;

invalid_input:
  return crun_make_error (err, 0, "cannot parse input `%s`", str);
}

struct channel_fd_pair
{
  struct ring_buffer *rb;

  int in_fd;
  int out_fd;

  int infd_epoll_events;
  int outfd_epoll_events;
};

struct channel_fd_pair *
channel_fd_pair_new (int in_fd, int out_fd, size_t size)
{
  struct channel_fd_pair *channel = xmalloc (sizeof (struct channel_fd_pair));
  channel->in_fd = in_fd;
  channel->out_fd = out_fd;
  channel->infd_epoll_events = -1;
  channel->outfd_epoll_events = -1;
  channel->rb = ring_buffer_make (size);
  return channel;
}

void
channel_fd_pair_free (struct channel_fd_pair *channel)
{
  if (channel == NULL)
    return;

  ring_buffer_free (channel->rb);
  free (channel);
}

int
channel_fd_pair_process (struct channel_fd_pair *channel, int epollfd, libcrun_error_t *err)
{
  bool is_input_eagain = false, is_output_eagain = false, repeat;
  int ret, i;

  /* This function is called from an epoll loop.  Use a hard limit to avoid infinite loops
     and prevent other events from being processed.  */
  for (i = 0, repeat = true; i < 1000 && repeat; i++)
    {
      repeat = false;
      if (ring_buffer_get_space_available (channel->rb) > 0)
        {
          ret = ring_buffer_read (channel->rb, channel->in_fd, &is_input_eagain, err);
          if (UNLIKELY (ret < 0))
            return ret;
          if (ret > 0)
            repeat = true;
        }
      if (ring_buffer_get_data_available (channel->rb) > 0)
        {
          ret = ring_buffer_write (channel->rb, channel->out_fd, &is_output_eagain, err);
          if (UNLIKELY (ret < 0))
            return ret;
          if (ret > 0)
            repeat = true;
        }
    }

  if (epollfd >= 0)
    {
      size_t available = ring_buffer_get_space_available (channel->rb);
      size_t used = ring_buffer_get_data_available (channel->rb);
      int events;

      /* If there is space available in the buffer, we want to read more.  */
      events = (available > 0) ? (EPOLLIN | (is_input_eagain ? EPOLLET : 0)) : 0;
      if (events != channel->infd_epoll_events)
        {
          ret = epoll_helper_toggle (epollfd, channel->in_fd, events, err);
          if (UNLIKELY (ret < 0))
            return ret;
          channel->infd_epoll_events = events;
        }

      /* If there is data available in the buffer, we want to write as soon as
         it is possible.  */
      events = (used > 0) ? (EPOLLOUT | (is_output_eagain ? EPOLLET : 0)) : 0;
      if (events != channel->outfd_epoll_events)
        {
          ret = epoll_helper_toggle (epollfd, channel->out_fd, events, err);
          if (UNLIKELY (ret < 0))
            return ret;
          channel->outfd_epoll_events = events;
        }
    }
  return 0;
}

static int
open_proc (libcrun_error_t *err)
{
  int fd;

#ifdef HAVE_NEW_MOUNT_API
  cleanup_close int fsfd = -1;
  int ret;

  fsfd = syscall_fsopen ("proc", FSOPEN_CLOEXEC);
  if (fsfd >= 0)
    {
      ret = syscall_fsconfig (fsfd, FSCONFIG_CMD_CREATE, NULL, NULL, 0);
      if (ret >= 0)
        {
          fd = syscall_fsmount (fsfd, FSMOUNT_CLOEXEC, 0);
          if (fd >= 0)
            return fd;
        }
    }
#endif

  fd = open ("/proc", O_RDONLY | O_DIRECTORY | O_CLOEXEC);
  if (fd < 0)
    return crun_make_error (err, errno, "open `/proc`");
  return fd;
}

int
libcrun_get_cached_proc_fd (libcrun_container_t *container, libcrun_error_t *err)
{
  if (! container)
    return open_proc (err);

  if (container->proc_fd < 0)
    container->proc_fd = open_proc (err);

  return container->proc_fd;
}

int
libcrun_open_proc_file (libcrun_container_t *container, const char *path, int flags, libcrun_error_t *err)
{
  int proc_fd, fd, saved_errno;

  proc_fd = libcrun_get_cached_proc_fd (container, err);
  if (proc_fd < 0)
    return proc_fd;

  fd = TEMP_FAILURE_RETRY (openat (proc_fd, path, flags | O_CLOEXEC));
  saved_errno = errno;
  /* requires closing if not cached */
  if (! container)
    TEMP_FAILURE_RETRY (close (proc_fd));

  if (UNLIKELY (fd < 0))
    return crun_make_error (err, saved_errno, "openat `/proc/%s`", path);

  return fd;
}

int
libcrun_open_proc_pid_file (libcrun_container_t *container, pid_t pid, const char *path, int flags, libcrun_error_t *err)
{
  cleanup_free char *full_path = NULL;
  xasprintf (&full_path, "%d/%s", pid, path);
  return libcrun_open_proc_file (container, full_path, flags, err);
}
```
--- END FILE ---

Please first localize the bug based on the issue statement, and then generate *SEARCH/REPLACE* edits to fix the issue.

Every *SEARCH/REPLACE* edit must use this format:
1. The file path
2. The start of search block: <<<<<<< SEARCH
3. A contiguous chunk of lines to search for in the existing source code
4. The dividing line: =======
5. The lines to replace into the source code
6. The end of the replace block: >>>>>>> REPLACE

Here is an example:

```python
### mathweb/flask/app.py
<<<<<<< SEARCH
from flask import Flask
=======
import math
from flask import Flask
>>>>>>> REPLACE
```

Please note that the *SEARCH/REPLACE* edit REQUIRES PROPER INDENTATION. If you would like to add the line '        print(x)', you must fully write that out, with all those spaces before the code!
Wrap the *SEARCH/REPLACE* edit in blocks ```python...```.
2026-07-26 13:50:35,558 - INFO - Initializing a decoder model: gpt-5.5 ...
2026-07-26 13:50:35,585 - INFO - Creating API request
2026-07-26 13:51:07,769 - INFO - API response ChatCompletion(id='resp_0b501a1a17194fb8016a65a02f61d48199875521e290f9c649', choices=[Choice(finish_reason='stop', index=0, logprobs=None, message=ChatCompletionMessage(content='cd /home/aludy/scires/Cloud_Spec_Exp/external/worktrees/oci-metagpt-agentless-mini-rerun/agentless-oci-adapted/crun-1943 && git rev-parse HEAD && git status --short\nThe bug is localized to `src/libcrun/container.c`: poststart hook failures are currently treated as non-fatal by passing `keep_going = true` to `do_hooks()`, and callers only handle negative errors. For `/bin/false`, `do_hooks()` returns a positive exit status, so crun ignores the failing poststart hook. To match runc/reference behavior, poststart hooks should stop on first failure and propagate any non-zero hook exit status.\n\n```python\n### src/libcrun/container.c\n<<<<<<< SEARCH\n  if (context->fifo_exec_wait_fd < 0 && def->hooks && def->hooks->poststart_len)\n    {\n      libcrun_debug ("Running `poststart` hooks");\n      ret = do_hooks (def, pid, context->id, true, NULL, "running", (hook **) def->hooks->poststart,\n                      def->hooks->poststart_len, hooks_out_fd, hooks_err_fd, err);\n      if (UNLIKELY (ret < 0))\n        goto fail;\n    }\n=======\n  if (context->fifo_exec_wait_fd < 0 && def->hooks && def->hooks->poststart_len)\n    {\n      libcrun_debug ("Running `poststart` hooks");\n      ret = do_hooks (def, pid, context->id, false, NULL, "running", (hook **) def->hooks->poststart,\n                      def->hooks->poststart_len, hooks_out_fd, hooks_err_fd, err);\n      if (UNLIKELY (ret != 0))\n        goto fail;\n    }\n>>>>>>> REPLACE\n```\n\n```python\n### src/libcrun/container.c\n<<<<<<< SEARCH\n      ret = do_hooks (def, status.pid, context->id, true, status.bundle, "running", (hook **) def->hooks->poststart,\n                      def->hooks->poststart_len, hooks_out_fd, hooks_err_fd, err);\n      if (UNLIKELY (ret < 0))\n        crun_error_release (err);\n    }\n\n  return 0;\n}\n=======\n      ret = do_hooks (def, status.pid, context->id, false, status.bundle, "running", (hook **) def->hooks->poststart,\n                      def->hooks->poststart_len, hooks_out_fd, hooks_err_fd, err);\n      if (UNLIKELY (ret != 0))\n        return ret;\n    }\n\n  return 0;\n}\n>>>>>>> REPLACE\n```', refusal=None, role='assistant', annotations=None, audio=None, function_call=None, tool_calls=None))], created=1785045067, model='gpt-5.5', object='chat.completion', moderation=None, service_tier=None, system_fingerprint=None, usage=CompletionUsage(completion_tokens=1418, prompt_tokens=151597, total_tokens=153015, completion_tokens_details=CompletionTokensDetails(accepted_prediction_tokens=None, audio_tokens=None, reasoning_tokens=842, rejected_prediction_tokens=None), prompt_tokens_details=None))
2026-07-26 13:51:07,769 - INFO - Initializing a decoder model: gpt-5.5 ...
2026-07-26 13:51:07,769 - INFO - raw output:
cd /home/aludy/scires/Cloud_Spec_Exp/external/worktrees/oci-metagpt-agentless-mini-rerun/agentless-oci-adapted/crun-1943 && git rev-parse HEAD && git status --short
The bug is localized to `src/libcrun/container.c`: poststart hook failures are currently treated as non-fatal by passing `keep_going = true` to `do_hooks()`, and callers only handle negative errors. For `/bin/false`, `do_hooks()` returns a positive exit status, so crun ignores the failing poststart hook. To match runc/reference behavior, poststart hooks should stop on first failure and propagate any non-zero hook exit status.

```python
### src/libcrun/container.c
<<<<<<< SEARCH
  if (context->fifo_exec_wait_fd < 0 && def->hooks && def->hooks->poststart_len)
    {
      libcrun_debug ("Running `poststart` hooks");
      ret = do_hooks (def, pid, context->id, true, NULL, "running", (hook **) def->hooks->poststart,
                      def->hooks->poststart_len, hooks_out_fd, hooks_err_fd, err);
      if (UNLIKELY (ret < 0))
        goto fail;
    }
=======
  if (context->fifo_exec_wait_fd < 0 && def->hooks && def->hooks->poststart_len)
    {
      libcrun_debug ("Running `poststart` hooks");
      ret = do_hooks (def, pid, context->id, false, NULL, "running", (hook **) def->hooks->poststart,
                      def->hooks->poststart_len, hooks_out_fd, hooks_err_fd, err);
      if (UNLIKELY (ret != 0))
        goto fail;
    }
>>>>>>> REPLACE
```

```python
### src/libcrun/container.c
<<<<<<< SEARCH
      ret = do_hooks (def, status.pid, context->id, true, status.bundle, "running", (hook **) def->hooks->poststart,
                      def->hooks->poststart_len, hooks_out_fd, hooks_err_fd, err);
      if (UNLIKELY (ret < 0))
        crun_error_release (err);
    }

  return 0;
}
=======
      ret = do_hooks (def, status.pid, context->id, false, status.bundle, "running", (hook **) def->hooks->poststart,
                      def->hooks->poststart_len, hooks_out_fd, hooks_err_fd, err);
      if (UNLIKELY (ret != 0))
        return ret;
    }

  return 0;
}
>>>>>>> REPLACE
```
2026-07-26 13:51:07,770 - INFO - === file_to_commands: ===
2026-07-26 13:51:07,770 - INFO - {
  "'src/libcrun/container.c'": [
    "<<<<<<< SEARCH\n  if (context->fifo_exec_wait_fd < 0 && def->hooks && def->hooks->poststart_len)\n    {\n      libcrun_debug (\"Running `poststart` hooks\");\n      ret = do_hooks (def, pid, context->id, true, NULL, \"running\", (hook **) def->hooks->poststart,\n                      def->hooks->poststart_len, hooks_out_fd, hooks_err_fd, err);\n      if (UNLIKELY (ret < 0))\n        goto fail;\n    }\n=======\n  if (context->fifo_exec_wait_fd < 0 && def->hooks && def->hooks->poststart_len)\n    {\n      libcrun_debug (\"Running `poststart` hooks\");\n      ret = do_hooks (def, pid, context->id, false, NULL, \"running\", (hook **) def->hooks->poststart,\n                      def->hooks->poststart_len, hooks_out_fd, hooks_err_fd, err);\n      if (UNLIKELY (ret != 0))\n        goto fail;\n    }\n>>>>>>> REPLACE",
    "<<<<<<< SEARCH\n      ret = do_hooks (def, status.pid, context->id, true, status.bundle, \"running\", (hook **) def->hooks->poststart,\n                      def->hooks->poststart_len, hooks_out_fd, hooks_err_fd, err);\n      if (UNLIKELY (ret < 0))\n        crun_error_release (err);\n    }\n\n  return 0;\n}\n=======\n      ret = do_hooks (def, status.pid, context->id, false, status.bundle, \"running\", (hook **) def->hooks->poststart,\n                      def->hooks->poststart_len, hooks_out_fd, hooks_err_fd, err);\n      if (UNLIKELY (ret != 0))\n        return ret;\n    }\n\n  return 0;\n}\n>>>>>>> REPLACE"
  ]
}
2026-07-26 13:51:07,770 - INFO - === edited_file: 'src/libcrun/container.c' ===
2026-07-26 13:51:07,770 - INFO - === edit_commands: ===
2026-07-26 13:51:07,770 - INFO - <<<<<<< SEARCH
  if (context->fifo_exec_wait_fd < 0 && def->hooks && def->hooks->poststart_len)
    {
      libcrun_debug ("Running `poststart` hooks");
      ret = do_hooks (def, pid, context->id, true, NULL, "running", (hook **) def->hooks->poststart,
                      def->hooks->poststart_len, hooks_out_fd, hooks_err_fd, err);
      if (UNLIKELY (ret < 0))
        goto fail;
    }
=======
  if (context->fifo_exec_wait_fd < 0 && def->hooks && def->hooks->poststart_len)
    {
      libcrun_debug ("Running `poststart` hooks");
      ret = do_hooks (def, pid, context->id, false, NULL, "running", (hook **) def->hooks->poststart,
                      def->hooks->poststart_len, hooks_out_fd, hooks_err_fd, err);
      if (UNLIKELY (ret != 0))
        goto fail;
    }
>>>>>>> REPLACE
2026-07-26 13:51:07,770 - INFO - 
----------------------------------------
2026-07-26 13:51:07,770 - INFO - <<<<<<< SEARCH
      ret = do_hooks (def, status.pid, context->id, true, status.bundle, "running", (hook **) def->hooks->poststart,
                      def->hooks->poststart_len, hooks_out_fd, hooks_err_fd, err);
      if (UNLIKELY (ret < 0))
        crun_error_release (err);
    }

  return 0;
}
=======
      ret = do_hooks (def, status.pid, context->id, false, status.bundle, "running", (hook **) def->hooks->poststart,
                      def->hooks->poststart_len, hooks_out_fd, hooks_err_fd, err);
      if (UNLIKELY (ret != 0))
        return ret;
    }

  return 0;
}
>>>>>>> REPLACE
2026-07-26 13:51:07,770 - INFO - 
----------------------------------------
2026-07-26 13:51:07,770 - ERROR - parse_diff_edit_commands failed for src/libcrun/container.c; fallback to parse_search_replace_commands: cannot access local variable 'original' where it is not associated with a value
2026-07-26 13:51:07,782 - INFO - extracted patch:
2026-07-26 13:51:07,782 - INFO - --- src/libcrun/container.c
+++ src/libcrun/container.c
@@ -2964,9 +2964,9 @@
   if (context->fifo_exec_wait_fd < 0 && def->hooks && def->hooks->poststart_len)
     {
       libcrun_debug ("Running `poststart` hooks");
-      ret = do_hooks (def, pid, context->id, true, NULL, "running", (hook **) def->hooks->poststart,
+      ret = do_hooks (def, pid, context->id, false, NULL, "running", (hook **) def->hooks->poststart,
                       def->hooks->poststart_len, hooks_out_fd, hooks_err_fd, err);
-      if (UNLIKELY (ret < 0))
+      if (UNLIKELY (ret != 0))
         goto fail;
     }
 
@@ -3387,10 +3387,10 @@
       if (UNLIKELY (ret < 0))
         return ret;
 
-      ret = do_hooks (def, status.pid, context->id, true, status.bundle, "running", (hook **) def->hooks->poststart,
+      ret = do_hooks (def, status.pid, context->id, false, status.bundle, "running", (hook **) def->hooks->poststart,
                       def->hooks->poststart_len, hooks_out_fd, hooks_err_fd, err);
-      if (UNLIKELY (ret < 0))
-        crun_error_release (err);
+      if (UNLIKELY (ret != 0))
+        return ret;
     }
 
   return 0;
2026-07-26 13:51:07,796 - INFO - === file_to_commands: ===
2026-07-26 13:51:07,796 - INFO - === file_to_commands: ===
2026-07-26 13:51:07,796 - INFO - {
  "'src/libcrun/container.c'": [
    "<<<<<<< SEARCH\n  if (context->fifo_exec_wait_fd < 0 && def->hooks && def->hooks->poststart_len)\n    {\n      libcrun_debug (\"Running `poststart` hooks\");\n      ret = do_hooks (def, pid, context->id, true, NULL, \"running\", (hook **) def->hooks->poststart,\n                      def->hooks->poststart_len, hooks_out_fd, hooks_err_fd, err);\n      if (UNLIKELY (ret < 0))\n        goto fail;\n    }\n=======\n  if (context->fifo_exec_wait_fd < 0 && def->hooks && def->hooks->poststart_len)\n    {\n      libcrun_debug (\"Running `poststart` hooks\");\n      ret = do_hooks (def, pid, context->id, false, NULL, \"running\", (hook **) def->hooks->poststart,\n                      def->hooks->poststart_len, hooks_out_fd, hooks_err_fd, err);\n      if (UNLIKELY (ret != 0))\n        goto fail;\n    }\n>>>>>>> REPLACE",
    "<<<<<<< SEARCH\n      ret = do_hooks (def, status.pid, context->id, true, status.bundle, \"running\", (hook **) def->hooks->poststart,\n                      def->hooks->poststart_len, hooks_out_fd, hooks_err_fd, err);\n      if (UNLIKELY (ret < 0))\n        crun_error_release (err);\n    }\n\n  return 0;\n}\n=======\n      ret = do_hooks (def, status.pid, context->id, false, status.bundle, \"running\", (hook **) def->hooks->poststart,\n                      def->hooks->poststart_len, hooks_out_fd, hooks_err_fd, err);\n      if (UNLIKELY (ret != 0))\n        return ret;\n    }\n\n  return 0;\n}\n>>>>>>> REPLACE"
  ]
}
2026-07-26 13:51:07,796 - INFO - {
  "'src/libcrun/container.c'": [
    "<<<<<<< SEARCH\n  if (context->fifo_exec_wait_fd < 0 && def->hooks && def->hooks->poststart_len)\n    {\n      libcrun_debug (\"Running `poststart` hooks\");\n      ret = do_hooks (def, pid, context->id, true, NULL, \"running\", (hook **) def->hooks->poststart,\n                      def->hooks->poststart_len, hooks_out_fd, hooks_err_fd, err);\n      if (UNLIKELY (ret < 0))\n        goto fail;\n    }\n=======\n  if (context->fifo_exec_wait_fd < 0 && def->hooks && def->hooks->poststart_len)\n    {\n      libcrun_debug (\"Running `poststart` hooks\");\n      ret = do_hooks (def, pid, context->id, false, NULL, \"running\", (hook **) def->hooks->poststart,\n                      def->hooks->poststart_len, hooks_out_fd, hooks_err_fd, err);\n      if (UNLIKELY (ret != 0))\n        goto fail;\n    }\n>>>>>>> REPLACE",
    "<<<<<<< SEARCH\n      ret = do_hooks (def, status.pid, context->id, true, status.bundle, \"running\", (hook **) def->hooks->poststart,\n                      def->hooks->poststart_len, hooks_out_fd, hooks_err_fd, err);\n      if (UNLIKELY (ret < 0))\n        crun_error_release (err);\n    }\n\n  return 0;\n}\n=======\n      ret = do_hooks (def, status.pid, context->id, false, status.bundle, \"running\", (hook **) def->hooks->poststart,\n                      def->hooks->poststart_len, hooks_out_fd, hooks_err_fd, err);\n      if (UNLIKELY (ret != 0))\n        return ret;\n    }\n\n  return 0;\n}\n>>>>>>> REPLACE"
  ]
}
2026-07-26 13:51:07,796 - INFO - === edited_file: 'src/libcrun/container.c' ===
2026-07-26 13:51:07,796 - INFO - === edited_file: 'src/libcrun/container.c' ===
2026-07-26 13:51:07,796 - INFO - === edit_commands: ===
2026-07-26 13:51:07,796 - INFO - === edit_commands: ===
2026-07-26 13:51:07,796 - INFO - <<<<<<< SEARCH
  if (context->fifo_exec_wait_fd < 0 && def->hooks && def->hooks->poststart_len)
    {
      libcrun_debug ("Running `poststart` hooks");
      ret = do_hooks (def, pid, context->id, true, NULL, "running", (hook **) def->hooks->poststart,
                      def->hooks->poststart_len, hooks_out_fd, hooks_err_fd, err);
      if (UNLIKELY (ret < 0))
        goto fail;
    }
=======
  if (context->fifo_exec_wait_fd < 0 && def->hooks && def->hooks->poststart_len)
    {
      libcrun_debug ("Running `poststart` hooks");
      ret = do_hooks (def, pid, context->id, false, NULL, "running", (hook **) def->hooks->poststart,
                      def->hooks->poststart_len, hooks_out_fd, hooks_err_fd, err);
      if (UNLIKELY (ret != 0))
        goto fail;
    }
>>>>>>> REPLACE
2026-07-26 13:51:07,796 - INFO - <<<<<<< SEARCH
  if (context->fifo_exec_wait_fd < 0 && def->hooks && def->hooks->poststart_len)
    {
      libcrun_debug ("Running `poststart` hooks");
      ret = do_hooks (def, pid, context->id, true, NULL, "running", (hook **) def->hooks->poststart,
                      def->hooks->poststart_len, hooks_out_fd, hooks_err_fd, err);
      if (UNLIKELY (ret < 0))
        goto fail;
    }
=======
  if (context->fifo_exec_wait_fd < 0 && def->hooks && def->hooks->poststart_len)
    {
      libcrun_debug ("Running `poststart` hooks");
      ret = do_hooks (def, pid, context->id, false, NULL, "running", (hook **) def->hooks->poststart,
                      def->hooks->poststart_len, hooks_out_fd, hooks_err_fd, err);
      if (UNLIKELY (ret != 0))
        goto fail;
    }
>>>>>>> REPLACE
2026-07-26 13:51:07,796 - INFO - 
----------------------------------------
2026-07-26 13:51:07,796 - INFO - 
----------------------------------------
2026-07-26 13:51:07,796 - INFO - <<<<<<< SEARCH
      ret = do_hooks (def, status.pid, context->id, true, status.bundle, "running", (hook **) def->hooks->poststart,
                      def->hooks->poststart_len, hooks_out_fd, hooks_err_fd, err);
      if (UNLIKELY (ret < 0))
        crun_error_release (err);
    }

  return 0;
}
=======
      ret = do_hooks (def, status.pid, context->id, false, status.bundle, "running", (hook **) def->hooks->poststart,
                      def->hooks->poststart_len, hooks_out_fd, hooks_err_fd, err);
      if (UNLIKELY (ret != 0))
        return ret;
    }

  return 0;
}
>>>>>>> REPLACE
2026-07-26 13:51:07,796 - INFO - <<<<<<< SEARCH
      ret = do_hooks (def, status.pid, context->id, true, status.bundle, "running", (hook **) def->hooks->poststart,
                      def->hooks->poststart_len, hooks_out_fd, hooks_err_fd, err);
      if (UNLIKELY (ret < 0))
        crun_error_release (err);
    }

  return 0;
}
=======
      ret = do_hooks (def, status.pid, context->id, false, status.bundle, "running", (hook **) def->hooks->poststart,
                      def->hooks->poststart_len, hooks_out_fd, hooks_err_fd, err);
      if (UNLIKELY (ret != 0))
        return ret;
    }

  return 0;
}
>>>>>>> REPLACE
2026-07-26 13:51:07,796 - INFO - 
----------------------------------------
2026-07-26 13:51:07,796 - INFO - 
----------------------------------------
2026-07-26 13:51:07,796 - ERROR - parse_diff_edit_commands failed for src/libcrun/container.c; fallback to parse_search_replace_commands: cannot access local variable 'original' where it is not associated with a value
2026-07-26 13:51:07,796 - ERROR - parse_diff_edit_commands failed for src/libcrun/container.c; fallback to parse_search_replace_commands: cannot access local variable 'original' where it is not associated with a value
2026-07-26 13:51:07,804 - INFO - extracted patch:
2026-07-26 13:51:07,804 - INFO - extracted patch:
2026-07-26 13:51:07,805 - INFO - --- src/libcrun/container.c
+++ src/libcrun/container.c
@@ -2964,9 +2964,9 @@
   if (context->fifo_exec_wait_fd < 0 && def->hooks && def->hooks->poststart_len)
     {
       libcrun_debug ("Running `poststart` hooks");
-      ret = do_hooks (def, pid, context->id, true, NULL, "running", (hook **) def->hooks->poststart,
+      ret = do_hooks (def, pid, context->id, false, NULL, "running", (hook **) def->hooks->poststart,
                       def->hooks->poststart_len, hooks_out_fd, hooks_err_fd, err);
-      if (UNLIKELY (ret < 0))
+      if (UNLIKELY (ret != 0))
         goto fail;
     }
 
@@ -3387,10 +3387,10 @@
       if (UNLIKELY (ret < 0))
         return ret;
 
-      ret = do_hooks (def, status.pid, context->id, true, status.bundle, "running", (hook **) def->hooks->poststart,
+      ret = do_hooks (def, status.pid, context->id, false, status.bundle, "running", (hook **) def->hooks->poststart,
                       def->hooks->poststart_len, hooks_out_fd, hooks_err_fd, err);
-      if (UNLIKELY (ret < 0))
-        crun_error_release (err);
+      if (UNLIKELY (ret != 0))
+        return ret;
     }
 
   return 0;
2026-07-26 13:51:07,805 - INFO - --- src/libcrun/container.c
+++ src/libcrun/container.c
@@ -2964,9 +2964,9 @@
   if (context->fifo_exec_wait_fd < 0 && def->hooks && def->hooks->poststart_len)
     {
       libcrun_debug ("Running `poststart` hooks");
-      ret = do_hooks (def, pid, context->id, true, NULL, "running", (hook **) def->hooks->poststart,
+      ret = do_hooks (def, pid, context->id, false, NULL, "running", (hook **) def->hooks->poststart,
                       def->hooks->poststart_len, hooks_out_fd, hooks_err_fd, err);
-      if (UNLIKELY (ret < 0))
+      if (UNLIKELY (ret != 0))
         goto fail;
     }
 
@@ -3387,10 +3387,10 @@
       if (UNLIKELY (ret < 0))
         return ret;
 
-      ret = do_hooks (def, status.pid, context->id, true, status.bundle, "running", (hook **) def->hooks->poststart,
+      ret = do_hooks (def, status.pid, context->id, false, status.bundle, "running", (hook **) def->hooks->poststart,
                       def->hooks->poststart_len, hooks_out_fd, hooks_err_fd, err);
-      if (UNLIKELY (ret < 0))
-        crun_error_release (err);
+      if (UNLIKELY (ret != 0))
+        return ret;
     }
 
   return 0;
2026-07-26 13:51:07,870 - INFO - differ_by_empty_lines = False
2026-07-26 13:51:07,870 - INFO - differ_by_empty_lines = False
